state_of_location,date,power_generated,overall_safety_score
Arkansas Nuclear 1,2007-01-01,642145,-0.034647666058249316
Arkansas Nuclear 1,2007-02-01,579996,-0.0329993236724733
Arkansas Nuclear 1,2007-03-01,631611,-0.03794435082980134
Arkansas Nuclear 1,2007-04-01,425625,-0.14874512149141383
Arkansas Nuclear 1,2007-05-01,233279,-0.15175728794895887
Arkansas Nuclear 1,2007-06-01,610804,-0.14681226079163084
Arkansas Nuclear 1,2007-07-01,629284,-0.11535778539197596
Arkansas Nuclear 1,2007-08-01,623738,-0.11381933249858502
Arkansas Nuclear 1,2007-09-01,610379,-0.11228087960519408
Arkansas Nuclear 1,2007-10-01,634652,-0.016026116305423145
Arkansas Nuclear 1,2007-11-01,620327,-0.02064147498559598
Arkansas Nuclear 1,2007-12-01,640967,-0.026795286559159755
Arkansas Nuclear 1,2008-01-01,640210,0.07101633172180793
Arkansas Nuclear 1,2008-02-01,332640,0.05319134823460882
Arkansas Nuclear 1,2008-03-01,639812,0.07563169040198077
Arkansas Nuclear 1,2008-04-01,611739,0.12116979135917766
Arkansas Nuclear 1,2008-05-01,611473,0.1266871516992492
Arkansas Nuclear 1,2008-06-01,610763,0.12976405748603112
Arkansas Nuclear 1,2008-07-01,626182,0.04317072732944758
Arkansas Nuclear 1,2008-08-01,625966,0.04163227443605664
Arkansas Nuclear 1,2008-09-01,612739,0.04163227443605664
Arkansas Nuclear 1,2008-10-01,514485,-0.0752894966874829
Arkansas Nuclear 1,2008-11-01,-3267,-0.07659536543209605
Arkansas Nuclear 1,2008-12-01,290481,-0.049241147880516034
Arkansas Nuclear 1,2009-01-01,640046,-0.21223310171537546
Arkansas Nuclear 1,2009-02-01,423433,-0.20146393146163885
Arkansas Nuclear 1,2009-03-01,627953,-0.19531011988807506
Arkansas Nuclear 1,2009-04-01,602624,-0.21719369366322058
Arkansas Nuclear 1,2009-05-01,637687,-0.21565524076982964
Arkansas Nuclear 1,2009-06-01,607732,-0.22334750523678437
Arkansas Nuclear 1,2009-07-01,626572,-0.38787622959148393
Arkansas Nuclear 1,2009-08-01,627476,-0.3663378890840107
Arkansas Nuclear 1,2009-09-01,611643,-0.36326098329722883
Arkansas Nuclear 1,2009-10-01,637117,-0.2763470338557671
Arkansas Nuclear 1,2009-11-01,619993,-0.24865488177473008
Arkansas Nuclear 1,2009-12-01,639821,-0.26865476938881233
Arkansas Nuclear 2,2007-01-01,595300,-0.24192601194725313
Arkansas Nuclear 2,2007-02-01,644844,-0.24192601194725313
Arkansas Nuclear 2,2007-03-01,749928,-0.24192601194725313
Arkansas Nuclear 2,2007-04-01,716988,-0.10909582982811557
Arkansas Nuclear 2,2007-05-01,746214,-0.10909582982811557
Arkansas Nuclear 2,2007-06-01,720064,-0.10909582982811557
Arkansas Nuclear 2,2007-07-01,742975,-0.11014835066379512
Arkansas Nuclear 2,2007-08-01,739436,-0.11014835066379512
Arkansas Nuclear 2,2007-09-01,717678,-0.11014835066379512
Arkansas Nuclear 2,2007-10-01,748446,-0.019507116010440015
Arkansas Nuclear 2,2007-11-01,728510,-0.019507116010440015
Arkansas Nuclear 2,2007-12-01,752912,-0.019507116010440015
Arkansas Nuclear 2,2008-01-01,752554,0.13279064460256038
Arkansas Nuclear 2,2008-02-01,617922,0.13279064460256038
Arkansas Nuclear 2,2008-03-01,368942,0.13279064460256038
Arkansas Nuclear 2,2008-04-01,441150,0.22719197880027758
Arkansas Nuclear 2,2008-05-01,747647,0.22719197880027758
Arkansas Nuclear 2,2008-06-01,719892,0.22719197880027758
Arkansas Nuclear 2,2008-07-01,708464,0.028241720521570497
Arkansas Nuclear 2,2008-08-01,743225,0.028241720521570497
Arkansas Nuclear 2,2008-09-01,722492,0.028241720521570497
Arkansas Nuclear 2,2008-10-01,750125,0.08410418977280719
Arkansas Nuclear 2,2008-11-01,729206,0.08410418977280719
Arkansas Nuclear 2,2008-12-01,753249,0.07704837653934468
Arkansas Nuclear 2,2009-01-01,659922,-0.14337324325125472
Arkansas Nuclear 2,2009-02-01,637933,-0.08692673738355466
Arkansas Nuclear 2,2009-03-01,635241,-0.18172921520534913
Arkansas Nuclear 2,2009-04-01,725073,-0.0750730808118188
Arkansas Nuclear 2,2009-05-01,746971,-0.09072316017213475
Arkansas Nuclear 2,2009-06-01,716538,-0.11189059987252228
Arkansas Nuclear 2,2009-07-01,741173,-0.2322265359952406
Arkansas Nuclear 2,2009-08-01,739567,-0.2533939756956281
Arkansas Nuclear 2,2009-09-01,110710,-0.16261469116251953
Arkansas Nuclear 2,2009-10-01,749238,-0.19713771629215093
Arkansas Nuclear 2,2009-11-01,728061,-0.19559926339876
Arkansas Nuclear 2,2009-12-01,677442,-0.19559926339876
Beaver Valley 1,2007-01-01,645562,0.006405305918953652
Beaver Valley 1,2007-02-01,574535,0.006405305918953652
Beaver Valley 1,2007-03-01,633131,-0.006781433167254447
Beaver Valley 1,2007-04-01,658628,0.07760711093077144
Beaver Valley 1,2007-05-01,669428,0.07925545331654744
Beaver Valley 1,2007-06-01,612708,0.08090379570232345
Beaver Valley 1,2007-07-01,669518,0.12780801463340555
Beaver Valley 1,2007-08-01,664333,0.12319265595323271
Beaver Valley 1,2007-09-01,466173,0.12780801463340555
Beaver Valley 1,2007-10-01,122788,0.13937764902142105
Beaver Valley 1,2007-11-01,657835,0.140916101914812
Beaver Valley 1,2007-12-01,683023,0.140916101914812
Beaver Valley 1,2008-01-01,682171,0.13354105337611166
Beaver Valley 1,2008-02-01,606063,0.14213531950296512
Beaver Valley 1,2008-03-01,667047,0.13200260048272072
Beaver Valley 1,2008-04-01,655921,0.1871977156161547
Beaver Valley 1,2008-05-01,677204,0.20719760323023698
Beaver Valley 1,2008-06-01,647844,0.19488998008310943
Beaver Valley 1,2008-07-01,666932,0.24315479312909763
Beaver Valley 1,2008-08-01,671201,0.25392396338283424
Beaver Valley 1,2008-09-01,650941,0.2554624162762252
Beaver Valley 1,2008-10-01,679029,0.22585482767146753
Beaver Valley 1,2008-11-01,658685,0.2243163747780766
Beaver Valley 1,2008-12-01,681900,0.2273932805648585
Beaver Valley 1,2009-01-01,682850,0.19968716793888658
Beaver Valley 1,2009-02-01,615784,0.20674298117234907
Beaver Valley 1,2009-03-01,679973,0.19968716793888658
Beaver Valley 1,2009-04-01,387088,0.20137803024991743
Beaver Valley 1,2009-05-01,193442,0.028434854956639433
Beaver Valley 1,2009-06-01,651093,0.20843384348337995
Beaver Valley 1,2009-07-01,671288,0.18604660906545933
Beaver Valley 1,2009-08-01,662933,0.1845081561720684
Beaver Valley 1,2009-09-01,652547,0.1814312503852865
Beaver Valley 1,2009-10-01,679681,0.2225541431715912
Beaver Valley 1,2009-11-01,658560,0.22101569027820026
Beaver Valley 1,2009-12-01,682245,0.2225541431715912
Beaver Valley 2,2007-01-01,640291,-0.23740200224232388
Beaver Valley 2,2007-02-01,579519,-0.24355581381588767
Beaver Valley 2,2007-03-01,628309,-0.23740200224232388
Beaver Valley 2,2007-04-01,620948,-0.023636131321245264
Beaver Valley 2,2007-05-01,639344,-0.02517458421463621
Beaver Valley 2,2007-06-01,612088,-0.02517458421463621
Beaver Valley 2,2007-07-01,631184,0.01873897038578468
Beaver Valley 2,2007-08-01,617218,0.01873897038578468
Beaver Valley 2,2007-09-01,608830,0.020277423279175626
Beaver Valley 2,2007-10-01,634354,0.14451368338975376
Beaver Valley 2,2007-11-01,623607,0.1460521362831447
Beaver Valley 2,2007-12-01,647510,0.14451368338975376
Beaver Valley 2,2008-01-01,646210,0.1469925981426615
Beaver Valley 2,2008-02-01,605312,0.1408387865690977
Beaver Valley 2,2008-03-01,646754,0.1469925981426615
Beaver Valley 2,2008-04-01,255348,0.2291413812168758
Beaver Valley 2,2008-05-01,115297,0.23773564734372926
Beaver Valley 2,2008-06-01,636425,0.23773564734372926
Beaver Valley 2,2008-07-01,659645,0.1867316557226171
Beaver Valley 2,2008-08-01,662478,0.18827010861600804
Beaver Valley 2,2008-09-01,605618,0.18827010861600804
Beaver Valley 2,2008-10-01,566832,0.06470268676035638
Beaver Valley 2,2008-11-01,652227,0.06470268676035638
Beaver Valley 2,2008-12-01,674052,0.06624113965374732
Beaver Valley 2,2009-01-01,675036,0.04336929073151756
Beaver Valley 2,2009-02-01,600239,0.04490774362490851
Beaver Valley 2,2009-03-01,674613,0.04183083783812662
Beaver Valley 2,2009-04-01,650789,0.09698695006128547
Beaver Valley 2,2009-05-01,667859,0.09544849716789451
Beaver Valley 2,2009-06-01,643556,0.09698695006128547
Beaver Valley 2,2009-07-01,663867,0.09012804522875116
Beaver Valley 2,2009-08-01,659169,0.09564540556882271
Beaver Valley 2,2009-09-01,644847,0.09718385846221367
Beaver Valley 2,2009-10-01,221012,0.11304973255591057
Beaver Valley 2,2009-11-01,31104,0.08012238485614495
Beaver Valley 2,2009-12-01,661870,0.11856709289598213
Braidwood 1,2007-01-01,898548,0.7148858724195123
Braidwood 1,2007-02-01,810477,0.7148858724195123
Braidwood 1,2007-03-01,893089,0.7148858724195123
Braidwood 1,2007-04-01,865887,0.797889739664066
Braidwood 1,2007-05-01,887794,0.797889739664066
Braidwood 1,2007-06-01,783062,0.797889739664066
Braidwood 1,2007-07-01,875720,0.7553968763834231
Braidwood 1,2007-08-01,872494,0.7553968763834231
Braidwood 1,2007-09-01,837589,0.7553968763834231
Braidwood 1,2007-10-01,88342,0.8424074416514584
Braidwood 1,2007-11-01,815649,0.8424074416514584
Braidwood 1,2007-12-01,898033,0.8424074416514584
Braidwood 1,2008-01-01,857385,0.7435518595467561
Braidwood 1,2008-02-01,822306,0.7435518595467561
Braidwood 1,2008-03-01,898207,0.7435518595467561
Braidwood 1,2008-04-01,867483,0.46670406056910174
Braidwood 1,2008-05-01,894534,0.46670406056910174
Braidwood 1,2008-06-01,853727,0.46670406056910174
Braidwood 1,2008-07-01,877374,0.3471532229388766
Braidwood 1,2008-08-01,877276,0.3471532229388766
Braidwood 1,2008-09-01,854130,0.3471532229388766
Braidwood 1,2008-10-01,894244,0.3742091993238172
Braidwood 1,2008-11-01,869100,0.3742091993238172
Braidwood 1,2008-12-01,897178,0.3742091993238172
Braidwood 1,2009-01-01,897694,0.1809903276483179
Braidwood 1,2009-02-01,811318,0.1809903276483179
Braidwood 1,2009-03-01,830976,0.1809903276483179
Braidwood 1,2009-04-01,274969,0.1150545924643149
Braidwood 1,2009-05-01,886710,0.1150545924643149
Braidwood 1,2009-06-01,852446,0.1150545924643149
Braidwood 1,2009-07-01,880664,0.03205823537071252
Braidwood 1,2009-08-01,880350,0.03205823537071252
Braidwood 1,2009-09-01,851053,0.03205823537071252
Braidwood 1,2009-10-01,895376,-0.1179932658128198
Braidwood 1,2009-11-01,867544,-0.1179932658128198
Braidwood 1,2009-12-01,897152,-0.1179932658128198
Browns Ferry 1,2007-01-01,0,0.2525135468887419
Browns Ferry 1,2007-02-01,0,0.2525135468887419
Browns Ferry 1,2007-03-01,0,0.2525135468887419
Browns Ferry 1,2007-04-01,0,-0.29409083069689906
Browns Ferry 1,2007-05-01,0,-0.36237414955645736
Browns Ferry 1,2007-06-01,480112,-0.27313271241905596
Browns Ferry 1,2007-07-01,769553,-1.2646466615206586
Browns Ferry 1,2007-08-01,660191,-1.249262132586749
Browns Ferry 1,2007-09-01,698376,-1.2569543970537038
Browns Ferry 1,2007-10-01,621712,-1.2097132865251699
Browns Ferry 1,2007-11-01,481990,-1.2071491983695184
Browns Ferry 1,2007-12-01,823343,-1.2302259917703826
Browns Ferry 1,2008-01-01,808012,-0.8565589139464542
Browns Ferry 1,2008-02-01,770121,-0.7539953877203913
Browns Ferry 1,2008-03-01,818210,-0.7616876521873459
Browns Ferry 1,2008-04-01,772102,-0.5826302325624774
Browns Ferry 1,2008-05-01,788180,-0.5892236021055813
Browns Ferry 1,2008-06-01,763820,-0.6024103411917895
Browns Ferry 1,2008-07-01,782506,-0.5371699754404392
Browns Ferry 1,2008-08-01,594148,-0.5388183178262153
Browns Ferry 1,2008-09-01,770587,-0.6064003556430317
Browns Ferry 1,2008-10-01,622624,-0.43875260948506306
Browns Ferry 1,2008-11-01,-2412,-0.3509057467379352
Browns Ferry 1,2008-12-01,702841,-0.38106062598290263
Browns Ferry 1,2009-01-01,822682,-0.4346511220262811
Browns Ferry 1,2009-02-01,423815,-0.40498095908231285
Browns Ferry 1,2009-03-01,409778,-0.4115743286254169
Browns Ferry 1,2009-04-01,792288,-0.3962686842927932
Browns Ferry 1,2009-05-01,807259,-0.3979170266785692
Browns Ferry 1,2009-06-01,762088,-0.39956536906434525
Browns Ferry 1,2009-07-01,786827,-0.3678120949292859
Browns Ferry 1,2009-08-01,783852,-0.37275712208661393
Browns Ferry 1,2009-09-01,768752,-0.3628670677719579
Browns Ferry 1,2009-10-01,813447,-0.42623688969787055
Browns Ferry 1,2009-11-01,792328,-0.4212918625405425
Browns Ferry 1,2009-12-01,795589,-0.4542587102560628
Browns Ferry 2,2007-01-01,723254,-0.1474533270961054
Browns Ferry 2,2007-02-01,396393,-0.13426658800989733
Browns Ferry 2,2007-03-01,-703,-0.054950206781260905
Browns Ferry 2,2007-04-01,215345,-0.3986171390212841
Browns Ferry 2,2007-05-01,826429,-0.36932042055819936
Browns Ferry 2,2007-06-01,785166,-0.3759137901013034
Browns Ferry 2,2007-07-01,808707,-0.3527903349192501
Browns Ferry 2,2007-08-01,588779,-0.3574056935994229
Browns Ferry 2,2007-09-01,787259,-0.3527903349192501
Browns Ferry 2,2007-10-01,818190,-0.33432681315430973
Browns Ferry 2,2007-11-01,813471,-0.33432681315430973
Browns Ferry 2,2007-12-01,843637,-0.3327883602609188
Browns Ferry 2,2008-01-01,829911,-0.18212221073433835
Browns Ferry 2,2008-02-01,793585,-0.18212221073433835
Browns Ferry 2,2008-03-01,842203,-0.18212221073433835
Browns Ferry 2,2008-04-01,807680,0.14587092472249247
Browns Ferry 2,2008-05-01,827682,0.14587092472249247
Browns Ferry 2,2008-06-01,772732,0.1443324718291015
Browns Ferry 2,2008-07-01,803305,-0.1018728927077584
Browns Ferry 2,2008-08-01,788478,-0.10341134560114935
Browns Ferry 2,2008-09-01,606560,-0.1018728927077584
Browns Ferry 2,2008-10-01,700443,-0.17647323158116396
Browns Ferry 2,2008-11-01,816555,-0.17647323158116396
Browns Ferry 2,2008-12-01,840783,-0.19185776051507342
Browns Ferry 2,2009-01-01,839178,-0.3299263993689033
Browns Ferry 2,2009-02-01,587430,-0.24992684891257413
Browns Ferry 2,2009-03-01,839252,-0.2514653018059651
Browns Ferry 2,2009-04-01,644652,-0.3369055929287672
Browns Ferry 2,2009-05-01,0,-0.2975089907685506
Browns Ferry 2,2009-06-01,134728,-0.45904654457459976
Browns Ferry 2,2009-07-01,800243,-0.3770862613277192
Browns Ferry 2,2009-08-01,812904,-0.37862471422111016
Browns Ferry 2,2009-09-01,770502,-0.37247090264754634
Browns Ferry 2,2009-10-01,715274,-0.3647476258784639
Browns Ferry 2,2009-11-01,820468,-0.36782453166524576
Browns Ferry 2,2009-12-01,843878,-0.3693629845586367
Browns Ferry 3,2007-01-01,837670,-0.19016802730984178
Browns Ferry 3,2007-02-01,626543,-0.19016802730984178
Browns Ferry 3,2007-03-01,832406,-0.19016802730984178
Browns Ferry 3,2007-04-01,805814,-0.3656070883111145
Browns Ferry 3,2007-05-01,824451,-0.3656070883111145
Browns Ferry 3,2007-06-01,780288,-0.3656070883111145
Browns Ferry 3,2007-07-01,794663,-0.2976037852846379
Browns Ferry 3,2007-08-01,742522,-0.2976037852846379
Browns Ferry 3,2007-09-01,602433,-0.2976037852846379
Browns Ferry 3,2007-10-01,816110,-0.367040716194651
Browns Ferry 3,2007-11-01,774919,-0.367040716194651
Browns Ferry 3,2007-12-01,648237,-0.367040716194651
Browns Ferry 3,2008-01-01,255798,-0.4012758251440478
Browns Ferry 3,2008-02-01,760111,-0.4012758251440478
Browns Ferry 3,2008-03-01,398785,-0.4012758251440478
Browns Ferry 3,2008-04-01,-1826,-0.18656739863792884
Browns Ferry 3,2008-05-01,339153,-0.24485855854683594
Browns Ferry 3,2008-06-01,789755,-0.24485855854683594
Browns Ferry 3,2008-07-01,726873,-0.42633376285542873
Browns Ferry 3,2008-08-01,758138,-0.42633376285542873
Browns Ferry 3,2008-09-01,794211,-0.42633376285542873
Browns Ferry 3,2008-10-01,828355,-0.3525711709597979
Browns Ferry 3,2008-11-01,803675,-0.3525711709597979
Browns Ferry 3,2008-12-01,845732,-0.3525711709597979
Browns Ferry 3,2009-01-01,834055,-0.19988885971364137
Browns Ferry 3,2009-02-01,762132,-0.19988885971364137
Browns Ferry 3,2009-03-01,836318,-0.19988885971364137
Browns Ferry 3,2009-04-01,782245,-0.14101149388265594
Browns Ferry 3,2009-05-01,830566,-0.14245379347020995
Browns Ferry 3,2009-06-01,768105,-0.14101149388265594
Browns Ferry 3,2009-07-01,804661,-0.16718167645632406
Browns Ferry 3,2009-08-01,682438,-0.16718167645632406
Browns Ferry 3,2009-09-01,567242,-0.17150857521898608
Browns Ferry 3,2009-10-01,659588,-0.6470357467844986
Browns Ferry 3,2009-11-01,809748,-0.44799840370204524
Browns Ferry 3,2009-12-01,838315,-0.44799840370204524
Brunswick 1,2007-01-01,717820,-0.28889774388570305
Brunswick 1,2007-02-01,654219,-0.28889774388570305
Brunswick 1,2007-03-01,719722,-0.30043614058613516
Brunswick 1,2007-04-01,549513,-0.32118003136156864
Brunswick 1,2007-05-01,706345,-0.32694922971178464
Brunswick 1,2007-06-01,683339,-0.33356405461815575
Brunswick 1,2007-07-01,710056,-0.42686241826900334
Brunswick 1,2007-08-01,692078,-0.42686241826900334
Brunswick 1,2007-09-01,334252,-0.4384008149694354
Brunswick 1,2007-10-01,715442,-0.20968393147100478
Brunswick 1,2007-11-01,698196,-0.20968393147100478
Brunswick 1,2007-12-01,700923,-0.16497264425683045
Brunswick 1,2008-01-01,713800,-0.2219610611761123
Brunswick 1,2008-02-01,649397,-0.22773025952632833
Brunswick 1,2008-03-01,286778,-0.2167885358572952
Brunswick 1,2008-04-01,7406,-0.2761097747911335
Brunswick 1,2008-05-01,704958,-0.2739971518634129
Brunswick 1,2008-06-01,686283,-0.2566895568127648
Brunswick 1,2008-07-01,707636,-0.255134423745371
Brunswick 1,2008-08-01,702990,-0.249365225395155
Brunswick 1,2008-09-01,689112,-0.26090362209558704
Brunswick 1,2008-10-01,716845,-0.5826031289069195
Brunswick 1,2008-11-01,452952,-0.5883723272571355
Brunswick 1,2008-12-01,712475,-0.5710647322064873
Brunswick 1,2009-01-01,719187,-0.7041830631371737
Brunswick 1,2009-02-01,630842,-0.7041830631371737
Brunswick 1,2009-03-01,703593,-0.7099522614873898
Brunswick 1,2009-04-01,691620,-0.7012177203996897
Brunswick 1,2009-05-01,703953,-0.7012177203996897
Brunswick 1,2009-06-01,679293,-0.7069869187499057
Brunswick 1,2009-07-01,697753,-0.4749641226346094
Brunswick 1,2009-08-01,679296,-0.4856568927788864
Brunswick 1,2009-09-01,445366,-0.4856568927788864
Brunswick 1,2009-10-01,673715,-0.8134645441417451
Brunswick 1,2009-11-01,687861,-0.8319259788624365
Brunswick 1,2009-12-01,710188,-0.8411566962227821
Brunswick 2,2007-01-01,697731,-0.4380116201856846
Brunswick 2,2007-02-01,636309,-0.44557142007868017
Brunswick 2,2007-03-01,36594,-0.42385845074958506
Brunswick 2,2007-04-01,255131,-0.2831403069464391
Brunswick 2,2007-05-01,703179,-0.2831403069464391
Brunswick 2,2007-06-01,673524,-0.30581970662542574
Brunswick 2,2007-07-01,698194,-0.015032031909954264
Brunswick 2,2007-08-01,695545,-0.02355826215284131
Brunswick 2,2007-09-01,656626,-0.015998462259845754
Brunswick 2,2007-10-01,701943,-0.19615070712999794
Brunswick 2,2007-11-01,676160,-0.18199753769389831
Brunswick 2,2007-12-01,709322,-0.18859090723700236
Brunswick 2,2008-01-01,705183,-0.28713155234892906
Brunswick 2,2008-02-01,662926,-0.27860532210604205
Brunswick 2,2008-03-01,638070,-0.2861651219990376
Brunswick 2,2008-04-01,676182,-0.26551533042441455
Brunswick 2,2008-05-01,697370,-0.24283593074542792
Brunswick 2,2008-06-01,662438,-0.25892196088131053
Brunswick 2,2008-07-01,691106,-0.31001580697952036
Brunswick 2,2008-08-01,658231,-0.32882948525894096
Brunswick 2,2008-09-01,566245,-0.32223611571583693
Brunswick 2,2008-10-01,699951,-0.4567735435089642
Brunswick 2,2008-11-01,491759,-0.4340941438299776
Brunswick 2,2008-12-01,704777,-0.40675423530766985
Brunswick 2,2009-01-01,696451,-0.4261242104228308
Brunswick 2,2009-02-01,604133,-0.4195308408797267
Brunswick 2,2009-03-01,-3057,-0.2755170516449146
Brunswick 2,2009-04-01,8812,-0.5027470339022491
Brunswick 2,2009-05-01,613351,-0.507790062077224
Brunswick 2,2009-06-01,611706,-0.5087564924271155
Brunswick 2,2009-07-01,693644,-0.49060242126128917
Brunswick 2,2009-08-01,686770,-0.4830426213682936
Brunswick 2,2009-09-01,449456,-0.4830426213682936
Brunswick 2,2009-10-01,663363,-0.598574160057769
Brunswick 2,2009-11-01,676898,-0.5722006818853528
Brunswick 2,2009-12-01,705613,-0.5722006818853528
Byron 1,2007-01-01,890394,0.3518020018512287
Byron 1,2007-02-01,803341,0.3458905443440092
Byron 1,2007-03-01,881896,0.3534503442370047
Byron 1,2007-04-01,857682,0.3700619650832995
Byron 1,2007-05-01,878538,0.36415050757608
Byron 1,2007-06-01,847411,0.365798849961856
Byron 1,2007-07-01,874591,0.37589616914985446
Byron 1,2007-08-01,870117,0.37589616914985446
Byron 1,2007-09-01,846823,0.3844904352767079
Byron 1,2007-10-01,536772,0.3069509466665384
Byron 1,2007-11-01,849456,0.2882239615194405
Byron 1,2007-12-01,887143,0.2998951334330759
Byron 1,2008-01-01,886795,-0.20633977644684634
Byron 1,2008-02-01,829923,-0.20633977644684634
Byron 1,2008-03-01,649419,-0.2219898558071623
Byron 1,2008-04-01,420548,-0.13770988231276912
Byron 1,2008-05-01,883691,-0.13463297652598724
Byron 1,2008-06-01,847574,-0.13617142941937818
Byron 1,2008-07-01,869921,-0.10534863675177851
Byron 1,2008-08-01,873407,-0.11457935411212417
Byron 1,2008-09-01,848725,-0.10688708964516945
Byron 1,2008-10-01,882199,-0.03703219105198704
Byron 1,2008-11-01,856052,-0.03703219105198704
Byron 1,2008-12-01,885108,-0.03703219105198704
Byron 1,2009-01-01,885746,0.1804654905473404
Byron 1,2009-02-01,785272,0.17892703765394946
Byron 1,2009-03-01,888217,0.1804654905473404
Byron 1,2009-04-01,855433,0.12960065784299893
Byron 1,2009-05-01,877275,0.12960065784299893
Byron 1,2009-06-01,841007,0.12960065784299893
Byron 1,2009-07-01,868307,0.07354805140317562
Byron 1,2009-08-01,870587,0.07354805140317562
Byron 1,2009-09-01,355761,0.07354805140317562
Byron 1,2009-10-01,634399,0.10106275289215022
Byron 1,2009-11-01,859127,0.10106275289215022
Byron 1,2009-12-01,888254,0.10106275289215022
Byron 2,2007-01-01,866928,-0.34284624552696774
Byron 2,2007-02-01,781840,-0.35370273019151527
Byron 2,2007-03-01,835334,-0.3461429302985197
Byron 2,2007-04-01,12871,-0.2523048560206072
Byron 2,2007-05-01,725328,-0.2588982255637113
Byron 2,2007-06-01,829980,-0.25724988317793523
Byron 2,2007-07-01,855869,-0.06079697815212134
Byron 2,2007-08-01,855635,-0.06079697815212134
Byron 2,2007-09-01,833558,-0.07400660295914763
Byron 2,2007-10-01,531639,-0.12245311641803994
Byron 2,2007-11-01,831330,-0.12027821229115677
Byron 2,2007-12-01,868291,-0.10860704037752145
Byron 2,2008-01-01,869128,0.055794525217947095
Byron 2,2008-02-01,811702,0.05733297811133804
Byron 2,2008-03-01,865261,0.05733297811133804
Byron 2,2008-04-01,835340,0.0339263603198373
Byron 2,2008-05-01,861084,0.0339263603198373
Byron 2,2008-06-01,828912,0.0339263603198373
Byron 2,2008-07-01,855049,0.1760034321313073
Byron 2,2008-08-01,856110,0.1760034321313073
Byron 2,2008-09-01,829508,0.17446497923791637
Byron 2,2008-10-01,302863,0.290014733125367
Byron 2,2008-11-01,840801,0.2970705463588295
Byron 2,2008-12-01,868406,0.3001474521456114
Byron 2,2009-01-01,867877,0.29385695844198684
Byron 2,2009-02-01,782211,0.30245122456884027
Byron 2,2009-03-01,861576,0.30245122456884027
Byron 2,2009-04-01,830108,0.2600860347418699
Byron 2,2009-05-01,859900,0.2600860347418699
Byron 2,2009-06-01,822150,0.258547581848479
Byron 2,2009-07-01,852578,0.1165917347877256
Byron 2,2009-08-01,852279,0.1165917347877256
Byron 2,2009-09-01,826053,0.11813018768111655
Callaway,2007-01-01,921372,-0.24813954814372405
Callaway,2007-02-01,832148,-0.24991468609763667
Callaway,2007-03-01,773355,-0.25168982405154927
Callaway,2007-04-01,17380,-0.07913774581109638
Callaway,2007-05-01,592863,-0.008024199484362574
Callaway,2007-06-01,866741,-0.006249061530449941
Callaway,2007-07-01,894646,0.10467596165649691
Callaway,2007-08-01,888978,0.10467596165649691
Callaway,2007-09-01,869464,0.035273938547767975
Callaway,2007-10-01,906068,0.3649050485345758
Callaway,2007-11-01,888687,0.3783763059347908
Callaway,2007-12-01,920253,0.3691681636560193
Callaway,2008-01-01,919838,0.4894013707375233
Callaway,2008-02-01,861555,0.48184157084452783
Callaway,2008-03-01,897258,0.47263342856575624
Callaway,2008-04-01,880210,0.43976544622782165
Callaway,2008-05-01,904505,0.38093538946963335
Callaway,2008-06-01,861545,0.4128229314273915
Callaway,2008-07-01,878976,0.4112460345048843
Callaway,2008-08-01,889454,0.3944780923331172
Callaway,2008-09-01,869370,0.3307030084176008
Callaway,2008-10-01,281840,0.20838953412964353
Callaway,2008-11-01,579384,0.2537483334876168
Callaway,2008-12-01,554694,-0.313236658487049
Callaway,2009-01-01,928441,0.017103861831795308
Callaway,2009-02-01,535798,0.07758226097575972
Callaway,2009-03-01,826689,-0.14165193592111108
Callaway,2009-04-01,796254,-0.3852973964083916
Callaway,2009-05-01,909950,-0.18118279929751196
Callaway,2009-06-01,836422,-0.194654056697727
Callaway,2009-07-01,898752,-0.31590979339284303
Callaway,2009-08-01,899588,-0.3688283926438118
Callaway,2009-09-01,878322,-0.2537830518631027
Callaway,2009-10-01,918753,-0.054492352994867974
Callaway,2009-11-01,891471,-0.05614069538064398
Callaway,2009-12-01,926676,-0.05614069538064398
Calvert Cliffs 1,2007-01-01,645996,0.17100601831709547
Calvert Cliffs 1,2007-02-01,586474,0.015149511613863567
Calvert Cliffs 1,2007-03-01,661313,0.07932198925125745
Calvert Cliffs 1,2007-04-01,643783,0.26343300820617227
Calvert Cliffs 1,2007-05-01,649923,0.19829410021888685
Calvert Cliffs 1,2007-06-01,625294,0.13326806763947197
Calvert Cliffs 1,2007-07-01,637887,0.11426796023164827
Calvert Cliffs 1,2007-08-01,631196,0.12068732223161857
Calvert Cliffs 1,2007-09-01,614691,0.06949262627758353
Calvert Cliffs 1,2007-10-01,636405,0.07502318738499533
Calvert Cliffs 1,2007-11-01,637788,0.09337927172500746
Calvert Cliffs 1,2007-12-01,661483,0.13300814614608633
Calvert Cliffs 1,2008-01-01,662589,-0.028424462402392405
Calvert Cliffs 1,2008-02-01,462340,-0.02879536320947811
Calvert Cliffs 1,2008-03-01,330767,0.17529211970812159
Calvert Cliffs 1,2008-04-01,637893,0.18244706343177808
Calvert Cliffs 1,2008-05-01,654157,0.15512581215782678
Calvert Cliffs 1,2008-06-01,619566,0.15974117083799963
Calvert Cliffs 1,2008-07-01,625190,0.042662434913158444
Calvert Cliffs 1,2008-08-01,623427,0.04664134235983907
Calvert Cliffs 1,2008-09-01,616853,0.041123982019767504
Calvert Cliffs 1,2008-10-01,641248,0.07413473965835696
Calvert Cliffs 1,2008-11-01,633940,0.044373033831115995
Calvert Cliffs 1,2008-12-01,657301,0.0446385842575225
Calvert Cliffs 1,2009-01-01,656629,0.15890322558703318
Calvert Cliffs 1,2009-02-01,595852,0.17211285039405946
Calvert Cliffs 1,2009-03-01,657793,0.16198013137381506
Calvert Cliffs 1,2009-04-01,635824,0.13192801563338785
Calvert Cliffs 1,2009-05-01,651578,0.1303895627399969
Calvert Cliffs 1,2009-06-01,619088,0.1303895627399969
Calvert Cliffs 1,2009-07-01,535933,0.1647623502821016
Calvert Cliffs 1,2009-08-01,626807,0.14539891390151152
Calvert Cliffs 1,2009-09-01,615991,0.15924498994203
Calvert Cliffs 1,2009-10-01,644182,0.08827537802348827
Calvert Cliffs 1,2009-11-01,632102,0.07108684576978136
Calvert Cliffs 1,2009-12-01,656791,0.06647148708960854
Calvert Cliffs 2,2007-01-01,652001,-0.06654185916444395
Calvert Cliffs 2,2007-02-01,499602,-0.07847858150448582
Calvert Cliffs 2,2007-03-01,0,-0.02902445333494201
Calvert Cliffs 2,2007-04-01,538238,-0.08308715887311544
Calvert Cliffs 2,2007-05-01,653306,-0.0784718001929426
Calvert Cliffs 2,2007-06-01,615938,-0.032318213391214275
Calvert Cliffs 2,2007-07-01,628632,0.04546613984011358
Calvert Cliffs 2,2007-08-01,620200,0.027004705119422247
Calvert Cliffs 2,2007-09-01,608527,0.03469696958637697
Calvert Cliffs 2,2007-10-01,628138,0.038698312163036735
Calvert Cliffs 2,2007-11-01,624993,0.02639068901590918
Calvert Cliffs 2,2007-12-01,651384,0.03562140637625485
Calvert Cliffs 2,2008-01-01,652737,-0.07022117906088464
Calvert Cliffs 2,2008-02-01,607405,-0.047144385660020466
Calvert Cliffs 2,2008-03-01,646073,-0.05483665012697519
Calvert Cliffs 2,2008-04-01,624527,0.01769816518269876
Calvert Cliffs 2,2008-05-01,637956,0.025390429649653483
Calvert Cliffs 2,2008-06-01,612276,0.009740350289337526
Calvert Cliffs 2,2008-07-01,616896,-0.09655405764456633
Calvert Cliffs 2,2008-08-01,611869,-0.12053285270532922
Calvert Cliffs 2,2008-09-01,596300,-0.0888617931776116
Calvert Cliffs 2,2008-10-01,631875,-0.0445277373665203
Calvert Cliffs 2,2008-11-01,627252,-0.05619890928015565
Calvert Cliffs 2,2008-12-01,648258,-0.060814267960328475
Calvert Cliffs 2,2009-01-01,647148,-0.038823091420298925
Calvert Cliffs 2,2009-02-01,449371,-0.015480747593028251
Calvert Cliffs 2,2009-03-01,283046,0.05417538308169809
Calvert Cliffs 2,2009-04-01,624504,0.13203147281978464
Calvert Cliffs 2,2009-05-01,640356,0.1304930199263937
Calvert Cliffs 2,2009-06-01,607556,0.12895456703300276
Calvert Cliffs 2,2009-07-01,622614,0.16547747947911323
Calvert Cliffs 2,2009-08-01,619175,0.15624676211876756
Calvert Cliffs 2,2009-09-01,609925,0.15534476045886883
Calvert Cliffs 2,2009-10-01,638455,0.08416801335482972
Calvert Cliffs 2,2009-11-01,627240,0.08416801335482972
Calvert Cliffs 2,2009-12-01,652159,0.0872449191416116
Catawba 1,2007-01-01,827452,0.881129954672563
Catawba 1,2007-02-01,787557,0.8934375778196906
Catawba 1,2007-03-01,825423,0.8949760307130815
Catawba 1,2007-04-01,839138,0.8739946064047771
Catawba 1,2007-05-01,862918,0.8709177006179952
Catawba 1,2007-06-01,828733,0.8693792477246043
Catawba 1,2007-07-01,854436,0.38623432941793834
Catawba 1,2007-08-01,850175,0.38479202983038435
Catawba 1,2007-09-01,826858,0.38623432941793834
Catawba 1,2007-10-01,860256,0.3498729381227025
Catawba 1,2007-11-01,840399,0.3498729381227025
Catawba 1,2007-12-01,867550,0.34843063853514844
Catawba 1,2008-01-01,869260,0.3978570945614723
Catawba 1,2008-02-01,812381,0.3877609974485942
Catawba 1,2008-03-01,864429,0.3920878962112563
Catawba 1,2008-04-01,836867,0.31753823085176164
Catawba 1,2008-05-01,49955,0.31321133208909957
Catawba 1,2008-06-01,230023,0.3270376549332408
Catawba 1,2008-07-01,854146,0.29766700027785326
Catawba 1,2008-08-01,854975,0.2991092998654073
Catawba 1,2008-09-01,828842,0.3005515994529613
Catawba 1,2008-10-01,866423,0.2433091101283222
Catawba 1,2008-11-01,843751,0.2433091101283222
Catawba 1,2008-12-01,862244,0.2433091101283222
Catawba 1,2009-01-01,870821,0.2127000335124493
Catawba 1,2009-02-01,784164,0.23289222773820542
Catawba 1,2009-03-01,862972,0.23289222773820542
Catawba 1,2009-04-01,832925,0.3077349140806265
Catawba 1,2009-05-01,857316,0.2846581206797623
Catawba 1,2009-06-01,824524,0.28321582109220833
Catawba 1,2009-07-01,853457,0.27708353918559525
Catawba 1,2009-08-01,849821,0.25833364454739316
Catawba 1,2009-09-01,826771,0.17035336970659848
Catawba 1,2009-10-01,857192,0.2441749480757087
Catawba 1,2009-11-01,149288,0.20667515879930443
Catawba 1,2009-12-01,432789,0.40511582885035896
Catawba 2,2007-01-01,870361,0.9209080618421821
Catawba 2,2007-02-01,784869,0.9225564042279581
Catawba 2,2007-03-01,865510,0.9258530889995102
Catawba 2,2007-04-01,838718,1.3082454670336554
Catawba 2,2007-05-01,861839,1.317453609312427
Catawba 2,2007-06-01,808702,1.3141569245408748
Catawba 2,2007-07-01,856135,0.5743920575052014
Catawba 2,2007-08-01,852483,0.5513152641043373
Catawba 2,2007-09-01,379876,0.5943919451192837
Catawba 2,2007-10-01,-4152,0.5539258871230507
Catawba 2,2007-11-01,361049,0.4831570540270672
Catawba 2,2007-12-01,872018,0.5323875466155774
Catawba 2,2008-01-01,873688,0.47656414876282105
Catawba 2,2008-02-01,815149,0.46950833552935856
Catawba 2,2008-03-01,868655,0.4710467884227495
Catawba 2,2008-04-01,838806,0.3808838543835363
Catawba 2,2008-05-01,859549,0.3731915899165816
Catawba 2,2008-06-01,824660,0.3685762312364087
Catawba 2,2008-07-01,856678,0.3386108064078694
Catawba 2,2008-08-01,855660,0.3186109187937871
Catawba 2,2008-09-01,832260,0.3678414113822973
Catawba 2,2008-10-01,865936,0.2568347327633951
Catawba 2,2008-11-01,841931,0.2506809211898313
Catawba 2,2008-12-01,870184,0.2429886567228766
Catawba 2,2009-01-01,871835,0.2720292003720348
Catawba 2,2009-02-01,782884,0.2720292003720348
Catawba 2,2009-03-01,154915,0.24587550118438875
Catawba 2,2009-04-01,296037,0.37106932524362646
Catawba 2,2009-05-01,862416,0.37106932524362646
Catawba 2,2009-06-01,830629,0.36953087235023546
Catawba 2,2009-07-01,856398,0.34618708465188464
Catawba 2,2009-08-01,855242,0.33849482018492993
Catawba 2,2009-09-01,831874,0.3375928185250312
Catawba 2,2009-10-01,862837,0.45835753763098475
Catawba 2,2009-11-01,837532,0.45130172439752225
Catawba 2,2009-12-01,867624,0.4451479128239585
Clinton,2007-01-01,796303,0.008914387792915444
Clinton,2007-02-01,719640,0.008914387792915444
Clinton,2007-03-01,781718,0.008914387792915444
Clinton,2007-04-01,777209,-0.08940109897634108
Clinton,2007-05-01,794186,-0.08940109897634108
Clinton,2007-06-01,705543,-0.14379639770694946
Clinton,2007-07-01,791374,0.008424069312395411
Clinton,2007-08-01,787282,0.008424069312395411
Clinton,2007-09-01,762709,0.008424069312395411
Clinton,2007-10-01,795073,-0.06319030717031375
Clinton,2007-11-01,773891,-0.06483864955608976
Clinton,2007-12-01,765508,-0.06319030717031375
Clinton,2008-01-01,250571,-0.6268022277231854
Clinton,2008-02-01,545163,-0.6746041569106898
Clinton,2008-03-01,800267,-0.6663624449818096
Clinton,2008-04-01,775024,-0.5856437173589207
Clinton,2008-05-01,798451,-0.5790503478158167
Clinton,2008-06-01,770414,-0.6433357008610812
Clinton,2008-07-01,794643,-0.6385919349074201
Clinton,2008-08-01,794021,-0.5940866904914677
Clinton,2008-09-01,767565,-0.5973833752630198
Clinton,2008-10-01,798612,-0.4957114222953738
Clinton,2008-11-01,775841,-0.4940630799095978
Clinton,2008-12-01,679331,-0.4957114222953738
Clinton,2009-01-01,799748,-0.027635832980947826
Clinton,2009-02-01,717787,-0.022690805823619813
Clinton,2009-03-01,798222,-0.02928417536672384
Clinton,2009-04-01,774484,-0.012822011228338235
Clinton,2009-05-01,766014,-0.012822011228338235
Clinton,2009-06-01,768172,-0.04908554371541051
Clinton,2009-07-01,793462,-0.03457380602655492
Clinton,2009-08-01,792113,-0.03951883318388293
Clinton,2009-09-01,713349,-0.13182600678733963
Clinton,2009-10-01,422334,-0.1703013575910624
Clinton,2009-11-01,771859,-0.17524638474839044
Clinton,2009-12-01,770370,-0.17194969997683843
Comanche Peak 1,2007-01-01,873904,0.3740476348371864
Comanche Peak 1,2007-02-01,653024,0.3740476348371864
Comanche Peak 1,2007-03-01,0,0.3740476348371864
Comanche Peak 1,2007-04-01,237263,0.49625981819106035
Comanche Peak 1,2007-05-01,870669,0.49625981819106035
Comanche Peak 1,2007-06-01,837847,0.49625981819106035
Comanche Peak 1,2007-07-01,861299,0.24268035106505956
Comanche Peak 1,2007-08-01,859079,0.24268035106505956
Comanche Peak 1,2007-09-01,832764,0.24268035106505956
Comanche Peak 1,2007-10-01,866684,0.04443654520543765
Comanche Peak 1,2007-11-01,845155,0.051492358438900154
Comanche Peak 1,2007-12-01,859061,0.04443654520543765
Comanche Peak 1,2008-01-01,874729,0.170370121038623
Comanche Peak 1,2008-02-01,733286,0.170370121038623
Comanche Peak 1,2008-03-01,872420,0.170370121038623
Comanche Peak 1,2008-04-01,843447,0.060498241788479394
Comanche Peak 1,2008-05-01,869240,0.060498241788479394
Comanche Peak 1,2008-06-01,836727,0.060498241788479394
Comanche Peak 1,2008-07-01,860005,0.17405672664119548
Comanche Peak 1,2008-08-01,859582,0.17405672664119548
Comanche Peak 1,2008-09-01,719068,0.17405672664119548
Comanche Peak 1,2008-10-01,391493,0.3472696612312439
Comanche Peak 1,2008-11-01,884228,0.3472696612312439
Comanche Peak 1,2008-12-01,914485,0.3472696612312439
Comanche Peak 1,2009-01-01,915220,0.24843984556133014
Comanche Peak 1,2009-02-01,826205,0.24843984556133014
Comanche Peak 1,2009-03-01,912646,0.24138403232786765
Comanche Peak 1,2009-04-01,883289,0.07856160729311741
Comanche Peak 1,2009-05-01,854499,0.07856160729311741
Comanche Peak 1,2009-06-01,875500,0.07856160729311741
Comanche Peak 1,2009-07-01,899887,0.1918222575432113
Comanche Peak 1,2009-08-01,900421,0.1918222575432113
Comanche Peak 1,2009-09-01,875294,0.1918222575432113
Comanche Peak 1,2009-10-01,909455,0.1897776706289877
Comanche Peak 1,2009-11-01,875123,0.1897776706289877
Comanche Peak 1,2009-12-01,913327,0.1897776706289877
Comanche Peak 2,2007-01-01,878422,0.39163422081889604
Comanche Peak 2,2007-02-01,792832,0.3845784075854335
Comanche Peak 2,2007-03-01,875777,0.3845784075854335
Comanche Peak 2,2007-04-01,846199,0.4809538183187827
Comanche Peak 2,2007-05-01,870405,0.4809538183187827
Comanche Peak 2,2007-06-01,839104,0.4809538183187827
Comanche Peak 2,2007-07-01,862392,-0.012921039796755173
Comanche Peak 2,2007-08-01,860132,-0.012921039796755173
Comanche Peak 2,2007-09-01,834883,-0.012921039796755173
Comanche Peak 2,2007-10-01,867342,0.22058939801401192
Comanche Peak 2,2007-11-01,845752,0.21353358478054943
Comanche Peak 2,2007-12-01,875758,0.19942195831362441
Comanche Peak 2,2008-01-01,875910,0.1990349111485202
Comanche Peak 2,2008-02-01,820452,0.24136979054929525
Comanche Peak 2,2008-03-01,747222,0.015583767078495014
Comanche Peak 2,2008-04-01,279814,0.23838854857379593
Comanche Peak 2,2008-05-01,869640,0.23838854857379593
Comanche Peak 2,2008-06-01,837576,0.2313327353403334
Comanche Peak 2,2008-07-01,862323,0.33024704453309
Comanche Peak 2,2008-08-01,861315,0.33024704453309
Comanche Peak 2,2008-09-01,835896,0.33024704453309
Comanche Peak 2,2008-10-01,869450,0.3985563003019024
Comanche Peak 2,2008-11-01,841789,0.3985563003019024
Comanche Peak 2,2008-12-01,874524,0.3985563003019024
Comanche Peak 2,2009-01-01,874826,0.3694677828372958
Comanche Peak 2,2009-02-01,790577,0.3694677828372958
Comanche Peak 2,2009-03-01,873107,0.3694677828372958
Comanche Peak 2,2009-04-01,845790,0.22278595276417834
Comanche Peak 2,2009-05-01,816573,0.22278595276417834
Comanche Peak 2,2009-06-01,837024,0.22278595276417834
Comanche Peak 2,2009-07-01,859454,0.3369074886039701
Comanche Peak 2,2009-08-01,861165,0.3369074886039701
Comanche Peak 2,2009-09-01,837172,0.3298516753705076
Comanche Peak 2,2009-10-01,170362,0.3284697143331793
Comanche Peak 2,2009-11-01,824475,0.3355255275666418
Comanche Peak 2,2009-12-01,910078,0.3425813408001043
Cooper,2007-01-01,551175,-0.8373577358296161
Cooper,2007-02-01,528415,-0.8373577358296161
Cooper,2007-03-01,581860,-0.8327423771494433
Cooper,2007-04-01,560976,-0.814614255360206
Cooper,2007-05-01,497995,-0.8192296140403789
Cooper,2007-06-01,553996,-0.8223065198271607
Cooper,2007-07-01,562389,-0.6764006810365012
Cooper,2007-08-01,556546,-0.6735160818613931
Cooper,2007-09-01,556189,-0.6720737822738392
Cooper,2007-10-01,581260,0.02966007302840265
Cooper,2007-11-01,556135,0.02677547385329463
Cooper,2007-12-01,584312,0.02533317426574061
Cooper,2008-01-01,581610,-0.021687182508286378
Cooper,2008-02-01,536581,-0.021687182508286378
Cooper,2008-03-01,520326,-0.02457178168339442
Cooper,2008-04-01,171925,0.09146353208697837
Cooper,2008-05-01,218031,0.11598262507539656
Cooper,2008-06-01,552091,0.10444422837496448
Cooper,2008-07-01,565277,0.13120126461761428
Cooper,2008-08-01,504174,0.12831666544250625
Cooper,2008-09-01,565840,0.14273966131804636
Cooper,2008-10-01,590080,-0.31649588373418774
Cooper,2008-11-01,569225,-0.31505358414663376
Cooper,2008-12-01,588920,-0.31649588373418774
Cooper,2009-01-01,587498,-0.020575096616146288
Cooper,2009-02-01,504938,-0.020575096616146288
Cooper,2009-03-01,435330,-0.020575096616146288
Cooper,2009-04-01,568654,-0.03253717525035741
Cooper,2009-05-01,583854,-0.026767976900141377
Cooper,2009-06-01,561883,-0.026767976900141377
Cooper,2009-07-01,576686,-0.04296122575000008
Cooper,2009-08-01,572285,-0.04296122575000008
Cooper,2009-09-01,435733,-0.045845824925108095
Cooper,2009-10-01,0,-0.42819663620403475
Cooper,2009-11-01,317583,-0.41078561409922165
Cooper,2009-12-01,590135,-0.3992472173987896
Davis-Besse,2007-01-01,668923,0.07549098387322085
Davis-Besse,2007-02-01,601820,0.07713932625899686
Davis-Besse,2007-03-01,639963,0.06463449920867329
Davis-Besse,2007-04-01,643498,0.15269624697143433
Davis-Besse,2007-05-01,630043,0.15764127412876236
Davis-Besse,2007-06-01,640493,0.15434458935721032
Davis-Besse,2007-07-01,661833,0.187419715061609
Davis-Besse,2007-08-01,658993,0.187419715061609
Davis-Besse,2007-09-01,629766,0.187419715061609
Davis-Besse,2007-10-01,663599,0.04648184753242729
Davis-Besse,2007-11-01,646539,0.04648184753242729
Davis-Besse,2007-12-01,620332,0.04096448719235572
Davis-Besse,2008-01-01,-6155,-0.012244807347680773
Davis-Besse,2008-02-01,297934,-0.3002132518920779
Davis-Besse,2008-03-01,662611,-1.1272818531005824
Davis-Besse,2008-04-01,637980,-0.018660575541634108
Davis-Besse,2008-05-01,668821,-0.025716388775096608
Davis-Besse,2008-06-01,631100,0.01661849062567843
Davis-Besse,2008-07-01,667935,-0.013372890288522671
Davis-Besse,2008-08-01,674678,0.014850362645327365
Davis-Besse,2008-09-01,654173,0.018829270092007983
Davis-Besse,2008-10-01,682609,-0.00939709516290158
Davis-Besse,2008-11-01,662497,-0.010935548056292524
Davis-Besse,2008-12-01,589102,-0.036718346436852886
Davis-Besse,2009-01-01,684652,0.08742800475103961
Davis-Besse,2009-02-01,617619,0.06833011879685606
Davis-Besse,2009-03-01,680913,0.047428229522875044
Davis-Besse,2009-04-01,264381,-0.06934044238052124
Davis-Besse,2009-05-01,679928,-0.01178123409156409
Davis-Besse,2009-06-01,652887,-0.01178123409156409
Davis-Besse,2009-07-01,675845,0.008745010289531679
Davis-Besse,2009-08-01,674620,0.03145090288331015
Davis-Besse,2009-09-01,654194,0.025031540883339854
Davis-Besse,2009-10-01,681912,0.08492055211827759
Davis-Besse,2009-11-01,659961,0.08094164467159698
Davis-Besse,2009-12-01,682700,0.0683684710980629
Diablo Canyon 1,2007-01-01,847999,0.09526104120452748
Diablo Canyon 1,2007-02-01,764285,0.09372258831113653
Diablo Canyon 1,2007-03-01,849331,0.06295353044331765
Diablo Canyon 1,2007-04-01,792255,-0.09032778408509956
Diablo Canyon 1,2007-05-01,18774,-0.04485687799362442
Diablo Canyon 1,2007-06-01,816177,-0.03494347992302555
Diablo Canyon 1,2007-07-01,850688,-0.14957936132374083
Diablo Canyon 1,2007-08-01,629542,-0.14957936132374083
Diablo Canyon 1,2007-09-01,823812,-0.15111781421713177
Diablo Canyon 1,2007-10-01,850197,-0.13533275179092707
Diablo Canyon 1,2007-11-01,816087,-0.13687120468431802
Diablo Canyon 1,2007-12-01,809202,-0.14456346915127274
Diablo Canyon 1,2008-01-01,829773,-0.0023478726788739284
Diablo Canyon 1,2008-02-01,788126,-8.094197854829807e-4
Diablo Canyon 1,2008-03-01,843116,7.290331079079596e-4
Diablo Canyon 1,2008-04-01,812093,0.013687434425425813
Diablo Canyon 1,2008-05-01,792870,0.013687434425425813
Diablo Canyon 1,2008-06-01,816888,0.015225887318816762
Diablo Canyon 1,2008-07-01,841323,0.12446225114356466
Diablo Canyon 1,2008-08-01,840916,0.11523153378321899
Diablo Canyon 1,2008-09-01,809462,0.13061606271712844
Diablo Canyon 1,2008-10-01,816790,0.07757789374881785
Diablo Canyon 1,2008-11-01,809953,0.07450098796203596
Diablo Canyon 1,2008-12-01,837332,0.07911634664220879
Diablo Canyon 1,2009-01-01,655568,0.07741094550274655
Diablo Canyon 1,2009-02-01,0,0.07387452114821254
Diablo Canyon 1,2009-03-01,122321,0.06563280921933247
Diablo Canyon 1,2009-04-01,821060,0.24860183906666095
Diablo Canyon 1,2009-05-01,847608,0.24860183906666095
Diablo Canyon 1,2009-06-01,818245,0.24244802749309718
Diablo Canyon 1,2009-07-01,844898,0.059817830699273954
Diablo Canyon 1,2009-08-01,827279,0.061356283592664894
Diablo Canyon 1,2009-09-01,672086,0.061356283592664894
Diablo Canyon 1,2009-10-01,818780,0.15006460373513802
Diablo Canyon 1,2009-11-01,814007,0.15314150952191993
Diablo Canyon 1,2009-12-01,840529,0.15467996241531087
Diablo Canyon 2,2007-01-01,845249,0.1427527078602654
Diablo Canyon 2,2007-02-01,760804,0.14582961364704727
Diablo Canyon 2,2007-03-01,841288,0.132619988840021
Diablo Canyon 2,2007-04-01,762134,-0.030591856444031177
Diablo Canyon 2,2007-05-01,833423,-0.0314938581039299
Diablo Canyon 2,2007-06-01,811753,-0.040088124230783354
Diablo Canyon 2,2007-07-01,837897,-0.20929771187217358
Diablo Canyon 2,2007-08-01,825157,-0.20070344574532012
Diablo Canyon 2,2007-09-01,807969,-0.21083616476556452
Diablo Canyon 2,2007-10-01,833662,-0.09012125531040714
Diablo Canyon 2,2007-11-01,798726,-0.09012125531040714
Diablo Canyon 2,2007-12-01,762079,-0.09871552143726059
Diablo Canyon 2,2008-01-01,826741,0.11922234977544949
Diablo Canyon 2,2008-02-01,41777,0.14500514815600984
Diablo Canyon 2,2008-03-01,-2903,0.1574378841124063
Diablo Canyon 2,2008-04-01,449048,0.1445383707530764
Diablo Canyon 2,2008-05-01,845735,0.023000592175191792
Diablo Canyon 2,2008-06-01,815407,0.0476158384694469
Diablo Canyon 2,2008-07-01,840889,0.13446333388702222
Diablo Canyon 2,2008-08-01,418326,0.032925442923219896
Diablo Canyon 2,2008-09-01,639595,0.2067706198763966
Diablo Canyon 2,2008-10-01,736073,-0.03992627671793415
Diablo Canyon 2,2008-11-01,806165,-0.027618653570806593
Diablo Canyon 2,2008-12-01,835032,-0.029157106464197533
Diablo Canyon 2,2009-01-01,833311,-0.05230759226207818
Diablo Canyon 2,2009-02-01,751745,-0.05076913936868724
Diablo Canyon 2,2009-03-01,828509,-0.05140559060217945
Diablo Canyon 2,2009-04-01,813859,0.06667896851623897
Diablo Canyon 2,2009-05-01,766587,0.07373478174970148
Diablo Canyon 2,2009-06-01,802953,0.07373478174970148
Diablo Canyon 2,2009-07-01,763510,-0.24217184062164676
Diablo Canyon 2,2009-08-01,509285,-0.2397313860683571
Diablo Canyon 2,2009-09-01,693606,-0.23203912160140236
Diablo Canyon 2,2009-10-01,69867,-0.016456904143141802
Diablo Canyon 2,2009-11-01,501991,-0.0026108281026233026
Diablo Canyon 2,2009-12-01,847254,-0.09799490749286187
Dresden 2,2007-01-01,644897,-0.1528463225898996
Dresden 2,2007-02-01,583862,-0.15107118463598698
Dresden 2,2007-03-01,645540,-0.15107118463598698
Dresden 2,2007-04-01,626149,-0.209445265217439
Dresden 2,2007-05-01,554391,-0.209445265217439
Dresden 2,2007-06-01,623644,-0.19346902363222532
Dresden 2,2007-07-01,646303,-0.3617390013842139
Dresden 2,2007-08-01,638227,-0.3600906589984379
Dresden 2,2007-09-01,626450,-0.3600906589984379
Dresden 2,2007-10-01,582052,-0.34275573565217027
Dresden 2,2007-11-01,155409,-0.35594247473837837
Dresden 2,2007-12-01,645771,-0.3608875018957064
Dresden 2,2008-01-01,647633,-0.3738111519542333
Dresden 2,2008-02-01,605725,-0.3738111519542333
Dresden 2,2008-03-01,643556,-0.37545949434000936
Dresden 2,2008-04-01,626260,-0.12967643696280726
Dresden 2,2008-05-01,646604,-0.13132477934858328
Dresden 2,2008-06-01,623296,-0.1346214641201353
Dresden 2,2008-07-01,645883,-0.34465529309777165
Dresden 2,2008-08-01,645837,-0.3430069507119956
Dresden 2,2008-09-01,475755,-0.34630363548354764
Dresden 2,2008-10-01,637163,-0.25973294477885245
Dresden 2,2008-11-01,626746,-0.2514912328499724
Dresden 2,2008-12-01,643744,-0.2547879176215245
Dresden 2,2009-01-01,647173,-0.3296959436942268
Dresden 2,2009-02-01,584658,-0.3296959436942268
Dresden 2,2009-03-01,640187,-0.3313442860800028
Dresden 2,2009-04-01,625403,-0.36062473114146154
Dresden 2,2009-05-01,641143,-0.36227307352723753
Dresden 2,2009-06-01,624667,-0.3639214159130135
Dresden 2,2009-07-01,645808,-0.25475551690949305
Dresden 2,2009-08-01,644778,-0.25475551690949305
Dresden 2,2009-09-01,622828,-0.2564038592952691
Dresden 2,2009-10-01,638120,-0.2629889852611109
Dresden 2,2009-11-01,16760,-0.26134064287533487
Dresden 2,2009-12-01,571099,-0.26628567003266296
Dresden 3,2007-01-01,649390,-0.037452260196688035
Dresden 3,2007-02-01,579683,-0.03580391781091201
Dresden 3,2007-03-01,648033,-0.03910060258246404
Dresden 3,2007-04-01,627386,-0.09893600172198805
Dresden 3,2007-05-01,645334,-0.11377108319397217
Dresden 3,2007-06-01,625293,-0.12530947989440425
Dresden 3,2007-07-01,645613,-0.1574500701897481
Dresden 3,2007-08-01,643471,-0.15909841257552412
Dresden 3,2007-09-01,576353,-0.1574500701897481
Dresden 3,2007-10-01,646057,-0.012800824782839112
Dresden 3,2007-11-01,628582,-0.01115248239706308
Dresden 3,2007-12-01,642891,-0.0029107704681830197
Dresden 3,2008-01-01,437913,-0.04763839679260532
Dresden 3,2008-02-01,606120,-0.01631989146286109
Dresden 3,2008-03-01,646105,-0.009726521919757028
Dresden 3,2008-04-01,626594,-0.004783391403861679
Dresden 3,2008-05-01,646155,-0.01137676094696574
Dresden 3,2008-06-01,625363,-0.004783391403861679
Dresden 3,2008-07-01,645919,-0.20666526347248007
Dresden 3,2008-08-01,638026,-0.20501692108670405
Dresden 3,2008-09-01,617229,-0.20501692108670405
Dresden 3,2008-10-01,571689,-0.20927832833987425
Dresden 3,2008-11-01,205297,-0.2125750131114263
Dresden 3,2008-12-01,650233,-0.20103661641099418
Dresden 3,2009-01-01,650010,-0.18603956642904648
Dresden 3,2009-02-01,576990,-0.18603956642904648
Dresden 3,2009-03-01,642829,-0.18603956642904648
Dresden 3,2009-04-01,561272,-0.21337267137206356
Dresden 3,2009-05-01,641125,-0.21502101375783958
Dresden 3,2009-06-01,621551,-0.21502101375783958
Dresden 3,2009-07-01,644003,-0.22742708051110883
Dresden 3,2009-08-01,641421,-0.2257787381253328
Dresden 3,2009-09-01,619651,-0.22742708051110883
Dresden 3,2009-10-01,563725,-0.38869439505847003
Dresden 3,2009-11-01,561792,-0.38210102551536596
Dresden 3,2009-12-01,640420,-0.38045268312958996
Duane Arnold,2007-01-01,447618,-0.16546727383468618
Duane Arnold,2007-02-01,39080,-0.16546727383468618
Duane Arnold,2007-03-01,112431,-0.16854417962146806
Duane Arnold,2007-04-01,389138,-0.4676618013932443
Duane Arnold,2007-05-01,450516,-0.4661233484998534
Duane Arnold,2007-06-01,424532,-0.46458489560646243
Duane Arnold,2007-07-01,446502,-0.45436812432406815
Duane Arnold,2007-08-01,442377,-0.45744503011085
Duane Arnold,2007-09-01,429795,-0.486675635085278
Duane Arnold,2007-10-01,445362,-0.49109698457691003
Duane Arnold,2007-11-01,437740,-0.4587894738157002
Duane Arnold,2007-12-01,453784,-0.4587894738157002
Duane Arnold,2008-01-01,457143,-0.3523167325677675
Duane Arnold,2008-02-01,427569,-0.35847054414133134
Duane Arnold,2008-03-01,452124,-0.3600089970347223
Duane Arnold,2008-04-01,440067,0.0066694215725415125
Duane Arnold,2008-05-01,450927,0.0051309686791505575
Duane Arnold,2008-06-01,425093,0.0066694215725415125
Duane Arnold,2008-07-01,440375,0.06933496351333869
Duane Arnold,2008-08-01,430578,0.06933496351333869
Duane Arnold,2008-09-01,431845,0.07241186930012057
Duane Arnold,2008-10-01,451846,0.06808962180438638
Duane Arnold,2008-11-01,438708,0.06808962180438638
Duane Arnold,2008-12-01,435927,0.06347426312421356
Duane Arnold,2009-01-01,394244,-0.0627591730242649
Duane Arnold,2009-02-01,5357,-0.06429762591765584
Duane Arnold,2009-03-01,360881,-0.058143814344092055
Duane Arnold,2009-04-01,399821,-0.15152506944420543
Duane Arnold,2009-05-01,452957,-0.1530635223375964
Duane Arnold,2009-06-01,433616,-0.1530635223375964
Duane Arnold,2009-07-01,452271,-0.32698845674826776
Duane Arnold,2009-08-01,451155,-0.3285269096416587
Duane Arnold,2009-09-01,430826,-0.3254500038548768
Duane Arnold,2009-10-01,400789,-0.344625331729261
Duane Arnold,2009-11-01,444369,-0.344625331729261
Duane Arnold,2009-12-01,452645,-0.344625331729261
Edwin I. Hatch 1,2007-01-01,519772,-0.15245751528754464
Edwin I. Hatch 1,2007-02-01,505620,-0.15410585767332066
Edwin I. Hatch 1,2007-03-01,663978,-0.15410585767332066
Edwin I. Hatch 1,2007-04-01,641754,-0.003210304418975532
Edwin I. Hatch 1,2007-05-01,650424,-0.0015619620331995246
Edwin I. Hatch 1,2007-06-01,633369,-0.0015619620331995246
Edwin I. Hatch 1,2007-07-01,654376,0.029052931347721547
Edwin I. Hatch 1,2007-08-01,641082,0.029052931347721547
Edwin I. Hatch 1,2007-09-01,632985,0.027404588961945527
Edwin I. Hatch 1,2007-10-01,657635,0.13619038577936987
Edwin I. Hatch 1,2007-11-01,636472,0.13783872816514586
Edwin I. Hatch 1,2007-12-01,661610,0.13948707055092188
Edwin I. Hatch 1,2008-01-01,653638,0.11085068136835002
Edwin I. Hatch 1,2008-02-01,46372,0.11414736613990205
Edwin I. Hatch 1,2008-03-01,145500,0.07623549126705377
Edwin I. Hatch 1,2008-04-01,627981,0.06404476074516667
Edwin I. Hatch 1,2008-05-01,655584,0.06404476074516667
Edwin I. Hatch 1,2008-06-01,623382,0.06569310313094268
Edwin I. Hatch 1,2008-07-01,550904,-0.5069238701216061
Edwin I. Hatch 1,2008-08-01,654025,-0.5052755277358302
Edwin I. Hatch 1,2008-09-01,599591,-0.5069238701216061
Edwin I. Hatch 1,2008-10-01,655031,-0.5772188076313077
Edwin I. Hatch 1,2008-11-01,558015,-0.5755704652455318
Edwin I. Hatch 1,2008-12-01,663719,-0.5788671500170838
Edwin I. Hatch 1,2009-01-01,656285,-0.5012238425973133
Edwin I. Hatch 1,2009-02-01,600110,-0.5028721849830894
Edwin I. Hatch 1,2009-03-01,661698,-0.5028721849830894
Edwin I. Hatch 1,2009-04-01,632721,-0.5430392573662957
Edwin I. Hatch 1,2009-05-01,205290,-0.580951132239144
Edwin I. Hatch 1,2009-06-01,629706,-0.5529293116809517
Edwin I. Hatch 1,2009-07-01,645274,-0.28011029894921013
Edwin I. Hatch 1,2009-08-01,649886,-0.2768136141776581
Edwin I. Hatch 1,2009-09-01,630803,-0.28011029894921013
Edwin I. Hatch 1,2009-10-01,586291,-0.2887191664843521
Edwin I. Hatch 1,2009-11-01,640180,-0.29201585125590407
Edwin I. Hatch 1,2009-12-01,651768,-0.29201585125590407
Edwin I. Hatch 2,2007-01-01,663938,-0.002973185914032084
Edwin I. Hatch 2,2007-02-01,94546,-0.002973185914032084
Edwin I. Hatch 2,2007-03-01,247265,0.004127365901618431
Edwin I. Hatch 2,2007-04-01,642967,-0.21893653824584314
Edwin I. Hatch 2,2007-05-01,661147,-0.21893653824584314
Edwin I. Hatch 2,2007-06-01,629462,-0.2153862623380179
Edwin I. Hatch 2,2007-07-01,654785,-0.40868302154608144
Edwin I. Hatch 2,2007-08-01,589388,-0.40868302154608144
Edwin I. Hatch 2,2007-09-01,629829,-0.40868302154608144
Edwin I. Hatch 2,2007-10-01,655782,-0.5105763075416404
Edwin I. Hatch 2,2007-11-01,619470,-0.5088011695877278
Edwin I. Hatch 2,2007-12-01,660449,-0.5088011695877278
Edwin I. Hatch 2,2008-01-01,668404,-1.1098676202707298
Edwin I. Hatch 2,2008-02-01,625016,-1.1116427582246424
Edwin I. Hatch 2,2008-03-01,574386,-1.1116427582246424
Edwin I. Hatch 2,2008-04-01,641351,-1.0438802321349039
Edwin I. Hatch 2,2008-05-01,452200,-1.0456553700888165
Edwin I. Hatch 2,2008-06-01,629534,-1.0438802321349039
Edwin I. Hatch 2,2008-07-01,654679,-1.1337983128888571
Edwin I. Hatch 2,2008-08-01,652779,-1.1337983128888571
Edwin I. Hatch 2,2008-09-01,625879,-1.1337983128888571
Edwin I. Hatch 2,2008-10-01,653785,-1.1852022105302398
Edwin I. Hatch 2,2008-11-01,644347,-1.1834270725763272
Edwin I. Hatch 2,2008-12-01,657440,-1.1834270725763272
Edwin I. Hatch 2,2009-01-01,660050,-0.453246565792603
Edwin I. Hatch 2,2009-02-01,152506,-0.4550217037465156
Edwin I. Hatch 2,2009-03-01,-5728,-0.5229861373808361
Edwin I. Hatch 2,2009-04-01,-6143,-0.8146404002874084
Edwin I. Hatch 2,2009-05-01,76410,-0.7089066318677272
Edwin I. Hatch 2,2009-06-01,524335,-0.705356355959902
Edwin I. Hatch 2,2009-07-01,614030,-0.8026223836330163
Edwin I. Hatch 2,2009-08-01,650084,-0.8026223836330163
Edwin I. Hatch 2,2009-09-01,637613,-0.8008472456791037
Edwin I. Hatch 2,2009-10-01,664076,-0.6093706031524924
Edwin I. Hatch 2,2009-11-01,571114,-0.6203278352141295
Edwin I. Hatch 2,2009-12-01,668296,-0.6040451892907545
Fermi 2,2007-01-01,834917,-0.3807176891724717
Fermi 2,2007-02-01,758801,-0.38566271632979976
Fermi 2,2007-03-01,833841,-0.38731105871557575
Fermi 2,2007-04-01,803087,-0.21945353546497615
Fermi 2,2007-05-01,824781,-0.21615685069342414
Fermi 2,2007-06-01,787187,-0.21945353546497615
Fermi 2,2007-07-01,809717,0.013469836497925195
Fermi 2,2007-08-01,808869,0.013469836497925195
Fermi 2,2007-09-01,733362,0.013469836497925195
Fermi 2,2007-10-01,-4585,-0.0652413045535588
Fermi 2,2007-11-01,295391,-0.12080968034276661
Fermi 2,2007-12-01,828414,-0.08121751582130315
Fermi 2,2008-01-01,824333,-0.1334348926968458
Fermi 2,2008-02-01,686950,-0.1334348926968458
Fermi 2,2008-03-01,832186,-0.1334348926968458
Fermi 2,2008-04-01,801333,-0.18251913270536158
Fermi 2,2008-05-01,823695,-0.18251913270536158
Fermi 2,2008-06-01,782492,-0.18251913270536158
Fermi 2,2008-07-01,808543,-0.23028128868694045
Fermi 2,2008-08-01,812034,-0.23028128868694045
Fermi 2,2008-09-01,783971,-0.23028128868694045
Fermi 2,2008-10-01,825617,0.07800157511165878
Fermi 2,2008-11-01,803232,0.05967225711434868
Fermi 2,2008-12-01,829020,0.0610785932843584
Fermi 2,2009-01-01,831971,-0.24069588668874753
Fermi 2,2009-02-01,738853,-0.23146516932840186
Fermi 2,2009-03-01,683436,-0.23146516932840186
Fermi 2,2009-04-01,-6333,-0.1632596882702387
Fermi 2,2009-05-01,790316,-0.14237586372775032
Fermi 2,2009-06-01,701690,-0.14237586372775032
Fermi 2,2009-07-01,808089,-0.3750812830857562
Fermi 2,2009-08-01,804660,-0.3750812830857562
Fermi 2,2009-09-01,753809,-0.3750812830857562
Fermi 2,2009-10-01,-12439,-0.3846086323069174
Fermi 2,2009-11-01,482400,-0.4571356972810619
Fermi 2,2009-12-01,829456,-0.40589096855078205
Ginna,2007-01-01,391257,0.40812884240388425
Ginna,2007-02-01,387834,0.4124557411665463
Ginna,2007-03-01,401525,0.4095711419914383
Ginna,2007-04-01,418284,-0.5581498127657557
Ginna,2007-05-01,423302,-0.5863991314854369
Ginna,2007-06-01,409952,-0.5624767115284177
Ginna,2007-07-01,409867,-0.5108072483846859
Ginna,2007-08-01,419625,-0.5064803496220239
Ginna,2007-09-01,408689,-0.5151341471473481
Ginna,2007-10-01,411515,-0.31464483086948325
Ginna,2007-11-01,417479,-0.31320253128192926
Ginna,2007-12-01,431199,-0.3198173561883004
Ginna,2008-01-01,431274,0.0213811438832847
Ginna,2008-02-01,403434,0.01849654470817668
Ginna,2008-03-01,430630,0.00924607415145367
Ginna,2008-04-01,274251,0.38249416527040186
Ginna,2008-05-01,261037,0.39283921590803605
Ginna,2008-06-01,413782,0.38766669058921893
Ginna,2008-07-01,419771,0.3382838031613237
Ginna,2008-08-01,418979,0.3376871301299248
Ginna,2008-09-01,410902,0.34549530109909377
Ginna,2008-10-01,428998,0.2774924440685197
Ginna,2008-11-01,417387,0.2847039420062898
Ginna,2008-12-01,432381,0.27953141668747267
Ginna,2009-01-01,432130,0.156851678013494
Ginna,2009-02-01,390108,0.15540937842594
Ginna,2009-03-01,431376,0.156851678013494
Ginna,2009-04-01,413772,0.150338445039403
Ginna,2009-05-01,336937,0.15754994297717306
Ginna,2009-06-01,415529,0.15754994297717306
Ginna,2009-07-01,422912,-0.14685652337746516
Ginna,2009-08-01,417308,-0.12089513080149297
Ginna,2009-09-01,174390,-0.12666432915170903
Grand Gulf 1,2007-01-01,949348,-0.003071801195852803
Grand Gulf 1,2007-02-01,853823,-0.027115024946608446
Grand Gulf 1,2007-03-01,470576,-0.056785187890576676
Grand Gulf 1,2007-04-01,478499,-0.07753093872574068
Grand Gulf 1,2007-05-01,740277,-2.845974100092017e-4
Grand Gulf 1,2007-06-01,908575,0.002330175325658289
Grand Gulf 1,2007-07-01,945593,-0.2625028714353165
Grand Gulf 1,2007-08-01,770366,-0.13330436121850772
Grand Gulf 1,2007-09-01,434552,-0.11517259497497159
Grand Gulf 1,2007-10-01,946499,-0.36356513466627777
Grand Gulf 1,2007-11-01,916109,-0.36026844989472573
Grand Gulf 1,2007-12-01,944567,-0.37402422560894777
Grand Gulf 1,2008-01-01,792280,-0.5532029245136498
Grand Gulf 1,2008-02-01,708874,-0.5574660396350934
Grand Gulf 1,2008-03-01,811788,-0.5538848365495344
Grand Gulf 1,2008-04-01,904539,-0.8629556904024591
Grand Gulf 1,2008-05-01,944431,-0.8837022293816628
Grand Gulf 1,2008-06-01,904995,-0.8523837240519185
Grand Gulf 1,2008-07-01,938324,-0.773652338664879
Grand Gulf 1,2008-08-01,927518,-0.677592319069727
Grand Gulf 1,2008-09-01,617447,-0.684470206926838
Grand Gulf 1,2008-10-01,13971,-0.6207681245800066
Grand Gulf 1,2008-11-01,880470,-0.6044788540772263
Grand Gulf 1,2008-12-01,952153,-0.5945887997625702
Grand Gulf 1,2009-01-01,947301,-0.1880447471972573
Grand Gulf 1,2009-02-01,859709,-0.1939562047044768
Grand Gulf 1,2009-03-01,937261,-0.18639640481148126
Grand Gulf 1,2009-04-01,903564,-0.10322152312068818
Grand Gulf 1,2009-05-01,935134,-0.22417832140861685
Grand Gulf 1,2009-06-01,897343,-0.12754926518545084
Grand Gulf 1,2009-07-01,925096,0.018975736365469828
Grand Gulf 1,2009-08-01,925987,0.008403770014929224
Grand Gulf 1,2009-09-01,891679,0.00976759408669826
Grand Gulf 1,2009-10-01,935897,0.2052601760932403
Grand Gulf 1,2009-11-01,912378,0.22037977587923138
Grand Gulf 1,2009-12-01,927166,0.21281997598623584
H.B. Robinson 2,2007-01-01,560132,-0.15210402423186056
H.B. Robinson 2,2007-02-01,508107,-0.15210402423186056
H.B. Robinson 2,2007-03-01,549343,-0.15210402423186056
H.B. Robinson 2,2007-04-01,92159,0.04245309033560889
H.B. Robinson 2,2007-05-01,257258,0.05783761926951833
H.B. Robinson 2,2007-06-01,525429,0.047704900249273936
H.B. Robinson 2,2007-07-01,525101,-0.045924819801318836
H.B. Robinson 2,2007-08-01,535744,-0.06130934873522829
H.B. Robinson 2,2007-09-01,525693,-0.05207863137488262
H.B. Robinson 2,2007-10-01,550437,-0.019552012183265504
H.B. Robinson 2,2007-11-01,544248,-0.021090465076656444
H.B. Robinson 2,2007-12-01,564272,-0.021090465076656444
H.B. Robinson 2,2008-01-01,564514,-0.012233190017959831
H.B. Robinson 2,2008-02-01,528053,0.024584329042743644
H.B. Robinson 2,2008-03-01,552687,-0.005177376784497323
H.B. Robinson 2,2008-04-01,541202,-0.12314616974378369
H.B. Robinson 2,2008-05-01,554155,-0.16701950203794969
H.B. Robinson 2,2008-06-01,524773,-0.15290787557102464
H.B. Robinson 2,2008-07-01,538858,-0.23591184275497024
H.B. Robinson 2,2008-08-01,536268,-0.5476405274943049
H.B. Robinson 2,2008-09-01,423082,-1.9848515229937733
H.B. Robinson 2,2008-10-01,-1964,-0.10848275646848059
H.B. Robinson 2,2008-11-01,141211,-0.0429383482309934
H.B. Robinson 2,2008-12-01,524457,-0.04139989533760245
H.B. Robinson 2,2009-01-01,568589,-0.06191887600353194
H.B. Robinson 2,2009-02-01,513513,-0.06897468923699446
H.B. Robinson 2,2009-03-01,566438,-0.06897468923699446
H.B. Robinson 2,2009-04-01,504260,-0.14174190110339077
H.B. Robinson 2,2009-05-01,555017,-0.1432803539967817
H.B. Robinson 2,2009-06-01,526657,-0.14020344820999983
H.B. Robinson 2,2009-07-01,543523,-0.15551037567631198
H.B. Robinson 2,2009-08-01,542487,-0.16256618890977448
H.B. Robinson 2,2009-09-01,530671,-0.16564309469655636
H.B. Robinson 2,2009-10-01,552952,0.28880150351116785
H.B. Robinson 2,2009-11-01,503638,0.35325849946256876
H.B. Robinson 2,2009-12-01,565446,0.19450270170966236
Hope Creek 1,2007-01-01,671526,-0.23719748987880585
Hope Creek 1,2007-02-01,721771,-0.25738968410456203
Hope Creek 1,2007-03-01,813052,-0.24873588657923795
Hope Creek 1,2007-04-01,783583,0.6350763487342582
Hope Creek 1,2007-05-01,730587,0.6404017625959961
Hope Creek 1,2007-06-01,737500,0.6205688407647958
Hope Creek 1,2007-07-01,778000,0.48002036409433474
Hope Creek 1,2007-08-01,773888,0.48002036409433474
Hope Creek 1,2007-09-01,729209,0.47507533693700665
Hope Creek 1,2007-10-01,257055,-0.09170189791681499
Hope Creek 1,2007-11-01,308886,-0.05282359269407521
Hope Creek 1,2007-12-01,799486,-0.06862510451595082
Hope Creek 1,2008-01-01,757807,-0.007705560166718739
Hope Creek 1,2008-02-01,743262,-0.0011121906236146934
Hope Creek 1,2008-03-01,800446,0.00548117891948936
Hope Creek 1,2008-04-01,770955,0.11198660209557747
Hope Creek 1,2008-05-01,799700,0.09948177504525386
Hope Creek 1,2008-06-01,832578,0.10868991732402543
Hope Creek 1,2008-07-01,862659,0.06287882891795478
Hope Creek 1,2008-08-01,871601,0.06481168961773778
Hope Creek 1,2008-09-01,860030,0.08788848301860196
Hope Creek 1,2008-10-01,902398,0.06020172364546622
Hope Creek 1,2008-11-01,869708,0.07958443855290084
Hope Creek 1,2008-12-01,921243,0.07532132343145731
Hope Creek 1,2009-01-01,855022,-0.1854389965386121
Hope Creek 1,2009-02-01,825367,-0.16565888790929995
Hope Creek 1,2009-03-01,911077,-0.15025476980930189
Hope Creek 1,2009-04-01,263684,-0.16024259079079134
Hope Creek 1,2009-05-01,679837,-0.15956067875490682
Hope Creek 1,2009-06-01,862526,-0.1694507330695629
Hope Creek 1,2009-07-01,885863,-0.15891994805233742
Hope Creek 1,2009-08-01,878842,-0.14408486658035333
Hope Creek 1,2009-09-01,853536,-0.1466996393160208
Hope Creek 1,2009-10-01,891235,-0.2738842201436215
Hope Creek 1,2009-11-01,879025,-0.24529336295741536
Hope Creek 1,2009-12-01,914282,-0.24034833580008733
James Fitzpatrick,2007-01-01,639284,0.02890896491591516
James Fitzpatrick,2007-02-01,542849,0.02890896491591516
James Fitzpatrick,2007-03-01,637738,0.020667252987035107
James Fitzpatrick,2007-04-01,617189,0.005883231017665573
James Fitzpatrick,2007-05-01,584379,0.004234888631889558
James Fitzpatrick,2007-06-01,615692,0.030608366804305755
James Fitzpatrick,2007-07-01,630361,0.03342797383290298
James Fitzpatrick,2007-08-01,561609,0.027274162259339204
James Fitzpatrick,2007-09-01,542769,0.053427861446985254
James Fitzpatrick,2007-10-01,477499,0.0062838270682411
James Fitzpatrick,2007-11-01,430705,-0.04602357130705103
James Fitzpatrick,2007-12-01,638276,-0.010639154759059287
James Fitzpatrick,2008-01-01,611178,0.023950690609152284
James Fitzpatrick,2008-02-01,596709,0.023950690609152284
James Fitzpatrick,2008-03-01,635678,0.019335331928979446
James Fitzpatrick,2008-04-01,523100,-0.09525070534819233
James Fitzpatrick,2008-05-01,599707,-0.076789270627501
James Fitzpatrick,2008-06-01,604352,-0.07986617641428288
James Fitzpatrick,2008-07-01,584963,0.03424813093692817
James Fitzpatrick,2008-08-01,606886,0.03578658383031912
James Fitzpatrick,2008-09-01,250801,0.03578658383031912
James Fitzpatrick,2008-10-01,422111,0.1718566334157067
James Fitzpatrick,2008-11-01,618103,0.1749335392024886
James Fitzpatrick,2008-12-01,637317,0.17031818052231576
James Fitzpatrick,2009-01-01,623093,0.055480620316639084
James Fitzpatrick,2009-02-01,571825,0.057019073210030025
James Fitzpatrick,2009-03-01,636975,0.057019073210030025
James Fitzpatrick,2009-04-01,591987,-0.1544173711937743
James Fitzpatrick,2009-05-01,635258,-0.1544173711937743
James Fitzpatrick,2009-06-01,612763,-0.1544173711937743
James Fitzpatrick,2009-07-01,628418,-0.11648754398519165
James Fitzpatrick,2009-08-01,621154,-0.11648754398519165
James Fitzpatrick,2009-09-01,604523,-0.11648754398519165
James Fitzpatrick,2009-10-01,634498,-0.01645877421392512
James Fitzpatrick,2009-11-01,616268,-0.01645877421392512
James Fitzpatrick,2009-12-01,621312,-0.01645877421392512
Joseph M. Farley 1,2007-01-01,642173,0.2254452659787249
Joseph M. Farley 1,2007-02-01,581498,0.22390681308533397
Joseph M. Farley 1,2007-03-01,640724,0.2254452659787249
Joseph M. Farley 1,2007-04-01,607833,0.15758079296600216
Joseph M. Farley 1,2007-05-01,640224,0.1474846958531241
Joseph M. Farley 1,2007-06-01,618194,0.1524082676471851
Joseph M. Farley 1,2007-07-01,636332,-0.06357880684804676
Joseph M. Farley 1,2007-08-01,629418,-0.07511720354847884
Joseph M. Farley 1,2007-09-01,572004,-0.06790570561070879
Joseph M. Farley 1,2007-10-01,-4992,-0.3155835061220426
Joseph M. Farley 1,2007-11-01,319559,-0.3025989309855723
Joseph M. Farley 1,2007-12-01,642814,-0.29106053428514017
Joseph M. Farley 1,2008-01-01,642641,-0.7338256521161375
Joseph M. Farley 1,2008-02-01,601157,-0.7338256521161375
Joseph M. Farley 1,2008-03-01,642641,-0.7272108272097664
Joseph M. Farley 1,2008-04-01,621428,-0.6657549284679712
Joseph M. Farley 1,2008-05-01,638016,-0.6686395276430792
Joseph M. Farley 1,2008-06-01,616414,-1.2781355801470267
Joseph M. Farley 1,2008-07-01,444537,-0.9297198575329432
Joseph M. Farley 1,2008-08-01,590665,-0.6441445391972491
Joseph M. Farley 1,2008-09-01,616115,-0.6542406363101272
Joseph M. Farley 1,2008-10-01,639192,-0.6312721817128565
Joseph M. Farley 1,2008-11-01,582741,-0.6298298821253026
Joseph M. Farley 1,2008-12-01,643442,-0.6312721817128565
Joseph M. Farley 1,2009-01-01,643275,-0.35854825791285455
Joseph M. Farley 1,2009-02-01,581505,-0.3616818106127187
Joseph M. Farley 1,2009-03-01,634209,-0.36889330855048874
Joseph M. Farley 1,2009-04-01,18073,-0.31829179692702764
Joseph M. Farley 1,2009-05-01,454734,-0.49569464619617093
Joseph M. Farley 1,2009-06-01,603266,-0.32634892142095273
Joseph M. Farley 1,2009-07-01,633389,-0.10139622618610379
Joseph M. Farley 1,2009-08-01,632870,-0.10139622618610379
Joseph M. Farley 1,2009-09-01,613575,-0.1042808253612118
Joseph M. Farley 1,2009-10-01,635777,-0.2316837253259075
Joseph M. Farley 1,2009-11-01,618168,-0.23312602491346152
Joseph M. Farley 1,2009-12-01,642283,-0.23601062408856952
Joseph M. Farley 2,2007-01-01,651934,-0.14118810651762406
Joseph M. Farley 2,2007-01-01,651934,NA
Joseph M. Farley 2,2007-02-01,587814,-0.14118810651762406
Joseph M. Farley 2,2007-03-01,646099,-0.1534957296647516
Joseph M. Farley 2,2007-04-01,146398,-0.13617445855735655
Joseph M. Farley 2,2007-05-01,151999,-0.13617445855735655
Joseph M. Farley 2,2007-06-01,625144,-0.14694362881109316
Joseph M. Farley 2,2007-07-01,644006,-0.18231120000214712
Joseph M. Farley 2,2007-08-01,634059,-0.18538810578892903
Joseph M. Farley 2,2007-09-01,623086,-0.1838496528955381
Joseph M. Farley 2,2007-10-01,582325,-0.2632820466403133
Joseph M. Farley 2,2007-11-01,629395,-0.26482049953370423
Joseph M. Farley 2,2007-12-01,649827,-0.2771281226808318
Joseph M. Farley 2,2008-01-01,648193,-0.3910587707907513
Joseph M. Farley 2,2008-02-01,608048,-0.4033663939378789
Joseph M. Farley 2,2008-03-01,648193,-0.3910587707907513
Joseph M. Farley 2,2008-04-01,600555,-0.33287712879602527
Joseph M. Farley 2,2008-05-01,645890,-0.33287712879602527
Joseph M. Farley 2,2008-06-01,621764,-0.33287712879602527
Joseph M. Farley 2,2008-07-01,640011,-0.401223716111925
Joseph M. Farley 2,2008-08-01,640111,-0.41353133925905255
Joseph M. Farley 2,2008-09-01,621355,-0.401223716111925
Joseph M. Farley 2,2008-10-01,346724,-0.3518515317931299
Joseph M. Farley 2,2008-11-01,120658,-0.33646700285922043
Joseph M. Farley 2,2008-12-01,652734,-0.35429198634641956
Joseph M. Farley 2,2009-01-01,654044,-0.04183640518319932
Joseph M. Farley 2,2009-02-01,590829,-0.04029795228980837
Joseph M. Farley 2,2009-03-01,446949,-0.04183640518319932
Joseph M. Farley 2,2009-04-01,590329,0.044104954909263853
Joseph M. Farley 2,2009-05-01,642694,0.04256650201587291
Joseph M. Farley 2,2009-06-01,607260,0.04102804912248197
Joseph M. Farley 2,2009-07-01,640647,0.09486430243561073
Joseph M. Farley 2,2009-08-01,640382,0.09640275532900168
Joseph M. Farley 2,2009-09-01,617013,0.1040950197959564
Joseph M. Farley 2,2009-10-01,643991,-0.08267806554205742
Joseph M. Farley 2,2009-11-01,541156,-0.10421640604953064
Joseph M. Farley 2,2009-12-01,647159,-0.08267806554205742
LaSalle County 1,2007-01-01,849445,-0.17001925742690474
LaSalle County 1,2007-02-01,766352,-0.18386533346742323
LaSalle County 1,2007-03-01,852222,-0.20784412852818618
LaSalle County 1,2007-04-01,823731,-0.2745198912561669
LaSalle County 1,2007-05-01,835518,-0.28157570448962943
LaSalle County 1,2007-06-01,770036,-0.30093914087021945
LaSalle County 1,2007-07-01,829252,-0.3180489029652046
LaSalle County 1,2007-08-01,824775,-0.36112558398015104
LaSalle County 1,2007-09-01,803796,-0.21343410621462042
LaSalle County 1,2007-10-01,837486,-0.15234178716710578
LaSalle County 1,2007-11-01,754294,-0.15849559874066957
LaSalle County 1,2007-12-01,717720,-0.1391321623600795
LaSalle County 1,2008-01-01,623340,-0.12083321842528184
LaSalle County 1,2008-02-01,58609,-0.12083321842528184
LaSalle County 1,2008-03-01,803833,-0.1744135192675584
LaSalle County 1,2008-04-01,829546,-0.21394506224893994
LaSalle County 1,2008-05-01,851860,-0.22009887382250373
LaSalle County 1,2008-06-01,817084,-0.34317510529377926
LaSalle County 1,2008-07-01,835054,-0.0749065464091084
LaSalle County 1,2008-08-01,836059,-0.08721416955623598
LaSalle County 1,2008-09-01,756485,-0.06259892326198087
LaSalle County 1,2008-10-01,781824,-0.13606744802215698
LaSalle County 1,2008-11-01,832845,-0.09914457858077429
LaSalle County 1,2008-12-01,857363,-0.08683695543364672
LaSalle County 1,2009-01-01,860168,-0.08915957690138776
LaSalle County 1,2009-02-01,776657,-0.09531338847495155
LaSalle County 1,2009-03-01,851531,-0.08915957690138776
LaSalle County 1,2009-04-01,828785,-0.15641679306336825
LaSalle County 1,2009-05-01,715344,-0.1687244162104958
LaSalle County 1,2009-06-01,794313,-0.29811465930106246
LaSalle County 1,2009-07-01,705254,-0.4053177191146261
LaSalle County 1,2009-08-01,834889,-0.1767246892328676
LaSalle County 1,2009-09-01,803418,-0.1899343140398939
LaSalle County 1,2009-10-01,853394,-0.1760954428909375
LaSalle County 1,2009-11-01,820363,-0.1893050676979638
LaSalle County 1,2009-12-01,856596,-0.1831512561244
Limerick 1,2007-01-01,864781,-0.2248386627638657
Limerick 1,2007-02-01,786803,-0.23903976639516672
Limerick 1,2007-03-01,861010,-0.2674419736577688
Limerick 1,2007-04-01,831555,-0.19179512853235745
Limerick 1,2007-05-01,837143,-0.19179512853235745
Limerick 1,2007-06-01,814110,-0.1349907140071533
Limerick 1,2007-07-01,837415,-0.1587571106773396
Limerick 1,2007-08-01,800678,-0.16535048022044366
Limerick 1,2007-09-01,813819,-0.16535048022044366
Limerick 1,2007-10-01,847539,-0.19308121796010602
Limerick 1,2007-11-01,836411,-0.25242154384804244
Limerick 1,2007-12-01,863101,-0.21945469613252222
Limerick 1,2008-01-01,841958,-0.3559035521288293
Limerick 1,2008-02-01,726754,-0.3954637693874536
Limerick 1,2008-03-01,201221,-0.19766268309433216
Limerick 1,2008-04-01,829554,-0.1200134636198749
Limerick 1,2008-05-01,883691,-0.10353003976211479
Limerick 1,2008-06-01,811086,-0.09693667021901076
Limerick 1,2008-07-01,834924,-0.1029571412361999
Limerick 1,2008-08-01,840925,-0.1029571412361999
Limerick 1,2008-09-01,813597,-0.1029571412361999
Limerick 1,2008-10-01,857535,-0.1858905711237903
Limerick 1,2008-11-01,837081,-0.17929720158068627
Limerick 1,2008-12-01,867168,-0.1858905711237903
Limerick 1,2009-01-01,869939,-0.11411842079150505
Limerick 1,2009-02-01,784062,-0.10752505124840102
Limerick 1,2009-03-01,860034,-0.10752505124840102
Limerick 1,2009-04-01,827350,-0.11628700926328787
Limerick 1,2009-05-01,844311,-0.10969363972018384
Limerick 1,2009-06-01,814769,-0.11628700926328787
Limerick 1,2009-07-01,838238,-0.11633620847552495
Limerick 1,2009-08-01,831110,-0.11633620847552495
Limerick 1,2009-09-01,797038,-0.1097428389324209
Limerick 1,2009-10-01,854827,-0.13542261473943204
Limerick 1,2009-11-01,831797,-0.13542261473943204
Limerick 1,2009-12-01,865968,-0.13542261473943204
Limerick 2,2007-01-01,865716,-0.3408861939638285
Limerick 2,2007-02-01,770149,-0.3540729330500366
Limerick 2,2007-03-01,235423,-0.3540729330500366
Limerick 2,2007-04-01,484720,-0.980591367579725
Limerick 2,2007-05-01,846942,-0.7775155856521203
Limerick 2,2007-06-01,813904,-0.7775155856521203
Limerick 2,2007-07-01,838335,-0.8303723718248294
Limerick 2,2007-08-01,833712,-0.83344927761161125
Limerick 2,2007-09-01,812155,-0.8466589024186375
Limerick 2,2007-10-01,849731,-0.6967217551465148
Limerick 2,2007-11-01,838390,-0.6967217551465148
Limerick 2,2007-12-01,869992,-0.7028755667200787
Limerick 2,2008-01-01,868024,-0.8189510501265256
Limerick 2,2008-02-01,462199,-1.0281806436276941
Limerick 2,2008-03-01,864062,-0.8127972385529618
Limerick 2,2008-04-01,819990,-0.43760023498969264
Limerick 2,2008-05-01,861084,-0.43760023498969264
Limerick 2,2008-06-01,808647,-0.43760023498969264
Limerick 2,2008-07-01,833060,-0.37745063881194496
Limerick 2,2008-08-01,840862,-0.4297580371872371
Limerick 2,2008-09-01,795587,-0.37745063881194496
Limerick 2,2008-10-01,845440,-0.5061224287364482
Limerick 2,2008-11-01,836249,-0.4768918237620202
Limerick 2,2008-12-01,866564,-0.48919944690914774
Limerick 2,2009-01-01,861778,-0.4720676104263999
Limerick 2,2009-02-01,747877,-0.4720676104263999
Limerick 2,2009-03-01,536456,-0.4720676104263999
Limerick 2,2009-04-01,454785,-0.471130546970794
Limerick 2,2009-05-01,848201,-0.471130546970794
Limerick 2,2009-06-01,816110,-0.4649767353972302
Limerick 2,2009-07-01,839813,-0.5207313490263339
Limerick 2,2009-08-01,835008,-0.5268851605998977
Limerick 2,2009-09-01,810298,-0.5339409738333601
Limerick 2,2009-10-01,856492,-0.34266531341144696
Limerick 2,2009-11-01,835092,-0.3488191249850108
Limerick 2,2009-12-01,869493,-0.34266531341144696
McGuire 1,2007-01-01,860514,0.10867509989597807
McGuire 1,2007-02-01,775797,0.11175200568275996
McGuire 1,2007-03-01,249488,0.11880781891622247
McGuire 1,2007-04-01,-4161,0.034502789409318224
McGuire 1,2007-05-01,14180,0.04374090166656041
McGuire 1,2007-06-01,763272,0.04066399587977852
McGuire 1,2007-07-01,831194,0.3333531413587554
McGuire 1,2007-08-01,830319,0.3333531413587554
McGuire 1,2007-09-01,802800,0.3302762355719735
McGuire 1,2007-10-01,840504,0.20778097018433
McGuire 1,2007-11-01,828415,0.20778097018433
McGuire 1,2007-12-01,859595,0.20931942307772095
McGuire 1,2008-01-01,857923,0.28968064883149863
McGuire 1,2008-02-01,805167,0.21523944611442145
McGuire 1,2008-03-01,856305,0.28968064883149863
McGuire 1,2008-04-01,826387,0.3810346502760284
McGuire 1,2008-05-01,849045,0.38257310316941934
McGuire 1,2008-06-01,700289,0.37180393291568276
McGuire 1,2008-07-01,823347,0.3671921965394877
McGuire 1,2008-08-01,827576,0.3671921965394877
McGuire 1,2008-09-01,507017,0.3625768378593149
McGuire 1,2008-10-01,-7673,0.23944818083924818
McGuire 1,2008-11-01,449236,0.23483282215907533
McGuire 1,2008-12-01,862111,0.2379097279458572
McGuire 1,2009-01-01,862450,0.33753633526975035
McGuire 1,2009-02-01,776066,0.3320189749296788
McGuire 1,2009-03-01,859540,0.3390747881631413
McGuire 1,2009-04-01,832272,0.38251500820912476
McGuire 1,2009-05-01,852705,0.3840534611025157
McGuire 1,2009-06-01,816675,0.38559191399590664
McGuire 1,2009-07-01,834861,0.4026035848448054
McGuire 1,2009-08-01,828801,0.40106513195141447
McGuire 1,2009-09-01,806015,0.3995266790580235
McGuire 1,2009-10-01,846623,0.5269114584726354
McGuire 1,2009-11-01,826107,0.5339672717060979
McGuire 1,2009-12-01,856963,0.5299883642594173
McGuire 2,2007-01-01,864858,0.1708644988510447
McGuire 2,2007-02-01,781056,0.16932604595765377
McGuire 2,2007-03-01,805300,0.1708644988510447
McGuire 2,2007-04-01,834583,0.1772804666528946
McGuire 2,2007-05-01,854921,0.17881891954628554
McGuire 2,2007-06-01,820482,0.1772804666528946
McGuire 2,2007-07-01,836968,0.4335502469090385
McGuire 2,2007-08-01,829919,0.426494433675576
McGuire 2,2007-09-01,806068,0.43201179401564754
McGuire 2,2007-10-01,843179,0.3355829842148164
McGuire 2,2007-11-01,829082,0.34263879744827896
McGuire 2,2007-12-01,861159,0.3441772503416699
McGuire 2,2008-01-01,862860,0.22449328220322665
McGuire 2,2008-02-01,807867,0.21833947062966286
McGuire 2,2008-03-01,27,0.23924135990364387
McGuire 2,2008-04-01,325923,0.4301069909340448
McGuire 2,2008-05-01,858777,0.4331838967208267
McGuire 2,2008-06-01,820731,0.44023970995428924
McGuire 2,2008-07-01,838765,0.4525540537159556
McGuire 2,2008-08-01,834978,0.4525540537159556
McGuire 2,2008-09-01,814072,0.4494771479291737
McGuire 2,2008-10-01,852934,0.4054690505187671
McGuire 2,2008-11-01,832377,0.4054690505187671
McGuire 2,2008-12-01,863958,0.4054690505187671
McGuire 2,2009-01-01,864612,0.4986753460715812
McGuire 2,2009-02-01,780625,0.4986753460715812
McGuire 2,2009-03-01,862756,0.4955984402847993
McGuire 2,2009-04-01,833523,0.452129196294338
McGuire 2,2009-05-01,856381,0.44507338306087546
McGuire 2,2009-06-01,822348,0.44507338306087546
McGuire 2,2009-07-01,840845,0.46784535780951586
McGuire 2,2009-08-01,814635,0.47490117104297835
McGuire 2,2009-09-01,96360,0.4764396239363693
McGuire 2,2009-10-01,545014,0.5378819366139973
McGuire 2,2009-11-01,834863,0.5449377498474598
McGuire 2,2009-12-01,863703,0.5332665779338245
Millstone 2,2007-01-01,655199,0.7655834318590928
Millstone 2,2007-02-01,592070,0.7701987905392657
Millstone 2,2007-03-01,654393,0.7671218847524838
Millstone 2,2007-04-01,633828,0.5805604839831352
Millstone 2,2007-05-01,651981,0.5805604839831352
Millstone 2,2007-06-01,631264,0.5805604839831352
Millstone 2,2007-07-01,651264,0.5605413453535775
Millstone 2,2007-08-01,650432,0.5743874213940959
Millstone 2,2007-09-01,631128,0.5697720627139231
Millstone 2,2007-10-01,652059,0.5419416390250722
Millstone 2,2007-11-01,633419,0.5434800919184631
Millstone 2,2007-12-01,649723,0.5379627315783916
Millstone 2,2008-01-01,653697,0.46714101033001987
Millstone 2,2008-02-01,610441,0.46714101033001987
Millstone 2,2008-03-01,651695,0.41159650612221854
Millstone 2,2008-04-01,101255,0.004563720846838524
Millstone 2,2008-05-01,182207,0.019206448166576563
Millstone 2,2008-06-01,578049,0.016765993613286886
Millstone 2,2008-07-01,627809,-0.04385570660651614
Millstone 2,2008-08-01,648817,-0.04847106528668897
Millstone 2,2008-09-01,626666,-0.045394159499907084
Millstone 2,2008-10-01,646257,0.005966037854534198
Millstone 2,2008-11-01,629599,0.0028891320677523103
Millstone 2,2008-12-01,646674,0.005966037854534198
Millstone 2,2009-01-01,648504,0.13400484435828675
Millstone 2,2009-02-01,585712,0.13092793857150486
Millstone 2,2009-03-01,647603,0.1324663914648958
Millstone 2,2009-04-01,627318,0.6048794748046712
Millstone 2,2009-05-01,647847,0.5971872103377164
Millstone 2,2009-06-01,625676,0.6048794748046712
Millstone 2,2009-07-01,175273,0.584610773953423
Millstone 2,2009-08-01,643450,0.583072321060032
Millstone 2,2009-09-01,623572,0.584610773953423
Millstone 2,2009-10-01,117892,0.14165638781496612
Millstone 2,2009-11-01,243568,0.06961465225199824
Millstone 2,2009-12-01,652748,0.1649987316422368
Millstone 3,2007-01-01,758044,0.402187769960843
Millstone 3,2007-02-01,773166,0.402187769960843
Millstone 3,2007-03-01,855994,0.402187769960843
Millstone 3,2007-04-01,156302,0.211372446506006
Millstone 3,2007-05-01,307057,0.211372446506006
Millstone 3,2007-06-01,823284,0.211372446506006
Millstone 3,2007-07-01,847548,0.20892972409039673
Millstone 3,2007-08-01,842680,0.20892972409039673
Millstone 3,2007-09-01,815395,0.20892972409039673
Millstone 3,2007-10-01,845252,0.3598847687524
Millstone 3,2007-11-01,822972,0.3598847687524
Millstone 3,2007-12-01,851688,0.3598847687524
Millstone 3,2008-01-01,853158,0.3693656391178321
Millstone 3,2008-02-01,797477,0.3693656391178321
Millstone 3,2008-03-01,851971,0.3693656391178321
Millstone 3,2008-04-01,822276,0.48363376467285835
Millstone 3,2008-05-01,849887,0.48363376467285835
Millstone 3,2008-06-01,816024,0.48363376467285835
Millstone 3,2008-07-01,835548,0.4152768797147376
Millstone 3,2008-08-01,835368,0.4152768797147376
Millstone 3,2008-09-01,813699,0.4152768797147376
Millstone 3,2008-10-01,294541,0.2694890179203231
Millstone 3,2008-11-01,141759,0.2694890179203231
Millstone 3,2008-12-01,918072,0.2694890179203231
Millstone 3,2009-01-01,919998,0.49439716147445134
Millstone 3,2009-02-01,831064,0.49439716147445134
Millstone 3,2009-03-01,912954,0.49439716147445134
Millstone 3,2009-04-01,891192,0.48070963978766185
Millstone 3,2009-05-01,918953,0.48070963978766185
Millstone 3,2009-06-01,887281,0.48070963978766185
Millstone 3,2009-07-01,911656,0.41500460018137586
Millstone 3,2009-08-01,903494,0.41500460018137586
Millstone 3,2009-09-01,878584,0.4079487869479133
Millstone 3,2009-10-01,916324,0.24532061808798164
Millstone 3,2009-11-01,887294,0.24685907098137258
Millstone 3,2009-12-01,559425,0.24532061808798164
Monticello,2007-01-01,232813,-0.28971917531917857
Monticello,2007-02-01,391535,-0.30290591440538667
Monticello,2007-03-01,173046,-0.282159375426183
Monticello,2007-04-01,6240,-0.32129215056856847
Monticello,2007-05-01,420460,-0.4848653005055046
Monticello,2007-06-01,414784,-0.462185900826518
Monticello,2007-07-01,424641,-0.35150662707705904
Monticello,2007-08-01,425406,-0.35809999662016306
Monticello,2007-09-01,420682,-0.35150662707705904
Monticello,2007-10-01,439692,-0.41944971822944666
Monticello,2007-11-01,407935,-0.41944971822944666
Monticello,2007-12-01,435035,-0.4260430877725507
Monticello,2008-01-01,440240,-0.14990514767943006
Monticello,2008-02-01,411395,-0.14893871732953856
Monticello,2008-03-01,439697,-0.1564985172225341
Monticello,2008-04-01,425502,-0.2064791912004657
Monticello,2008-05-01,436396,-0.21966593028667383
Monticello,2008-06-01,415071,-0.19988582165736166
Monticello,2008-07-01,422351,-0.5848658853951517
Monticello,2008-08-01,421789,-0.5914592549382557
Monticello,2008-09-01,170136,-0.5848658853951517
Monticello,2008-10-01,436652,-0.5161907135568058
Monticello,2008-11-01,423091,-0.47888833347718496
Monticello,2008-12-01,435696,-0.47888833347718496
Monticello,2009-01-01,400966,-0.6229975304003518
Monticello,2009-02-01,390162,-0.6164041608572477
Monticello,2009-03-01,168280,-0.6088443609642521
Monticello,2009-04-01,-2230,-0.6636021733720958
Monticello,2009-05-01,247583,-0.629457214850021
Monticello,2009-06-01,413210,-0.6690174321086454
Monticello,2009-07-01,421814,-0.09613520056807934
Monticello,2009-08-01,420893,-0.10176213976129189
Monticello,2009-09-01,410568,-0.10932193965428744
Monticello,2009-10-01,420808,-0.1181928728867428
Monticello,2009-11-01,418648,-0.1181928728867428
Monticello,2009-12-01,431762,-0.1323460423228424
Nine Mile Point 1,2007-01-01,466148,-0.19631273933110574
Nine Mile Point 1,2007-02-01,392886,-0.19631273933110574
Nine Mile Point 1,2007-03-01,203054,-0.21051384296240674
Nine Mile Point 1,2007-04-01,213719,-0.20990527986853943
Nine Mile Point 1,2007-05-01,376484,-0.20990527986853943
Nine Mile Point 1,2007-06-01,444934,-0.18505334851376268
Nine Mile Point 1,2007-07-01,448195,-0.28587545465082637
Nine Mile Point 1,2007-08-01,444866,-0.2894257305586516
Nine Mile Point 1,2007-09-01,404436,-0.3107273860056031
Nine Mile Point 1,2007-10-01,454953,-0.41313718567388774
Nine Mile Point 1,2007-11-01,444919,-0.416687461581713
Nine Mile Point 1,2007-12-01,468287,-0.430888565213014
Nine Mile Point 1,2008-01-01,468389,-0.3969061658735263
Nine Mile Point 1,2008-02-01,435164,-0.3969061658735263
Nine Mile Point 1,2008-03-01,467168,-0.3969061658735263
Nine Mile Point 1,2008-04-01,451342,-0.32432532570709777
Nine Mile Point 1,2008-05-01,456259,-0.32787560161492296
Nine Mile Point 1,2008-06-01,433743,-0.32787560161492296
Nine Mile Point 1,2008-07-01,446308,-0.34306454807329295
Nine Mile Point 1,2008-08-01,445719,-0.21525461539158372
Nine Mile Point 1,2008-09-01,435846,-0.2117043394837585
Nine Mile Point 1,2008-10-01,393461,-0.5543755960540503
Nine Mile Point 1,2008-11-01,448132,-0.5437247683305745
Nine Mile Point 1,2008-12-01,465168,-0.5472750442383998
Nine Mile Point 1,2009-01-01,464916,-0.5742071116444208
Nine Mile Point 1,2009-02-01,413884,-0.49610104167226515
Nine Mile Point 1,2009-03-01,281279,-0.46947397236357574
Nine Mile Point 1,2009-04-01,260886,-0.6231492208526701
Nine Mile Point 1,2009-05-01,465194,-0.5414928749726892
Nine Mile Point 1,2009-06-01,448657,-0.5485934267883397
Nine Mile Point 1,2009-07-01,452757,-0.5666635480720456
Nine Mile Point 1,2009-08-01,445497,-0.5027585817311909
Nine Mile Point 1,2009-09-01,439596,-0.5258353751320551
Nine Mile Point 1,2009-10-01,406748,-0.2587324507878041
Nine Mile Point 1,2009-11-01,448711,-0.2622827266956293
Nine Mile Point 1,2009-12-01,464454,-0.264057864649542
Nine Mile Point 2,2007-01-01,851271,0.016789720329127452
Nine Mile Point 2,2007-02-01,760791,0.016789720329127452
Nine Mile Point 2,2007-03-01,623184,0.016789720329127452
Nine Mile Point 2,2007-04-01,819140,0.005585651234778758
Nine Mile Point 2,2007-05-01,842290,0.005585651234778758
Nine Mile Point 2,2007-06-01,801492,0.005585651234778758
Nine Mile Point 2,2007-07-01,828544,0.03405311777325744
Nine Mile Point 2,2007-08-01,799652,0.02699730453979493
Nine Mile Point 2,2007-09-01,804231,0.02699730453979493
Nine Mile Point 2,2007-10-01,836775,-0.1316034696776858
Nine Mile Point 2,2007-11-01,402930,-0.1245476564442233
Nine Mile Point 2,2007-12-01,830843,-0.1245476564442233
Nine Mile Point 2,2008-01-01,848180,-0.07694489552125691
Nine Mile Point 2,2008-02-01,790535,-0.07694489552125691
Nine Mile Point 2,2008-03-01,570544,-0.07694489552125691
Nine Mile Point 2,2008-04-01,336485,-0.1270866852193722
Nine Mile Point 2,2008-05-01,841545,-0.1270866852193722
Nine Mile Point 2,2008-06-01,803897,-0.1270866852193722
Nine Mile Point 2,2008-07-01,822133,-0.09063030545623993
Nine Mile Point 2,2008-08-01,833636,-0.09063030545623993
Nine Mile Point 2,2008-09-01,807523,-0.13551098979098383
Nine Mile Point 2,2008-10-01,839450,-0.20305559721768496
Nine Mile Point 2,2008-11-01,702495,-0.20305559721768496
Nine Mile Point 2,2008-12-01,844601,-0.17228653934986607
Nine Mile Point 2,2009-01-01,851757,-0.10132833005643238
Nine Mile Point 2,2009-02-01,755621,-0.09273406392957893
Nine Mile Point 2,2009-03-01,848209,-0.09427251682296987
Nine Mile Point 2,2009-04-01,822860,-0.036512466521139854
Nine Mile Point 2,2009-05-01,844152,-0.04266627809470364
Nine Mile Point 2,2009-06-01,806565,-0.04266627809470364
Nine Mile Point 2,2009-07-01,833458,-0.01789756852823675
Nine Mile Point 2,2009-08-01,832245,-0.022512927208409576
Nine Mile Point 2,2009-09-01,810057,-0.01789756852823675
Nine Mile Point 2,2009-10-01,846996,0.0285253494676408
Nine Mile Point 2,2009-11-01,819439,0.030063802361031747
Nine Mile Point 2,2009-12-01,850558,0.026986896574249866
North Anna 1,2007-01-01,662445,0.18521382091577643
North Anna 1,2007-02-01,625296,0.18851050568732844
North Anna 1,2007-03-01,689973,0.19015884807310446
North Anna 1,2007-04-01,667274,0.11043857402789915
North Anna 1,2007-05-01,688046,0.11373525879945118
North Anna 1,2007-06-01,664719,0.11868028595677922
North Anna 1,2007-07-01,685060,0.09877844978176789
North Anna 1,2007-08-01,683482,0.09723999688837695
North Anna 1,2007-09-01,168866,0.10737271590862135
North Anna 1,2007-10-01,339491,0.11617446059133994
North Anna 1,2007-11-01,659873,0.11925136637812184
North Anna 1,2007-12-01,680613,0.12078981927151279
North Anna 1,2008-01-01,681457,0.2115055101258783
North Anna 1,2008-02-01,636729,0.20535169855231453
North Anna 1,2008-03-01,680832,0.21304396301926923
North Anna 1,2008-04-01,659998,0.26894706795968454
North Anna 1,2008-05-01,680321,0.2704855208530755
North Anna 1,2008-06-01,653717,0.263429707619613
North Anna 1,2008-07-01,672655,0.20554785840565976
North Anna 1,2008-08-01,674130,0.2070863112990507
North Anna 1,2008-09-01,654123,0.20554785840565976
North Anna 1,2008-10-01,672744,0.3322799588494498
North Anna 1,2008-11-01,639410,0.33535686463623166
North Anna 1,2008-12-01,680713,0.33535686463623166
North Anna 1,2009-01-01,681901,0.2916282293725164
North Anna 1,2009-02-01,616048,0.2823975120121707
North Anna 1,2009-03-01,152142,0.2854744177989526
North Anna 1,2009-04-01,616351,0.15947327623999524
North Anna 1,2009-05-01,682837,0.16255018202677712
North Anna 1,2009-06-01,656542,0.16255018202677712
North Anna 1,2009-07-01,675142,0.1499538073829476
North Anna 1,2009-08-01,673279,0.15149226027633855
North Anna 1,2009-09-01,656170,0.15149226027633855
North Anna 1,2009-10-01,548106,0.034991798428198634
North Anna 1,2009-11-01,662230,0.042684062895153356
North Anna 1,2009-12-01,681751,0.06729930918940846
North Anna 2,2007-01-01,679389,0.05340706251444178
North Anna 2,2007-02-01,600181,0.05340706251444178
North Anna 2,2007-03-01,363568,0.06659380160064987
North Anna 2,2007-04-01,120518,-0.4055505265587393
North Anna 2,2007-05-01,677909,-0.3840121860512661
North Anna 2,2007-06-01,626001,-0.3840121860512661
North Anna 2,2007-07-01,494487,-0.4927651372126944
North Anna 2,2007-08-01,672482,-0.4927651372126944
North Anna 2,2007-09-01,654880,-0.49122668431930344
North Anna 2,2007-10-01,677782,-0.5528714417525258
North Anna 2,2007-11-01,659145,-0.551332988859135
North Anna 2,2007-12-01,545447,-0.551332988859135
North Anna 2,2008-01-01,635709,-0.4627173069662417
North Anna 2,2008-02-01,467203,-0.4657942127530236
North Anna 2,2008-03-01,678272,-0.474388478879877
North Anna 2,2008-04-01,656689,0.08066181734870298
North Anna 2,2008-05-01,677571,0.07912336445531204
North Anna 2,2008-06-01,650413,0.07206755122184953
North Anna 2,2008-07-01,669956,0.08070167852324688
North Anna 2,2008-08-01,671566,0.07916322562985594
North Anna 2,2008-09-01,280661,0.08070167852324688
North Anna 2,2008-10-01,0,0.21026567097578658
North Anna 2,2008-11-01,376056,0.22009388094239177
North Anna 2,2008-12-01,682500,0.2075207073688577
North Anna 2,2009-01-01,680897,0.1586363873021108
North Anna 2,2009-02-01,615159,0.1727480137690358
North Anna 2,2009-03-01,680946,0.16967110798225393
North Anna 2,2009-04-01,658423,0.05388875867969344
North Anna 2,2009-05-01,664331,0.04529449255283999
North Anna 2,2009-06-01,654001,0.046832945446230935
North Anna 2,2009-07-01,673775,0.04291311807593566
North Anna 2,2009-08-01,672309,0.04137466518254471
North Anna 2,2009-09-01,653968,0.04291311807593566
North Anna 2,2009-10-01,678778,-0.013411455715879666
North Anna 2,2009-11-01,659110,-0.00879609703570683
North Anna 2,2009-12-01,608414,-0.08794849549718536
Oconee 1,2007-01-01,645103,-0.02721711488356331
Oconee 1,2007-02-01,398701,-0.030101714058671337
Oconee 1,2007-03-01,645201,-0.03094734061482639
Oconee 1,2007-04-01,623435,0.02380860301587617
Oconee 1,2007-05-01,641438,0.025250902603430183
Oconee 1,2007-06-01,620141,0.025250902603430183
Oconee 1,2007-07-01,636339,0.3131935632764232
Oconee 1,2007-08-01,630489,0.3131935632764232
Oconee 1,2007-09-01,606468,0.31175126368886924
Oconee 1,2007-10-01,625775,0.2477417875517338
Oconee 1,2007-11-01,619988,0.24485718837662576
Oconee 1,2007-12-01,642646,0.2506263867268418
Oconee 1,2008-01-01,643529,0.45501490953382034
Oconee 1,2008-02-01,599994,0.45645720912137433
Oconee 1,2008-03-01,470874,0.45645720912137433
Oconee 1,2008-04-01,164345,0.5366018840259551
Oconee 1,2008-05-01,-7373,0.5500678744894189
Oconee 1,2008-06-01,578828,0.527102459944476
Oconee 1,2008-07-01,632744,0.5539700827993865
Oconee 1,2008-08-01,626744,0.5482008844491705
Oconee 1,2008-09-01,607983,0.5409893865114004
Oconee 1,2008-10-01,634128,0.49774026706316643
Oconee 1,2008-11-01,619758,0.4962979674756124
Oconee 1,2008-12-01,643872,0.4882408429816873
Oconee 1,2009-01-01,644728,0.2100923133355002
Oconee 1,2009-02-01,582232,0.21213128595445319
Oconee 1,2009-03-01,643180,0.21068898636689917
Oconee 1,2009-04-01,621702,0.21988150110236707
Oconee 1,2009-05-01,641011,0.22361172683363015
Oconee 1,2009-06-01,617255,0.22132380068992108
Oconee 1,2009-07-01,632539,0.3513037879563825
Oconee 1,2009-08-01,626103,0.3579186128627536
Oconee 1,2009-09-01,559974,0.3550340136876456
Oconee 1,2009-10-01,180371,0.43027368930063065
Oconee 1,2009-11-01,-6093,0.4418120860010627
Oconee 1,2009-12-01,567553,0.4360428876508467
Oconee 2,2007-01-01,649554,0.13031584214280031
Oconee 2,2007-02-01,499712,0.03368678591963426
Oconee 2,2007-03-01,647915,0.10860287281370519
Oconee 2,2007-04-01,545909,-0.016179045910392282
Oconee 2,2007-05-01,4586,0.017072320119134936
Oconee 2,2007-06-01,623510,-0.0020258764742926852
Oconee 2,2007-07-01,645972,0.20907376743757644
Oconee 2,2007-08-01,628376,0.20907376743757644
Oconee 2,2007-09-01,606967,0.1967661442904489
Oconee 2,2007-10-01,641098,0.08598909961785398
Oconee 2,2007-11-01,627477,0.08906600540463586
Oconee 2,2007-12-01,647913,0.09214291119141775
Oconee 2,2008-01-01,651945,0.06877063860774286
Oconee 2,2008-02-01,608596,0.06415527992757003
Oconee 2,2008-03-01,640543,0.06723218571435191
Oconee 2,2008-04-01,583085,0.1336715334428042
Oconee 2,2008-05-01,643825,0.13982534501636798
Oconee 2,2008-06-01,623299,0.13213308054941325
Oconee 2,2008-07-01,637092,0.07170086260662312
Oconee 2,2008-08-01,631066,0.07477776839340501
Oconee 2,2008-09-01,514880,0.06554705103305934
Oconee 2,2008-10-01,491326,0.153656653973635
Oconee 2,2008-11-01,-1949,0.17455854324761602
Oconee 2,2008-12-01,366859,0.1530202027401428
Oconee 2,2009-01-01,654829,0.08564898171905456
Oconee 2,2009-02-01,592179,0.09116634205912613
Oconee 2,2009-03-01,653674,0.08808943627234424
Oconee 2,2009-04-01,632191,0.10945654174067941
Oconee 2,2009-05-01,649715,0.10945654174067941
Oconee 2,2009-06-01,627383,0.11099499463407035
Oconee 2,2009-07-01,641918,0.26443181039008834
Oconee 2,2009-08-01,635219,0.26443181039008834
Oconee 2,2009-09-01,612950,0.26443181039008834
Oconee 2,2009-10-01,641030,0.3624033503399068
Oconee 2,2009-11-01,619565,0.3624033503399068
Oconee 2,2009-12-01,646335,0.36548025612668866
Oconee 3,2007-01-01,653910,-0.3563075234662407
Oconee 3,2007-02-01,589773,-0.2544492324109837
Oconee 3,2007-03-01,653463,-0.21763171335028028
Oconee 3,2007-04-01,632038,-0.06723460127146792
Oconee 3,2007-05-01,651359,-0.06723460127146792
Oconee 3,2007-06-01,628795,-0.06877305416485888
Oconee 3,2007-07-01,644828,0.3162541018396718
Oconee 3,2007-08-01,638496,0.31073674149960023
Oconee 3,2007-09-01,614843,0.28033858443886706
Oconee 3,2007-10-01,518837,0.10554242817960775
Oconee 3,2007-11-01,-1943,0.2584352151431724
Oconee 3,2007-12-01,235538,0.19058308778824354
Oconee 3,2008-01-01,651436,0.25628341411075467
Oconee 3,2008-02-01,611313,0.2476891479839012
Oconee 3,2008-03-01,652309,0.2476891479839012
Oconee 3,2008-04-01,631889,0.3285206533138606
Oconee 3,2008-05-01,651664,0.31684948140022523
Oconee 3,2008-06-01,627213,0.2705356945527696
Oconee 3,2008-07-01,642061,0.3250818740845328
Oconee 3,2008-08-01,635900,0.32200496829775094
Oconee 3,2008-09-01,616380,0.32200496829775094
Oconee 3,2008-10-01,643873,0.27939006703171
Oconee 3,2008-11-01,561702,0.25450927031104836
Oconee 3,2008-12-01,649368,0.2591246289912212
Oconee 3,2009-01-01,652107,0.08095322605796394
Oconee 3,2009-02-01,589129,0.07479941448440017
Oconee 3,2009-03-01,650280,0.08095322605796394
Oconee 3,2009-04-01,502708,0.0716167702490967
Oconee 3,2009-05-01,131433,0.1470558116903011
Oconee 3,2009-06-01,625776,0.12344791743662391
Oconee 3,2009-07-01,643633,0.20411956845181717
Oconee 3,2009-08-01,637838,0.20258111555842623
Oconee 3,2009-09-01,617836,0.20258111555842623
Oconee 3,2009-10-01,644223,0.37041824230376197
Oconee 3,2009-11-01,629113,0.3719566951971529
Oconee 3,2009-12-01,650618,0.3719566951971529
Palisades,2007-01-01,603143,-0.8466174068724742
Palisades,2007-02-01,497774,-0.8736731077200189
Palisades,2007-03-01,485071,-0.9131966317604187
Palisades,2007-04-01,583991,-0.714687657903908
Palisades,2007-05-01,465196,-0.7763859736852731
Palisades,2007-06-01,569217,-0.7394631042438904
Palisades,2007-07-01,585433,-0.8458282236275287
Palisades,2007-08-01,582322,-0.9728328618298538
Palisades,2007-09-01,149115,-0.9940003015302413
Palisades,2007-10-01,118585,-0.5993101783957194
Palisades,2007-11-01,581425,-0.6643509503902729
Palisades,2007-12-01,604743,-0.6290718842229603
Palisades,2008-01-01,541751,-0.46051111740204287
Palisades,2008-02-01,566389,-0.4730842909755769
Palisades,2008-03-01,607111,-0.47462274386896786
Palisades,2008-04-01,579786,-0.5497402164947924
Palisades,2008-05-01,556350,-0.5497402164947924
Palisades,2008-06-01,567071,-0.5583344826216459
Palisades,2008-07-01,582065,-0.4509851692312293
Palisades,2008-08-01,486670,-0.5239289064540958
Palisades,2008-09-01,567326,-0.43931399731759396
Palisades,2008-10-01,595073,-0.4198947970976967
Palisades,2008-11-01,581797,-0.3987273573973092
Palisades,2008-12-01,603347,-0.4223352516509864
Palisades,2009-01-01,602883,-0.4050997926579329
Palisades,2009-02-01,456765,-0.47703617784022156
Palisades,2009-03-01,408921,-0.43884040593185447
Palisades,2009-04-01,0,-0.2049590385429758
Palisades,2009-05-01,556099,-0.22697259292960176
Palisades,2009-06-01,572986,-0.22697259292960176
Palisades,2009-07-01,586004,-0.18999212648145766
Palisades,2009-08-01,584081,-0.18999212648145766
Palisades,2009-09-01,569329,-0.18999212648145766
Palisades,2009-10-01,596345,0.043563077242682754
Palisades,2009-11-01,580914,0.04048617145590087
Palisades,2009-12-01,604383,0.03894771856250993
Palo Verde 1,2007-01-01,990150,-0.07128565298717429
Palo Verde 1,2007-02-01,892571,-0.07128565298717429
Palo Verde 1,2007-03-01,986662,-0.0727279525747283
Palo Verde 1,2007-04-01,953146,-0.033339288042974494
Palo Verde 1,2007-05-01,566763,-0.0347815876305285
Palo Verde 1,2007-06-01,-3770,-0.10891668865823534
Palo Verde 1,2007-07-01,300795,0.05035505168820988
Palo Verde 1,2007-08-01,972286,0.057566549625979936
Palo Verde 1,2007-09-01,943805,0.05612425003842592
Palo Verde 1,2007-10-01,660136,0.09470580280725477
Palo Verde 1,2007-11-01,611179,0.09470580280725477
Palo Verde 1,2007-12-01,967410,0.09182120363214676
Palo Verde 1,2008-01-01,986703,0.07533915818144865
Palo Verde 1,2008-02-01,924311,0.08399295570677272
Palo Verde 1,2008-03-01,986355,0.08543525529432672
Palo Verde 1,2008-04-01,950539,0.044455074079764956
Palo Verde 1,2008-05-01,984720,0.04589737366731896
Palo Verde 1,2008-06-01,834819,0.044455074079764956
Palo Verde 1,2008-07-01,972884,-0.01501030128871651
Palo Verde 1,2008-08-01,974559,-0.013568001701162496
Palo Verde 1,2008-09-01,933474,-0.01501030128871651
Palo Verde 1,2008-10-01,89135,0.46707421811764027
Palo Verde 1,2008-11-01,320109,0.46563191853008623
Palo Verde 1,2008-12-01,995572,0.46563191853008623
Palo Verde 1,2009-01-01,998545,0.044154854789686664
Palo Verde 1,2009-02-01,901206,0.03982795602702463
Palo Verde 1,2009-03-01,904899,0.04127025561457864
Palo Verde 1,2009-04-01,962845,0.006069575402652476
Palo Verde 1,2009-05-01,990045,0.004627275815098463
Palo Verde 1,2009-06-01,957733,0.0031849762275444494
Palo Verde 1,2009-07-01,981658,0.03894257761286259
Palo Verde 1,2009-08-01,984002,0.03894257761286259
Palo Verde 1,2009-09-01,953934,0.03750027802530858
Palo Verde 1,2009-10-01,992649,0.03454733482239459
Palo Verde 1,2009-11-01,964575,0.037431933997502616
Palo Verde 1,2009-12-01,997633,0.0359896344099486
Palo Verde 2,2007-01-01,993644,8.3389593934677e-4
Palo Verde 2,2007-02-01,564835,-0.002243009847435118
Palo Verde 2,2007-03-01,981175,-0.005319915634217006
Palo Verde 2,2007-04-01,960397,-0.10569210629192524
Palo Verde 2,2007-05-01,975296,-0.11030746497209808
Palo Verde 2,2007-06-01,939052,-0.11030746497209808
Palo Verde 2,2007-07-01,930033,-0.09728432690769902
Palo Verde 2,2007-08-01,976448,-0.10434014014116152
Palo Verde 2,2007-09-01,949988,-0.09574587401430808
Palo Verde 2,2007-10-01,733817,-0.030858740142054388
Palo Verde 2,2007-11-01,958434,-0.026243381461881553
Palo Verde 2,2007-12-01,994476,-0.0277818343552725
Palo Verde 2,2008-01-01,996897,0.05142773486621134
Palo Verde 2,2008-02-01,933958,0.05296618775960229
Palo Verde 2,2008-03-01,897540,0.05296618775960229
Palo Verde 2,2008-04-01,-3681,-0.07253389009794169
Palo Verde 2,2008-05-01,-15958,-0.012197399915372747
Palo Verde 2,2008-06-01,733463,0.004769416977021683
Palo Verde 2,2008-07-01,980646,-0.024937050293853825
Palo Verde 2,2008-08-01,980770,-0.023398597400462885
Palo Verde 2,2008-09-01,953041,-0.01878323872029005
Palo Verde 2,2008-10-01,992783,0.4423895039214062
Palo Verde 2,2008-11-01,671168,0.43777414524123337
Palo Verde 2,2008-12-01,503455,0.4423895039214062
Palo Verde 2,2009-01-01,993266,0.061164800782168585
Palo Verde 2,2009-02-01,902662,0.06270325367555953
Palo Verde 2,2009-03-01,998040,0.05654944210199576
Palo Verde 2,2009-04-01,963492,0.03858377670288911
Palo Verde 2,2009-05-01,991197,0.03704532380949817
Palo Verde 2,2009-06-01,957986,0.03550687091610722
Palo Verde 2,2009-07-01,981216,0.0032204959510246365
Palo Verde 2,2009-08-01,983965,0.006297401737806524
Palo Verde 2,2009-09-01,953558,0.0032204959510246365
Palo Verde 2,2009-10-01,56275,-0.13463297223711795
Palo Verde 2,2009-11-01,-12029,-0.10997170282422035
Palo Verde 2,2009-12-01,739893,-0.08187124039106325
Palo Verde 3,2007-01-01,766275,0.1295209478970247
Palo Verde 3,2007-02-01,809076,0.14029011815076128
Palo Verde 3,2007-03-01,916797,0.13875166525737034
Palo Verde 3,2007-04-01,310775,-0.05563065433910948
Palo Verde 3,2007-05-01,791014,-0.049476842765545696
Palo Verde 3,2007-06-01,850142,-0.05255374855232758
Palo Verde 3,2007-07-01,884234,-0.01954839496797099
Palo Verde 3,2007-08-01,893359,-0.01954839496797099
Palo Verde 3,2007-09-01,772018,-0.01800994207458004
Palo Verde 3,2007-10-01,-3246,0.04840843743292234
Palo Verde 3,2007-11-01,-3130,0.04840843743292234
Palo Verde 3,2007-12-01,-3651,0.04840843743292234
Palo Verde 3,2008-01-01,316964,0.07268162768150521
Palo Verde 3,2008-02-01,924616,0.07729698636167803
Palo Verde 3,2008-03-01,987648,0.07268162768150521
Palo Verde 3,2008-04-01,957681,0.2492114307005657
Palo Verde 3,2008-05-01,986139,0.25228833648734755
Palo Verde 3,2008-06-01,950615,0.24767297780717476
Palo Verde 3,2008-07-01,973758,-0.03583487527542617
Palo Verde 3,2008-08-01,975419,-0.03891178106220806
Palo Verde 3,2008-09-01,690166,-0.03583487527542617
Palo Verde 3,2008-10-01,965301,0.42377030824756373
Palo Verde 3,2008-11-01,953963,0.4268472140343456
Palo Verde 3,2008-12-01,990964,0.4268472140343456
Palo Verde 3,2009-01-01,989545,0.04086751098109164
Palo Verde 3,2009-02-01,890857,0.04240596387448258
Palo Verde 3,2009-03-01,986519,0.039329058087700694
Palo Verde 3,2009-04-01,89628,-0.11979919718358396
Palo Verde 3,2009-05-01,55823,-0.15060879938763538
Palo Verde 3,2009-06-01,951763,-0.12441455586375678
Palo Verde 3,2009-07-01,975801,0.07100244051198608
Palo Verde 3,2009-08-01,978939,0.07100244051198608
Palo Verde 3,2009-09-01,948443,0.07254089340537702
Palo Verde 3,2009-10-01,986607,-0.01317778862138721
Palo Verde 3,2009-11-01,956078,-0.01163933572799627
Palo Verde 3,2009-12-01,752603,-0.017793147301560047
Peach Bottom 2,2007-01-01,849428,-0.45824734399985256
Peach Bottom 2,2007-02-01,759606,-0.46357275786159047
Peach Bottom 2,2007-03-01,847606,-0.45647220604593997
Peach Bottom 2,2007-04-01,813344,-0.44547215756203
Peach Bottom 2,2007-05-01,845135,-0.4472472955159426
Peach Bottom 2,2007-06-01,810870,-0.4472472955159426
Peach Bottom 2,2007-07-01,834018,-0.31333558808248685
Peach Bottom 2,2007-08-01,833701,-0.31498393046826284
Peach Bottom 2,2007-09-01,759255,-0.31333558808248685
Peach Bottom 2,2007-10-01,842531,-0.26266290483019017
Peach Bottom 2,2007-11-01,823885,-0.2501580777798666
Peach Bottom 2,2007-12-01,848525,-0.2560695352870861
Peach Bottom 2,2008-01-01,838126,0.016002280345924658
Peach Bottom 2,2008-02-01,795478,0.01929896511747668
Peach Bottom 2,2008-03-01,848627,0.011739165224481136
Peach Bottom 2,2008-04-01,815994,0.05572379974066399
Peach Bottom 2,2008-05-01,831812,0.05407545735488798
Peach Bottom 2,2008-06-01,802010,0.05407545735488798
Peach Bottom 2,2008-07-01,798970,0.04111296638971824
Peach Bottom 2,2008-08-01,732760,0.029290051375279173
Peach Bottom 2,2008-09-01,293636,0.047706335932822294
Peach Bottom 2,2008-10-01,276638,0.03288264862478761
Peach Bottom 2,2008-11-01,828290,0.031234306239011602
Peach Bottom 2,2008-12-01,854267,0.031234306239011602
Peach Bottom 2,2009-01-01,851210,0.06792789455700064
Peach Bottom 2,2009-02-01,755890,0.06792789455700064
Peach Bottom 2,2009-03-01,853156,0.06792789455700064
Peach Bottom 2,2009-04-01,810347,0.03412070436812297
Peach Bottom 2,2009-05-01,851322,0.025878992439242916
Peach Bottom 2,2009-06-01,818545,0.03082401959657094
Peach Bottom 2,2009-07-01,840468,-0.002312260092188756
Peach Bottom 2,2009-08-01,836039,-0.005608944863740779
Peach Bottom 2,2009-09-01,804673,-0.014135175106627814
Peach Bottom 2,2009-10-01,849892,-0.08470354744849447
Peach Bottom 2,2009-11-01,826529,-0.08470354744849447
Peach Bottom 2,2009-12-01,843665,-0.08305520506271846
Peach Bottom 3,2007-01-01,840460,-0.1435453301968616
Peach Bottom 3,2007-02-01,752285,-0.1421030306093076
Peach Bottom 3,2007-03-01,840630,-0.15304475427834074
Peach Bottom 3,2007-04-01,810893,-0.5374003078997895
Peach Bottom 3,2007-05-01,828507,-0.5446118058375595
Peach Bottom 3,2007-06-01,800648,-0.5446118058375595
Peach Bottom 3,2007-07-01,817370,-0.5035763800421368
Peach Bottom 3,2007-08-01,773508,-0.15946345164812725
Peach Bottom 3,2007-09-01,512505,-0.15802115206057324
Peach Bottom 3,2007-10-01,382422,-0.22878577414764525
Peach Bottom 3,2007-11-01,821820,-0.23540059905401636
Peach Bottom 3,2007-12-01,849770,-0.22072864965372013
Peach Bottom 3,2008-01-01,849405,-9.483014637752438e-4
Peach Bottom 3,2008-02-01,678096,-9.483014637752438e-4
Peach Bottom 3,2008-03-01,848230,-0.006717499813991277
Peach Bottom 3,2008-04-01,820086,0.05556688869653602
Peach Bottom 3,2008-05-01,836121,0.06218171360290712
Peach Bottom 3,2008-06-01,810521,0.054124589108982
Peach Bottom 3,2008-07-01,832342,0.07100212069466955
Peach Bottom 3,2008-08-01,834972,0.06438729578829844
Peach Bottom 3,2008-09-01,803089,0.07100212069466955
Peach Bottom 3,2008-10-01,840186,0.08715045347773173
Peach Bottom 3,2008-11-01,819131,0.08859275306528575
Peach Bottom 3,2008-12-01,845996,0.09003505265283976
Peach Bottom 3,2009-01-01,624651,0.010817543605787301
Peach Bottom 3,2009-02-01,765426,0.007932944430679288
Peach Bottom 3,2009-03-01,806759,0.006490644843125268
Peach Bottom 3,2009-04-01,816555,-0.08125864618727321
Peach Bottom 3,2009-05-01,818468,-0.08270094577482723
Peach Bottom 3,2009-06-01,800346,-0.07548944783705717
Peach Bottom 3,2009-07-01,819743,-0.19121424202384107
Peach Bottom 3,2009-08-01,774471,-0.19782906693021216
Peach Bottom 3,2009-09-01,290581,-0.19265654161139506
Peach Bottom 3,2009-10-01,471796,-0.310231451251299
Peach Bottom 3,2009-11-01,825982,-0.3021743267573739
Peach Bottom 3,2009-12-01,853315,-0.2920782296444958
Perry 1,2007-01-01,925628,-0.13133347110965987
Perry 1,2007-02-01,841117,-0.12423291929400936
Perry 1,2007-03-01,906738,-0.12423291929400936
Perry 1,2007-04-01,8911,-0.44010951575227275
Perry 1,2007-05-01,294340,-0.44010951575227275
Perry 1,2007-06-01,684060,-0.44010951575227275
Perry 1,2007-07-01,168786,-0.3674596811183741
Perry 1,2007-08-01,931004,-0.32390507150487996
Perry 1,2007-09-01,898058,-0.328850098662208
Perry 1,2007-10-01,929063,-0.6596798234244008
Perry 1,2007-11-01,837810,-0.6646248505817288
Perry 1,2007-12-01,632732,-0.6563831386528487
Perry 1,2008-01-01,951553,-0.9056122230854708
Perry 1,2008-02-01,891180,-0.9056122230854708
Perry 1,2008-03-01,886866,-0.9089089078570229
Perry 1,2008-04-01,598092,-0.3459921677130887
Perry 1,2008-05-01,940362,-0.3476405100988647
Perry 1,2008-06-01,880150,-0.34434382532731267
Perry 1,2008-07-01,921451,-0.3535952995715872
Perry 1,2008-08-01,928586,-0.34205690287115514
Perry 1,2008-09-01,890697,-0.35689198434313923
Perry 1,2008-10-01,950446,8.9491041112362e-4
Perry 1,2008-11-01,914227,-0.0024017743604283948
Perry 1,2008-12-01,936983,-0.012291828675084488
Perry 1,2009-01-01,944877,-0.23515599593514222
Perry 1,2009-02-01,657957,-0.24174936547824627
Perry 1,2009-03-01,-6802,-0.18773592969530392
Perry 1,2009-04-01,-10609,-0.2134255844166781
Perry 1,2009-05-01,392649,-0.27201078145401847
Perry 1,2009-06-01,676761,-0.23904393373849825
Perry 1,2009-07-01,907675,-0.41474108635779583
Perry 1,2009-08-01,928035,-0.4404326524943275
Perry 1,2009-09-01,904217,-0.4526529612306441
Perry 1,2009-10-01,440263,-0.5932836351484778
Perry 1,2009-11-01,812520,-0.5520750755040775
Perry 1,2009-12-01,948929,-0.5405366788036454
Point Beach 1,2007-01-01,378251,0.31000999285409964
Point Beach 1,2007-02-01,345506,0.31165833523987563
Point Beach 1,2007-03-01,377853,0.30341662331099556
Point Beach 1,2007-04-01,0,-0.12198432610113052
Point Beach 1,2007-05-01,294647,-0.37714830634925306
Point Beach 1,2007-06-01,207716,-0.11176518223931511
Point Beach 1,2007-07-01,377647,0.046448731987328525
Point Beach 1,2007-08-01,372665,0.06183326092123796
Point Beach 1,2007-09-01,330715,0.057217902241065134
Point Beach 1,2007-10-01,382305,0.08706586764171345
Point Beach 1,2007-11-01,371891,0.08860432053510439
Point Beach 1,2007-12-01,383108,0.08091205606814966
Point Beach 1,2008-01-01,192381,0.04349373361403058
Point Beach 1,2008-02-01,305014,0.04349373361403058
Point Beach 1,2008-03-01,382532,0.04349373361403058
Point Beach 1,2008-04-01,369419,0.3431721326027616
Point Beach 1,2008-05-01,374653,0.33855677392258876
Point Beach 1,2008-06-01,366701,0.3400952268159797
Point Beach 1,2008-07-01,378364,0.3384262607855587
Point Beach 1,2008-08-01,369764,0.34150316657234064
Point Beach 1,2008-09-01,363320,0.34150316657234064
Point Beach 1,2008-10-01,46224,0.45133607257601105
Point Beach 1,2008-11-01,193702,0.45133607257601105
Point Beach 1,2008-12-01,381508,0.4497976196826201
Point Beach 1,2009-01-01,381373,0.4847773052974787
Point Beach 1,2009-02-01,345921,0.48631575819086964
Point Beach 1,2009-03-01,383076,0.48631575819086964
Point Beach 1,2009-04-01,371130,0.3533963217209174
Point Beach 1,2009-05-01,332816,0.3503194159341355
Point Beach 1,2009-06-01,368530,0.3533963217209174
Point Beach 1,2009-07-01,379202,0.15803179531110312
Point Beach 1,2009-08-01,379491,0.16264715399127594
Point Beach 1,2009-09-01,357522,0.16572405977805785
Point Beach 1,2009-10-01,376841,0.08895702368383608
Point Beach 1,2009-11-01,327645,0.08588011789705419
Point Beach 1,2009-12-01,381835,0.07818785343009947
Point Beach 2,2007-01-01,387663,0.3737738104470493
Point Beach 2,2007-02-01,348620,0.3719986724931367
Point Beach 2,2007-03-01,387954,0.3702235345392241
Point Beach 2,2007-04-01,370255,0.07960846631102936
Point Beach 2,2007-05-01,373977,0.07783332835711673
Point Beach 2,2007-06-01,369010,0.09380956994233039
Point Beach 2,2007-07-01,380757,-0.034039094088328205
Point Beach 2,2007-08-01,375278,-0.04392914840298427
Point Beach 2,2007-09-01,326128,-0.06137900261063589
Point Beach 2,2007-10-01,381738,-0.07791430767754312
Point Beach 2,2007-11-01,378197,-0.08450767722064718
Point Beach 2,2007-12-01,382632,-0.07461762290599111
Point Beach 2,2008-01-01,387786,-0.044265611131059104
Point Beach 2,2008-02-01,362746,-0.04096892635950709
Point Beach 2,2008-03-01,387502,-0.04756229590261113
Point Beach 2,2008-04-01,57578,0.2400649827707488
Point Beach 2,2008-05-01,222633,0.24665835231385286
Point Beach 2,2008-06-01,371916,0.24830669469962885
Point Beach 2,2008-07-01,381269,0.406500615428473
Point Beach 2,2008-08-01,372178,0.404852273042697
Point Beach 2,2008-09-01,364776,0.406500615428473
Point Beach 2,2008-10-01,381703,0.7571827295902128
Point Beach 2,2008-11-01,372601,0.7571827295902128
Point Beach 2,2008-12-01,380945,0.7555343872044369
Point Beach 2,2009-01-01,381875,0.6540905079194362
Point Beach 2,2009-02-01,345100,0.6507938231478843
Point Beach 2,2009-03-01,382267,0.6507938231478843
Point Beach 2,2009-04-01,370950,0.6010523306333294
Point Beach 2,2009-05-01,364101,0.6010523306333294
Point Beach 2,2009-06-01,367971,0.5977556458617774
Point Beach 2,2009-07-01,378343,0.35296912497286353
Point Beach 2,2009-08-01,379008,0.35296912497286353
Point Beach 2,2009-09-01,356748,0.35132078258708754
Point Beach 2,2009-10-01,166754,0.3120686779410415
Point Beach 2,2009-11-01,0,0.3280859537007094
Point Beach 2,2009-12-01,289334,0.3104203355552655
Prairie Island 1,2007-01-01,407570,-0.16978466850828416
Prairie Island 1,2007-02-01,367936,-0.16978466850828416
Prairie Island 1,2007-03-01,406143,-0.16978466850828416
Prairie Island 1,2007-04-01,355186,0.03093035427177596
Prairie Island 1,2007-05-01,205372,0.03093035427177596
Prairie Island 1,2007-06-01,373571,0.03093035427177596
Prairie Island 1,2007-07-01,389599,-0.023337647640513024
Prairie Island 1,2007-08-01,391511,-0.023337647640513024
Prairie Island 1,2007-09-01,382919,-0.023337647640513024
Prairie Island 1,2007-10-01,421936,-0.008833995921982423
Prairie Island 1,2007-11-01,395971,-0.008833995921982423
Prairie Island 1,2007-12-01,356378,-0.008833995921982423
Prairie Island 1,2008-01-01,406183,-0.11906818066241723
Prairie Island 1,2008-02-01,136801,-0.11906818066241723
Prairie Island 1,2008-03-01,74310,-0.14982556740067104
Prairie Island 1,2008-04-01,381922,0.07253656573175195
Prairie Island 1,2008-05-01,386128,0.07253656573175195
Prairie Island 1,2008-06-01,370060,0.07253656573175195
Prairie Island 1,2008-07-01,372171,-0.08207356417108402
Prairie Island 1,2008-08-01,357498,-0.08207356417108402
Prairie Island 1,2008-09-01,380298,-0.08207356417108402
Prairie Island 1,2008-10-01,399754,2.599750721558436e-4
Prairie Island 1,2008-11-01,390597,2.599750721558436e-4
Prairie Island 1,2008-12-01,403735,2.599750721558436e-4
Prairie Island 1,2009-01-01,403461,-0.004404137216507236
Prairie Island 1,2009-02-01,361572,-0.016711760363634795
Prairie Island 1,2009-03-01,402938,-0.016711760363634795
Prairie Island 1,2009-04-01,380782,-0.3579964846516264
Prairie Island 1,2009-05-01,300615,-0.37030410779875395
Prairie Island 1,2009-06-01,371873,-0.39491935409300905
Prairie Island 1,2009-07-01,389571,-0.20269803228352626
Prairie Island 1,2009-08-01,388039,-0.20269803228352626
Prairie Island 1,2009-09-01,127730,-0.20269803228352626
Prairie Island 1,2009-10-01,-2537,-0.2873654740817001
Prairie Island 1,2009-11-01,68733,-0.22487060984364224
Prairie Island 1,2009-12-01,404836,-0.19372557895602985
Prairie Island 2,2007-01-01,403384,-0.03714572645564216
Prairie Island 2,2007-01-01,403384,-0.03714572645564216
Prairie Island 2,2007-01-01,403384,-0.0211972489019522
Prairie Island 2,2007-02-01,364113,-0.03714572645564216
Prairie Island 2,2007-02-01,364113,-0.03714572645564216
Prairie Island 2,2007-02-01,364113,-0.0211972489019522
Prairie Island 2,2007-03-01,271748,-0.03714572645564216
Prairie Island 2,2007-03-01,271748,-0.03714572645564216
Prairie Island 2,2007-03-01,271748,-0.0211972489019522
Prairie Island 2,2007-04-01,332818,-0.18193630198193098
Prairie Island 2,2007-04-01,332818,-0.3615728342649351
Prairie Island 2,2007-05-01,388982,-0.18193630198193098
Prairie Island 2,2007-05-01,388982,-0.3615728342649351
Prairie Island 2,2007-06-01,372143,-0.18193630198193098
Prairie Island 2,2007-06-01,372143,-0.3615728342649351
Prairie Island 2,2007-07-01,386086,-0.3759614864339597
Prairie Island 2,2007-07-01,386086,-0.4157285232423345
Prairie Island 2,2007-08-01,388385,-0.3759614864339597
Prairie Island 2,2007-08-01,388385,-0.4157285232423345
Prairie Island 2,2007-09-01,359655,-0.3759614864339597
Prairie Island 2,2007-09-01,359655,-0.4157285232423345
Prairie Island 2,2007-10-01,393368,-0.15730196890275722
Prairie Island 2,2007-10-01,393368,-0.17712275409142003
Prairie Island 2,2007-11-01,391828,-0.15730196890275722
Prairie Island 2,2007-11-01,391828,-0.17712275409142003
Prairie Island 2,2007-12-01,404129,-0.15730196890275722
Prairie Island 2,2007-12-01,404129,-0.17712275409142003
Prairie Island 2,2008-01-01,404313,-0.1902625778204779
Prairie Island 2,2008-01-01,404313,-0.21220616818072535
Prairie Island 2,2008-02-01,378285,-0.1902625778204779
Prairie Island 2,2008-02-01,378285,-0.21220616818072535
Prairie Island 2,2008-03-01,394759,-0.1902625778204779
Prairie Island 2,2008-03-01,394759,-0.21220616818072535
Prairie Island 2,2008-04-01,380470,0.2552909364531325
Prairie Island 2,2008-04-01,380470,0.2613358323170675
Prairie Island 2,2008-05-01,386630,0.2552909364531325
Prairie Island 2,2008-05-01,386630,0.2613358323170675
Prairie Island 2,2008-06-01,373176,0.2552909364531325
Prairie Island 2,2008-06-01,373176,0.2613358323170675
Prairie Island 2,2008-07-01,384652,0.2206304318472178
Prairie Island 2,2008-07-01,384652,0.14559925986544597
Prairie Island 2,2008-08-01,385795,0.18601524174592157
Prairie Island 2,2008-08-01,385795,0.10867639042406331
Prairie Island 2,2008-09-01,229380,0.2624571198862841
Prairie Island 2,2008-09-01,229380,0.19021439377378335
Prairie Island 2,2008-10-01,0,0.1295528343982201
Prairie Island 2,2008-10-01,0,0.13979476261440238
Prairie Island 2,2008-11-01,338349,0.14092673435290237
Prairie Island 2,2008-11-01,338349,0.13979476261440238
Prairie Island 2,2008-12-01,403556,0.11208074260182216
Prairie Island 2,2008-12-01,403556,0.10902570474658349
Prairie Island 2,2009-01-01,403735,0.1289843302460746
Prairie Island 2,2009-01-01,403735,0.1270561982337861
Prairie Island 2,2009-02-01,364629,0.10013833849499441
Prairie Island 2,2009-02-01,364629,0.09628714036596724
Prairie Island 2,2009-03-01,402467,0.09725373931988639
Prairie Island 2,2009-03-01,402467,0.09321023457918534
Prairie Island 2,2009-04-01,382100,-0.05429413279982166
Prairie Island 2,2009-04-01,382100,-0.06471239120199966
Prairie Island 2,2009-05-01,379906,-0.04996723403715963
Prairie Island 2,2009-05-01,379906,-0.06009703252182682
Prairie Island 2,2009-06-01,373994,-0.04996723403715963
Prairie Island 2,2009-06-01,373994,-0.06009703252182682
Prairie Island 2,2009-07-01,390007,0.0030709610504502946
Prairie Island 2,2009-07-01,390007,-0.0035229577617095645
Prairie Island 2,2009-08-01,386448,0.01172475857577436
Prairie Island 2,2009-08-01,386448,0.005707759598636107
Prairie Island 2,2009-09-01,378416,0.010282458988220347
Prairie Island 2,2009-09-01,378416,0.004169306705245159
Prairie Island 2,2009-10-01,401654,0.05348422148392256
Prairie Island 2,2009-10-01,401654,0.023871188255054694
Prairie Island 2,2009-11-01,388687,0.054926521071476574
Prairie Island 2,2009-11-01,388687,0.02540964114844564
Prairie Island 2,2009-12-01,401305,0.054926521071476574
Prairie Island 2,2009-12-01,401305,0.02540964114844564
Quad Cities 1,2007-01-01,649380,-0.2898452121851068
Quad Cities 1,2007-02-01,585796,-0.28728112402945527
Quad Cities 1,2007-03-01,624761,-0.2755214353070177
Quad Cities 1,2007-04-01,529505,-0.17248028759563078
Quad Cities 1,2007-05-01,191677,-0.168412863340148
Quad Cities 1,2007-06-01,624249,-0.16584877518449642
Quad Cities 1,2007-07-01,645875,-0.04748965224194822
Quad Cities 1,2007-08-01,645855,-0.060676391328156325
Quad Cities 1,2007-09-01,532940,-0.06232473371393232
Quad Cities 1,2007-10-01,646808,-0.03902923017922859
Quad Cities 1,2007-11-01,627190,-0.03902923017922859
Quad Cities 1,2007-12-01,647004,-0.03573254540767657
Quad Cities 1,2008-01-01,645459,-0.06215473935828616
Quad Cities 1,2008-02-01,565343,-0.06215473935828616
Quad Cities 1,2008-03-01,643473,-0.07727433914427725
Quad Cities 1,2008-04-01,595308,-0.007788673037915121
Quad Cities 1,2008-05-01,640598,-0.007788673037915121
Quad Cities 1,2008-06-01,621035,-0.007788673037915121
Quad Cities 1,2008-07-01,644466,-0.10595441420559176
Quad Cities 1,2008-08-01,644869,-0.10595441420559176
Quad Cities 1,2008-09-01,621789,-0.10265772943403974
Quad Cities 1,2008-10-01,645401,-0.09381591954097865
Quad Cities 1,2008-11-01,580055,-0.09381591954097865
Quad Cities 1,2008-12-01,642313,-0.09546426192675465
Quad Cities 1,2009-01-01,644153,-0.1067005560312301
Quad Cities 1,2009-02-01,581900,-0.11590869831000165
Quad Cities 1,2009-03-01,638925,-0.10834889841700611
Quad Cities 1,2009-04-01,531625,-0.10646689253946545
Quad Cities 1,2009-05-01,899,-0.13329548838638922
Quad Cities 1,2009-06-01,617485,-0.11635694685412153
Quad Cities 1,2009-07-01,656331,-0.10615374296138937
Quad Cities 1,2009-08-01,654916,-0.12030691239748896
Quad Cities 1,2009-09-01,554798,-0.12195525478326497
Quad Cities 1,2009-10-01,664028,-0.21050773281071092
Quad Cities 1,2009-11-01,641652,-0.21380441758226296
Quad Cities 1,2009-12-01,663443,-0.21448632961814745
Quad Cities 2,2007-01-01,644687,-0.05202045889302437
Quad Cities 2,2007-02-01,562562,-0.053668801278800374
Quad Cities 2,2007-03-01,620661,-0.05531714366457639
Quad Cities 2,2007-04-01,593317,-0.04991828297612074
Quad Cities 2,2007-05-01,640515,-0.046621598204568716
Quad Cities 2,2007-06-01,622918,-0.041676571047240686
Quad Cities 2,2007-07-01,643777,-0.04440607873598179
Quad Cities 2,2007-08-01,644056,-0.04605442112175781
Quad Cities 2,2007-09-01,622872,-0.04440607873598179
Quad Cities 2,2007-10-01,641233,-0.04200913965360107
Quad Cities 2,2007-11-01,625075,-0.04200913965360107
Quad Cities 2,2007-12-01,644163,-0.04200913965360107
Quad Cities 2,2008-01-01,644076,-0.01884359436662661
Quad Cities 2,2008-02-01,590039,-0.01884359436662661
Quad Cities 2,2008-03-01,36294,-0.013898567209298567
Quad Cities 2,2008-04-01,614073,0.03811273957595378
Quad Cities 2,2008-05-01,646588,0.044706109119057834
Quad Cities 2,2008-06-01,626776,0.04635445150483384
Quad Cities 2,2008-07-01,646035,-0.1211751312820142
Quad Cities 2,2008-08-01,639910,-0.12447181605356622
Quad Cities 2,2008-09-01,621339,-0.1228234736677902
Quad Cities 2,2008-10-01,639461,-0.19160334202220416
Quad Cities 2,2008-11-01,627068,-0.19325168440798018
Quad Cities 2,2008-12-01,402932,-0.21632847780884434
Quad Cities 2,2009-01-01,649194,-0.17839609122639635
Quad Cities 2,2009-02-01,582841,-0.1767477488406203
Quad Cities 2,2009-03-01,644086,-0.18004443361217234
Quad Cities 2,2009-04-01,590110,-0.1746242418753624
Quad Cities 2,2009-05-01,664155,-0.1746242418753624
Quad Cities 2,2009-06-01,638223,-0.1729758994895864
Quad Cities 2,2009-07-01,660275,-0.037531486282027515
Quad Cities 2,2009-08-01,659578,-0.03423480151047549
Quad Cities 2,2009-09-01,638033,-0.03423480151047549
Quad Cities 2,2009-10-01,668637,-0.07480667952114121
Quad Cities 2,2009-11-01,648497,-0.07975170667846924
Quad Cities 2,2009-12-01,669811,-0.08799341860734931
River Bend 1,2007-01-01,725147,-0.7273971949999812
River Bend 1,2007-02-01,661186,-0.7016143966194208
River Bend 1,2007-03-01,711238,-0.742410823126805
River Bend 1,2007-04-01,549766,-0.6868268133975928
River Bend 1,2007-05-01,418966,-0.6580724596109297
River Bend 1,2007-06-01,426290,-0.7662447622854778
River Bend 1,2007-07-01,723145,-0.7491997099099807
River Bend 1,2007-08-01,716879,-0.7688286967169773
River Bend 1,2007-09-01,598654,-0.8025693099908989
River Bend 1,2007-10-01,579550,-0.8143034648169459
River Bend 1,2007-11-01,422760,-0.8189188234971188
River Bend 1,2007-12-01,650988,-0.687935277848113
River Bend 1,2008-01-01,110735,-1.104356805937151
River Bend 1,2008-02-01,-8132,-0.981286066151074
River Bend 1,2008-03-01,342423,-1.043294941389278
River Bend 1,2008-04-01,712110,-0.8296019180501644
River Bend 1,2008-05-01,720704,-0.8513004586033649
River Bend 1,2008-06-01,671406,-0.7822807791621308
River Bend 1,2008-07-01,727695,-0.7189835711971628
River Bend 1,2008-08-01,718214,-0.728479838983915
River Bend 1,2008-09-01,153794,-0.7291162902174072
River Bend 1,2008-10-01,735665,-0.17166258495227227
River Bend 1,2008-11-01,716106,-0.16704722627209942
River Bend 1,2008-12-01,733145,-0.16550877337870845
River Bend 1,2009-01-01,739478,-0.033896413783158726
River Bend 1,2009-02-01,661218,-0.02222524186952338
River Bend 1,2009-03-01,732687,-0.07161593450376093
River Bend 1,2009-04-01,709686,0.017229153260128034
River Bend 1,2009-05-01,725329,0.008634887133274587
River Bend 1,2009-06-01,696111,9.426226663198635e-4
River Bend 1,2009-07-01,723627,-0.09018282792577831
River Bend 1,2009-08-01,715246,-0.09633663949934208
River Bend 1,2009-09-01,422217,-0.08158856179892486
River Bend 1,2009-10-01,270360,-0.10513466651967555
River Bend 1,2009-11-01,703396,-0.06975024997168382
River Bend 1,2009-12-01,734015,-0.056806175591064025
Salem 1,2007-01-01,881780,0.6750004786188257
Salem 1,2007-02-01,796138,0.6750004786188257
Salem 1,2007-03-01,710450,0.6750004786188257
Salem 1,2007-04-01,109114,0.614331660973572
Salem 1,2007-05-01,769769,0.5927033447378265
Salem 1,2007-06-01,842543,0.5927033447378265
Salem 1,2007-07-01,860262,0.563059998855782
Salem 1,2007-08-01,855700,0.563059998855782
Salem 1,2007-09-01,832619,0.563059998855782
Salem 1,2007-10-01,873109,-0.42869903599051823
Salem 1,2007-11-01,854429,-0.42869903599051823
Salem 1,2007-12-01,772595,-0.42869903599051823
Salem 1,2008-01-01,853080,0.22806755597948086
Salem 1,2008-02-01,825442,0.22806755597948086
Salem 1,2008-03-01,838924,0.22806755597948086
Salem 1,2008-04-01,844147,0.33422257211567685
Salem 1,2008-05-01,874438,0.33422257211567685
Salem 1,2008-06-01,838918,0.33422257211567685
Salem 1,2008-07-01,852442,0.2369822397242313
Salem 1,2008-08-01,857218,0.2369822397242313
Salem 1,2008-09-01,826932,0.2369822397242313
Salem 1,2008-10-01,381228,0.25911182401951477
Salem 1,2008-11-01,455611,0.2963930730355306
Salem 1,2008-12-01,879033,0.2902392614619668
Salem 1,2009-01-01,886849,0.2589165060905469
Salem 1,2009-02-01,799384,0.2666087705575016
Salem 1,2009-03-01,802826,0.2666087705575016
Salem 1,2009-04-01,850961,0.22559397982250862
Salem 1,2009-05-01,867338,0.22559397982250862
Salem 1,2009-06-01,834949,0.22559397982250862
Salem 1,2009-07-01,863068,0.23656469294792015
Salem 1,2009-08-01,857139,0.23656469294792015
Salem 1,2009-09-01,836123,0.23656469294792015
Salem 1,2009-10-01,880944,0.2099312328727249
Salem 1,2009-11-01,856998,0.2099312328727249
Salem 1,2009-12-01,885178,0.2099312328727249
Salem 2,2007-01-01,860562,0.7243272992021105
Salem 2,2007-02-01,776504,0.7335580165624562
Salem 2,2007-03-01,859205,0.738173375242629
Salem 2,2007-04-01,827037,0.6205520590352643
Salem 2,2007-05-01,623217,0.6205520590352643
Salem 2,2007-06-01,750906,0.6205520590352643
Salem 2,2007-07-01,837797,0.5536999966628904
Salem 2,2007-08-01,791692,0.5536999966628904
Salem 2,2007-09-01,806933,0.5536999966628904
Salem 2,2007-10-01,844959,0.4732250985810308
Salem 2,2007-11-01,831585,0.4732250985810308
Salem 2,2007-12-01,858996,0.4732250985810308
Salem 2,2008-01-01,859116,0.4812277704448172
Salem 2,2008-02-01,796848,0.4812277704448172
Salem 2,2008-03-01,257629,0.4704586001910806
Salem 2,2008-04-01,-2471,0.34527121769154684
Salem 2,2008-05-01,424116,0.33450204743781026
Salem 2,2008-06-01,823341,0.33757895322459214
Salem 2,2008-07-01,848516,0.3182405123173331
Salem 2,2008-08-01,860334,0.3290096825710697
Salem 2,2008-09-01,805667,0.3290096825710697
Salem 2,2008-10-01,840534,0.15485108195526318
Salem 2,2008-11-01,817708,0.13702609846806404
Salem 2,2008-12-01,879655,0.15177417616848127
Salem 2,2009-01-01,886912,0.12531186199926467
Salem 2,2009-02-01,796505,0.11915805042570089
Salem 2,2009-03-01,879132,0.1330041264662194
Salem 2,2009-04-01,850592,0.3485859819703626
Salem 2,2009-05-01,866404,0.3470475290769717
Salem 2,2009-06-01,837680,0.33627835882323504
Salem 2,2009-07-01,862960,0.3224887232019491
Salem 2,2009-08-01,859329,0.3194118174151672
Salem 2,2009-09-01,837062,0.31171955294821246
Salem 2,2009-10-01,350288,0.24087119756846248
Salem 2,2009-11-01,518973,0.32331120257808127
Salem 2,2009-12-01,881663,0.32331120257808127
Seabrook 1,2007-01-01,877980,-0.16208309259561438
Seabrook 1,2007-02-01,836094,-0.15131392234187777
Seabrook 1,2007-03-01,871034,-0.15439082812865965
Seabrook 1,2007-04-01,856511,-0.0803279162043367
Seabrook 1,2007-05-01,927331,-0.07878946331094575
Seabrook 1,2007-06-01,897115,-0.0772510104175548
Seabrook 1,2007-07-01,926577,-0.03451920004625006
Seabrook 1,2007-08-01,925890,-0.03451920004625006
Seabrook 1,2007-09-01,896620,-0.03451920004625006
Seabrook 1,2007-10-01,925105,-0.039081112747937685
Seabrook 1,2007-11-01,897572,-0.039081112747937685
Seabrook 1,2007-12-01,926055,-0.039081112747937685
Seabrook 1,2008-01-01,567522,-0.0990394206727951
Seabrook 1,2008-02-01,840007,-0.10048172026034911
Seabrook 1,2008-03-01,922125,-0.0990394206727951
Seabrook 1,2008-04-01,0,-0.3142577042471225
Seabrook 1,2008-05-01,667538,-0.2809148439773224
Seabrook 1,2008-06-01,856165,-0.2780302448022144
Seabrook 1,2008-07-01,927107,-0.35505804200130536
Seabrook 1,2008-08-01,925640,-0.35505804200130536
Seabrook 1,2008-09-01,896541,-0.3536157424137513
Seabrook 1,2008-10-01,926492,-0.33609322844144524
Seabrook 1,2008-11-01,895088,-0.33609322844144524
Seabrook 1,2008-12-01,926089,-0.33609322844144524
Seabrook 1,2009-01-01,924993,-0.18343060310056739
Seabrook 1,2009-02-01,836579,-0.18343060310056739
Seabrook 1,2009-03-01,925103,-0.18198830351301337
Seabrook 1,2009-04-01,896458,0.023534433382669806
Seabrook 1,2009-05-01,926038,0.023534433382669806
Seabrook 1,2009-06-01,896326,0.023534433382669806
Seabrook 1,2009-07-01,926131,0.020569009357261275
Seabrook 1,2009-08-01,926113,0.020569009357261275
Seabrook 1,2009-09-01,892480,0.020569009357261275
Seabrook 1,2009-10-01,0,0.0052060522061958105
Seabrook 1,2009-11-01,340343,0.01858242769766354
Seabrook 1,2009-12-01,326109,0.020024727285217547
Sequoyah 1,2007-01-01,873798,0.11667484574015265
Sequoyah 1,2007-02-01,789965,0.10911504584715709
Sequoyah 1,2007-03-01,873628,0.10155524595416156
Sequoyah 1,2007-04-01,839999,0.10103038146411657
Sequoyah 1,2007-05-01,867914,0.09773369669256454
Sequoyah 1,2007-06-01,833030,0.10364515419978405
Sequoyah 1,2007-07-01,853614,0.5345500759237318
Sequoyah 1,2007-08-01,846306,0.5290327155836602
Sequoyah 1,2007-09-01,728409,0.5204384494568068
Sequoyah 1,2007-10-01,59250,0.6999535557333421
Sequoyah 1,2007-11-01,316889,0.7993713922353094
Sequoyah 1,2007-12-01,875486,0.804888752575381
Sequoyah 1,2008-01-01,813318,0.6747641414436727
Sequoyah 1,2008-02-01,818537,0.7014489414841317
Sequoyah 1,2008-03-01,873506,0.7014489414841317
Sequoyah 1,2008-04-01,845040,0.7762920560962471
Sequoyah 1,2008-05-01,862205,0.7716766974160743
Sequoyah 1,2008-06-01,832788,0.7661593370760027
Sequoyah 1,2008-07-01,848824,0.4250857064631287
Sequoyah 1,2008-08-01,848284,0.41956834612305716
Sequoyah 1,2008-09-01,845702,0.4250857064631287
Sequoyah 1,2008-10-01,853882,0.5939649797693949
Sequoyah 1,2008-11-01,845304,0.6080766062363199
Sequoyah 1,2008-12-01,877411,0.5955034326627858
Sequoyah 1,2009-01-01,877438,0.3743185452544793
Sequoyah 1,2009-02-01,792149,0.3758569981478702
Sequoyah 1,2009-03-01,708181,0.2982430525797826
Sequoyah 1,2009-04-01,0,0.18570894323180248
Sequoyah 1,2009-05-01,708113,0.17844728323424208
Sequoyah 1,2009-06-01,813571,0.17690883034085114
Sequoyah 1,2009-07-01,837311,0.1462398824261018
Sequoyah 1,2009-08-01,841201,0.12353398983232333
Sequoyah 1,2009-09-01,819896,0.1462398824261018
Sequoyah 1,2009-10-01,852205,0.11814304258452547
Sequoyah 1,2009-11-01,846398,0.11968149547791641
Sequoyah 1,2009-12-01,865712,0.11416413513784486
Sequoyah 2,2007-01-01,804057,0.31749705396395866
Sequoyah 2,2007-02-01,781245,0.31914539634973466
Sequoyah 2,2007-03-01,799822,0.31914539634973466
Sequoyah 2,2007-04-01,828097,0.32350729753803587
Sequoyah 2,2007-05-01,855223,0.3218589551522599
Sequoyah 2,2007-06-01,821029,0.3218589551522599
Sequoyah 2,2007-07-01,837947,0.7485424457913809
Sequoyah 2,2007-08-01,829779,0.7470039928979899
Sequoyah 2,2007-08-01,829779,0.37299208082286855
Sequoyah 2,2007-09-01,805862,0.7470039928979899
Sequoyah 2,2007-10-01,839258,0.659326150751447
Sequoyah 2,2007-11-01,826455,0.659326150751447
Sequoyah 2,2007-12-01,863623,0.659326150751447
Sequoyah 2,2008-01-01,865852,0.680263431460198
Sequoyah 2,2008-02-01,808068,0.678724978566807
Sequoyah 2,2008-03-01,861654,0.6732076182267355
Sequoyah 2,2008-04-01,773355,0.7186393492867345
Sequoyah 2,2008-05-01,85192,0.7226182567334151
Sequoyah 2,2008-06-01,671463,0.7226182567334151
Sequoyah 2,2008-07-01,832792,0.3745305337162595
Sequoyah 2,2008-09-01,793745,0.37299208082286855
Sequoyah 2,2008-10-01,861163,0.3919725531668659
Sequoyah 2,2008-11-01,525834,0.3919725531668659
Sequoyah 2,2008-12-01,864403,0.3919725531668659
Sequoyah 2,2009-01-01,863074,0.13568102518549136
Sequoyah 2,2009-02-01,777733,0.1372194780788823
Sequoyah 2,2009-03-01,740037,0.13568102518549136
Sequoyah 2,2009-04-01,821378,0.03270998379782142
Sequoyah 2,2009-05-01,742931,0.034248436691212365
Sequoyah 2,2009-06-01,801392,0.034248436691212365
Sequoyah 2,2009-07-01,820792,-0.027625530253731104
Sequoyah 2,2009-08-01,825239,-0.029163983147122045
Sequoyah 2,2009-09-01,805581,-0.032240888933903936
Sequoyah 2,2009-10-01,678295,0.05647358837233791
Sequoyah 2,2009-11-01,64265,0.06491289590870407
Sequoyah 2,2009-12-01,851644,0.0666063073925823
Shearon Harris 1,2007-01-01,691771,0.006330615881324316
Shearon Harris 1,2007-02-01,626054,0.007978958267100324
Shearon Harris 1,2007-03-01,685273,0.007978958267100324
Shearon Harris 1,2007-04-01,660878,0.10930064459731034
Shearon Harris 1,2007-05-01,678022,0.10930064459731034
Shearon Harris 1,2007-06-01,648431,0.11094898698308635
Shearon Harris 1,2007-07-01,666547,0.22721085831801563
Shearon Harris 1,2007-08-01,661605,0.2256724054246247
Shearon Harris 1,2007-09-01,600239,0.2256724054246247
Shearon Harris 1,2007-10-01,137065,0.06831546616121367
Shearon Harris 1,2007-11-01,667641,0.06523856037443178
Shearon Harris 1,2007-12-01,679524,0.06677701326782272
Shearon Harris 1,2008-01-01,692158,-0.07370334408136814
Shearon Harris 1,2008-02-01,644233,-0.07370334408136814
Shearon Harris 1,2008-03-01,684058,-0.07370334408136814
Shearon Harris 1,2008-04-01,661179,-0.06973870560960779
Shearon Harris 1,2008-05-01,679592,-0.06973870560960779
Shearon Harris 1,2008-06-01,648293,-0.06973870560960779
Shearon Harris 1,2008-07-01,672513,-0.08210938259541833
Shearon Harris 1,2008-08-01,436426,-0.08518628838220021
Shearon Harris 1,2008-09-01,656281,-0.0805709297020274
Shearon Harris 1,2008-10-01,686147,-0.04710681282514525
Shearon Harris 1,2008-11-01,668900,-0.04864526571853619
Shearon Harris 1,2008-12-01,691631,-0.04710681282514525
Shearon Harris 1,2009-01-01,693809,0.10616532278090439
Shearon Harris 1,2009-02-01,624890,0.10616532278090439
Shearon Harris 1,2009-03-01,688165,0.10616532278090439
Shearon Harris 1,2009-04-01,342241,0.051261006916218314
Shearon Harris 1,2009-05-01,441456,0.052799459809609255
Shearon Harris 1,2009-06-01,659020,0.054337912703000195
Shearon Harris 1,2009-07-01,680311,0.08210302076805681
Shearon Harris 1,2009-08-01,678090,0.08210302076805681
Shearon Harris 1,2009-09-01,657569,0.07902611498127493
Shearon Harris 1,2009-10-01,689492,-0.08659644687376894
Shearon Harris 1,2009-11-01,551057,-0.08813489976715988
Shearon Harris 1,2009-12-01,697061,-0.08659644687376894
South Texas Project 2,2007-01-01,959809,0.3648750036927738
South Texas Project 2,2007-02-01,849675,0.3633365507993829
South Texas Project 2,2007-03-01,621684,0.36179809790599193
South Texas Project 2,2007-04-01,45675,0.3599110860902673
South Texas Project 2,2007-05-01,998768,0.3568341803034854
South Texas Project 2,2007-06-01,957439,0.35837263319687634
South Texas Project 2,2007-07-01,988940,0.3460698155158093
South Texas Project 2,2007-08-01,968114,0.34453136262241835
South Texas Project 2,2007-09-01,957466,0.3460698155158093
South Texas Project 2,2007-10-01,999402,0.14692059750792616
South Texas Project 2,2007-11-01,978561,0.14692059750792616
South Texas Project 2,2007-12-01,1013366,0.1484590504013171
South Texas Project 2,2008-01-01,1014997,0.2407581833702656
South Texas Project 2,2008-02-01,947698,0.23921973047687467
South Texas Project 2,2008-03-01,1009014,0.23921973047687467
South Texas Project 2,2008-04-01,970557,0.08602827130650423
South Texas Project 2,2008-05-01,998585,0.08756672419989517
South Texas Project 2,2008-06-01,954847,0.08910517709328612
South Texas Project 2,2008-07-01,984196,0.1704642167670757
South Texas Project 2,2008-08-01,983724,0.16892576387368477
South Texas Project 2,2008-09-01,923016,0.1704642167670757
South Texas Project 2,2008-10-01,96883,0.06064924286434549
South Texas Project 2,2008-11-01,827525,0.06064924286434549
South Texas Project 2,2008-12-01,1014971,0.05911078997095454
South Texas Project 2,2009-01-01,1013340,0.10989824086525897
South Texas Project 2,2009-02-01,906105,0.11297514665204086
South Texas Project 2,2009-03-01,999048,0.11143669375864992
South Texas Project 2,2009-04-01,965298,0.011271983559088096
South Texas Project 2,2009-05-01,986761,0.012810436452479044
South Texas Project 2,2009-06-01,945249,0.011271983559088096
South Texas Project 2,2009-07-01,972075,0.003973903717919509
South Texas Project 2,2009-08-01,971735,0.003973903717919509
South Texas Project 2,2009-09-01,568589,0.0024354508245285618
South Texas Project 2,2009-10-01,987917,0.11433912620031339
South Texas Project 2,2009-11-01,973351,0.11280067330692245
South Texas Project 2,2009-12-01,1014447,0.11433912620031339
St Lucie 2,2007-01-01,623612,0.03683884549112928
St Lucie 2,2007-02-01,565266,0.04508055742000934
St Lucie 2,2007-03-01,622505,0.04343221503423332
St Lucie 2,2007-04-01,603075,-0.027377162093639516
St Lucie 2,2007-05-01,619413,-0.027377162093639516
St Lucie 2,2007-06-01,598187,-0.027377162093639516
St Lucie 2,2007-07-01,616809,0.06636725850960996
St Lucie 2,2007-08-01,346600,0.06790571140300092
St Lucie 2,2007-09-01,574988,0.06790571140300092
St Lucie 2,2007-10-01,-2351,0.06459036306770499
St Lucie 2,2007-11-01,-2235,0.06459036306770499
St Lucie 2,2007-12-01,-12133,0.06459036306770499
St Lucie 2,2008-01-01,472326,0.008816807547372676
St Lucie 2,2008-02-01,429137,0.010355260440763623
St Lucie 2,2008-03-01,629882,0.008816807547372676
St Lucie 2,2008-04-01,612585,-0.1713735000042481
St Lucie 2,2008-05-01,635213,-0.1682965942174662
St Lucie 2,2008-06-01,524943,-0.1959887462985032
St Lucie 2,2008-07-01,637515,-0.13465678340936094
St Lucie 2,2008-08-01,635002,-0.14081059498292472
St Lucie 2,2008-09-01,612128,-0.14234904787631567
St Lucie 2,2008-10-01,635653,-0.06610846393673753
St Lucie 2,2008-11-01,621803,-0.06764691683012847
St Lucie 2,2008-12-01,641104,-0.059954652363173745
St Lucie 2,2009-01-01,642355,0.009550683024055501
St Lucie 2,2009-02-01,581625,0.011089135917446449
St Lucie 2,2009-03-01,616232,0.018781400384401174
St Lucie 2,2009-04-01,454783,-0.02720476987309928
St Lucie 2,2009-05-01,-2817,-0.11016154942518766
St Lucie 2,2009-06-01,307367,-0.034897034340054006
St Lucie 2,2009-07-01,285146,-0.11275703571798973
St Lucie 2,2009-08-01,621478,-0.11275703571798973
St Lucie 2,2009-09-01,194370,-0.11121858282459877
St Lucie 2,2009-10-01,634217,-0.2027416703410622
St Lucie 2,2009-11-01,617966,-0.2027416703410622
St Lucie 2,2009-12-01,642974,-0.20889548191462595
Summer,2007-01-01,731289,0.10954858117836334
Summer,2007-02-01,596857,0.1029552116352593
Summer,2007-03-01,729464,0.10130686924948328
Summer,2007-04-01,700747,0.17743021622615535
Summer,2007-05-01,725676,0.17907855861193134
Summer,2007-06-01,694760,0.1741335314546033
Summer,2007-07-01,723191,0.3151153566122256
Summer,2007-08-01,720030,0.31973071529239844
Summer,2007-09-01,698487,0.3181922623990075
Summer,2007-10-01,724959,0.4549087594623245
Summer,2007-11-01,704920,0.4579856652491064
Summer,2007-12-01,728658,0.4441395892085879
Summer,2008-01-01,556991,0.28193992750983815
Summer,2008-02-01,651692,0.29732445644374755
Summer,2008-03-01,727881,0.2957860035503566
Summer,2008-04-01,574748,0.2409110781865924
Summer,2008-05-01,0,0.2134039942749884
Summer,2008-06-01,358159,0.22489009801919074
Summer,2008-07-01,723084,0.29805032101191253
Summer,2008-08-01,721789,0.2918965094383488
Summer,2008-09-01,700482,0.2995887739053035
Summer,2008-10-01,727468,0.21712927373408678
Summer,2008-11-01,706459,0.2257235398609402
Summer,2008-12-01,729348,0.21866772662747772
Summer,2009-01-01,729027,0.30539437381887813
Summer,2009-02-01,658963,0.30231746803209625
Summer,2009-03-01,730125,0.30693282671226907
Summer,2009-04-01,706936,0.35933913349867735
Summer,2009-05-01,727749,0.35933913349867735
Summer,2009-06-01,699952,0.3608775863920683
Summer,2009-07-01,719799,0.47602062857356403
Summer,2009-08-01,718259,0.47755908146695497
Summer,2009-09-01,699906,0.47602062857356403
Summer,2009-10-01,70076,0.3782302130406011
Summer,2009-11-01,0,0.3931508053227192
Summer,2009-12-01,411251,0.36528613865998133
Surry 1,2007-01-01,546272,0.1534101411590431
Surry 1,2007-02-01,546260,0.1517617987732671
Surry 1,2007-03-01,605086,0.1517617987732671
Surry 1,2007-04-01,586027,0.21687613372758793
Surry 1,2007-05-01,599898,0.21920638814924848
Surry 1,2007-06-01,580894,0.21261301860614443
Surry 1,2007-07-01,598461,0.11294732310097781
Surry 1,2007-08-01,597227,0.1160242288877597
Surry 1,2007-09-01,578839,0.12371649335471442
Surry 1,2007-10-01,384036,0.2115860652199472
Surry 1,2007-11-01,0,0.25338886810839095
Surry 1,2007-12-01,572203,0.26171855946835615
Surry 1,2008-01-01,603229,0.22241897887837114
Surry 1,2008-02-01,563355,0.22549588466515302
Surry 1,2008-03-01,603070,0.22703433755854396
Surry 1,2008-04-01,477734,0.06224433573674915
Surry 1,2008-05-01,598486,0.05301361837640349
Surry 1,2008-06-01,577446,0.06070588284335821
Surry 1,2008-07-01,595324,0.1719980058917462
Surry 1,2008-08-01,594756,0.1519981182776639
Surry 1,2008-09-01,577916,0.12122906040984502
Surry 1,2008-10-01,512783,0.04200442362621165
Surry 1,2008-11-01,582880,0.07481726721752206
Surry 1,2008-12-01,603523,0.07585038728081243
Surry 1,2009-01-01,602829,0.1504660447209189
Surry 1,2009-02-01,544680,0.13906042323369008
Surry 1,2009-03-01,602783,0.10059910089891647
Surry 1,2009-04-01,348311,0.21487302083623963
Surry 1,2009-05-01,369909,0.15577535965389153
Surry 1,2009-06-01,578804,0.17423679437458284
Surry 1,2009-07-01,596176,0.18006507970755023
Surry 1,2009-08-01,593658,0.18468043838772305
Surry 1,2009-09-01,577778,0.18006507970755023
Surry 1,2009-10-01,600064,0.1104251033070833
Surry 1,2009-11-01,581218,0.07394973094424971
Surry 1,2009-12-01,601137,0.08119449833265535
Surry 2,2007-01-01,606134,0.1482031146491836
Surry 2,2007-02-01,547627,0.1900298026882499
Surry 2,2007-03-01,606895,0.18426060433803385
Surry 2,2007-04-01,587033,0.24116992544937338
Surry 2,2007-05-01,588169,0.22674692957383327
Surry 2,2007-06-01,581792,0.24116992544937338
Surry 2,2007-07-01,599273,-0.03073923934751751
Surry 2,2007-08-01,596637,-0.03795073728528756
Surry 2,2007-09-01,579818,-0.058142931511043716
Surry 2,2007-10-01,601327,0.16571951953589084
Surry 2,2007-11-01,586204,0.17725791623632292
Surry 2,2007-12-01,605436,0.27677658777754965
Surry 2,2008-01-01,605791,0.26744983426069086
Surry 2,2008-02-01,565203,0.3020650243619871
Surry 2,2008-03-01,604691,0.23571924333450262
Surry 2,2008-04-01,494845,0.3030009802985987
Surry 2,2008-05-01,195491,0.3405007695750029
Surry 2,2008-06-01,579087,0.3405007695750029
Surry 2,2008-07-01,596924,0.40723030520233067
Surry 2,2008-08-01,596266,0.43751859654096487
Surry 2,2008-09-01,576657,0.4288647990156408
Surry 2,2008-10-01,600649,0.3233367095598996
Surry 2,2008-11-01,585924,0.3074714140968055
Surry 2,2008-12-01,605309,0.3017022157465895
Surry 2,2009-01-01,605116,0.3108150964818771
Surry 2,2009-02-01,546055,0.3108150964818771
Surry 2,2009-03-01,604676,0.32235349318230916
Surry 2,2009-04-01,585025,0.2890020711026841
Surry 2,2009-05-01,601659,0.27457907522714403
Surry 2,2009-06-01,579904,0.2875597715151301
Surry 2,2009-07-01,597292,0.23021577629043263
Surry 2,2009-08-01,594066,0.20917795550852145
Surry 2,2009-09-01,579603,0.20281208412690643
Surry 2,2009-10-01,548841,0.0866885259167844
Surry 2,2009-11-01,108,0.11553451766786461
Surry 2,2009-12-01,569950,0.0944966968859534
Susquehanna 1,2007-01-01,863399,-0.22279013157028582
Susquehanna 1,2007-02-01,772331,-0.22279013157028582
Susquehanna 1,2007-03-01,854565,-0.22279013157028582
Susquehanna 1,2007-04-01,814843,-0.09790799998248464
Susquehanna 1,2007-05-01,846830,-0.09790799998248464
Susquehanna 1,2007-06-01,805069,-0.09790799998248464
Susquehanna 1,2007-07-01,832596,-0.004591206274873126
Susquehanna 1,2007-08-01,830999,-0.004591206274873126
Susquehanna 1,2007-09-01,810074,-0.004591206274873126
Susquehanna 1,2007-10-01,336031,0.22407611300519753
Susquehanna 1,2007-11-01,828321,0.2225376601118066
Susquehanna 1,2007-12-01,861275,0.21946075432502468
Susquehanna 1,2008-01-01,862093,0.19954399056727937
Susquehanna 1,2008-02-01,799404,0.19954399056727937
Susquehanna 1,2008-03-01,80079,0.2010824434606703
Susquehanna 1,2008-04-01,313259,0.24926870932779988
Susquehanna 1,2008-05-01,878072,0.25188135805743134
Susquehanna 1,2008-06-01,828297,0.2503429051640404
Susquehanna 1,2008-07-01,868130,0.05502834197010831
Susquehanna 1,2008-08-01,833498,0.051951436183326406
Susquehanna 1,2008-09-01,852863,0.051951436183326406
Susquehanna 1,2008-10-01,895802,0.14336270470805698
Susquehanna 1,2008-11-01,868584,0.14336270470805698
Susquehanna 1,2008-12-01,903730,0.14490115760144792
Susquehanna 1,2009-01-01,904413,0.23931619664079645
Susquehanna 1,2009-02-01,822545,0.23931619664079645
Susquehanna 1,2009-03-01,904595,0.23931619664079645
Susquehanna 1,2009-04-01,859333,0.26953243645303937
Susquehanna 1,2009-05-01,870602,0.26953243645303937
Susquehanna 1,2009-06-01,852104,0.26953243645303937
Susquehanna 1,2009-07-01,878718,0.5641912100589895
Susquehanna 1,2009-08-01,873751,0.5641912100589895
Susquehanna 1,2009-09-01,850256,0.5626527571655986
Susquehanna 1,2009-10-01,893047,0.4497118752186005
Susquehanna 1,2009-11-01,873873,0.44817342232520957
Susquehanna 1,2009-12-01,892293,0.4497118752186005
Susquehanna 2,2007-01-01,860879,0.03529249271570919
Susquehanna 2,2007-02-01,784703,0.036940835101485194
Susquehanna 2,2007-03-01,55321,0.13913806301959794
Susquehanna 2,2007-04-01,348275,0.006065217663740986
Susquehanna 2,2007-05-01,856832,0.004416875277964971
Susquehanna 2,2007-06-01,818470,0.006065217663740986
Susquehanna 2,2007-07-01,843973,0.1333981942143721
Susquehanna 2,2007-08-01,838360,0.1333981942143721
Susquehanna 2,2007-09-01,819405,0.1333981942143721
Susquehanna 2,2007-10-01,845546,0.15972692136940417
Susquehanna 2,2007-11-01,839646,0.15972692136940417
Susquehanna 2,2007-12-01,870159,0.15972692136940417
Susquehanna 2,2008-01-01,869573,0.22540244827327235
Susquehanna 2,2008-02-01,810863,0.22540244827327235
Susquehanna 2,2008-03-01,862551,0.22386399537988141
Susquehanna 2,2008-04-01,821938,0.40168486948885435
Susquehanna 2,2008-05-01,856870,0.40168486948885435
Susquehanna 2,2008-06-01,806955,0.40168486948885435
Susquehanna 2,2008-07-01,834911,0.28169265958140216
Susquehanna 2,2008-08-01,838954,0.28169265958140216
Susquehanna 2,2008-09-01,809897,0.28169265958140216
Susquehanna 2,2008-10-01,855860,0.24168970740145412
Susquehanna 2,2008-11-01,825303,0.24168970740145412
Susquehanna 2,2008-12-01,862328,0.24168970740145412
Susquehanna 2,2009-01-01,867414,0.30811049589288764
Susquehanna 2,2009-02-01,780150,0.30503359010610576
Susquehanna 2,2009-03-01,822094,0.3096489487862786
Susquehanna 2,2009-04-01,145012,0.32181335275845746
Susquehanna 2,2009-05-01,317603,0.3202748998650665
Susquehanna 2,2009-06-01,837670,0.3202748998650665
Susquehanna 2,2009-07-01,878089,0.5465201216298483
Susquehanna 2,2009-08-01,871679,0.5465201216298483
Susquehanna 2,2009-09-01,844134,0.5449816687364574
Susquehanna 2,2009-10-01,890753,0.6663070114471299
Susquehanna 2,2009-11-01,865602,0.6601531998735661
Susquehanna 2,2009-12-01,890927,0.6678454643405208
Turkey Point 3,2007-01-01,540574,0.02929570705479878
Turkey Point 3,2007-02-01,432005,0.026731618899147203
Turkey Point 3,2007-03-01,535937,0.021603442587844055
Turkey Point 3,2007-04-01,516166,-0.01080713086642338
Turkey Point 3,2007-05-01,518558,-0.01080713086642338
Turkey Point 3,2007-06-01,508526,-0.012345583759814328
Turkey Point 3,2007-07-01,415900,0.030663583725791622
Turkey Point 3,2007-08-01,518164,0.03354818290089964
Turkey Point 3,2007-09-01,502589,0.034990482488453656
Turkey Point 3,2007-10-01,530489,0.036451700292354186
Turkey Point 3,2007-11-01,522538,0.029836875385983085
Turkey Point 3,2007-12-01,536658,0.027548949242274013
Turkey Point 3,2008-01-01,542495,0.046085015849044474
Turkey Point 3,2008-02-01,440643,0.043200416673936454
Turkey Point 3,2008-03-01,484419,0.04752731543659848
Turkey Point 3,2008-04-01,519425,0.0953584664805278
Turkey Point 3,2008-05-01,527788,0.0887436415741567
Turkey Point 3,2008-06-01,476244,0.09680076606808181
Turkey Point 3,2008-07-01,521209,0.10877584011442651
Turkey Point 3,2008-08-01,521333,0.045911331293449
Turkey Point 3,2008-09-01,509882,0.11225711232093348
Turkey Point 3,2008-10-01,532536,0.17004827305666706
Turkey Point 3,2008-11-01,523407,0.1743751718193291
Turkey Point 3,2008-12-01,540150,0.18014437016954515
Turkey Point 3,2009-01-01,540620,0.1976802760224235
Turkey Point 3,2009-02-01,487192,0.2057374005163486
Turkey Point 3,2009-03-01,248366,0.2042951009287946
Turkey Point 3,2009-04-01,-5106,0.277460292236577
Turkey Point 3,2009-05-01,334517,0.27153285158243684
Turkey Point 3,2009-06-01,506549,0.27153285158243684
Turkey Point 3,2009-07-01,519616,0.09264567649283935
Turkey Point 3,2009-08-01,520395,0.10274177360571743
Turkey Point 3,2009-09-01,506735,0.09468464911179232
Turkey Point 3,2009-10-01,526981,0.09934989855703429
Turkey Point 3,2009-11-01,520413,0.09273507365066319
Turkey Point 3,2009-12-01,537911,0.08696587530044714
Turkey Point 4,2007-01-01,535300,-0.05907031670875851
Turkey Point 4,2007-02-01,485786,-0.05907031670875851
Turkey Point 4,2007-03-01,524469,-0.05907031670875851
Turkey Point 4,2007-04-01,495699,0.05777873986297075
Turkey Point 4,2007-05-01,530455,0.05777873986297075
Turkey Point 4,2007-06-01,223014,0.05777873986297075
Turkey Point 4,2007-07-01,518932,-0.05470978734626627
Turkey Point 4,2007-08-01,518646,-0.05317133445287532
Turkey Point 4,2007-09-01,23915,-0.060227147686337835
Turkey Point 4,2007-10-01,230796,0.038335430412181556
Turkey Point 4,2007-11-01,522538,0.0367969775187906
Turkey Point 4,2007-12-01,539250,0.03218161883861777
Turkey Point 4,2008-01-01,539668,0.012574899191594536
Turkey Point 4,2008-02-01,437870,0.015651804978376423
Turkey Point 4,2008-03-01,494696,0.015651804978376423
Turkey Point 4,2008-04-01,-1566,-0.1487514960463246
Turkey Point 4,2008-05-01,303076,-0.09812543506643799
Turkey Point 4,2008-06-01,509877,-0.09197162349287422
Turkey Point 4,2008-07-01,522635,-0.0850287538317713
Turkey Point 4,2008-08-01,378035,-0.09425947119211697
Turkey Point 4,2008-09-01,510998,-0.08195184804498941
Turkey Point 4,2008-10-01,469269,-0.10952206779136521
Turkey Point 4,2008-11-01,526098,-0.10644516200458332
Turkey Point 4,2008-12-01,542678,-0.0956759917508467
Turkey Point 4,2009-01-01,542963,0.027545784811497182
Turkey Point 4,2009-02-01,469846,0.026007331918106242
Turkey Point 4,2009-03-01,535594,0.022930426131324348
Turkey Point 4,2009-04-01,512360,0.13776797563836432
Turkey Point 4,2009-05-01,474143,0.13469106985158244
Turkey Point 4,2009-06-01,504150,0.13776797563836432
Turkey Point 4,2009-07-01,516339,0.17450940519178956
Turkey Point 4,2009-08-01,515201,0.1791247638719624
Turkey Point 4,2009-09-01,502404,0.18374012255213523
Turkey Point 4,2009-10-01,409649,0.2534010435758684
Turkey Point 4,2009-11-01,-4161,0.25021503177595505
Turkey Point 4,2009-12-01,452705,0.25891840391593995
Vogtle 1,2007-01-01,862727,0.15134670650867443
Vogtle 1,2007-01-01,862727,NA
Vogtle 1,2007-02-01,778697,0.1575005180822382
Vogtle 1,2007-03-01,852575,0.15442361229545631
Vogtle 1,2007-04-01,824352,0.12138974969802888
Vogtle 1,2007-05-01,848056,0.11831284391124698
Vogtle 1,2007-06-01,812448,0.11985129680463792
Vogtle 1,2007-07-01,837166,0.11831358120031008
Vogtle 1,2007-08-01,832095,0.11831358120031008
Vogtle 1,2007-09-01,784362,0.11985203409370102
Vogtle 1,2007-10-01,846260,0.1672548835316985
Vogtle 1,2007-11-01,827742,0.16571643063830757
Vogtle 1,2007-12-01,853806,0.1672548835316985
Vogtle 1,2008-01-01,856297,0.2315639343724919
Vogtle 1,2008-02-01,798951,0.23310238726588284
Vogtle 1,2008-03-01,383149,0.23310238726588284
Vogtle 1,2008-04-01,123134,0.10827073391089582
Vogtle 1,2008-05-01,874910,0.09904001655055014
Vogtle 1,2008-06-01,837554,0.08519394051003165
Vogtle 1,2008-07-01,864444,0.10722328025900305
Vogtle 1,2008-08-01,864190,0.10722328025900305
Vogtle 1,2008-09-01,837884,0.1056848273656121
Vogtle 1,2008-10-01,874412,0.3249043042831221
Vogtle 1,2008-11-01,854385,0.32182739849634023
Vogtle 1,2008-12-01,881116,0.3202889456029493
Vogtle 1,2009-01-01,884092,0.25231833068344434
Vogtle 1,2009-02-01,797840,0.23268934387644777
Vogtle 1,2009-03-01,879839,0.24526251744998184
Vogtle 1,2009-04-01,848717,0.10477576534255659
Vogtle 1,2009-05-01,870553,0.10477576534255659
Vogtle 1,2009-06-01,835966,0.11337003146941003
Vogtle 1,2009-07-01,864597,0.10802076203007996
Vogtle 1,2009-08-01,863616,0.10032849756312523
Vogtle 1,2009-09-01,511485,0.10494385624329808
Vogtle 1,2009-10-01,191644,0.016632265914555317
Vogtle 1,2009-11-01,854997,0.021247624594728152
Vogtle 1,2009-12-01,731652,0.0080379997877018609
Vogtle 2,2007-01-01,873716,0.21384899766180537
Vogtle 2,2007-02-01,778759,0.20525473153495194
Vogtle 2,2007-03-01,71355,0.20851975176105778
Vogtle 2,2007-04-01,-10679,0.10988194829870146
Vogtle 2,2007-05-01,729610,0.1233255006569971
Vogtle 2,2007-06-01,823748,0.12178704776360616
Vogtle 2,2007-07-01,847961,0.21092582350051067
Vogtle 2,2007-08-01,842011,0.21092582350051067
Vogtle 2,2007-09-01,821853,0.20784891771372876
Vogtle 2,2007-10-01,856773,0.11273307434575192
Vogtle 2,2007-11-01,837972,0.11978888757921444
Vogtle 2,2007-12-01,863528,0.12376779502589505
Vogtle 2,2008-01-01,866254,0.31511788378854527
Vogtle 2,2008-02-01,808523,0.32615260446868843
Vogtle 2,2008-03-01,859628,0.3246141515752975
Vogtle 2,2008-04-01,827374,0.23491890858363004
Vogtle 2,2008-05-01,850839,0.23184200279684816
Vogtle 2,2008-06-01,814472,0.23184200279684816
Vogtle 2,2008-07-01,840223,0.21882003934228536
Vogtle 2,2008-08-01,840266,0.21574313355550345
Vogtle 2,2008-09-01,321769,0.21574313355550345
Vogtle 2,2008-10-01,165615,0.5980838904558987
Vogtle 2,2008-11-01,647311,0.32073227022397777
Vogtle 2,2008-12-01,884853,0.2615797593765815
Vogtle 2,2009-01-01,887938,0.19709749536426982
Vogtle 2,2009-02-01,801367,0.25354400123196985
Vogtle 2,2009-03-01,859300,0.2240478458311354
Vogtle 2,2009-04-01,852979,0.30451212739351036
Vogtle 2,2009-05-01,873444,0.3100294877335819
Vogtle 2,2009-06-01,836764,0.2833446876931228
Vogtle 2,2009-07-01,865449,0.31404146494879254
Vogtle 2,2009-08-01,864160,0.3078876533752288
Vogtle 2,2009-09-01,813860,0.3048107475884469
Vogtle 2,2009-10-01,875832,0.27271592030241554
Vogtle 2,2009-11-01,826870,0.2641216541755621
Vogtle 2,2009-12-01,792963,0.16380181601369603
Waterford 3,2007-01-01,873838,0.3856383222022863
Waterford 3,2007-02-01,790494,0.3948464644810578
Waterford 3,2007-03-01,874510,0.3948464644810578
Waterford 3,2007-04-01,850120,0.34679201809222726
Waterford 3,2007-05-01,876268,0.3451436757064512
Waterford 3,2007-06-01,846647,0.33758387581345567
Waterford 3,2007-07-01,873150,0.39132706530145506
Waterford 3,2007-08-01,865538,0.39132706530145506
Waterford 3,2007-09-01,842467,0.3858097049613835
Waterford 3,2007-10-01,461856,0.2521607275020493
Waterford 3,2007-11-01,855618,0.28897824656275284
Waterford 3,2007-12-01,882497,0.28897824656275284
Waterford 3,2008-01-01,883274,0.366128883143567
Waterford 3,2008-02-01,827583,0.366128883143567
Waterford 3,2008-03-01,882461,0.366128883143567
Waterford 3,2008-04-01,735144,0.31939651339798625
Waterford 3,2008-05-01,-9574,0.31951239094209605
Waterford 3,2008-06-01,783968,0.33594859441820096
Waterford 3,2008-07-01,876632,0.2785027009780319
Waterford 3,2008-08-01,870746,0.276964248084641
Waterford 3,2008-09-01,564011,0.27171243817097596
Waterford 3,2008-10-01,882540,0.23397923304591708
Waterford 3,2008-11-01,856635,0.221406059472383
Waterford 3,2008-12-01,883703,0.15790374037122043
Waterford 3,2009-01-01,882541,0.10743501424240114
Waterford 3,2009-02-01,797002,0.09332338777547612
Waterford 3,2009-03-01,877283,0.0721559480750886
Waterford 3,2009-04-01,848768,0.14699495067183005
Waterford 3,2009-05-01,869165,0.11479279029129939
Waterford 3,2009-06-01,845074,0.11633124318469033
Waterford 3,2009-07-01,869340,0.049129589465085645
Waterford 3,2009-08-01,868947,-0.10302139588430757
Waterford 3,2009-09-01,843897,-0.002701557722441585
Waterford 3,2009-10-01,511632,-0.0776098082018772
Waterford 3,2009-11-01,-7361,0.03386468952267332
Waterford 3,2009-12-01,742419,0.09544306642149707
Watts Bar 1,2007-01-01,847063,-0.2410319118420039
Watts Bar 1,2007-02-01,794789,-0.27291945379976207
Watts Bar 1,2007-03-01,842491,-0.2939505110929727
Watts Bar 1,2007-04-01,842160,-0.5047750791432384
Watts Bar 1,2007-05-01,860541,-0.14190468427945227
Watts Bar 1,2007-06-01,817964,-0.16458408395843893
Watts Bar 1,2007-07-01,842218,-0.007926245919638713
Watts Bar 1,2007-08-01,822564,-0.032170591406808086
Watts Bar 1,2007-09-01,813716,-0.04474376498034218
Watts Bar 1,2007-10-01,852528,-0.024233375966213194
Watts Bar 1,2007-11-01,841477,-0.04847772145338264
Watts Bar 1,2007-12-01,872175,-0.1064626802144737
Watts Bar 1,2008-01-01,873261,-0.11038497380488076
Watts Bar 1,2008-02-01,261900,-0.09473489444456484
Watts Bar 1,2008-03-01,120189,0.32392234676239817
Watts Bar 1,2008-04-01,837789,0.020141974106715154
Watts Bar 1,2008-05-01,581768,0.027197787340177654
Watts Bar 1,2008-06-01,790206,0.024120881553395767
Watts Bar 1,2008-07-01,837210,-0.4389952001911908
Watts Bar 1,2008-08-01,563329,-0.44053365308458176
Watts Bar 1,2008-09-01,666098,-0.4374567472977999
Watts Bar 1,2008-10-01,860272,-0.39461371940206724
Watts Bar 1,2008-11-01,844163,-0.41153670122936764
Watts Bar 1,2008-12-01,876124,-0.4001310797421388
Watts Bar 1,2009-01-01,878273,-0.3905686347200439
Watts Bar 1,2009-02-01,791352,-0.3945475421667245
Watts Bar 1,2009-03-01,831643,-0.39608599506011544
Watts Bar 1,2009-04-01,840996,-0.14753503423324796
Watts Bar 1,2009-05-01,857449,-0.23926060626826057
Watts Bar 1,2009-06-01,815615,-0.233743245928189
Watts Bar 1,2009-07-01,841810,-0.17547349990106412
Watts Bar 1,2009-08-01,838200,-0.17393504700767318
Watts Bar 1,2009-09-01,534880,-0.18804667347459816
Watts Bar 1,2009-10-01,272182,-0.09994991638250907
Watts Bar 1,2009-11-01,832706,-0.1008519180424078
Watts Bar 1,2009-12-01,872359,-0.09931346514901686
Wolf Creek 1,2007-01-01,887999,0.563725398758832
Wolf Creek 1,2007-02-01,801514,0.563725398758832
Wolf Creek 1,2007-03-01,881725,0.5566695855253695
Wolf Creek 1,2007-04-01,858366,0.4575418955781435
Wolf Creek 1,2007-05-01,879108,0.46305925591821506
Wolf Creek 1,2007-06-01,847151,0.45600344268475257
Wolf Creek 1,2007-07-01,870017,0.45318405040363613
Wolf Creek 1,2007-08-01,866697,0.4516455975102452
Wolf Creek 1,2007-09-01,848194,0.45472250329702707
Wolf Creek 1,2007-10-01,882895,0.2329498402473047
Wolf Creek 1,2007-11-01,859137,0.23448829314069564
Wolf Creek 1,2007-12-01,886333,0.23756519892747752
Wolf Creek 1,2008-01-01,718760,-0.1710511246861864
Wolf Creek 1,2008-02-01,827848,-0.1679742188994045
Wolf Creek 1,2008-03-01,463799,-0.1679742188994045
Wolf Creek 1,2008-04-01,-8726,-0.2861378438702824
Wolf Creek 1,2008-05-01,437666,-0.19573853855958304
Wolf Creek 1,2008-06-01,846724,-0.19573853855958304
Wolf Creek 1,2008-07-01,870912,-0.42671787193765753
Wolf Creek 1,2008-08-01,865376,-0.4227389644909769
Wolf Creek 1,2008-09-01,847526,-0.41966205870419504
Wolf Creek 1,2008-10-01,883317,-0.12024376390228352
Wolf Creek 1,2008-11-01,858061,-0.12729957713574602
Wolf Creek 1,2008-12-01,885897,-0.11870531100889256
Wolf Creek 1,2009-01-01,885692,0.25311176539683333
Wolf Creek 1,2009-02-01,797548,0.2546502182902243
Wolf Creek 1,2009-03-01,872111,0.24759440505676175
Wolf Creek 1,2009-04-01,786064,-0.1484198954413086
Wolf Creek 1,2009-05-01,819918,-0.14995834833469954
Wolf Creek 1,2009-06-01,843949,-0.14995834833469954
Wolf Creek 1,2009-07-01,869102,-0.36822541055176705
Wolf Creek 1,2009-08-01,700728,-0.36822541055176705
Wolf Creek 1,2009-09-01,848675,-0.36668695765837606
Wolf Creek 1,2009-10-01,242473,-0.2835117795059193
Wolf Creek 1,2009-11-01,213432,-0.3003235714536059
Wolf Creek 1,2009-12-01,888856,-0.2665887976786189
