state_of_location,date,power_generated,unplanned_scrams_per_7000_critical_hours,unplanned_power_changes_per_7000_critical_hrs,unplanned_scrams_with_complications,safety_system_functional_failures_pwr,occupational_exposure_control_effectiveness,rets_odcm_radiological_effluent,mitigating_systems_performance_index,emergency_ac_power_system,mitigating_systems_performance_index_high_pressure_injection_system,mitigating_systems_performance_index_heat_removal_system,mitigating_systems_performance_index_residual_heat_removal_system,mitigating_systems_performance_index_cooling_water_systems,reactor_coolant_system_activity,reactor_coolant_system_leakage,drill_exercise_performance,ero_drill_participation,alert_notification_system
Arkansas Nuclear 1,2007-01-01,642145,0,0.8,NA,0,0,0,NA,2.15E-08,6.40E-09,-3.80E-08,-1.15E-07,-1.29E-08,0.1,1.3,97.7%,100.0%,100.0%
Arkansas Nuclear 1,2007-02-01,579996,0,0.8,NA,0,0,0,NA,2.15E-08,6.40E-09,-3.80E-08,-1.15E-07,-1.29E-08,0.1,1.2,97.7%,100.0%,100.0%
Arkansas Nuclear 1,2007-03-01,631611,0,0.8,NA,0,0,0,NA,2.15E-08,6.40E-09,-3.80E-08,-1.15E-07,-1.29E-08,0.1,1.5,97.7%,100.0%,100.0%
Arkansas Nuclear 1,2007-04-01,425625,0,1.7,NA,0,0,0,NA,2.34E-08,4.90E-09,1.35E-07,-1.26E-07,1.80E-09,0.2,1.4,98.7%,99.1%,99.8%
Arkansas Nuclear 1,2007-05-01,233279,0,1.7,NA,0,0,0,NA,2.34E-08,4.90E-09,1.35E-07,-1.26E-07,1.80E-09,0,2.5,98.7%,99.1%,99.8%
Arkansas Nuclear 1,2007-06-01,610804,0,1.7,NA,0,0,0,NA,2.34E-08,4.90E-09,1.35E-07,-1.26E-07,1.80E-09,0,2.2,98.7%,99.1%,99.8%
Arkansas Nuclear 1,2007-07-01,629284,0,1.7,0.0,0,0,0,NA,-1.99E-08,3.90E-09,1.31E-07,-1.26E-07,1.60E-09,0,1.2,98.6%,100.0%,99.8%
Arkansas Nuclear 1,2007-08-01,623738,0,1.7,0.0,0,0,0,NA,-1.99E-08,3.90E-09,1.31E-07,-1.26E-07,1.60E-09,0,1.1,98.6%,100.0%,99.8%
Arkansas Nuclear 1,2007-09-01,610379,0,1.7,0.0,0,0,0,NA,-1.99E-08,3.90E-09,1.31E-07,-1.26E-07,1.60E-09,0,1.0,98.6%,100.0%,99.8%
Arkansas Nuclear 1,2007-10-01,634652,0,0.8,0.0,0,0,0,NA,-9.30E-09,7.20E-08,9.10E-08,-1.15E-07,1.60E-09,0,1.0,98.6%,98.1%,99.8%
Arkansas Nuclear 1,2007-11-01,620327,0,0.8,0.0,0,0,0,NA,-9.30E-09,7.20E-08,9.10E-08,-1.15E-07,1.60E-09,0,1.3,98.6%,98.1%,99.8%
Arkansas Nuclear 1,2007-12-01,640967,0,0.8,0.0,0,0,0,NA,-9.30E-09,7.20E-08,9.10E-08,-1.15E-07,1.60E-09,0,1.7,98.6%,98.1%,99.8%
Arkansas Nuclear 1,2008-01-01,640210,0,0.8,0.0,0,0,0,NA,-1.27E-08,5.20E-08,1.55E-07,-1.15E-07,1.50E-09,0,1.4,96.7%,98.1%,99.5%
Arkansas Nuclear 1,2008-02-01,332640,0,0.8,0.0,0,0,0,NA,-1.27E-08,5.20E-08,1.55E-07,-1.15E-07,1.50E-09,0.1,2.1,96.7%,98.1%,99.5%
Arkansas Nuclear 1,2008-03-01,639812,0,0.8,0.0,0,0,0,NA,-1.27E-08,5.20E-08,1.55E-07,-1.15E-07,1.50E-09,0,1.1,96.7%,98.1%,99.5%
Arkansas Nuclear 1,2008-04-01,611739,0,0.8,0.0,0,0,0,NA,-1.14E-08,5.30E-08,1.33E-07,-1.15E-07,1.20E-09,0.1,1.3,95.5%,97.1%,99.7%
Arkansas Nuclear 1,2008-05-01,611473,0,0.8,0.0,0,0,0,NA,-1.14E-08,5.30E-08,1.33E-07,-1.15E-07,1.20E-09,0,1.4,95.5%,97.1%,99.7%
Arkansas Nuclear 1,2008-06-01,610763,0,0.8,0.0,0,0,0,NA,-1.14E-08,5.30E-08,1.33E-07,-1.15E-07,1.20E-09,0,1.2,95.5%,97.1%,99.7%
Arkansas Nuclear 1,2008-07-01,626182,0,0.8,0.0,0,0,0,NA,-1.13E-08,5.30E-08,1.35E-07,-1.25E-07,1.40E-09,0,1.3,96.0%,100.0%,99.7%
Arkansas Nuclear 1,2008-08-01,625966,0,0.8,0.0,0,0,0,NA,-1.13E-08,5.30E-08,1.35E-07,-1.25E-07,1.40E-09,0,1.4,96.0%,100.0%,99.7%
Arkansas Nuclear 1,2008-09-01,612739,0,0.8,0.0,0,0,0,NA,-1.13E-08,5.30E-08,1.35E-07,-1.25E-07,1.40E-09,0,1.4,96.0%,100.0%,99.7%
Arkansas Nuclear 1,2008-10-01,514485,1.8,0.9,0.0,0,0,0,NA,-1.12E-08,1.70E-08,1.49E-07,-1.12E-07,1.50E-09,0.5,1.5,95.6%,98.0%,99.7%
Arkansas Nuclear 1,2008-11-01,-3267,1.8,0.9,0.0,0,0,0,NA,-1.12E-08,1.70E-08,1.49E-07,-1.12E-07,1.50E-09,0,NA,95.6%,98.0%,99.7%
Arkansas Nuclear 1,2008-12-01,290481,1.8,0.9,0.0,0,0,0,NA,-1.12E-08,1.70E-08,1.49E-07,-1.12E-07,1.50E-09,0,2.1,95.6%,98.0%,99.7%
Arkansas Nuclear 1,2009-01-01,640046,3.7,0.9,0.0,0,0,0,NA,-1.15E-08,1.00E-08,1.49E-07,-1.19E-07,1.30E-09,0,2.1,95.9%,97.2%,100.0%
Arkansas Nuclear 1,2009-02-01,423433,3.7,0.9,0.0,0,0,0,NA,-1.15E-08,1.00E-08,1.49E-07,-1.19E-07,1.30E-09,0,1.4,95.9%,97.2%,100.0%
Arkansas Nuclear 1,2009-03-01,627953,3.7,0.9,0.0,0,0,0,NA,-1.15E-08,1.00E-08,1.49E-07,-1.19E-07,1.30E-09,0,1.0,95.9%,97.2%,100.0%
Arkansas Nuclear 1,2009-04-01,602624,3.7,0.9,0.0,0,0,0,NA,-7.77E-09,1.30E-08,1.52E-07,-9.23E-08,1.70E-09,0,2.2,95.1%,99.1%,99.8%
Arkansas Nuclear 1,2009-05-01,637687,3.7,0.9,0.0,0,0,0,NA,-7.77E-09,1.30E-08,1.52E-07,-9.23E-08,1.70E-09,0,2.1,95.1%,99.1%,99.8%
Arkansas Nuclear 1,2009-06-01,607732,3.7,0.9,0.0,0,0,0,NA,-7.77E-09,1.30E-08,1.52E-07,-9.23E-08,1.70E-09,0,2.6,95.1%,99.1%,99.8%
Arkansas Nuclear 1,2009-07-01,626572,3.7,0.9,0.0,0,1.0,0,NA,-8.36E-09,1.30E-08,1.55E-07,-9.74E-08,1.80E-09,0,2.4,95.5%,100.0%,99.5%
Arkansas Nuclear 1,2009-08-01,627476,3.7,0.9,0.0,0,1.0,0,NA,-8.36E-09,1.30E-08,1.55E-07,-9.74E-08,1.80E-09,0,1.0,95.5%,100.0%,99.5%
Arkansas Nuclear 1,2009-09-01,611643,3.7,0.9,0.0,0,1.0,0,NA,-8.36E-09,1.30E-08,1.55E-07,-9.74E-08,1.80E-09,0,0.8,95.5%,100.0%,99.5%
Arkansas Nuclear 1,2009-10-01,637117,1.6,0.8,0.0,1,1.0,0,NA,-8.10E-09,1.30E-08,1.53E-07,-1.03E-07,1.80E-09,0,2.7,94.9%,100.0%,99.5%
Arkansas Nuclear 1,2009-11-01,619993,1.6,0.8,0.0,1,1.0,0,NA,-8.10E-09,1.30E-08,1.53E-07,-1.03E-07,1.80E-09,0,0.9,94.9%,100.0%,99.5%
Arkansas Nuclear 1,2009-12-01,639821,1.6,0.8,0.0,1,1.0,0,NA,-8.10E-09,1.30E-08,1.53E-07,-1.03E-07,1.80E-09,0,2.2,94.9%,100.0%,99.5%
Arkansas Nuclear 2,2007-01-01,595300,0,1.8,NA,0,0,0,NA,-2.35E-07,-6.30E-08,6.80E-08,2.36E-09,-4.20E-08,1.6,1.5,97.7%,100.0%,100.0%
Arkansas Nuclear 2,2007-02-01,644844,0,1.8,NA,0,0,0,NA,-2.35E-07,-6.30E-08,6.80E-08,2.36E-09,-4.20E-08,1.6,1.5,97.7%,100.0%,100.0%
Arkansas Nuclear 2,2007-03-01,749928,0,1.8,NA,0,0,0,NA,-2.35E-07,-6.30E-08,6.80E-08,2.36E-09,-4.20E-08,1.6,1.5,97.7%,100.0%,100.0%
Arkansas Nuclear 2,2007-04-01,716988,0,1.8,0.0,0,0,0,NA,-2.61E-07,-6.00E-08,6.80E-08,1.05E-09,-4.20E-08,0.2,1.7,98.7%,99.1%,99.8%
Arkansas Nuclear 2,2007-05-01,746214,0,1.8,0.0,0,0,0,NA,-2.61E-07,-6.00E-08,6.80E-08,1.05E-09,-4.20E-08,0.2,1.7,98.7%,99.1%,99.8%
Arkansas Nuclear 2,2007-06-01,720064,0,1.8,0.0,0,0,0,NA,-2.61E-07,-6.00E-08,6.80E-08,1.05E-09,-4.20E-08,0.2,1.7,98.7%,99.1%,99.8%
Arkansas Nuclear 2,2007-07-01,742975,0,1.8,0.0,0,0,0,NA,-2.52E-07,-6.10E-08,6.80E-08,1.05E-09,-4.10E-08,0.1,1.1,98.6%,100.0%,99.8%
Arkansas Nuclear 2,2007-08-01,739436,0,1.8,0.0,0,0,0,NA,-2.52E-07,-6.10E-08,6.80E-08,1.05E-09,-4.10E-08,0.1,1.1,98.6%,100.0%,99.8%
Arkansas Nuclear 2,2007-09-01,717678,0,1.8,0.0,0,0,0,NA,-2.52E-07,-6.10E-08,6.80E-08,1.05E-09,-4.10E-08,0.1,1.1,98.6%,100.0%,99.8%
Arkansas Nuclear 2,2007-10-01,748446,0,0.8,0.0,0,0,0,NA,-2.51E-07,-6.00E-08,5.71E-08,1.80E-09,6.90E-10,0.3,1.9,98.6%,98.1%,99.8%
Arkansas Nuclear 2,2007-11-01,728510,0,0.8,0.0,0,0,0,NA,-2.51E-07,-6.00E-08,5.71E-08,1.80E-09,6.90E-10,0.3,1.9,98.6%,98.1%,99.8%
Arkansas Nuclear 2,2007-12-01,752912,0,0.8,0.0,0,0,0,NA,-2.51E-07,-6.00E-08,5.71E-08,1.80E-09,6.90E-10,0.3,1.9,98.6%,98.1%,99.8%
Arkansas Nuclear 2,2008-01-01,752554,0,0,0.0,0,0,0,NA,-2.52E-07,-7.50E-08,5.70E-08,1.65E-09,9.30E-10,0.5,1.7,96.7%,98.1%,99.5%
Arkansas Nuclear 2,2008-02-01,617922,0,0,0.0,0,0,0,NA,-2.52E-07,-7.50E-08,5.70E-08,1.65E-09,9.30E-10,0.5,1.7,96.7%,98.1%,99.5%
Arkansas Nuclear 2,2008-03-01,368942,0,0,0.0,0,0,0,NA,-2.52E-07,-7.50E-08,5.70E-08,1.65E-09,9.30E-10,0.5,1.7,96.7%,98.1%,99.5%
Arkansas Nuclear 2,2008-04-01,441150,0,0,0.0,0,0,0,NA,-1.88E-07,-7.40E-08,-9.00E-10,1.40E-09,2.02E-09,0.2,0.8,95.5%,97.1%,99.7%
Arkansas Nuclear 2,2008-05-01,747647,0,0,0.0,0,0,0,NA,-1.88E-07,-7.40E-08,-9.00E-10,1.40E-09,2.02E-09,0.2,0.8,95.5%,97.1%,99.7%
Arkansas Nuclear 2,2008-06-01,719892,0,0,0.0,0,0,0,NA,-1.88E-07,-7.40E-08,-9.00E-10,1.40E-09,2.02E-09,0.2,0.8,95.5%,97.1%,99.7%
Arkansas Nuclear 2,2008-07-01,708464,0,0.9,0.0,0,0,0,NA,-1.33E-07,7.20E-08,1.80E-09,8.00E-11,4.52E-09,0.1,1.2,96.0%,100.0%,99.7%
Arkansas Nuclear 2,2008-08-01,743225,0,0.9,0.0,0,0,0,NA,-1.33E-07,7.20E-08,1.80E-09,8.00E-11,4.52E-09,0.1,1.2,96.0%,100.0%,99.7%
Arkansas Nuclear 2,2008-09-01,722492,0,0.9,0.0,0,0,0,NA,-1.33E-07,7.20E-08,1.80E-09,8.00E-11,4.52E-09,0.1,1.2,96.0%,100.0%,99.7%
Arkansas Nuclear 2,2008-10-01,750125,0,0.9,0.0,0,0,0,NA,-1.22E-07,7.40E-08,5.40E-09,8.00E-11,-7.39E-08,0.3,1.0,95.6%,98.0%,99.7%
Arkansas Nuclear 2,2008-11-01,729206,0,0.9,0.0,0,0,0,NA,-1.22E-07,7.40E-08,5.40E-09,8.00E-11,-7.39E-08,0.3,1.0,95.6%,98.0%,99.7%
Arkansas Nuclear 2,2008-12-01,753249,0,0.9,0.0,0,0,0,NA,-1.22E-07,7.40E-08,5.40E-09,8.00E-11,-7.39E-08,0.4,1.0,95.6%,98.0%,99.7%
Arkansas Nuclear 2,2009-01-01,659922,0.8,1.7,0.0,0,0,0,NA,-3.50E-08,1.15E-08,6.84E-09,2.80E-12,-8.09E-08,1.8,0.7,95.9%,97.2%,100.0%
Arkansas Nuclear 2,2009-02-01,637933,0.8,1.7,0.0,0,0,0,NA,-3.50E-08,1.15E-08,6.84E-09,2.80E-12,-8.09E-08,1.0,0.7,95.9%,97.2%,100.0%
Arkansas Nuclear 2,2009-03-01,635241,0.8,1.7,0.0,0,0,0,NA,-3.50E-08,1.15E-08,6.84E-09,2.80E-12,-8.09E-08,2.3,0.9,95.9%,97.2%,100.0%
Arkansas Nuclear 2,2009-04-01,725073,0.8,1.6,0.0,0,0,0,NA,-5.43E-08,1.15E-08,7.22E-09,5.80E-12,-7.79E-08,1.0,0.7,95.1%,99.1%,99.8%
Arkansas Nuclear 2,2009-05-01,746971,0.8,1.6,0.0,0,0,0,NA,-5.43E-08,1.15E-08,7.22E-09,5.80E-12,-7.79E-08,1.2,0.8,95.1%,99.1%,99.8%
Arkansas Nuclear 2,2009-06-01,716538,0.8,1.6,0.0,0,0,0,NA,-5.43E-08,1.15E-08,7.22E-09,5.80E-12,-7.79E-08,1.5,0.8,95.1%,99.1%,99.8%
Arkansas Nuclear 2,2009-07-01,741173,0.9,0.9,0.0,0,1,0,NA,-5.77E-08,1.25E-08,-1.45E-08,6.00E-12,-6.99E-08,1.5,0.8,95.5%,100.0%,99.5%
Arkansas Nuclear 2,2009-08-01,739567,0.9,0.9,0.0,0,1,0,NA,-5.77E-08,1.25E-08,-1.45E-08,6.00E-12,-6.99E-08,1.8,0.8,95.5%,100.0%,99.5%
Arkansas Nuclear 2,2009-09-01,110710,0.9,0.9,0.0,0,1,0,NA,-5.77E-08,1.25E-08,-1.45E-08,6.00E-12,-6.99E-08,NA,1.1,95.5%,100.0%,99.5%
Arkansas Nuclear 2,2009-10-01,749238,1.7,0.9,0.0,0,1,0,NA,-5.59E-08,1.24E-08,-1.53E-08,7.00E-12,-6.49E-08,0.4,1.0,94.9%,100.0%,99.5%
Arkansas Nuclear 2,2009-11-01,728061,1.7,0.9,0.0,0,1,0,NA,-5.59E-08,1.24E-08,-1.53E-08,7.00E-12,-6.49E-08,0.4,0.9,94.9%,100.0%,99.5%
Arkansas Nuclear 2,2009-12-01,677442,1.7,0.9,0.0,0,1,0,NA,-5.59E-08,1.24E-08,-1.53E-08,7.00E-12,-6.49E-08,0.4,0.9,94.9%,100.0%,99.5%
Beaver Valley 1,2007-01-01,645562,0.9,0.9,NA,0,0,0,NA,-1.60E-07,-3.36E-09,1.00E-09,3.90E-09,-2.85E-08,0.1,0.4,96.8%,100.0%,99.0%
Beaver Valley 1,2007-02-01,574535,0.9,0.9,NA,0,0,0,NA,-1.60E-07,-3.36E-09,1.00E-09,3.90E-09,-2.85E-08,0.1,0.4,96.8%,100.0%,99.0%
Beaver Valley 1,2007-03-01,633131,0.9,0.9,NA,0,0,0,NA,-1.60E-07,-3.36E-09,1.00E-09,3.90E-09,-2.85E-08,0.1,1.2,96.8%,100.0%,99.0%
Beaver Valley 1,2007-04-01,658628,0.8,0,NA,0,0,0,NA,-1.60E-07,-3.32E-09,1.00E-09,4.80E-09,-2.55E-08,0.1,0.3,96.6%,100.0%,99.2%
Beaver Valley 1,2007-05-01,669428,0.8,0,NA,0,0,0,NA,-1.60E-07,-3.32E-09,1.00E-09,4.80E-09,-2.55E-08,0.1,0.2,96.6%,100.0%,99.2%
Beaver Valley 1,2007-06-01,612708,0.8,0,NA,0,0,0,NA,-1.60E-07,-3.32E-09,1.00E-09,4.80E-09,-2.55E-08,0.1,0.1,96.6%,100.0%,99.2%
Beaver Valley 1,2007-07-01,669518,0,0,0.0,1,0,0,NA,-1.62E-07,-3.13E-09,1.20E-09,5.20E-09,-2.55E-08,0.1,0.1,95.1%,100.0%,99.3%
Beaver Valley 1,2007-08-01,664333,0,0,0.0,1,0,0,NA,-1.62E-07,-3.13E-09,1.20E-09,5.20E-09,-2.55E-08,0.1,0.4,95.1%,100.0%,99.3%
Beaver Valley 1,2007-09-01,466173,0,0,0.0,1,0,0,NA,-1.62E-07,-3.13E-09,1.20E-09,5.20E-09,-2.55E-08,0.1,0.1,95.1%,100.0%,99.3%
Beaver Valley 1,2007-10-01,122788,0,0,0.0,1,0,0,NA,-1.60E-07,-3.19E-09,1.10E-09,3.70E-09,-2.15E-08,0,0.3,94.9%,100.0%,99.3%
Beaver Valley 1,2007-11-01,657835,0,0,0.0,1,0,0,NA,-1.60E-07,-3.19E-09,1.10E-09,3.70E-09,-2.15E-08,0,0.2,94.9%,100.0%,99.3%
Beaver Valley 1,2007-12-01,683023,0,0,0.0,1,0,0,NA,-1.60E-07,-3.19E-09,1.10E-09,3.70E-09,-2.15E-08,0,0.2,94.9%,100.0%,99.3%
Beaver Valley 1,2008-01-01,682171,0,0,0.0,1,0,0,NA,-1.70E-07,-3.26E-09,1.10E-09,2.50E-09,-3.34E-08,0.1,0.2,94.5%,100.0%,99.5%
Beaver Valley 1,2008-02-01,606063,0,0,0.0,1,0,0,NA,-1.70E-07,-3.26E-09,1.10E-09,2.50E-09,-3.34E-08,0,0.1,94.5%,100.0%,99.5%
Beaver Valley 1,2008-03-01,667047,0,0,0.0,1,0,0,NA,-1.70E-07,-3.26E-09,1.10E-09,2.50E-09,-3.34E-08,0.1,0.3,94.5%,100.0%,99.5%
Beaver Valley 1,2008-04-01,655921,0,0,0.0,1,0,0,NA,-1.75E-07,-3.10E-09,1.80E-09,2.70E-09,-3.34E-08,0.1,1.7,92.5%,100.0%,99.5%
Beaver Valley 1,2008-05-01,677204,0,0,0.0,1,0,0,NA,-1.75E-07,-3.10E-09,1.80E-09,2.70E-09,-3.34E-08,0.1,0.4,92.5%,100.0%,99.5%
Beaver Valley 1,2008-06-01,647844,0,0,0.0,1,0,0,NA,-1.75E-07,-3.10E-09,1.80E-09,2.70E-09,-3.34E-08,0.1,1.2,92.5%,100.0%,99.5%
Beaver Valley 1,2008-07-01,666932,0,0,0.0,0,0,0,NA,-1.71E-07,-3.17E-09,1.70E-09,2.10E-09,-3.34E-08,0.1,1.0,92.7%,100.0%,99.8%
Beaver Valley 1,2008-08-01,671201,0,0,0.0,0,0,0,NA,-1.71E-07,-3.17E-09,1.70E-09,2.10E-09,-3.34E-08,0.1,0.3,92.7%,100.0%,99.8%
Beaver Valley 1,2008-09-01,650941,0,0,0.0,0,0,0,NA,-1.71E-07,-3.17E-09,1.70E-09,2.10E-09,-3.34E-08,0.1,0.2,92.7%,100.0%,99.8%
Beaver Valley 1,2008-10-01,679029,0,0,0.0,0,0,0,NA,-1.71E-07,-3.30E-09,2.20E-09,1.60E-09,-3.34E-08,0.1,0.2,93.7%,100.0%,99.7%
Beaver Valley 1,2008-11-01,658685,0,0,0.0,0,0,0,NA,-1.71E-07,-3.30E-09,2.20E-09,1.60E-09,-3.34E-08,0.1,0.3,93.7%,100.0%,99.7%
Beaver Valley 1,2008-12-01,681900,0,0,0.0,0,0,0,NA,-1.71E-07,-3.30E-09,2.20E-09,1.60E-09,-3.34E-08,0.1,0.1,93.7%,100.0%,99.7%
Beaver Valley 1,2009-01-01,682850,0,0,0.0,0,0,0,NA,-1.71E-07,-3.60E-09,1.70E-09,7.80E-09,-3.04E-08,0.1,0.2,94.8%,100.0%,99.5%
Beaver Valley 1,2009-02-01,615784,0,0,0.0,0,0,0,NA,-1.71E-07,-3.60E-09,1.70E-09,7.80E-09,-3.04E-08,0,0.2,94.8%,100.0%,99.5%
Beaver Valley 1,2009-03-01,679973,0,0,0.0,0,0,0,NA,-1.71E-07,-3.60E-09,1.70E-09,7.80E-09,-3.04E-08,0.1,0.2,94.8%,100.0%,99.5%
Beaver Valley 1,2009-04-01,387088,0,0,0.0,0,0,0,NA,-1.70E-07,-3.90E-09,1.90E-09,7.10E-09,-3.04E-08,0.1,0.1,94.8%,100.0%,99.5%
Beaver Valley 1,2009-05-01,193442,0,0,0.0,0,0,0,NA,-1.70E-07,-3.90E-09,1.90E-09,7.10E-09,-3.04E-08,0,11.8,94.8%,100.0%,99.5%
Beaver Valley 1,2009-06-01,651093,0,0,0.0,0,0,0,NA,-1.70E-07,-3.90E-09,1.90E-09,7.10E-09,-3.04E-08,0,0.1,94.8%,100.0%,99.5%
Beaver Valley 1,2009-07-01,671288,0,0,0.0,0,0,0,NA,-1.60E-07,-3.90E-09,-5.90E-09,8.80E-09,-3.04E-08,0,0.1,95.4%,100.0%,99.5%
Beaver Valley 1,2009-08-01,662933,0,0,0.0,0,0,0,NA,-1.60E-07,-3.90E-09,-5.90E-09,8.80E-09,-3.04E-08,0,0.2,95.4%,100.0%,99.5%
Beaver Valley 1,2009-09-01,652547,0,0,0.0,0,0,0,NA,-1.60E-07,-3.90E-09,-5.90E-09,8.80E-09,-3.04E-08,0,0.4,95.4%,100.0%,99.5%
Beaver Valley 1,2009-10-01,679681,0,0,0.0,0,0,0,NA,-1.58E-07,-3.90E-09,-3.70E-09,3.00E-10,-3.24E-08,0,0.2,94.9%,100.0%,99.3%
Beaver Valley 1,2009-11-01,658560,0,0,0.0,0,0,0,NA,-1.58E-07,-3.90E-09,-3.70E-09,3.00E-10,-3.24E-08,0,0.3,94.9%,100.0%,99.3%
Beaver Valley 1,2009-12-01,682245,0,0,0.0,0,0,0,NA,-1.58E-07,-3.90E-09,-3.70E-09,3.00E-10,-3.24E-08,0,0.2,94.9%,100.0%,99.3%
Beaver Valley 2,2007-01-01,640291,0.9,1.8,0.0,2,0,0,NA,-5.20E-07,-6.14E-08,3.02E-07,5.80E-08,3.90E-08,0,0.8,96.8%,100.0%,99.0%
Beaver Valley 2,2007-02-01,579519,0.9,1.8,0.0,2,0,0,NA,-5.20E-07,-6.14E-08,3.02E-07,5.80E-08,3.90E-08,0,1.2,96.8%,100.0%,99.0%
Beaver Valley 2,2007-03-01,628309,0.9,1.8,0.0,2,0,0,NA,-5.20E-07,-6.14E-08,3.02E-07,5.80E-08,3.90E-08,0,0.8,96.8%,100.0%,99.0%
Beaver Valley 2,2007-04-01,620948,0,0.9,0.0,1,0,0,NA,-6.13E-07,-6.74E-08,3.00E-07,6.10E-08,3.90E-08,0,0.7,96.6%,100.0%,99.2%
Beaver Valley 2,2007-05-01,639344,0,0.9,0.0,1,0,0,NA,-6.13E-07,-6.74E-08,3.00E-07,6.10E-08,3.90E-08,0,0.8,96.6%,100.0%,99.2%
Beaver Valley 2,2007-06-01,612088,0,0.9,0.0,1,0,0,NA,-6.13E-07,-6.74E-08,3.00E-07,6.10E-08,3.90E-08,0,0.8,96.6%,100.0%,99.2%
Beaver Valley 2,2007-07-01,631184,0,0.9,0.0,1,0,0,NA,-4.42E-07,-2.62E-08,2.28E-07,4.43E-08,6.10E-08,0,0.8,95.1%,100.0%,99.3%
Beaver Valley 2,2007-08-01,617218,0,0.9,0.0,1,0,0,NA,-4.42E-07,-2.62E-08,2.28E-07,4.43E-08,6.10E-08,0,0.8,95.1%,100.0%,99.3%
Beaver Valley 2,2007-09-01,608830,0,0.9,0.0,1,0,0,NA,-4.42E-07,-2.62E-08,2.28E-07,4.43E-08,6.10E-08,0,0.7,95.1%,100.0%,99.3%
Beaver Valley 2,2007-10-01,634354,0,0,0.0,0,0,0,NA,4.00E-08,-2.70E-08,2.55E-07,4.43E-08,6.10E-08,0,0.9,94.9%,100.0%,99.3%
Beaver Valley 2,2007-11-01,623607,0,0,0.0,0,0,0,NA,4.00E-08,-2.70E-08,2.55E-07,4.43E-08,6.10E-08,0,0.8,94.9%,100.0%,99.3%
Beaver Valley 2,2007-12-01,647510,0,0,0.0,0,0,0,NA,4.00E-08,-2.70E-08,2.55E-07,4.43E-08,6.10E-08,0,0.9,94.9%,100.0%,99.3%
Beaver Valley 2,2008-01-01,646210,0,0,0.0,0,0,0,NA,1.00E-08,-2.76E-08,2.59E-07,2.73E-08,7.70E-08,0,0.8,94.5%,100.0%,99.5%
Beaver Valley 2,2008-02-01,605312,0,0,0.0,0,0,0,NA,1.00E-08,-2.76E-08,2.59E-07,2.73E-08,7.70E-08,0,1.2,94.5%,100.0%,99.5%
Beaver Valley 2,2008-03-01,646754,0,0,0.0,0,0,0,NA,1.00E-08,-2.76E-08,2.59E-07,2.73E-08,7.70E-08,0,0.8,94.5%,100.0%,99.5%
Beaver Valley 2,2008-04-01,255348,0,0,0.0,0,0,0,NA,-1.59E-07,-2.72E-08,2.59E-07,-9.10E-09,1.09E-07,0.1,0.8,92.5%,100.0%,99.5%
Beaver Valley 2,2008-05-01,115297,0,0,0.0,0,0,0,NA,-1.59E-07,-2.72E-08,2.59E-07,-9.10E-09,1.09E-07,0,0.7,92.5%,100.0%,99.5%
Beaver Valley 2,2008-06-01,636425,0,0,0.0,0,0,0,NA,-1.59E-07,-2.72E-08,2.59E-07,-9.10E-09,1.09E-07,0,0.7,92.5%,100.0%,99.5%
Beaver Valley 2,2008-07-01,659645,0,0,0.0,0,0,0,NA,9.56E-08,-2.82E-08,2.99E-07,-1.08E-08,9.60E-08,0,0.7,92.7%,100.0%,99.8%
Beaver Valley 2,2008-08-01,662478,0,0,0.0,0,0,0,NA,9.56E-08,-2.82E-08,2.99E-07,-1.08E-08,9.60E-08,0,0.6,92.7%,100.0%,99.8%
Beaver Valley 2,2008-09-01,605618,0,0,0.0,0,0,0,NA,9.56E-08,-2.82E-08,2.99E-07,-1.08E-08,9.60E-08,0,0.6,92.7%,100.0%,99.8%
Beaver Valley 2,2008-10-01,566832,0,0.9,0.0,0,0,0,NA,6.25E-07,-2.73E-08,3.07E-07,-1.26E-08,9.10E-08,0,0.7,93.7%,100.0%,99.7%
Beaver Valley 2,2008-11-01,652227,0,0.9,0.0,0,0,0,NA,6.25E-07,-2.73E-08,3.07E-07,-1.26E-08,9.10E-08,0,0.7,93.7%,100.0%,99.7%
Beaver Valley 2,2008-12-01,674052,0,0.9,0.0,0,0,0,NA,6.25E-07,-2.73E-08,3.07E-07,-1.26E-08,9.10E-08,0,0.6,93.7%,100.0%,99.7%
Beaver Valley 2,2009-01-01,675036,0,0.9,0.0,0,0,0,NA,6.25E-07,-2.88E-08,2.99E-07,-1.26E-08,9.10E-08,0,0.6,94.8%,100.0%,99.5%
Beaver Valley 2,2009-02-01,600239,0,0.9,0.0,0,0,0,NA,6.25E-07,-2.88E-08,2.99E-07,-1.26E-08,9.10E-08,0,0.5,94.8%,100.0%,99.5%
Beaver Valley 2,2009-03-01,674613,0,0.9,0.0,0,0,0,NA,6.25E-07,-2.88E-08,2.99E-07,-1.26E-08,9.10E-08,0,0.7,94.8%,100.0%,99.5%
Beaver Valley 2,2009-04-01,650789,0,0.8,0.0,0,0,0,NA,6.35E-07,-2.88E-08,-4.39E-08,-1.26E-08,9.00E-08,0,0.7,95.2%,100.0%,99.5%
Beaver Valley 2,2009-05-01,667859,0,0.8,0.0,0,0,0,NA,6.35E-07,-2.88E-08,-4.39E-08,-1.26E-08,9.00E-08,0,0.8,95.2%,100.0%,99.5%
Beaver Valley 2,2009-06-01,643556,0,0.8,0.0,0,0,0,NA,6.35E-07,-2.88E-08,-4.39E-08,-1.26E-08,9.00E-08,0,0.7,95.2%,100.0%,99.5%
Beaver Valley 2,2009-07-01,663867,0,0.8,0.0,0,0,0,NA,6.35E-07,-2.90E-08,-8.80E-08,-1.26E-08,9.40E-08,0.1,0.7,95.4%,100.0%,99.5%
Beaver Valley 2,2009-08-01,659169,0,0.8,0.0,0,0,0,NA,6.35E-07,-2.90E-08,-8.80E-08,-1.26E-08,9.40E-08,0,0.8,95.4%,100.0%,99.5%
Beaver Valley 2,2009-09-01,644847,0,0.8,0.0,0,0,0,NA,6.35E-07,-2.90E-08,-8.80E-08,-1.26E-08,9.40E-08,0,0.7,95.4%,100.0%,99.5%
Beaver Valley 2,2009-10-01,221012,0,0,0.0,1,0,0,NA,6.05E-07,-2.89E-08,-1.02E-07,-1.26E-08,9.40E-08,0.1,0.6,94.9%,100.0%,99.3%
Beaver Valley 2,2009-11-01,31104,0,0,0.0,1,0,0,NA,6.05E-07,-2.89E-08,-1.02E-07,-1.26E-08,9.40E-08,0,NA,94.9%,100.0%,99.3%
Beaver Valley 2,2009-12-01,661870,0,0,0.0,1,0,0,NA,6.05E-07,-2.89E-08,-1.02E-07,-1.26E-08,9.40E-08,0,0.7,94.9%,100.0%,99.3%
Braidwood 1,2007-01-01,898548,0,0,0.0,0,0,0,NA,-3.17E-07,-7.30E-08,-1.66E-06,-1.88E-07,-4.56E-06,0.6,2.6,98.9%,100.0%,99.7%
Braidwood 1,2007-02-01,810477,0,0,0.0,0,0,0,NA,-3.17E-07,-7.30E-08,-1.66E-06,-1.88E-07,-4.56E-06,0.6,2.6,98.9%,100.0%,99.7%
Braidwood 1,2007-03-01,893089,0,0,0.0,0,0,0,NA,-3.17E-07,-7.30E-08,-1.66E-06,-1.88E-07,-4.56E-06,0.6,2.6,98.9%,100.0%,99.7%
Braidwood 1,2007-04-01,865887,0.8,0,0.0,0,0,0,NA,-5.50E-08,-7.30E-08,-1.78E-06,-1.88E-07,-4.72E-06,0.6,2.5,99.0%,94.7%,99.7%
Braidwood 1,2007-05-01,887794,0.8,0,0.0,0,0,0,NA,-5.50E-08,-7.30E-08,-1.78E-06,-1.88E-07,-4.72E-06,0.6,2.5,99.0%,94.7%,99.7%
Braidwood 1,2007-06-01,783062,0.8,0,0.0,0,0,0,NA,-5.50E-08,-7.30E-08,-1.78E-06,-1.88E-07,-4.72E-06,0.6,2.5,99.0%,94.7%,99.7%
Braidwood 1,2007-07-01,875720,0.8,0,0.0,0,0,0,NA,-4.40E-08,-7.30E-08,-1.78E-06,-1.88E-07,-4.74E-06,0.8,1.3,98.9%,97.3%,99.6%
Braidwood 1,2007-08-01,872494,0.8,0,0.0,0,0,0,NA,-4.40E-08,-7.30E-08,-1.78E-06,-1.88E-07,-4.74E-06,0.8,1.3,98.9%,97.3%,99.6%
Braidwood 1,2007-09-01,837589,0.8,0,0.0,0,0,0,NA,-4.40E-08,-7.30E-08,-1.78E-06,-1.88E-07,-4.74E-06,0.8,1.3,98.9%,97.3%,99.6%
Braidwood 1,2007-10-01,88342,0.9,0,0.0,0,0,0,NA,-1.58E-06,-7.30E-08,-1.78E-06,-7.60E-08,-4.89E-06,N/A,0.8,98.7%,100.0%,99.7%
Braidwood 1,2007-11-01,815649,0.9,0,0.0,0,0,0,NA,-1.58E-06,-7.30E-08,-1.78E-06,-7.60E-08,-4.89E-06,N/A,0.8,98.7%,100.0%,99.7%
Braidwood 1,2007-12-01,898033,0.9,0,0.0,0,0,0,NA,-1.58E-06,-7.30E-08,-1.78E-06,-7.60E-08,-4.89E-06,N/A,0.8,98.7%,100.0%,99.7%
Braidwood 1,2008-01-01,857385,0.9,0.9,0.0,0,0,0,NA,-1.58E-06,-7.30E-08,-1.78E-06,-7.00E-08,-4.88E-06,0.1,0.7,98.4%,100.0%,99.7%
Braidwood 1,2008-02-01,822306,0.9,0.9,0.0,0,0,0,NA,-1.58E-06,-7.30E-08,-1.78E-06,-7.00E-08,-4.88E-06,0.1,0.7,98.4%,100.0%,99.7%
Braidwood 1,2008-03-01,898207,0.9,0.9,0.0,0,0,0,NA,-1.58E-06,-7.30E-08,-1.78E-06,-7.00E-08,-4.88E-06,0.1,0.7,98.4%,100.0%,99.7%
Braidwood 1,2008-04-01,867483,0,0.9,0.0,0,0,0,NA,-1.21E-06,-7.30E-08,-3.21E-07,-7.80E-08,-4.22E-06,0.2,0.6,98.4%,100.0%,99.7%
Braidwood 1,2008-05-01,894534,0,0.9,0.0,0,0,0,NA,-1.21E-06,-7.30E-08,-3.21E-07,-7.80E-08,-4.22E-06,0.2,0.6,98.4%,100.0%,99.7%
Braidwood 1,2008-06-01,853727,0,0.9,0.0,0,0,0,NA,-1.21E-06,-7.30E-08,-3.21E-07,-7.80E-08,-4.22E-06,0.2,0.6,98.4%,100.0%,99.7%
Braidwood 1,2008-07-01,877374,0,0.9,0.0,0,0,0,NA,-3.15E-07,-6.02E-08,6.18E-08,-9.73E-08,-4.23E-06,0.2,0.7,98.6%,100.0%,99.7%
Braidwood 1,2008-08-01,877276,0,0.9,0.0,0,0,0,NA,-3.15E-07,-6.02E-08,6.18E-08,-9.73E-08,-4.23E-06,0.2,0.7,98.6%,100.0%,99.7%
Braidwood 1,2008-09-01,854130,0,0.9,0.0,0,0,0,NA,-3.15E-07,-6.02E-08,6.18E-08,-9.73E-08,-4.23E-06,0.2,0.7,98.6%,100.0%,99.7%
Braidwood 1,2008-10-01,894244,0,0.8,0.0,0,0,0,NA,-3.14E-07,-6.02E-08,4.30E-08,-7.30E-08,-4.23E-06,0.2,0.7,98.5%,100.0%,99.5%
Braidwood 1,2008-11-01,869100,0,0.8,0.0,0,0,0,NA,-3.14E-07,-6.02E-08,4.30E-08,-7.30E-08,-4.23E-06,0.2,0.7,98.5%,100.0%,99.5%
Braidwood 1,2008-12-01,897178,0,0.8,0.0,0,0,0,NA,-3.14E-07,-6.02E-08,4.30E-08,-7.30E-08,-4.23E-06,0.2,0.7,98.5%,100.0%,99.5%
Braidwood 1,2009-01-01,897694,0,0,0.0,0,0,0,NA,-5.55E-07,-1.07E-07,4.10E-08,-1.99E-07,-7.10E-07,0.3,0.5,98.5%,100.0%,99.5%
Braidwood 1,2009-02-01,811318,0,0,0.0,0,0,0,NA,-5.55E-07,-1.07E-07,4.10E-08,-1.99E-07,-7.10E-07,0.3,0.5,98.5%,100.0%,99.5%
Braidwood 1,2009-03-01,830976,0,0,0.0,0,0,0,NA,-5.55E-07,-1.07E-07,4.10E-08,-1.99E-07,-7.10E-07,0.3,0.5,98.5%,100.0%,99.5%
Braidwood 1,2009-04-01,274969,0,0,0.0,0,0,0,NA,-4.05E-07,-1.07E-07,8.00E-09,1.93E-07,-8.20E-07,0.3,0.5,98.3%,100.0%,99.5%
Braidwood 1,2009-05-01,886710,0,0,0.0,0,0,0,NA,-4.05E-07,-1.07E-07,8.00E-09,1.93E-07,-8.20E-07,0.3,0.5,98.3%,100.0%,99.5%
Braidwood 1,2009-06-01,852446,0,0,0.0,0,0,0,NA,-4.05E-07,-1.07E-07,8.00E-09,1.93E-07,-8.20E-07,0.3,0.5,98.3%,100.0%,99.5%
Braidwood 1,2009-07-01,880664,0,0,0.0,1,0,0,NA,-4.35E-07,-1.07E-07,8.00E-09,2.04E-07,-8.20E-07,0.1,1.3,98.2%,100.0%,99.6%
Braidwood 1,2009-08-01,880350,0,0,0.0,1,0,0,NA,-4.35E-07,-1.07E-07,8.00E-09,2.04E-07,-8.20E-07,0.1,1.3,98.2%,100.0%,99.6%
Braidwood 1,2009-09-01,851053,0,0,0.0,1,0,0,NA,-4.35E-07,-1.07E-07,8.00E-09,2.04E-07,-8.20E-07,0.1,1.3,98.2%,100.0%,99.6%
Braidwood 1,2009-10-01,895376,0,0,0.0,0,0,0,NA,-2.30E-08,1.66E-07,3.90E-08,7.40E-07,-8.20E-07,0.1,0.7,98.3%,100.0%,99.8%
Braidwood 1,2009-11-01,867544,0,0,0.0,0,0,0,NA,-2.30E-08,1.66E-07,3.90E-08,7.40E-07,-8.20E-07,0.1,0.7,98.3%,100.0%,99.8%
Braidwood 1,2009-12-01,897152,0,0,0.0,0,0,0,NA,-2.30E-08,1.66E-07,3.90E-08,7.40E-07,-8.20E-07,0.1,0.7,98.3%,100.0%,99.8%
Browns Ferry 1,2007-01-01,0,N/A,N/A,NA,NA,0,0,NA,NA,NA,NA,NA,NA,0,NA,NA,96.9%,99.5%
Browns Ferry 1,2007-02-01,0,N/A,N/A,NA,NA,0,0,NA,NA,NA,NA,NA,NA,0,NA,NA,96.9%,99.5%
Browns Ferry 1,2007-03-01,0,N/A,N/A,NA,NA,0,0,NA,NA,NA,NA,NA,NA,0,NA,NA,96.9%,99.5%
Browns Ferry 1,2007-04-01,0,NA,NA,NA,NA,0,0,NA,NA,NA,NA,NA,NA,NA,NA,98.3%,98.5%,99.5%
Browns Ferry 1,2007-05-01,0,NA,NA,NA,NA,0,0,NA,NA,NA,NA,NA,NA,NA,6.3,98.3%,98.5%,99.5%
Browns Ferry 1,2007-06-01,480112,NA,NA,NA,NA,0,0,NA,NA,NA,NA,NA,NA,0,6.9,98.3%,98.5%,99.5%
Browns Ferry 1,2007-07-01,769553,9.6,0,0.0,NA,0,0,NA,NA,NA,NA,NA,NA,0,8.1,98.3%,98.5%,99.6%
Browns Ferry 1,2007-08-01,660191,9.6,0,0.0,NA,0,0,NA,NA,NA,NA,NA,NA,0,7.5,98.3%,98.5%,99.6%
Browns Ferry 1,2007-09-01,698376,9.6,0,0.0,NA,0,0,NA,NA,NA,NA,NA,NA,0,7.8,98.3%,98.5%,99.6%
Browns Ferry 1,2007-10-01,621712,7.3,1.5,0.0,NA,0,0,NA,NA,NA,NA,NA,NA,0,8.5,98.1%,100.0%,99.6%
Browns Ferry 1,2007-11-01,481990,7.3,1.5,0.0,NA,0,0,NA,NA,NA,NA,NA,NA,0,8.4,98.1%,100.0%,99.6%
Browns Ferry 1,2007-12-01,823343,7.3,1.5,0.0,NA,0,0,NA,NA,NA,NA,NA,NA,0,9.3,98.1%,100.0%,99.6%
Browns Ferry 1,2008-01-01,808012,5.0,1.0,0.0,NA,0,0,NA,NA,NA,NA,NA,NA,0,12.9,98.1%,96.9%,99.7%
Browns Ferry 1,2008-02-01,770121,5.0,1.0,0.0,NA,0,0,NA,NA,NA,NA,NA,NA,0,8.9,98.1%,96.9%,99.7%
Browns Ferry 1,2008-03-01,818210,5.0,1.0,0.0,NA,0,0,NA,NA,NA,NA,NA,NA,0,9.2,98.1%,96.9%,99.7%
Browns Ferry 1,2008-04-01,772102,2.5,1.7,0.0,NA,0,0,NA,-6.29E-08,1.04E-06,-1.27E-08,-1.10E-07,-1.08E-07,0,9.2,98.7%,91.8%,99.7%
Browns Ferry 1,2008-05-01,788180,2.5,1.7,0.0,NA,0,0,NA,-6.29E-08,1.04E-06,-1.27E-08,-1.10E-07,-1.08E-07,0,9.6,98.7%,91.8%,99.7%
Browns Ferry 1,2008-06-01,763820,2.5,1.7,0.0,NA,0,0,NA,-6.29E-08,1.04E-06,-1.27E-08,-1.10E-07,-1.08E-07,0,10.4,98.7%,91.8%,99.7%
Browns Ferry 1,2008-07-01,782506,0.8,2.5,0.0,NA,0,0,NA,-6.29E-08,5.00E-07,2.28E-07,-1.15E-07,-5.10E-08,0,10.1,98.2%,98.4%,99.6%
Browns Ferry 1,2008-08-01,594148,0.8,2.5,0.0,NA,0,0,NA,-6.29E-08,5.00E-07,2.28E-07,-1.15E-07,-5.10E-08,0,10.2,98.2%,98.4%,99.6%
Browns Ferry 1,2008-09-01,770587,0.8,2.5,0.0,NA,0,0,NA,-6.29E-08,5.00E-07,2.28E-07,-1.15E-07,-5.10E-08,0,14.3,98.2%,98.4%,99.6%
Browns Ferry 1,2008-10-01,622624,0,2.7,0.0,NA,0,0,NA,-4.68E-08,1.40E-07,1.01E-07,4.60E-08,-7.50E-08,0,10.3,98.5%,100.0%,99.6%
Browns Ferry 1,2008-11-01,-2412,0,2.7,0.0,NA,0,0,NA,-4.68E-08,1.40E-07,1.01E-07,4.60E-08,-7.50E-08,N/A,2.1,98.5%,100.0%,99.6%
Browns Ferry 1,2008-12-01,702841,0,2.7,0.0,NA,0,0,NA,-4.68E-08,1.40E-07,1.01E-07,4.60E-08,-7.50E-08,0,6.8,98.5%,100.0%,99.6%
Browns Ferry 1,2009-01-01,822682,1.9,2.9,0.0,NA,0,0,NA,-4.07E-08,-5.00E-08,1.80E-08,-3.60E-08,-8.70E-08,0,7.9,97.9%,100.0%,99.4%
Browns Ferry 1,2009-02-01,423815,1.9,2.9,0.0,NA,0,0,NA,-4.07E-08,-5.00E-08,1.80E-08,-3.60E-08,-8.70E-08,0,6.1,97.9%,100.0%,99.4%
Browns Ferry 1,2009-03-01,409778,1.9,2.9,0.0,NA,0,0,NA,-4.07E-08,-5.00E-08,1.80E-08,-3.60E-08,-8.70E-08,0,6.5,97.9%,100.0%,99.4%
Browns Ferry 1,2009-04-01,792288,1.9,2.9,0.0,NA,0,0,NA,-8.83E-08,5.00E-08,1.90E-08,-6.79E-08,-8.50E-08,0,6.3,98.6%,97.1%,99.5%
Browns Ferry 1,2009-05-01,807259,1.9,2.9,0.0,NA,0,0,NA,-8.83E-08,5.00E-08,1.90E-08,-6.79E-08,-8.50E-08,0,6.4,98.6%,97.1%,99.5%
Browns Ferry 1,2009-06-01,762088,1.9,2.9,0.0,NA,0,0,NA,-8.83E-08,5.00E-08,1.90E-08,-6.79E-08,-8.50E-08,0,6.5,98.6%,97.1%,99.5%
Browns Ferry 1,2009-07-01,786827,1.0,1.0,0.0,NA,0,0,NA,-8.83E-08,6.40E-07,-3.50E-08,3.00E-08,-1.07E-07,0,6.7,98.6%,97.0%,99.5%
Browns Ferry 1,2009-08-01,783852,1.0,1.0,0.0,NA,0,0,NA,-8.83E-08,6.40E-07,-3.50E-08,3.00E-08,-1.07E-07,0,7.0,98.6%,97.0%,99.5%
Browns Ferry 1,2009-09-01,768752,1.0,1.0,0.0,NA,0,0,NA,-8.83E-08,6.40E-07,-3.50E-08,3.00E-08,-1.07E-07,0,6.4,98.6%,97.0%,99.5%
Browns Ferry 1,2009-10-01,813447,0.9,0,0.0,NA,0,0,NA,-7.30E-08,4.10E-07,5.90E-07,2.10E-08,-1.18E-07,0,6.7,98.7%,100.0%,99.7%
Browns Ferry 1,2009-11-01,792328,0.9,0,0.0,NA,0,0,NA,-7.30E-08,4.10E-07,5.90E-07,2.10E-08,-1.18E-07,0,6.4,98.7%,100.0%,99.7%
Browns Ferry 1,2009-12-01,795589,0.9,0,0.0,NA,0,0,NA,-7.30E-08,4.10E-07,5.90E-07,2.10E-08,-1.18E-07,0,8.4,98.7%,100.0%,99.7%
Browns Ferry 2,2007-01-01,723254,0.9,0,NA,0,0,0,NA,-3.38E-07,-9.20E-09,-1.19E-08,2.46E-07,2.40E-07,0,7.2,98.9%,96.9%,99.5%
Browns Ferry 2,2007-02-01,396393,0.9,0,NA,0,0,0,NA,-3.38E-07,-9.20E-09,-1.19E-08,2.46E-07,2.40E-07,0,6.4,98.9%,96.9%,99.5%
Browns Ferry 2,2007-03-01,-703,0.9,0,NA,0,0,0,NA,-3.38E-07,-9.20E-09,-1.19E-08,2.46E-07,2.40E-07,N/A,0,98.9%,96.9%,99.5%
Browns Ferry 2,2007-04-01,215345,1.0,2.9,NA,0,0,0,NA,-4.49E-07,-9.20E-09,-1.32E-08,2.33E-07,2.30E-07,N/A,4.4,98.3%,98.5%,99.5%
Browns Ferry 2,2007-05-01,826429,1.0,2.9,NA,0,0,0,NA,-4.49E-07,-9.20E-09,-1.32E-08,2.33E-07,2.30E-07,0,5.7,98.3%,98.5%,99.5%
Browns Ferry 2,2007-06-01,785166,1.0,2.9,NA,0,0,0,NA,-4.49E-07,-9.20E-09,-1.32E-08,2.33E-07,2.30E-07,0,6.1,98.3%,98.5%,99.5%
Browns Ferry 2,2007-07-01,808707,1.0,3.0,0.0,0,0,0,NA,-4.49E-07,-9.20E-09,-1.31E-08,2.72E-07,2.60E-07,0,5.8,98.3%,98.5%,99.6%
Browns Ferry 2,2007-08-01,588779,1.0,3.0,0.0,0,0,0,NA,-4.49E-07,-9.20E-09,-1.31E-08,2.72E-07,2.60E-07,0,6.1,98.3%,98.5%,99.6%
Browns Ferry 2,2007-09-01,787259,1.0,3.0,0.0,0,0,0,NA,-4.49E-07,-9.20E-09,-1.31E-08,2.72E-07,2.60E-07,0,5.8,98.3%,98.5%,99.6%
Browns Ferry 2,2007-10-01,818190,1.0,2.9,0.0,0,0,0,NA,-5.95E-07,-9.20E-09,-5.70E-08,1.82E-07,2.60E-07,0,5.5,98.1%,100.0%,99.6%
Browns Ferry 2,2007-11-01,813471,1.0,2.9,0.0,0,0,0,NA,-5.95E-07,-9.20E-09,-5.70E-08,1.82E-07,2.60E-07,0,5.5,98.1%,100.0%,99.6%
Browns Ferry 2,2007-12-01,843637,1.0,2.9,0.0,0,0,0,NA,-5.95E-07,-9.20E-09,-5.70E-08,1.82E-07,2.60E-07,0,5.4,98.1%,100.0%,99.6%
Browns Ferry 2,2008-01-01,829911,0,2.5,0.0,0,0,0,NA,-4.59E-07,4.18E-08,-5.80E-08,1.87E-07,2.60E-07,0,5.3,98.1%,96.9%,99.7%
Browns Ferry 2,2008-02-01,793585,0,2.5,0.0,0,0,0,NA,-4.59E-07,4.18E-08,-5.80E-08,1.87E-07,2.60E-07,0,5.3,98.1%,96.9%,99.7%
Browns Ferry 2,2008-03-01,842203,0,2.5,0.0,0,0,0,NA,-4.59E-07,4.18E-08,-5.80E-08,1.87E-07,2.60E-07,0,5.3,98.1%,96.9%,99.7%
Browns Ferry 2,2008-04-01,807680,0,0,0.0,0,0,0,NA,-4.53E-07,1.03E-07,-4.65E-08,-1.02E-07,2.40E-07,0,5.1,98.7%,91.8%,99.7%
Browns Ferry 2,2008-05-01,827682,0,0,0.0,0,0,0,NA,-4.53E-07,1.03E-07,-4.65E-08,-1.02E-07,2.40E-07,0,5.1,98.7%,91.8%,99.7%
Browns Ferry 2,2008-06-01,772732,0,0,0.0,0,0,0,NA,-4.53E-07,1.03E-07,-4.65E-08,-1.02E-07,2.40E-07,0,5.2,98.7%,91.8%,99.7%
Browns Ferry 2,2008-07-01,803305,0,1.6,0.0,0,0,0,NA,-4.21E-07,1.14E-07,-4.52E-08,-1.02E-07,2.07E-07,0,5.1,98.2%,98.4%,99.6%
Browns Ferry 2,2008-08-01,788478,0,1.6,0.0,0,0,0,NA,-4.21E-07,1.14E-07,-4.52E-08,-1.02E-07,2.07E-07,0,5.2,98.2%,98.4%,99.6%
Browns Ferry 2,2008-09-01,606560,0,1.6,0.0,0,0,0,NA,-4.21E-07,1.14E-07,-4.52E-08,-1.02E-07,2.07E-07,0,5.1,98.2%,98.4%,99.6%
Browns Ferry 2,2008-10-01,700443,0.8,1.6,0.0,0,0,0,NA,-4.02E-07,6.10E-08,-6.20E-08,-6.00E-08,1.47E-07,0,5.4,97.8%,100.0%,99.6%
Browns Ferry 2,2008-11-01,816555,0.8,1.6,0.0,0,0,0,NA,-4.02E-07,6.10E-08,-6.20E-08,-6.00E-08,1.47E-07,0,5.4,97.8%,100.0%,99.6%
Browns Ferry 2,2008-12-01,840783,0.8,1.6,0.0,0,0,0,NA,-4.02E-07,6.10E-08,-6.20E-08,-6.00E-08,1.47E-07,0,6.4,97.8%,100.0%,99.6%
Browns Ferry 2,2009-01-01,839178,1.7,1.7,0.0,0,0,0,NA,-3.84E-07,1.11E-07,-6.20E-08,-1.00E-07,2.31E-07,0,10.3,97.9%,100.0%,99.4%
Browns Ferry 2,2009-02-01,587430,1.7,1.7,0.0,0,0,0,NA,-3.84E-07,1.11E-07,-6.20E-08,-1.00E-07,2.31E-07,0,5.1,97.9%,100.0%,99.4%
Browns Ferry 2,2009-03-01,839252,1.7,1.7,0.0,0,0,0,NA,-3.84E-07,1.11E-07,-6.20E-08,-1.00E-07,2.31E-07,0,5.2,97.9%,100.0%,99.4%
Browns Ferry 2,2009-04-01,644652,1.9,2.9,0.0,0,0,0,NA,-3.89E-07,1.11E-07,-6.20E-08,-3.70E-08,2.21E-07,0,5.2,98.6%,97.1%,99.5%
Browns Ferry 2,2009-05-01,0,1.9,2.9,0.0,0,0,0,NA,-3.89E-07,1.11E-07,-6.20E-08,-3.70E-08,2.21E-07,N/A,0,98.6%,97.1%,99.5%
Browns Ferry 2,2009-06-01,134728,1.9,2.9,0.0,0,0,0,NA,-3.89E-07,1.11E-07,-6.20E-08,-3.70E-08,2.21E-07,N/A,9.8,98.6%,97.1%,99.5%
Browns Ferry 2,2009-07-01,800243,2.9,1.0,0.0,0,0,0,NA,-3.61E-07,1.10E-07,3.27E-07,6.90E-08,1.50E-07,0,5.8,98.6%,97.0%,99.6%
Browns Ferry 2,2009-08-01,812904,2.9,1.0,0.0,0,0,0,NA,-3.61E-07,1.10E-07,3.27E-07,6.90E-08,1.50E-07,0,5.9,98.6%,97.0%,99.6%
Browns Ferry 2,2009-09-01,770502,2.9,1.0,0.0,0,0,0,NA,-3.61E-07,1.10E-07,3.27E-07,6.90E-08,1.50E-07,0,5.5,98.6%,97.0%,99.6%
Browns Ferry 2,2009-10-01,715274,1.9,1.0,0.0,0,0,0,NA,-3.50E-07,1.10E-07,3.27E-07,5.10E-08,1.50E-07,0,4.9,98.7%,100.0%,99.7%
Browns Ferry 2,2009-11-01,820468,1.9,1.0,0.0,0,0,0,NA,-3.50E-07,1.10E-07,3.27E-07,5.10E-08,1.50E-07,0,5.1,98.7%,100.0%,99.7%
Browns Ferry 2,2009-12-01,843878,1.9,1.0,0.0,0,0,0,NA,-3.50E-07,1.10E-07,3.27E-07,5.10E-08,1.50E-07,0,5.2,98.7%,100.0%,99.7%
Browns Ferry 3,2007-01-01,837670,2.4,0.8,NA,0,0,0,-8.97E-07,-8.97E-07,-6.40E-08,-4.30E-08,2.35E-07,3.10E-07,0,7.4,98.9%,96.9%,99.5%
Browns Ferry 3,2007-02-01,626543,2.4,0.8,NA,0,0,0,-8.97E-07,-8.97E-07,-6.40E-08,-4.30E-08,2.35E-07,3.10E-07,0,7.4,98.9%,96.9%,99.5%
Browns Ferry 3,2007-03-01,832406,2.4,0.8,NA,0,0,0,-8.97E-07,-8.97E-07,-6.40E-08,-4.30E-08,2.35E-07,3.10E-07,0,7.4,98.9%,96.9%,99.5%
Browns Ferry 3,2007-04-01,805814,2.4,0.8,NA,0,0,0,4.54E-07,4.54E-07,-6.70E-08,-1.90E-08,1.65E-07,3.20E-07,0,8.0,98.3%,98.5%,99.5%
Browns Ferry 3,2007-05-01,824451,2.4,0.8,NA,0,0,0,4.54E-07,4.54E-07,-6.70E-08,-1.90E-08,1.65E-07,3.20E-07,0,8.0,98.3%,98.5%,99.5%
Browns Ferry 3,2007-06-01,780288,2.4,0.8,NA,0,0,0,4.54E-07,4.54E-07,-6.70E-08,-1.90E-08,1.65E-07,3.20E-07,0,8.0,98.3%,98.5%,99.5%
Browns Ferry 3,2007-07-01,794663,0.8,0.8,0.0,1,0,0,-1.00E-08,-1.00E-08,-6.90E-08,-2.10E-08,2.05E-07,4.30E-07,0,11.1,98.3%,98.5%,99.6%
Browns Ferry 3,2007-08-01,742522,0.8,0.8,0.0,1,0,0,-1.00E-08,-1.00E-08,-6.90E-08,-2.10E-08,2.05E-07,4.30E-07,0,11.1,98.3%,98.5%,99.6%
Browns Ferry 3,2007-09-01,602433,0.8,0.8,0.0,1,0,0,-1.00E-08,-1.00E-08,-6.90E-08,-2.10E-08,2.05E-07,4.30E-07,0,11.1,98.3%,98.5%,99.6%
Browns Ferry 3,2007-10-01,816110,1.7,0,0.0,1,0,0,-1.00E-08,-1.00E-08,-6.90E-08,3.00E-09,1.83E-07,4.30E-07,0,13.5,98.1%,100.0%,99.6%
Browns Ferry 3,2007-11-01,774919,1.7,0,0.0,1,0,0,-1.00E-08,-1.00E-08,-6.90E-08,3.00E-09,1.83E-07,4.30E-07,0,13.5,98.1%,100.0%,99.6%
Browns Ferry 3,2007-12-01,648237,1.7,0,0.0,1,0,0,-1.00E-08,-1.00E-08,-6.90E-08,3.00E-09,1.83E-07,4.30E-07,0,13.5,98.1%,100.0%,99.6%
Browns Ferry 3,2008-01-01,255798,0.9,0,0.0,2,0,0,5.19E-07,5.19E-07,-6.80E-08,6.00E-09,2.54E-07,4.40E-07,0,13.7,98.1%,96.9%,99.7%
Browns Ferry 3,2008-02-01,760111,0.9,0,0.0,2,0,0,5.19E-07,5.19E-07,-6.80E-08,6.00E-09,2.54E-07,4.40E-07,0,13.7,98.1%,96.9%,99.7%
Browns Ferry 3,2008-03-01,398785,0.9,0,0.0,2,0,0,5.19E-07,5.19E-07,-6.80E-08,6.00E-09,2.54E-07,4.40E-07,0,13.7,98.1%,96.9%,99.7%
Browns Ferry 3,2008-04-01,-1826,1.0,0,0.0,2,0,0,5.80E-07,5.80E-07,-6.90E-08,1.78E-07,2.19E-07,5.00E-07,NA,0,98.7%,91.8%,99.7%
Browns Ferry 3,2008-05-01,339153,1.0,0,0.0,2,0,0,5.80E-07,5.80E-07,-6.90E-08,1.78E-07,2.19E-07,5.00E-07,0,6.2,98.7%,91.8%,99.7%
Browns Ferry 3,2008-06-01,789755,1.0,0,0.0,2,0,0,5.80E-07,5.80E-07,-6.90E-08,1.78E-07,2.19E-07,5.00E-07,0,6.2,98.7%,91.8%,99.7%
Browns Ferry 3,2008-07-01,726873,1.0,2.1,0.0,1,0,0,6.60E-07,6.60E-07,-6.90E-08,1.83E-07,2.32E-07,3.30E-07,0,5.6,98.2%,98.4%,99.6%
Browns Ferry 3,2008-08-01,758138,1.0,2.1,0.0,1,0,0,6.60E-07,6.60E-07,-6.90E-08,1.83E-07,2.32E-07,3.30E-07,0,5.6,98.2%,98.4%,99.6%
Browns Ferry 3,2008-09-01,794211,1.0,2.1,0.0,1,0,0,6.60E-07,6.60E-07,-6.90E-08,1.83E-07,2.32E-07,3.30E-07,0,5.6,98.2%,98.4%,99.6%
Browns Ferry 3,2008-10-01,828355,0,2.0,0.0,1,0,0,6.80E-07,6.80E-07,-6.90E-08,1.64E-07,1.66E-07,2.70E-07,0,5.9,97.8%,100.0%,99.6%
Browns Ferry 3,2008-11-01,803675,0,2.0,0.0,1,0,0,6.80E-07,6.80E-07,-6.90E-08,1.64E-07,1.66E-07,2.70E-07,0,5.9,97.8%,100.0%,99.6%
Browns Ferry 3,2008-12-01,845732,0,2.0,0.0,1,0,0,6.80E-07,6.80E-07,-6.90E-08,1.64E-07,1.66E-07,2.70E-07,0,5.9,97.8%,100.0%,99.6%
Browns Ferry 3,2009-01-01,834055,0,1.8,0.0,0,0,0,6.50E-07,6.50E-07,-6.90E-08,1.62E-07,-3.80E-08,2.60E-07,0,5.4,97.9%,100.0%,99.4%
Browns Ferry 3,2009-02-01,762132,0,1.8,0.0,0,0,0,6.50E-07,6.50E-07,-6.90E-08,1.62E-07,-3.80E-08,2.60E-07,0,5.4,97.9%,100.0%,99.4%
Browns Ferry 3,2009-03-01,836318,0,1.8,0.0,0,0,0,6.50E-07,6.50E-07,-6.90E-08,1.62E-07,-3.80E-08,2.60E-07,0,5.4,97.9%,100.0%,99.4%
Browns Ferry 3,2009-04-01,782245,0,1.6,0.0,0,0,0,5.30E-07,5.30E-07,-6.90E-08,1.71E-07,-4.00E-08,2.47E-07,0,5.3,98.6%,97.1%,99.5%
Browns Ferry 3,2009-05-01,830566,0,1.6,0.0,0,0,0,5.30E-07,5.30E-07,-6.90E-08,1.71E-07,-4.00E-08,2.47E-07,0,5.4,98.6%,97.1%,99.5%
Browns Ferry 3,2009-06-01,768105,0,1.6,0.0,0,0,0,5.30E-07,5.30E-07,-6.90E-08,1.71E-07,-4.00E-08,2.47E-07,0,5.3,98.6%,97.1%,99.5%
Browns Ferry 3,2009-07-01,804661,0.8,0.8,0.0,0,0,0,5.30E-07,5.30E-07,-7.00E-08,3.53E-07,-5.38E-08,1.16E-07,0,5.3,98.6%,97.0%,99.6%
Browns Ferry 3,2009-08-01,682438,0.8,0.8,0.0,0,0,0,5.30E-07,5.30E-07,-7.00E-08,3.53E-07,-5.38E-08,1.16E-07,0,5.3,98.6%,97.0%,99.6%
Browns Ferry 3,2009-09-01,567242,0.8,0.8,0.0,0,0,0,5.30E-07,5.30E-07,-7.00E-08,3.53E-07,-5.38E-08,1.16E-07,0,5.6,98.6%,97.0%,99.6%
Browns Ferry 3,2009-10-01,659588,1.7,0.8,0.0,1,0,0,5.80E-07,5.80E-07,-4.53E-08,5.34E-07,-8.00E-09,1.47E-07,0,19.7,98.7%,100.0%,99.7%
Browns Ferry 3,2009-11-01,809748,1.7,0.8,0.0,1,0,0,5.80E-07,5.80E-07,-4.53E-08,5.34E-07,-8.00E-09,1.47E-07,0,5.9,98.7%,100.0%,99.7%
Browns Ferry 3,2009-12-01,838315,1.7,0.8,0.0,1,0,0,5.80E-07,5.80E-07,-4.53E-08,5.34E-07,-8.00E-09,1.47E-07,0,5.9,98.7%,100.0%,99.7%
Brunswick 1,2007-01-01,717820,0,0.8,0.0,2,0,0,3.70E-06,3.70E-06,-5.95E-08,-4.06E-08,-1.26E-06,-2.41E-07,0,10.4,95.7%,97.2%,100.0%
Brunswick 1,2007-02-01,654219,0,0.8,0.0,2,0,0,3.70E-06,3.70E-06,-5.95E-08,-4.06E-08,-1.26E-06,-2.41E-07,0,10.4,95.7%,97.2%,100.0%
Brunswick 1,2007-03-01,719722,0,0.8,0.0,2,0,0,3.70E-06,3.70E-06,-5.95E-08,-4.06E-08,-1.26E-06,-2.41E-07,0,11.2,95.7%,97.2%,100.0%
Brunswick 1,2007-04-01,549513,0,1.7,0.0,1,0,0,3.40E-06,3.40E-06,-5.73E-08,-4.07E-08,-1.27E-06,4.20E-07,0,10.8,95.7%,98.1%,100.0%
Brunswick 1,2007-05-01,706345,0,1.7,0.0,1,0,0,3.40E-06,3.40E-06,-5.73E-08,-4.07E-08,-1.27E-06,4.20E-07,0,11.2,95.7%,98.1%,100.0%
Brunswick 1,2007-06-01,683339,0,1.7,0.0,1,0,0,3.40E-06,3.40E-06,-5.73E-08,-4.07E-08,-1.27E-06,4.20E-07,0.1,11.2,95.7%,98.1%,100.0%
Brunswick 1,2007-07-01,710056,0,2.5,0.0,1,0,0,3.20E-06,3.20E-06,-5.44E-08,-3.72E-08,-1.39E-06,2.95E-06,0.1,10.8,95.3%,93.5%,100.0%
Brunswick 1,2007-08-01,692078,0,2.5,0.0,1,0,0,3.20E-06,3.20E-06,-5.44E-08,-3.72E-08,-1.39E-06,2.95E-06,0.1,10.8,95.3%,93.5%,100.0%
Brunswick 1,2007-09-01,334252,0,2.5,0.0,1,0,0,3.20E-06,3.20E-06,-5.44E-08,-3.72E-08,-1.39E-06,2.95E-06,0.1,11.6,95.3%,93.5%,100.0%
Brunswick 1,2007-10-01,715442,0,2.5,0.0,0,0,0,1.57E-07,1.57E-07,-6.39E-08,-2.83E-08,-3.60E-07,3.51E-07,0,11.2,97.1%,100.0%,100.0%
Brunswick 1,2007-11-01,698196,0,2.5,0.0,0,0,0,1.57E-07,1.57E-07,-6.39E-08,-2.83E-08,-3.60E-07,3.51E-07,0,11.2,97.1%,100.0%,100.0%
Brunswick 1,2007-12-01,700923,0,2.5,0.0,0,0,0,1.57E-07,1.57E-07,-6.39E-08,-2.83E-08,-3.60E-07,3.51E-07,0,8.1,97.1%,100.0%,100.0%
Brunswick 1,2008-01-01,713800,0,2.6,0.0,0,0,0,1.59E-07,1.59E-07,-4.60E-08,-2.81E-08,-5.69E-07,3.61E-07,0.1,10.8,98.2%,100.0%,100.0%
Brunswick 1,2008-02-01,649397,0,2.6,0.0,0,0,0,1.59E-07,1.59E-07,-4.60E-08,-2.81E-08,-5.69E-07,3.61E-07,0.1,11.2,98.2%,100.0%,100.0%
Brunswick 1,2008-03-01,286778,0,2.6,0.0,0,0,0,1.59E-07,1.59E-07,-4.60E-08,-2.81E-08,-5.69E-07,3.61E-07,0,10.9,98.2%,100.0%,100.0%
Brunswick 1,2008-04-01,7406,0,1.9,0.0,1,0,0,1.60E-07,1.60E-07,6.40E-08,-2.75E-08,-5.59E-07,3.61E-07,NA,10.8,97.5%,100.0%,99.9%
Brunswick 1,2008-05-01,704958,0,1.9,0.0,1,0,0,1.60E-07,1.60E-07,6.40E-08,-2.75E-08,-5.59E-07,3.61E-07,0,13.2,97.5%,100.0%,99.9%
Brunswick 1,2008-06-01,686283,0,1.9,0.0,1,0,0,1.60E-07,1.60E-07,6.40E-08,-2.75E-08,-5.59E-07,3.61E-07,0,12.0,97.5%,100.0%,99.9%
Brunswick 1,2008-07-01,707636,0,0,0.0,2,0,0,9.70E-08,9.70E-08,2.84E-07,-3.63E-08,-5.59E-07,3.70E-07,0,13.6,97.0%,100.0%,99.9%
Brunswick 1,2008-08-01,702990,0,0,0.0,2,0,0,9.70E-08,9.70E-08,2.84E-07,-3.63E-08,-5.59E-07,3.70E-07,0,13.2,97.0%,100.0%,99.9%
Brunswick 1,2008-09-01,689112,0,0,0.0,2,0,0,9.70E-08,9.70E-08,2.84E-07,-3.63E-08,-5.59E-07,3.70E-07,0,14.0,97.0%,100.0%,99.9%
Brunswick 1,2008-10-01,716845,0.9,0,1.0,2,0,0,1.02E-07,1.02E-07,2.84E-07,-3.62E-08,-5.49E-07,3.70E-07,0,14.4,97.6%,100.0%,100.0%
Brunswick 1,2008-11-01,452952,0.9,0,1.0,2,0,0,1.02E-07,1.02E-07,2.84E-07,-3.62E-08,-5.49E-07,3.70E-07,0,14.8,97.6%,100.0%,100.0%
Brunswick 1,2008-12-01,712475,0.9,0,1.0,2,0,0,1.02E-07,1.02E-07,2.84E-07,-3.62E-08,-5.49E-07,3.70E-07,0,13.6,97.6%,100.0%,100.0%
Brunswick 1,2009-01-01,719187,0.9,0.9,1.0,3,0,0,1.00E-07,1.00E-07,2.34E-07,-3.64E-08,-5.49E-07,3.50E-07,0,14.4,97.6%,100.0%,100.0%
Brunswick 1,2009-02-01,630842,0.9,0.9,1.0,3,0,0,1.00E-07,1.00E-07,2.34E-07,-3.64E-08,-5.49E-07,3.50E-07,0,14.4,97.6%,100.0%,100.0%
Brunswick 1,2009-03-01,703593,0.9,0.9,1.0,3,0,0,1.00E-07,1.00E-07,2.34E-07,-3.64E-08,-5.49E-07,3.50E-07,0,14.8,97.6%,100.0%,100.0%
Brunswick 1,2009-04-01,691620,0.8,0.8,1.0,3,0,0,1.55E-07,1.55E-07,2.35E-07,-2.79E-08,-5.39E-07,3.50E-07,0,14.0,97.8%,100.0%,100.0%
Brunswick 1,2009-05-01,703953,0.8,0.8,1.0,3,0,0,1.55E-07,1.55E-07,2.35E-07,-2.79E-08,-5.39E-07,3.50E-07,0,14.0,97.8%,100.0%,100.0%
Brunswick 1,2009-06-01,679293,0.8,0.8,1.0,3,0,0,1.55E-07,1.55E-07,2.35E-07,-2.79E-08,-5.39E-07,3.50E-07,0,14.4,97.8%,100.0%,100.0%
Brunswick 1,2009-07-01,697753,0.8,2.5,0.0,1,0,0,1.29E-07,1.29E-07,2.55E-07,-2.64E-08,-5.29E-07,4.39E-07,0.1,14.4,97.7%,100.0%,100.0%
Brunswick 1,2009-08-01,679296,0.8,2.5,0.0,1,0,0,1.29E-07,1.29E-07,2.55E-07,-2.64E-08,-5.29E-07,4.39E-07,0,15.6,97.7%,100.0%,100.0%
Brunswick 1,2009-09-01,445366,0.8,2.5,0.0,1,0,0,1.29E-07,1.29E-07,2.55E-07,-2.64E-08,-5.29E-07,4.39E-07,0,15.6,97.7%,100.0%,100.0%
Brunswick 1,2009-10-01,673715,0.8,2.5,0.0,2,0,0,NA,NA,NA,NA,NA,NA,0,15.2,97.8%,100.0%,100.0%
Brunswick 1,2009-11-01,687861,0.8,2.5,0.0,2,0,0,NA,NA,NA,NA,NA,NA,0,16.0,97.8%,100.0%,100.0%
Brunswick 1,2009-12-01,710188,0.8,2.5,0.0,2,0,0,NA,NA,NA,NA,NA,NA,0,16.4,97.8%,100.0%,100.0%
Brunswick 2,2007-01-01,697731,2.9,0,0.0,NA,0,0,NA,1.88E-06,-8.20E-08,-4.65E-08,-5.20E-07,-3.17E-07,3.2,12.4,95.7%,97.2%,100.0%
Brunswick 2,2007-02-01,636309,2.9,0,0.0,NA,0,0,NA,1.88E-06,-8.20E-08,-4.65E-08,-5.20E-07,-3.17E-07,3.3,12.4,95.7%,97.2%,100.0%
Brunswick 2,2007-03-01,36594,2.9,0,0.0,NA,0,0,NA,1.88E-06,-8.20E-08,-4.65E-08,-5.20E-07,-3.17E-07,3.1,12.0,95.7%,97.2%,100.0%
Brunswick 2,2007-04-01,255131,2.9,0,0.0,NA,0,0,NA,1.70E-06,-9.40E-08,-4.10E-09,-5.20E-07,-3.22E-07,1.7,8.8,95.7%,98.1%,100.0%
Brunswick 2,2007-05-01,703179,2.9,0,0.0,NA,0,0,NA,1.70E-06,-9.40E-08,-4.10E-09,-5.20E-07,-3.22E-07,1.7,8.8,95.7%,98.1%,100.0%
Brunswick 2,2007-06-01,673524,2.9,0,0.0,NA,0,0,NA,1.70E-06,-9.40E-08,-4.10E-09,-5.20E-07,-3.22E-07,2.0,8.8,95.7%,98.1%,100.0%
Brunswick 2,2007-07-01,698194,2.9,0,1.0,NA,0,0,NA,1.51E-06,-9.40E-08,-4.10E-09,-2.35E-06,1.40E-07,1.6,8.8,95.3%,93.5%,100.0%
Brunswick 2,2007-08-01,695545,2.9,0,1.0,NA,0,0,NA,1.51E-06,-9.40E-08,-4.10E-09,-2.35E-06,1.40E-07,1.8,8.4,95.3%,93.5%,100.0%
Brunswick 2,2007-09-01,656626,2.9,0,1.0,NA,0,0,NA,1.51E-06,-9.40E-08,-4.10E-09,-2.35E-06,1.40E-07,1.7,8.4,95.3%,93.5%,100.0%
Brunswick 2,2007-10-01,701943,0,0,0.0,NA,0,0,NA,9.44E-08,1.67E-07,3.74E-09,-4.65E-07,-5.80E-08,1.8,8.8,97.1%,100.0%,100.0%
Brunswick 2,2007-11-01,676160,0,0,0.0,NA,0,0,NA,9.44E-08,1.67E-07,3.74E-09,-4.65E-07,-5.80E-08,1.7,8.4,97.1%,100.0%,100.0%
Brunswick 2,2007-12-01,709322,0,0,0.0,NA,0,0,NA,9.44E-08,1.67E-07,3.74E-09,-4.65E-07,-5.80E-08,1.7,8.8,97.1%,100.0%,100.0%
Brunswick 2,2008-01-01,705183,0,0.8,0.0,NA,0,0,NA,9.38E-08,1.63E-07,2.21E-09,-4.71E-07,-1.44E-07,1.7,8.8,98.2%,100.0%,100.0%
Brunswick 2,2008-02-01,662926,0,0.8,0.0,NA,0,0,NA,9.38E-08,1.63E-07,2.21E-09,-4.71E-07,-1.44E-07,1.5,9.2,98.2%,100.0%,100.0%
Brunswick 2,2008-03-01,638070,0,0.8,0.0,NA,0,0,NA,9.38E-08,1.63E-07,2.21E-09,-4.71E-07,-1.44E-07,1.6,9.2,98.2%,100.0%,100.0%
Brunswick 2,2008-04-01,676182,0,0.8,0.0,NA,0,0,NA,9.39E-08,1.71E-07,-1.10E-09,-4.73E-07,-1.34E-07,1.8,9.2,97.5%,100.0%,99.9%
Brunswick 2,2008-05-01,697370,0,0.8,0.0,NA,0,0,NA,9.39E-08,1.71E-07,-1.10E-09,-4.73E-07,-1.34E-07,1.5,9.2,97.5%,100.0%,99.9%
Brunswick 2,2008-06-01,662438,0,0.8,0.0,NA,0,0,NA,9.39E-08,1.71E-07,-1.10E-09,-4.73E-07,-1.34E-07,1.8,8.8,97.5%,100.0%,99.9%
Brunswick 2,2008-07-01,691106,0.8,0.8,0.0,NA,0,0,NA,7.00E-08,1.70E-07,-2.00E-09,-4.39E-07,-1.44E-07,1.8,8.8,97.0%,100.0%,99.9%
Brunswick 2,2008-08-01,658231,0.8,0.8,0.0,NA,0,0,NA,7.00E-08,1.70E-07,-2.00E-09,-4.39E-07,-1.44E-07,1.7,10.4,97.0%,100.0%,99.9%
Brunswick 2,2008-09-01,566245,0.8,0.8,0.0,NA,0,0,NA,7.00E-08,1.70E-07,-2.00E-09,-4.39E-07,-1.44E-07,1.7,10.0,97.0%,100.0%,99.9%
Brunswick 2,2008-10-01,699951,1.6,0.8,0.0,NA,0,0,NA,8.28E-08,2.10E-07,-1.55E-09,-4.40E-07,-7.00E-08,1.8,10.4,97.6%,100.0%,100.0%
Brunswick 2,2008-11-01,491759,1.6,0.8,0.0,NA,0,0,NA,8.28E-08,2.10E-07,-1.55E-09,-4.40E-07,-7.00E-08,1.5,10.4,97.6%,100.0%,100.0%
Brunswick 2,2008-12-01,704777,1.6,0.8,0.0,NA,0,0,NA,8.28E-08,2.10E-07,-1.55E-09,-4.40E-07,-7.00E-08,1.4,9.2,97.6%,100.0%,100.0%
Brunswick 2,2009-01-01,696451,1.8,0,0.0,NA,0,0,NA,9.30E-08,3.50E-07,-3.37E-09,-4.15E-07,-2.70E-08,1.4,10.0,97.6%,100.0%,100.0%
Brunswick 2,2009-02-01,604133,1.8,0,0.0,NA,0,0,NA,9.30E-08,3.50E-07,-3.37E-09,-4.15E-07,-2.70E-08,1.4,9.6,97.6%,100.0%,100.0%
Brunswick 2,2009-03-01,-3057,1.8,0,0.0,NA,0,0,NA,9.30E-08,3.50E-07,-3.37E-09,-4.15E-07,-2.70E-08,NA,NA,97.6%,100.0%,100.0%
Brunswick 2,2009-04-01,8812,2.0,1.0,0.0,NA,0,0,NA,1.35E-07,3.60E-07,7.00E-10,-3.88E-07,-2.04E-08,NA,10.4,97.8%,100.0%,100.0%
Brunswick 2,2009-05-01,613351,2.0,1.0,0.0,NA,0,0,NA,1.35E-07,3.60E-07,7.00E-10,-3.88E-07,-2.04E-08,0.4,12.4,97.8%,100.0%,100.0%
Brunswick 2,2009-06-01,611706,2.0,1.0,0.0,NA,0,0,NA,1.35E-07,3.60E-07,7.00E-10,-3.88E-07,-2.04E-08,0.5,12.0,97.8%,100.0%,100.0%
Brunswick 2,2009-07-01,693644,1.0,2.0,0.0,NA,0,0,NA,1.41E-07,3.80E-07,-1.55E-09,-2.90E-07,-1.61E-08,0.5,9.6,97.7%,100.0%,100.0%
Brunswick 2,2009-08-01,686770,1.0,2.0,0.0,NA,0,0,NA,1.41E-07,3.80E-07,-1.55E-09,-2.90E-07,-1.61E-08,0.4,9.6,97.7%,100.0%,100.0%
Brunswick 2,2009-09-01,449456,1.0,2.0,0.0,NA,0,0,NA,1.41E-07,3.80E-07,-1.55E-09,-2.90E-07,-1.61E-08,0.4,9.6,97.7%,100.0%,100.0%
Brunswick 2,2009-10-01,663363,0,3.9,0.0,NA,0,0,NA,2.40E-08,3.80E-07,8.22E-09,-2.80E-07,-5.20E-08,0.5,12.0,97.8%,100.0%,100.0%
Brunswick 2,2009-11-01,676898,0,3.9,0.0,NA,0,0,NA,2.40E-08,3.80E-07,8.22E-09,-2.80E-07,-5.20E-08,0.5,10.4,97.8%,100.0%,100.0%
Brunswick 2,2009-12-01,705613,0,3.9,0.0,NA,0,0,NA,2.40E-08,3.80E-07,8.22E-09,-2.80E-07,-5.20E-08,0.5,10.4,97.8%,100.0%,100.0%
Byron 1,2007-01-01,890394,0,0,NA,0,0,0,NA,-2.43E-06,1.70E-08,-1.00E-06,-1.13E-07,-6.40E-07,0.6,1.4,98.2%,100.0%,99.8%
Byron 1,2007-02-01,803341,0,0,NA,0,0,0,NA,-2.43E-06,1.70E-08,-1.00E-06,-1.13E-07,-6.40E-07,0.7,1.3,98.2%,100.0%,99.8%
Byron 1,2007-03-01,881896,0,0,NA,0,0,0,NA,-2.43E-06,1.70E-08,-1.00E-06,-1.13E-07,-6.40E-07,0.6,1.3,98.2%,100.0%,99.8%
Byron 1,2007-04-01,857682,0,0,NA,0,0,0,NA,-2.51E-06,1.70E-08,-1.00E-06,-1.13E-07,-7.34E-07,0.6,1.3,98.1%,100.0%,99.8%
Byron 1,2007-05-01,878538,0,0,NA,0,0,0,NA,-2.51E-06,1.70E-08,-1.00E-06,-1.13E-07,-7.34E-07,0.7,1.2,98.1%,100.0%,99.8%
Byron 1,2007-06-01,847411,0,0,NA,0,0,0,NA,-2.51E-06,1.70E-08,-1.00E-06,-1.13E-07,-7.34E-07,0.7,1.1,98.1%,100.0%,99.8%
Byron 1,2007-07-01,874591,0,0,0.0,0,0,0,NA,-2.52E-06,4.40E-08,-1.01E-06,-1.56E-07,-7.35E-07,0.8,1.2,97.6%,100.0%,99.8%
Byron 1,2007-08-01,870117,0,0,0.0,0,0,0,NA,-2.52E-06,4.40E-08,-1.01E-06,-1.56E-07,-7.35E-07,0.8,1.2,97.6%,100.0%,99.8%
Byron 1,2007-09-01,846823,0,0,0.0,0,0,0,NA,-2.52E-06,4.40E-08,-1.01E-06,-1.56E-07,-7.35E-07,0.7,1.1,97.6%,100.0%,99.8%
Byron 1,2007-10-01,536772,0,0.8,0.0,0,0,0,NA,-2.53E-06,4.50E-08,-1.02E-06,-9.30E-08,-7.33E-07,0.8,1.3,97.5%,100.0%,99.8%
Byron 1,2007-11-01,849456,0,0.8,0.0,0,0,0,NA,-2.53E-06,4.50E-08,-1.02E-06,-9.30E-08,-7.33E-07,1.0,1.6,97.5%,100.0%,99.8%
Byron 1,2007-12-01,887143,0,0.8,0.0,0,0,0,NA,-2.53E-06,4.50E-08,-1.02E-06,-9.30E-08,-7.33E-07,0.9,1.3,97.5%,100.0%,99.8%
Byron 1,2008-01-01,886795,0,0.8,0.0,0,1.0,0,NA,-2.59E-06,3.00E-08,8.20E-07,4.00E-08,-7.34E-07,0.9,1.3,97.4%,100.0%,99.7%
Byron 1,2008-02-01,829923,0,0.8,0.0,0,1.0,0,NA,-2.59E-06,3.00E-08,8.20E-07,4.00E-08,-7.34E-07,0.9,1.3,97.4%,100.0%,99.7%
Byron 1,2008-03-01,649419,0,0.8,0.0,0,1.0,0,NA,-2.59E-06,3.00E-08,8.20E-07,4.00E-08,-7.34E-07,1.1,1.4,97.4%,100.0%,99.7%
Byron 1,2008-04-01,420548,0,0.9,0.0,0,1.0,0,NA,-2.65E-06,6.00E-09,6.70E-07,6.00E-08,-7.32E-07,0.2,1.4,97.3%,100.0%,99.8%
Byron 1,2008-05-01,883691,0,0.9,0.0,0,1.0,0,NA,-2.65E-06,6.00E-09,6.70E-07,6.00E-08,-7.32E-07,0.2,1.2,97.3%,100.0%,99.8%
Byron 1,2008-06-01,847574,0,0.9,0.0,0,1.0,0,NA,-2.65E-06,6.00E-09,6.70E-07,6.00E-08,-7.32E-07,0.2,1.3,97.3%,100.0%,99.8%
Byron 1,2008-07-01,869921,0,0.9,0.0,0,1.0,0,NA,-1.43E-06,2.00E-08,3.00E-07,1.00E-07,-5.10E-07,0.2,1.1,97.0%,100.0%,99.4%
Byron 1,2008-08-01,873407,0,0.9,0.0,0,1.0,0,NA,-1.43E-06,2.00E-08,3.00E-07,1.00E-07,-5.10E-07,0.2,1.7,97.0%,100.0%,99.4%
Byron 1,2008-09-01,848725,0,0.9,0.0,0,1.0,0,NA,-1.43E-06,2.00E-08,3.00E-07,1.00E-07,-5.10E-07,0.2,1.2,97.0%,100.0%,99.4%
Byron 1,2008-10-01,882199,0,0,0.0,0,1.0,0,NA,-1.42E-06,3.60E-08,2.90E-07,1.10E-07,-3.60E-07,0.2,1.1,96.5%,100.0%,99.4%
Byron 1,2008-11-01,856052,0,0,0.0,0,1.0,0,NA,-1.42E-06,3.60E-08,2.90E-07,1.10E-07,-3.60E-07,0.2,1.1,96.5%,100.0%,99.4%
Byron 1,2008-12-01,885108,0,0,0.0,0,1.0,0,NA,-1.42E-06,3.60E-08,2.90E-07,1.10E-07,-3.60E-07,0.2,1.1,96.5%,100.0%,99.4%
Byron 1,2009-01-01,885746,0,0,0.0,0,0.0,0,NA,-1.25E-06,1.10E-08,3.50E-07,1.00E-07,-1.34E-06,0.3,1.1,96.7%,100.0%,99.4%
Byron 1,2009-02-01,785272,0,0,0.0,0,0.0,0,NA,-1.25E-06,1.10E-08,3.50E-07,1.00E-07,-1.34E-06,0.3,1.2,96.7%,100.0%,99.4%
Byron 1,2009-03-01,888217,0,0,0.0,0,0.0,0,NA,-1.25E-06,1.10E-08,3.50E-07,1.00E-07,-1.34E-06,0.3,1.1,96.7%,100.0%,99.4%
Byron 1,2009-04-01,855433,0,0,0.0,0,0.0,0,NA,-1.21E-06,-9.80E-09,3.40E-07,1.40E-07,-1.31E-06,0.3,1.1,97.9%,100.0%,99.4%
Byron 1,2009-05-01,877275,0,0,0.0,0,0.0,0,NA,-1.21E-06,-9.80E-09,3.40E-07,1.40E-07,-1.31E-06,0.3,1.1,97.9%,100.0%,99.4%
Byron 1,2009-06-01,841007,0,0,0.0,0,0.0,0,NA,-1.21E-06,-9.80E-09,3.40E-07,1.40E-07,-1.31E-06,0.3,1.1,97.9%,100.0%,99.4%
Byron 1,2009-07-01,868307,0,0,0.0,0,0.0,0,NA,-5.08E-07,-1.83E-09,2.47E-07,-1.00E-08,-7.40E-07,0.3,1.0,97.6%,100.0%,99.8%
Byron 1,2009-08-01,870587,0,0,0.0,0,0.0,0,NA,-5.08E-07,-1.83E-09,2.47E-07,-1.00E-08,-7.40E-07,0.3,1.0,97.6%,100.0%,99.8%
Byron 1,2009-09-01,355761,0,0,0.0,0,0.0,0,NA,-5.08E-07,-1.83E-09,2.47E-07,-1.00E-08,-7.40E-07,0.3,1.0,97.6%,100.0%,99.8%
Byron 1,2009-10-01,634399,0,0,0.0,0,0.0,0,NA,-5.23E-07,6.30E-09,1.36E-07,-9.00E-09,-7.60E-07,0.1,1.2,97.7%,100.0%,99.8%
Byron 1,2009-11-01,859127,0,0,0.0,0,0.0,0,NA,-5.23E-07,6.30E-09,1.36E-07,-9.00E-09,-7.60E-07,0.1,1.2,97.7%,100.0%,99.8%
Byron 1,2009-12-01,888254,0,0,0.0,0,0.0,0,NA,-5.23E-07,6.30E-09,1.36E-07,-9.00E-09,-7.60E-07,0.1,1.2,97.7%,100.0%,99.8%
Byron 2,2007-01-01,866928,0,0,NA,1,0,0,NA,-2.25E-06,-5.80E-08,2.10E-06,-1.83E-07,2.90E-07,0,0.6,98.2%,100.0%,99.8%
Byron 2,2007-02-01,781840,0,0,NA,1,0,0,NA,-2.25E-06,-5.80E-08,2.10E-06,-1.83E-07,2.90E-07,0.1,0.8,98.2%,100.0%,99.8%
Byron 2,2007-03-01,835334,0,0,NA,1,0,0,NA,-2.25E-06,-5.80E-08,2.10E-06,-1.83E-07,2.90E-07,0,0.8,98.2%,100.0%,99.8%
Byron 2,2007-04-01,12871,0,0,NA,0,0,0,NA,-2.24E-06,-5.90E-08,2.22E-06,-1.93E-07,1.50E-07,0,0.7,97.8%,100.0%,99.8%
Byron 2,2007-05-01,725328,0,0,NA,0,0,0,NA,-2.24E-06,-5.90E-08,2.22E-06,-1.93E-07,1.50E-07,0,1.1,97.8%,100.0%,99.8%
Byron 2,2007-06-01,829980,0,0,NA,0,0,0,NA,-2.24E-06,-5.90E-08,2.22E-06,-1.93E-07,1.50E-07,0,1.0,97.8%,100.0%,99.8%
Byron 2,2007-07-01,855869,0,0,0.0,0,0,0,NA,-2.35E-06,-5.90E-08,1.83E-06,-1.93E-07,-6.64E-07,0,0.7,97.6%,100.0%,99.8%
Byron 2,2007-08-01,855635,0,0,0.0,0,0,0,NA,-2.35E-06,-5.90E-08,1.83E-06,-1.93E-07,-6.64E-07,0,0.7,97.6%,100.0%,99.8%
Byron 2,2007-09-01,833558,0,0,0.0,0,0,0,NA,-2.35E-06,-5.90E-08,1.83E-06,-1.93E-07,-6.64E-07,0.1,1.1,97.6%,100.0%,99.8%
Byron 2,2007-10-01,531639,0,1.0,0.0,0,0,0,NA,-2.35E-06,-5.90E-08,1.74E-06,-2.03E-07,-6.98E-07,0,1.5,97.5%,100.0%,99.8%
Byron 2,2007-11-01,831330,0,1.0,0.0,0,0,0,NA,-2.35E-06,-5.90E-08,1.74E-06,-2.03E-07,-6.98E-07,0.1,0.9,97.5%,100.0%,99.8%
Byron 2,2007-12-01,868291,0,1.0,0.0,0,0,0,NA,-2.35E-06,-5.90E-08,1.74E-06,-2.03E-07,-6.98E-07,0,0.6,97.5%,100.0%,99.8%
Byron 2,2008-01-01,869128,0,0,0.0,0,1,0,NA,-2.41E-06,-5.90E-08,3.20E-07,-6.90E-08,-6.73E-07,0,0.6,97.4%,100.0%,99.7%
Byron 2,2008-02-01,811702,0,0,0.0,0,1,0,NA,-2.41E-06,-5.90E-08,3.20E-07,-6.90E-08,-6.73E-07,0,0.5,97.4%,100.0%,99.7%
Byron 2,2008-03-01,865261,0,0,0.0,0,1,0,NA,-2.41E-06,-5.90E-08,3.20E-07,-6.90E-08,-6.73E-07,0,0.5,97.4%,100.0%,99.7%
Byron 2,2008-04-01,835340,0,0,0.0,0,1,0,NA,-2.44E-06,-5.90E-08,4.00E-07,1.00E-07,-7.01E-07,0,0.5,97.3%,98.8%,99.8%
Byron 2,2008-05-01,861084,0,0,0.0,0,1,0,NA,-2.44E-06,-5.90E-08,4.00E-07,1.00E-07,-7.01E-07,0,0.5,97.3%,98.8%,99.8%
Byron 2,2008-06-01,828912,0,0,0.0,0,1,0,NA,-2.44E-06,-5.90E-08,4.00E-07,1.00E-07,-7.01E-07,0,0.5,97.3%,98.8%,99.8%
Byron 2,2008-07-01,855049,0,0,0.0,0,1,0,NA,-1.32E-06,-6.50E-08,6.97E-07,1.90E-07,-3.59E-06,0,0.5,97.0%,100.0%,99.4%
Byron 2,2008-08-01,856110,0,0,0.0,0,1,0,NA,-1.32E-06,-6.50E-08,6.97E-07,1.90E-07,-3.59E-06,0,0.5,97.0%,100.0%,99.4%
Byron 2,2008-09-01,829508,0,0,0.0,0,1,0,NA,-1.32E-06,-6.50E-08,6.97E-07,1.90E-07,-3.59E-06,0,0.6,97.0%,100.0%,99.4%
Byron 2,2008-10-01,302863,0,0,0.0,0,1,0,NA,-1.31E-06,-6.50E-08,7.30E-08,2.30E-07,-3.59E-06,0.1,0.8,96.5%,100.0%,99.4%
Byron 2,2008-11-01,840801,0,0,0.0,0,1,0,NA,-1.31E-06,-6.50E-08,7.30E-08,2.30E-07,-3.59E-06,0,0.8,96.5%,100.0%,99.4%
Byron 2,2008-12-01,868406,0,0,0.0,0,1,0,NA,-1.31E-06,-6.50E-08,7.30E-08,2.30E-07,-3.59E-06,0,0.6,96.5%,100.0%,99.4%
Byron 2,2009-01-01,867877,0,0,0.0,0,0,0,NA,-1.25E-06,-5.10E-08,-6.70E-07,2.10E-07,-2.62E-07,0.1,0.6,96.7%,100.0%,99.4%
Byron 2,2009-02-01,782211,0,0,0.0,0,0,0,NA,-1.25E-06,-5.10E-08,-6.70E-07,2.10E-07,-2.62E-07,0,0.5,96.7%,100.0%,99.4%
Byron 2,2009-03-01,861576,0,0,0.0,0,0,0,NA,-1.25E-06,-5.10E-08,-6.70E-07,2.10E-07,-2.62E-07,0,0.5,96.7%,100.0%,99.4%
Byron 2,2009-04-01,830108,0,0,0.0,0,0,0,NA,-1.22E-06,-5.30E-08,-6.60E-07,1.80E-07,-2.62E-07,0,0.5,97.9%,100.0%,99.4%
Byron 2,2009-05-01,859900,0,0,0.0,0,0,0,NA,-1.22E-06,-5.30E-08,-6.60E-07,1.80E-07,-2.62E-07,0,0.5,97.9%,100.0%,99.4%
Byron 2,2009-06-01,822150,0,0,0.0,0,0,0,NA,-1.22E-06,-5.30E-08,-6.60E-07,1.80E-07,-2.62E-07,0,0.6,97.9%,100.0%,99.4%
Byron 2,2009-07-01,852578,0,0,0.0,0,0,0,NA,-5.15E-07,-1.17E-08,-1.66E-07,1.30E-08,-3.10E-08,0,0.5,97.6%,100.0%,99.8%
Byron 2,2009-08-01,852279,0,0,0.0,0,0,0,NA,-5.15E-07,-1.17E-08,-1.66E-07,1.30E-08,-3.10E-08,0,0.5,97.6%,100.0%,99.8%
Byron 2,2009-09-01,826053,0,0,0.0,0,0,0,NA,-5.15E-07,-1.17E-08,-1.66E-07,1.30E-08,-3.10E-08,0,0.4,97.6%,100.0%,99.8%
Callaway,2007-01-01,921372,1.7,1.7,NA,0,0,0,NA,NA,-3.27E-08,7.50E-07,-2.42E-07,1.50E-07,0.1,0.2,97.0%,97.2%,99.9%
Callaway,2007-02-01,832148,1.7,1.7,NA,0,0,0,NA,NA,-3.27E-08,7.50E-07,-2.42E-07,1.50E-07,0.1,0.3,97.0%,97.2%,99.9%
Callaway,2007-03-01,773355,1.7,1.7,NA,0,0,0,NA,NA,-3.27E-08,7.50E-07,-2.42E-07,1.50E-07,0.1,0.4,97.0%,97.2%,99.9%
Callaway,2007-04-01,17380,0.9,0.9,NA,0,0,0,NA,NA,-3.27E-08,7.40E-07,-2.43E-07,-7.00E-07,N/A,N/A,97.2%,95.4%,100.0%
Callaway,2007-05-01,592863,0.9,0.9,NA,0,0,0,NA,NA,-3.27E-08,7.40E-07,-2.43E-07,-7.00E-07,0.3,0.2,97.2%,95.4%,100.0%
Callaway,2007-06-01,866741,0.9,0.9,NA,0,0,0,NA,NA,-3.27E-08,7.40E-07,-2.43E-07,-7.00E-07,0.3,0.1,97.2%,95.4%,100.0%
Callaway,2007-07-01,894646,0.9,0.9,0.0,0,0,0,NA,NA,-3.27E-08,4.70E-07,-2.43E-07,-7.50E-07,0.2,0.1,95.0%,98.1%,100.0%
Callaway,2007-08-01,888978,0.9,0.9,0.0,0,0,0,NA,NA,-3.27E-08,4.70E-07,-2.43E-07,-7.50E-07,0.2,0.1,95.0%,98.1%,100.0%
Callaway,2007-09-01,869464,0.9,0.9,0.0,0,0,0,NA,NA,-3.27E-08,4.70E-07,-2.43E-07,-7.50E-07,0.9,1.1,95.0%,98.1%,100.0%
Callaway,2007-10-01,906068,0.9,0.9,0.0,0,0,0,NA,NA,-3.26E-08,-1.02E-06,-2.33E-07,-1.16E-06,0.5,0.1,95.0%,100.0%,100.0%
Callaway,2007-11-01,888687,0.9,0.9,0.0,0,0,0,NA,NA,-3.26E-08,-1.02E-06,-2.33E-07,-1.16E-06,0.3,0.2,95.0%,100.0%,100.0%
Callaway,2007-12-01,920253,0.9,0.9,0.0,0,0,0,NA,NA,-3.26E-08,-1.02E-06,-2.33E-07,-1.16E-06,0.4,0.3,95.0%,100.0%,100.0%
Callaway,2008-01-01,919838,0,0.9,0.0,0,0,0,NA,NA,-3.24E-08,-1.04E-06,-2.38E-07,-1.80E-06,0.5,0.2,95.3%,100.0%,100.0%
Callaway,2008-02-01,861555,0,0.9,0.0,0,0,0,NA,NA,-3.24E-08,-1.04E-06,-2.38E-07,-1.80E-06,0.6,0.2,95.3%,100.0%,100.0%
Callaway,2008-03-01,897258,0,0.9,0.0,0,0,0,NA,NA,-3.24E-08,-1.04E-06,-2.38E-07,-1.80E-06,0.7,0.3,95.3%,100.0%,100.0%
Callaway,2008-04-01,880210,0,0.8,0.0,0,0,0,NA,NA,-3.37E-08,-1.15E-06,-2.28E-07,-1.79E-06,1.5,0.4,95.7%,100.0%,99.8%
Callaway,2008-05-01,904505,0,0.8,0.0,0,0,0,NA,NA,-3.37E-08,-1.15E-06,-2.28E-07,-1.79E-06,2.3,0.3,95.7%,100.0%,99.8%
Callaway,2008-06-01,861545,0,0.8,0.0,0,0,0,NA,NA,-3.37E-08,-1.15E-06,-2.28E-07,-1.79E-06,1.9,0.2,95.7%,100.0%,99.8%
Callaway,2008-07-01,878976,0,0.8,0.0,0,0,0,NA,NA,-3.37E-08,-1.18E-06,-1.92E-07,-1.40E-06,1.0,0.2,96.7%,100.0%,99.7%
Callaway,2008-08-01,889454,0,0.8,0.0,0,0,0,NA,NA,-3.37E-08,-1.18E-06,-1.92E-07,-1.40E-06,1.2,0.3,96.7%,100.0%,99.7%
Callaway,2008-09-01,869370,0,0.8,0.0,0,0,0,NA,NA,-3.37E-08,-1.18E-06,-1.92E-07,-1.40E-06,2.0,0.5,96.7%,100.0%,99.7%
Callaway,2008-10-01,281840,2.7,0.9,0.0,0,0,0,NA,NA,-3.37E-08,-1.19E-06,-1.81E-07,-1.48E-06,1.0,0.3,96.1%,100.0%,99.7%
Callaway,2008-11-01,579384,2.7,0.9,0.0,0,0,0,NA,NA,-3.37E-08,-1.19E-06,-1.81E-07,-1.48E-06,0.4,0.3,96.1%,100.0%,99.7%
Callaway,2008-12-01,554694,2.7,0.9,0.0,0,0,0,NA,NA,-3.37E-08,-1.19E-06,-1.81E-07,-1.48E-06,7.9,0.3,96.1%,100.0%,99.7%
Callaway,2009-01-01,928441,2.7,0.9,0.0,0,0,0,NA,NA,-3.37E-08,-1.28E-06,-1.84E-07,-1.56E-06,3.6,0.3,96.6%,100.0%,99.7%
Callaway,2009-02-01,535798,2.7,0.9,0.0,0,0,0,NA,NA,-3.37E-08,-1.28E-06,-1.84E-07,-1.56E-06,2.8,0.3,96.6%,100.0%,99.7%
Callaway,2009-03-01,826689,2.7,0.9,0.0,0,0,0,NA,NA,-3.37E-08,-1.28E-06,-1.84E-07,-1.56E-06,5.7,0.3,96.6%,100.0%,99.7%
Callaway,2009-04-01,796254,2.7,1.8,0.0,0,0,0,NA,NA,-3.36E-08,-3.59E-07,-1.96E-07,-1.38E-06,4.8,0.3,97.2%,100.0%,99.9%
Callaway,2009-05-01,909950,2.7,1.8,0.0,0,0,0,NA,NA,-3.36E-08,-3.59E-07,-1.96E-07,-1.38E-06,2.1,0.3,97.2%,100.0%,99.9%
Callaway,2009-06-01,836422,2.7,1.8,0.0,0,0,0,NA,NA,-3.36E-08,-3.59E-07,-1.96E-07,-1.38E-06,2.3,0.2,97.2%,100.0%,99.9%
Callaway,2009-07-01,898752,2.7,1.8,0.0,2,0,0,NA,NA,-3.38E-08,-4.14E-07,-2.18E-07,-2.30E-06,2.3,0.3,98.2%,100.0%,100.0%
Callaway,2009-08-01,899588,2.7,1.8,0.0,2,0,0,NA,NA,-3.38E-08,-4.14E-07,-2.18E-07,-2.30E-06,3.0,0.3,98.2%,100.0%,100.0%
Callaway,2009-09-01,878322,2.7,1.8,0.0,2,0,0,NA,NA,-3.38E-08,-4.14E-07,-2.18E-07,-2.30E-06,1.5,0.2,98.2%,100.0%,100.0%
Callaway,2009-10-01,918753,0,1.6,0.0,3,0,0,NA,NA,-3.38E-08,-3.84E-07,-2.17E-07,-2.40E-06,1.2,0.2,98.0%,100.0%,99.9%
Callaway,2009-11-01,891471,0,1.6,0.0,3,0,0,NA,NA,-3.38E-08,-3.84E-07,-2.17E-07,-2.40E-06,1.2,0.3,98.0%,100.0%,99.9%
Callaway,2009-12-01,926676,0,1.6,0.0,3,0,0,NA,NA,-3.38E-08,-3.84E-07,-2.17E-07,-2.40E-06,1.2,0.3,98.0%,100.0%,99.9%
Calvert Cliffs 1,2007-01-01,645996,0.8,2.5,NA,2.0,0,0,3.00E-08,NA,-7.97E-08,-3.01E-07,-3.80E-09,-7.69E-08,0.9,1.9,93.4%,86.5%,99.6%
Calvert Cliffs 1,2007-02-01,586474,0.8,2.5,NA,2.0,0,0,3.00E-08,NA,-7.97E-08,-3.01E-07,-3.80E-09,-7.69E-08,2.7,3.1,93.4%,86.5%,99.6%
Calvert Cliffs 1,2007-03-01,661313,0.8,2.5,NA,2.0,0,0,3.00E-08,NA,-7.97E-08,-3.01E-07,-3.80E-09,-7.69E-08,2.2,1.5,93.4%,86.5%,99.6%
Calvert Cliffs 1,2007-04-01,643783,0.8,2.4,NA,1.0,0,0,5.10E-08,NA,-7.32E-08,-2.75E-07,-3.80E-09,-7.70E-08,1.7,1.4,93.3%,84.6%,99.5%
Calvert Cliffs 1,2007-05-01,649923,0.8,2.4,NA,1.0,0,0,5.10E-08,NA,-7.32E-08,-2.75E-07,-3.80E-09,-7.70E-08,2.3,2.6,93.3%,84.6%,99.5%
Calvert Cliffs 1,2007-06-01,625294,0.8,2.4,NA,1.0,0,0,5.10E-08,NA,-7.32E-08,-2.75E-07,-3.80E-09,-7.70E-08,3.4,1.5,93.3%,84.6%,99.5%
Calvert Cliffs 1,2007-07-01,637887,0.8,1.6,0.0,1.0,0,0,5.50E-07,NA,-6.93E-08,-2.07E-07,-4.50E-09,-7.79E-08,2.7,2.1,94.0%,86.5%,99.6%
Calvert Cliffs 1,2007-08-01,631196,0.8,1.6,0.0,1.0,0,0,5.50E-07,NA,-6.93E-08,-2.07E-07,-4.50E-09,-7.79E-08,2.5,2.6,94.0%,86.5%,99.6%
Calvert Cliffs 1,2007-09-01,614691,0.8,1.6,0.0,1.0,0,0,5.50E-07,NA,-6.93E-08,-2.07E-07,-4.50E-09,-7.79E-08,3.4,1.8,94.0%,86.5%,99.6%
Calvert Cliffs 1,2007-10-01,636405,0,0.8,0.0,0,0,0,5.70E-07,NA,-7.44E-08,-2.49E-07,6.00E-09,-7.30E-08,2.9,1.9,94.2%,96.6%,99.5%
Calvert Cliffs 1,2007-11-01,637788,0,0.8,0.0,0,0,0,5.70E-07,NA,-7.44E-08,-2.49E-07,6.00E-09,-7.30E-08,2.4,3.0,94.2%,96.6%,99.5%
Calvert Cliffs 1,2007-12-01,661483,0,0.8,0.0,0,0,0,5.70E-07,NA,-7.44E-08,-2.49E-07,6.00E-09,-7.30E-08,2.1,1.8,94.2%,96.6%,99.5%
Calvert Cliffs 1,2008-01-01,662589,0,0.8,0.0,0,0,0,5.90E-07,NA,-8.63E-08,-2.35E-07,2.34E-08,-6.60E-08,3.2,1.4,93.9%,100.0%,99.7%
Calvert Cliffs 1,2008-02-01,462340,0,0.8,0.0,0,0,0,5.90E-07,NA,-8.63E-08,-2.35E-07,2.34E-08,-6.60E-08,2.9,2.8,93.9%,100.0%,99.7%
Calvert Cliffs 1,2008-03-01,330767,0,0.8,0.0,0,0,0,5.90E-07,NA,-8.63E-08,-2.35E-07,2.34E-08,-6.60E-08,0.4,1.0,93.9%,100.0%,99.7%
Calvert Cliffs 1,2008-04-01,637893,0,0.8,0.0,0,0,0,6.00E-07,NA,-5.30E-08,-2.34E-07,2.24E-08,3.30E-08,0.4,0.8,93.3%,100.0%,99.7%
Calvert Cliffs 1,2008-05-01,654157,0,0.8,0.0,0,0,0,6.00E-07,NA,-5.30E-08,-2.34E-07,2.24E-08,3.30E-08,0.7,1.2,93.3%,100.0%,99.7%
Calvert Cliffs 1,2008-06-01,619566,0,0.8,0.0,0,0,0,6.00E-07,NA,-5.30E-08,-2.34E-07,2.24E-08,3.30E-08,0.7,0.9,93.3%,100.0%,99.7%
Calvert Cliffs 1,2008-07-01,625190,0,1.7,0.0,0,0,0,5.80E-07,NA,-5.10E-08,-2.34E-07,2.24E-08,3.10E-08,0.8,1.5,94.2%,100.0%,99.7%
Calvert Cliffs 1,2008-08-01,623427,0,1.7,0.0,0,0,0,5.80E-07,NA,-5.10E-08,-2.34E-07,2.24E-08,3.10E-08,0.7,1.7,94.2%,100.0%,99.7%
Calvert Cliffs 1,2008-09-01,616853,0,1.7,0.0,0,0,0,5.80E-07,NA,-5.10E-08,-2.34E-07,2.24E-08,3.10E-08,0.8,1.6,94.2%,100.0%,99.7%
Calvert Cliffs 1,2008-10-01,641248,0,1.7,0.0,0,0,0,5.60E-07,NA,-5.90E-08,-2.23E-07,1.75E-08,4.40E-08,0.8,1.1,95.4%,100.0%,98.9%
Calvert Cliffs 1,2008-11-01,633940,0,1.7,0.0,0,0,0,5.60E-07,NA,-5.90E-08,-2.23E-07,1.75E-08,4.40E-08,1.2,1.2,95.4%,100.0%,98.9%
Calvert Cliffs 1,2008-12-01,657301,0,1.7,0.0,0,0,0,5.60E-07,NA,-5.90E-08,-2.23E-07,1.75E-08,4.40E-08,1.0,2.1,95.4%,100.0%,98.9%
Calvert Cliffs 1,2009-01-01,656629,0,0.8,0.0,0,0,0,4.00E-07,NA,-8.80E-08,-2.02E-07,3.00E-08,5.50E-08,1.1,1.2,95.6%,100.0%,98.5%
Calvert Cliffs 1,2009-02-01,595852,0,0.8,0.0,0,0,0,4.00E-07,NA,-8.80E-08,-2.02E-07,3.00E-08,5.50E-08,1.0,0.8,95.6%,100.0%,98.5%
Calvert Cliffs 1,2009-03-01,657793,0,0.8,0.0,0,0,0,4.00E-07,NA,-8.80E-08,-2.02E-07,3.00E-08,5.50E-08,1.1,1.0,95.6%,100.0%,98.5%
Calvert Cliffs 1,2009-04-01,635824,0,0.8,0.0,0,0,0,1.88E-07,NA,-8.50E-08,-5.16E-08,6.07E-08,8.60E-08,1.2,1.0,95.4%,100.0%,98.6%
Calvert Cliffs 1,2009-05-01,651578,0,0.8,0.0,0,0,0,1.88E-07,NA,-8.50E-08,-5.16E-08,6.07E-08,8.60E-08,1.2,1.1,95.4%,100.0%,98.6%
Calvert Cliffs 1,2009-06-01,619088,0,0.8,0.0,0,0,0,1.88E-07,NA,-8.50E-08,-5.16E-08,6.07E-08,8.60E-08,1.2,1.1,95.4%,100.0%,98.6%
Calvert Cliffs 1,2009-07-01,535933,0,0.8,0.0,0,0,0,1.89E-07,NA,-9.20E-08,-5.46E-08,6.82E-08,8.10E-08,1.2,1.2,94.5%,100.0%,98.6%
Calvert Cliffs 1,2009-08-01,626807,0,0.8,0.0,0,0,0,1.89E-07,NA,-9.20E-08,-5.46E-08,6.82E-08,8.10E-08,1.3,2.0,94.5%,100.0%,98.6%
Calvert Cliffs 1,2009-09-01,615991,0,0.8,0.0,0,0,0,1.89E-07,NA,-9.20E-08,-5.46E-08,6.82E-08,8.10E-08,1.3,1.1,94.5%,100.0%,98.6%
Calvert Cliffs 1,2009-10-01,644182,0,0.8,0.0,0,0,0,1.89E-07,NA,-8.20E-08,-5.45E-08,8.05E-08,8.00E-08,1.3,0.9,94.7%,100.0%,99.3%
Calvert Cliffs 1,2009-11-01,632102,0,0.8,0.0,0,0,0,1.89E-07,NA,-8.20E-08,-5.45E-08,8.05E-08,8.00E-08,1.5,1.1,94.7%,100.0%,99.3%
Calvert Cliffs 1,2009-12-01,656791,0,0.8,0.0,0,0,0,1.89E-07,NA,-8.20E-08,-5.45E-08,8.05E-08,8.00E-08,1.5,1.4,94.7%,100.0%,99.3%
Calvert Cliffs 2,2007-01-01,652001,0,0.9,0,1,0,0,NA,-1.16E-07,-6.20E-08,5.14E-07,-2.90E-08,-6.00E-08,1.0,3.0,93.1%,100.0%,99.6%
Calvert Cliffs 2,2007-02-01,499602,0,0.9,0,1,0,0,NA,-1.16E-07,-6.20E-08,5.14E-07,-2.90E-08,-6.00E-08,1.3,2.4,93.1%,100.0%,99.6%
Calvert Cliffs 2,2007-03-01,0,0,0.9,0,1,0,0,NA,-1.16E-07,-6.20E-08,5.14E-07,-2.90E-08,-6.00E-08,N/A,N/A,93.1%,100.0%,99.6%
Calvert Cliffs 2,2007-04-01,538238,0,1.8,0,1,0,0,NA,-1.16E-07,-6.50E-08,4.80E-07,-2.90E-08,-6.00E-08,0.2,3.9,93.3%,100.0%,99.5%
Calvert Cliffs 2,2007-05-01,653306,0,1.8,0,1,0,0,NA,-1.16E-07,-6.50E-08,4.80E-07,-2.90E-08,-6.00E-08,0.2,3.6,93.3%,100.0%,99.5%
Calvert Cliffs 2,2007-06-01,615938,0,1.8,0,1,0,0,NA,-1.16E-07,-6.50E-08,4.80E-07,-2.90E-08,-6.00E-08,0.2,0.6,93.3%,100.0%,99.5%
Calvert Cliffs 2,2007-07-01,628632,0,0.9,1.0,1,0,0,NA,-1.22E-07,-6.60E-08,5.10E-07,1.60E-07,-5.40E-08,0.2,0.5,93.8%,86.5%,99.6%
Calvert Cliffs 2,2007-08-01,620200,0,0.9,1.0,1,0,0,NA,-1.22E-07,-6.60E-08,5.10E-07,1.60E-07,-5.40E-08,0.2,1.7,93.8%,86.5%,99.6%
Calvert Cliffs 2,2007-09-01,608527,0,0.9,1.0,1,0,0,NA,-1.22E-07,-6.60E-08,5.10E-07,1.60E-07,-5.40E-08,0.2,1.2,93.8%,86.5%,99.6%
Calvert Cliffs 2,2007-10-01,628138,0,0.9,0.0,1,0,0,NA,-1.03E-07,-6.70E-08,4.18E-07,1.60E-07,-5.40E-08,0.2,1.4,94.2%,96.6%,99.5%
Calvert Cliffs 2,2007-11-01,624993,0,0.9,0.0,1,0,0,NA,-1.03E-07,-6.70E-08,4.18E-07,1.60E-07,-5.40E-08,0.2,2.2,94.2%,96.6%,99.5%
Calvert Cliffs 2,2007-12-01,651384,0,0.9,0.0,1,0,0,NA,-1.03E-07,-6.70E-08,4.18E-07,1.60E-07,-5.40E-08,0.2,1.6,94.2%,96.6%,99.5%
Calvert Cliffs 2,2008-01-01,652737,0,0.8,0.0,1,0,0,NA,-9.10E-08,-6.90E-08,4.79E-07,1.50E-07,7.00E-09,0.2,2.5,93.9%,100.0%,99.7%
Calvert Cliffs 2,2008-02-01,607405,0,0.8,0.0,1,0,0,NA,-9.10E-08,-6.90E-08,4.79E-07,1.50E-07,7.00E-09,0.2,1.0,93.9%,100.0%,99.7%
Calvert Cliffs 2,2008-03-01,646073,0,0.8,0.0,1,0,0,NA,-9.10E-08,-6.90E-08,4.79E-07,1.50E-07,7.00E-09,0.2,1.5,93.9%,100.0%,99.7%
Calvert Cliffs 2,2008-04-01,624527,0,0,0.0,1,0,0,NA,-9.00E-08,-4.40E-08,5.14E-07,1.50E-07,2.00E-09,0.2,1.3,93.3%,100.0%,99.7%
Calvert Cliffs 2,2008-05-01,637956,0,0,0.0,1,0,0,NA,-9.00E-08,-4.40E-08,5.14E-07,1.50E-07,2.00E-09,0.2,0.8,93.3%,100.0%,99.7%
Calvert Cliffs 2,2008-06-01,612276,0,0,0.0,1,0,0,NA,-9.00E-08,-4.40E-08,5.14E-07,1.50E-07,2.00E-09,0.4,0.9,93.3%,100.0%,99.7%
Calvert Cliffs 2,2008-07-01,616896,0,0,0.0,1,0,0,NA,-8.80E-08,-2.50E-08,8.70E-07,1.61E-07,-1.10E-08,0.3,1.3,94.2%,100.0%,99.7%
Calvert Cliffs 2,2008-08-01,611869,0,0,0.0,1,0,0,NA,-8.80E-08,-2.50E-08,8.70E-07,1.61E-07,-1.10E-08,0.4,2.4,94.2%,100.0%,99.7%
Calvert Cliffs 2,2008-09-01,596300,0,0,0.0,1,0,0,NA,-8.80E-08,-2.50E-08,8.70E-07,1.61E-07,-1.10E-08,0.3,0.8,94.2%,100.0%,99.7%
Calvert Cliffs 2,2008-10-01,631875,0,0,0.0,0,0,0,NA,-1.02E-07,-1.10E-08,1.05E-06,1.61E-07,-7.00E-09,0.6,0.8,95.4%,100.0%,98.9%
Calvert Cliffs 2,2008-11-01,627252,0,0,0.0,0,0,0,NA,-1.02E-07,-1.10E-08,1.05E-06,1.61E-07,-7.00E-09,0.7,1.1,95.4%,100.0%,98.9%
Calvert Cliffs 2,2008-12-01,648258,0,0,0.0,0,0,0,NA,-1.02E-07,-1.10E-08,1.05E-06,1.61E-07,-7.00E-09,0.7,1.4,95.4%,100.0%,98.9%
Calvert Cliffs 2,2009-01-01,647148,0,0,0.0,0,0,0,NA,-9.80E-08,-3.40E-08,8.87E-07,1.76E-07,-3.00E-09,1.2,1.6,95.6%,100.0%,98.5%
Calvert Cliffs 2,2009-02-01,449371,0,0,0.0,0,0,0,NA,-9.80E-08,-3.40E-08,8.87E-07,1.76E-07,-3.00E-09,1.0,1.0,95.6%,100.0%,98.5%
Calvert Cliffs 2,2009-03-01,283046,0,0,0.0,0,0,0,NA,-9.80E-08,-3.40E-08,8.87E-07,1.76E-07,-3.00E-09,0.1,0.6,95.6%,100.0%,98.5%
Calvert Cliffs 2,2009-04-01,624504,0,0,0.0,0,0,0,NA,-1.90E-08,-2.90E-08,1.65E-07,3.60E-07,2.40E-08,0.2,0.7,95.4%,100.0%,98.6%
Calvert Cliffs 2,2009-05-01,640356,0,0,0.0,0,0,0,NA,-1.90E-08,-2.90E-08,1.65E-07,3.60E-07,2.40E-08,0.2,0.8,95.4%,100.0%,98.6%
Calvert Cliffs 2,2009-06-01,607556,0,0,0.0,0,0,0,NA,-1.90E-08,-2.90E-08,1.65E-07,3.60E-07,2.40E-08,0.2,0.9,95.4%,100.0%,98.6%
Calvert Cliffs 2,2009-07-01,622614,0,0,0.0,0,0,0,NA,-1.80E-08,-3.20E-08,1.64E-07,3.70E-07,2.40E-08,0.2,0.7,94.5%,100.0%,98.6%
Calvert Cliffs 2,2009-08-01,619175,0,0,0.0,0,0,0,NA,-1.80E-08,-3.20E-08,1.64E-07,3.70E-07,2.40E-08,0.2,1.3,94.5%,100.0%,98.6%
Calvert Cliffs 2,2009-09-01,609925,0,0,0.0,0,0,0,NA,-1.80E-08,-3.20E-08,1.64E-07,3.70E-07,2.40E-08,0.3,0.9,94.5%,100.0%,98.6%
Calvert Cliffs 2,2009-10-01,638455,0,0,0.0,0,0,0,NA,-4.00E-09,-3.00E-08,1.63E-07,3.70E-07,2.40E-08,0.3,1.0,94.7%,100.0%,99.3%
Calvert Cliffs 2,2009-11-01,627240,0,0,0.0,0,0,0,NA,-4.00E-09,-3.00E-08,1.63E-07,3.70E-07,2.40E-08,0.3,1.0,94.7%,100.0%,99.3%
Calvert Cliffs 2,2009-12-01,652159,0,0,0.0,0,0,0,NA,-4.00E-09,-3.00E-08,1.63E-07,3.70E-07,2.40E-08,0.3,0.8,94.7%,100.0%,99.3%
Catawba 1,2007-01-01,827452,1.0,2.0,NA,1.0,0,0,5.24E-07,5.24E-07,4.50E-09,-4.30E-07,-4.10E-06,-1.05E-06,0,2.7,93.9%,98.6%,99.5%
Catawba 1,2007-02-01,787557,1.0,2.0,NA,1.0,0,0,5.24E-07,5.24E-07,4.50E-09,-4.30E-07,-4.10E-06,-1.05E-06,0,1.9,93.9%,98.6%,99.5%
Catawba 1,2007-03-01,825423,1.0,2.0,NA,1.0,0,0,5.24E-07,5.24E-07,4.50E-09,-4.30E-07,-4.10E-06,-1.05E-06,0,1.8,93.9%,98.6%,99.5%
Catawba 1,2007-04-01,839138,0,1.8,NA,1.0,0,0,5.41E-07,5.41E-07,4.50E-09,-4.30E-07,-3.10E-06,-1.05E-06,0.1,1.9,93.3%,95.0%,99.5%
Catawba 1,2007-05-01,862918,0,1.8,NA,1.0,0,0,5.41E-07,5.41E-07,4.50E-09,-4.30E-07,-3.10E-06,-1.05E-06,0.1,2.1,93.3%,95.0%,99.5%
Catawba 1,2007-06-01,828733,0,1.8,NA,1.0,0,0,5.41E-07,5.41E-07,4.50E-09,-4.30E-07,-3.10E-06,-1.05E-06,0.1,2.2,93.3%,95.0%,99.5%
Catawba 1,2007-07-01,854436,0,1.8,0.0,0,0,0,5.31E-07,5.31E-07,6.70E-09,-4.30E-07,-2.02E-07,-1.07E-06,0.1,2.0,93.6%,92.9%,99.4%
Catawba 1,2007-08-01,850175,0,1.8,0.0,0,0,0,5.31E-07,5.31E-07,6.70E-09,-4.30E-07,-2.02E-07,-1.07E-06,0.1,2.1,93.6%,92.9%,99.4%
Catawba 1,2007-09-01,826858,0,1.8,0.0,0,0,0,5.31E-07,5.31E-07,6.70E-09,-4.30E-07,-2.02E-07,-1.07E-06,0.1,2.0,93.6%,92.9%,99.4%
Catawba 1,2007-10-01,860256,0,1.6,0.0,0,0,0,5.31E-07,5.31E-07,9.60E-09,-4.30E-07,-2.02E-07,-1.06E-06,0.1,2.1,93.9%,94.2%,99.5%
Catawba 1,2007-11-01,840399,0,1.6,0.0,0,0,0,5.31E-07,5.31E-07,9.60E-09,-4.30E-07,-2.02E-07,-1.06E-06,0.1,2.1,93.9%,94.2%,99.5%
Catawba 1,2007-12-01,867550,0,1.6,0.0,0,0,0,5.31E-07,5.31E-07,9.60E-09,-4.30E-07,-2.02E-07,-1.06E-06,0.1,2.2,93.9%,94.2%,99.5%
Catawba 1,2008-01-01,869260,0,0,0.0,1.0,0,0,5.33E-07,5.33E-07,8.00E-09,-4.30E-07,-1.36E-07,-1.06E-06,0.1,2.2,92.9%,94.0%,99.7%
Catawba 1,2008-02-01,812381,0,0,0.0,1.0,0,0,5.33E-07,5.33E-07,8.00E-09,-4.30E-07,-1.36E-07,-1.06E-06,0.1,2.9,92.9%,94.0%,99.7%
Catawba 1,2008-03-01,864429,0,0,0.0,1.0,0,0,5.33E-07,5.33E-07,8.00E-09,-4.30E-07,-1.36E-07,-1.06E-06,0.1,2.6,92.9%,94.0%,99.7%
Catawba 1,2008-04-01,836867,0,0,0.0,1.0,1.0,0,-1.08E-07,-1.08E-07,-1.40E-08,-4.30E-07,-1.21E-07,-1.06E-06,0.1,3.1,93.4%,93.3%,99.6%
Catawba 1,2008-05-01,49955,0,0,0.0,1.0,1.0,0,-1.08E-07,-1.08E-07,-1.40E-08,-4.30E-07,-1.21E-07,-1.06E-06,0.1,3.4,93.4%,93.3%,99.6%
Catawba 1,2008-06-01,230023,0,0,0.0,1.0,1.0,0,-1.08E-07,-1.08E-07,-1.40E-08,-4.30E-07,-1.21E-07,-1.06E-06,0,2.9,93.4%,93.3%,99.6%
Catawba 1,2008-07-01,854146,0,0,0.0,1.0,1.0,0,-1.08E-07,-1.08E-07,-1.40E-08,-2.10E-07,-9.00E-08,-1.35E-06,0,2.3,94.1%,93.3%,99.5%
Catawba 1,2008-08-01,854975,0,0,0.0,1.0,1.0,0,-1.08E-07,-1.08E-07,-1.40E-08,-2.10E-07,-9.00E-08,-1.35E-06,0,2.2,94.1%,93.3%,99.5%
Catawba 1,2008-09-01,828842,0,0,0.0,1.0,1.0,0,-1.08E-07,-1.08E-07,-1.40E-08,-2.10E-07,-9.00E-08,-1.35E-06,0,2.1,94.1%,93.3%,99.5%
Catawba 1,2008-10-01,866423,0,0,0.0,1.0,1.0,0,-1.08E-07,-1.08E-07,-1.40E-08,-2.10E-07,-8.40E-08,-1.35E-06,0.1,2.2,93.9%,96.2%,99.4%
Catawba 1,2008-11-01,843751,0,0,0.0,1.0,1.0,0,-1.08E-07,-1.08E-07,-1.40E-08,-2.10E-07,-8.40E-08,-1.35E-06,0.1,2.2,93.9%,96.2%,99.4%
Catawba 1,2008-12-01,862244,0,0,0.0,1.0,1.0,0,-1.08E-07,-1.08E-07,-1.40E-08,-2.10E-07,-8.40E-08,-1.35E-06,0.1,2.2,93.9%,96.2%,99.4%
Catawba 1,2009-01-01,870821,0,0,0.0,0,1.0,0,-1.08E-07,-1.08E-07,-1.40E-08,-2.10E-07,-2.14E-07,4.60E-07,0.1,2.1,93.5%,97.0%,99.2%
Catawba 1,2009-02-01,784164,0,0,0.0,0,1.0,0,-1.08E-07,-1.08E-07,-1.40E-08,-2.10E-07,-2.14E-07,4.60E-07,0.1,0.7,93.5%,97.0%,99.2%
Catawba 1,2009-03-01,862972,0,0,0.0,0,1.0,0,-1.08E-07,-1.08E-07,-1.40E-08,-2.10E-07,-2.14E-07,4.60E-07,0.1,0.7,93.5%,97.0%,99.2%
Catawba 1,2009-04-01,832925,0,0,0.0,1.0,0,0,-9.80E-08,-9.80E-08,-1.41E-08,-2.20E-07,-2.17E-07,1.20E-07,0.1,0.7,94.3%,96.2%,99.4%
Catawba 1,2009-05-01,857316,0,0,0.0,1.0,0,0,-9.80E-08,-9.80E-08,-1.41E-08,-2.20E-07,-2.17E-07,1.20E-07,0.1,2.3,94.3%,96.2%,99.4%
Catawba 1,2009-06-01,824524,0,0,0.0,1.0,0,0,-9.80E-08,-9.80E-08,-1.41E-08,-2.20E-07,-2.17E-07,1.20E-07,0.1,2.4,94.3%,96.2%,99.4%
Catawba 1,2009-07-01,853457,0,0,0.0,1.0,0,0,-9.80E-08,-9.80E-08,-1.41E-08,-2.20E-07,-2.36E-07,1.20E-07,0.1,2.5,93.7%,97.2%,99.5%
Catawba 1,2009-08-01,849821,0,0,0.0,1.0,0,0,-9.80E-08,-9.80E-08,-1.41E-08,-2.20E-07,-2.36E-07,1.20E-07,0.1,3.8,93.7%,97.2%,99.5%
Catawba 1,2009-09-01,826771,0,0,0.0,1.0,0,0,-9.80E-08,-9.80E-08,-1.41E-08,-2.20E-07,-2.36E-07,1.20E-07,0.1,9.9,93.7%,97.2%,99.5%
Catawba 1,2009-10-01,857192,0,0,0.0,1.0,0,0,-2.06E-07,-2.06E-07,-1.41E-08,-2.20E-07,-3.33E-07,1.10E-07,0.1,11.8,92.4%,95.8%,99.6%
Catawba 1,2009-11-01,149288,0,0,0.0,1.0,0,0,-2.06E-07,-2.06E-07,-1.41E-08,-2.20E-07,-3.33E-07,1.10E-07,0.1,14.4,92.4%,95.8%,99.6%
Catawba 1,2009-12-01,432789,0,0,0.0,1.0,0,0,-2.06E-07,-2.06E-07,-1.41E-08,-2.20E-07,-3.33E-07,1.10E-07,0,1.1,92.4%,95.8%,99.6%
Catawba 2,2007-01-01,870361,0.9,0.9,NA,0,0,0,NA,-2.17E-07,-1.73E-08,-4.40E-07,-3.60E-06,7.00E-07,0.1,2.3,93.9%,98.6%,99.5%
Catawba 2,2007-02-01,784869,0.9,0.9,NA,0,0,0,NA,-2.17E-07,-1.73E-08,-4.40E-07,-3.60E-06,7.00E-07,0.1,2.2,93.9%,98.6%,99.5%
Catawba 2,2007-03-01,865510,0.9,0.9,NA,0,0,0,NA,-2.17E-07,-1.73E-08,-4.40E-07,-3.60E-06,7.00E-07,0.1,2.0,93.9%,98.6%,99.5%
Catawba 2,2007-04-01,838718,0,0.8,NA,0,0,0,NA,-2.16E-07,-1.72E-08,-4.40E-07,-3.30E-06,-2.16E-06,0.2,2.1,93.3%,95.0%,99.5%
Catawba 2,2007-05-01,861839,0,0.8,NA,0,0,0,NA,-2.16E-07,-1.72E-08,-4.40E-07,-3.30E-06,-2.16E-06,0.1,2.0,93.3%,95.0%,99.5%
Catawba 2,2007-06-01,808702,0,0.8,NA,0,0,0,NA,-2.16E-07,-1.72E-08,-4.40E-07,-3.30E-06,-2.16E-06,0.1,2.2,93.3%,95.0%,99.5%
Catawba 2,2007-07-01,856135,0,1.7,0.0,0,0,0,NA,-2.14E-07,-1.73E-08,-4.40E-07,-2.19E-07,-2.16E-06,0.1,2.5,93.6%,92.9%,99.4%
Catawba 2,2007-08-01,852483,0,1.7,0.0,0,0,0,NA,-2.14E-07,-1.73E-08,-4.40E-07,-2.19E-07,-2.16E-06,0.1,4.0,93.6%,92.9%,99.4%
Catawba 2,2007-09-01,379876,0,1.7,0.0,0,0,0,NA,-2.14E-07,-1.73E-08,-4.40E-07,-2.19E-07,-2.16E-06,0.1,1.2,93.6%,92.9%,99.4%
Catawba 2,2007-10-01,-4152,0,1.9,0.0,0,0,0,NA,-2.12E-07,-1.73E-08,-4.40E-07,-2.17E-07,-2.16E-06,0,0,93.9%,94.2%,99.5%
Catawba 2,2007-11-01,361049,0,1.9,0.0,0,0,0,NA,-2.12E-07,-1.73E-08,-4.40E-07,-2.17E-07,-2.16E-06,0,4.6,93.9%,94.2%,99.5%
Catawba 2,2007-12-01,872018,0,1.9,0.0,0,0,0,NA,-2.12E-07,-1.73E-08,-4.40E-07,-2.17E-07,-2.16E-06,0,1.4,93.9%,94.2%,99.5%
Catawba 2,2008-01-01,873688,0,1.9,0.0,1,0,0,NA,-2.12E-07,-1.73E-08,-4.40E-07,-1.98E-07,-2.16E-06,0,1.3,92.9%,94.0%,99.7%
Catawba 2,2008-02-01,815149,0,1.9,0.0,1,0,0,NA,-2.12E-07,-1.73E-08,-4.40E-07,-1.98E-07,-2.16E-06,0.1,1.3,92.9%,94.0%,99.7%
Catawba 2,2008-03-01,868655,0,1.9,0.0,1,0,0,NA,-2.12E-07,-1.73E-08,-4.40E-07,-1.98E-07,-2.16E-06,0.1,1.2,92.9%,94.0%,99.7%
Catawba 2,2008-04-01,838806,0,1.0,0.0,1,1,0,NA,-2.10E-07,-1.73E-08,-4.40E-07,-1.80E-07,-2.16E-06,0.1,1.3,93.4%,93.3%,99.6%
Catawba 2,2008-05-01,859549,0,1.0,0.0,1,1,0,NA,-2.10E-07,-1.73E-08,-4.40E-07,-1.80E-07,-2.16E-06,0.1,1.8,93.4%,93.3%,99.6%
Catawba 2,2008-06-01,824660,0,1.0,0.0,1,1,0,NA,-2.10E-07,-1.73E-08,-4.40E-07,-1.80E-07,-2.16E-06,0.1,2.1,93.4%,93.3%,99.6%
Catawba 2,2008-07-01,856678,0,0,0.0,1,1,0,NA,-9.26E-08,-1.73E-08,-3.96E-07,3.15E-07,-2.70E-06,0.1,3.1,94.1%,93.3%,99.5%
Catawba 2,2008-08-01,855660,0,0,0.0,1,1,0,NA,-9.26E-08,-1.73E-08,-3.96E-07,3.15E-07,-2.70E-06,0.1,4.4,94.1%,93.3%,99.5%
Catawba 2,2008-09-01,832260,0,0,0.0,1,1,0,NA,-9.26E-08,-1.73E-08,-3.96E-07,3.15E-07,-2.70E-06,0.1,1.2,94.1%,93.3%,99.5%
Catawba 2,2008-10-01,865936,0,0,0.0,1,1,0,NA,-2.01E-07,-1.74E-08,-3.96E-07,3.19E-07,-2.60E-06,0.1,4.8,93.9%,96.2%,99.4%
Catawba 2,2008-11-01,841931,0,0,0.0,1,1,0,NA,-2.01E-07,-1.74E-08,-3.96E-07,3.19E-07,-2.60E-06,0.1,5.2,93.9%,96.2%,99.4%
Catawba 2,2008-12-01,870184,0,0,0.0,1,1,0,NA,-2.01E-07,-1.74E-08,-3.96E-07,3.19E-07,-2.60E-06,0.1,5.7,93.9%,96.2%,99.4%
Catawba 2,2009-01-01,871835,0,0,0.0,0,1,0,NA,-2.21E-07,-1.74E-08,-3.90E-07,3.23E-07,-1.79E-06,0.1,5.3,93.5%,97.0%,99.2%
Catawba 2,2009-02-01,782884,0,0,0.0,0,1,0,NA,-2.21E-07,-1.74E-08,-3.90E-07,3.23E-07,-1.79E-06,0.1,5.3,93.5%,97.0%,99.2%
Catawba 2,2009-03-01,154915,0,0,0.0,0,1,0,NA,-2.21E-07,-1.74E-08,-3.90E-07,3.23E-07,-1.79E-06,0.1,7.0,93.5%,97.0%,99.2%
Catawba 2,2009-04-01,296037,0,0,0.0,0,0,0,NA,-2.11E-07,-1.74E-08,-3.90E-07,3.24E-07,-8.30E-07,0,2.3,94.3%,96.2%,99.4%
Catawba 2,2009-05-01,862416,0,0,0.0,0,0,0,NA,-2.11E-07,-1.74E-08,-3.90E-07,3.24E-07,-8.30E-07,0,2.3,94.3%,96.2%,99.4%
Catawba 2,2009-06-01,830629,0,0,0.0,0,0,0,NA,-2.11E-07,-1.74E-08,-3.90E-07,3.24E-07,-8.30E-07,0,2.4,94.3%,96.2%,99.4%
Catawba 2,2009-07-01,856398,0,0,0.0,0,0,0,NA,-2.00E-07,-1.74E-08,-3.90E-07,3.90E-07,-8.30E-07,0,2.4,93.7%,97.2%,99.5%
Catawba 2,2009-08-01,855242,0,0,0.0,0,0,0,NA,-2.00E-07,-1.74E-08,-3.90E-07,3.90E-07,-8.30E-07,0,2.9,93.7%,97.2%,99.5%
Catawba 2,2009-09-01,831874,0,0,0.0,0,0,0,NA,-2.00E-07,-1.74E-08,-3.90E-07,3.90E-07,-8.30E-07,0.1,2.5,93.7%,97.2%,99.5%
Catawba 2,2009-10-01,862837,0,0,0.0,0,0,0,NA,-1.89E-07,-1.74E-08,-3.90E-07,2.43E-07,-9.60E-07,0,2.6,92.4%,95.8%,99.6%
Catawba 2,2009-11-01,837532,0,0,0.0,0,0,0,NA,-1.89E-07,-1.74E-08,-3.90E-07,2.43E-07,-9.60E-07,0.1,2.6,92.4%,95.8%,99.6%
Catawba 2,2009-12-01,867624,0,0,0.0,0,0,0,NA,-1.89E-07,-1.74E-08,-3.90E-07,2.43E-07,-9.60E-07,0.1,3.0,92.4%,95.8%,99.6%
Clinton,2007-01-01,796303,0.8,0.8,0.0,NA,0,0,NA,-4.89E-07,-2.19E-07,1.53E-07,-3.90E-07,-7.70E-08,0,7.4,97.4%,100.0%,99.1%
Clinton,2007-02-01,719640,0.8,0.8,0.0,NA,0,0,NA,-4.89E-07,-2.19E-07,1.53E-07,-3.90E-07,-7.70E-08,0,7.4,97.4%,100.0%,99.1%
Clinton,2007-03-01,781718,0.8,0.8,0.0,NA,0,0,NA,-4.89E-07,-2.19E-07,1.53E-07,-3.90E-07,-7.70E-08,0,7.4,97.4%,100.0%,99.1%
Clinton,2007-04-01,777209,0.8,1.6,0.0,NA,0,0,NA,-4.03E-07,-2.47E-07,1.71E-07,-1.81E-07,-7.10E-08,0,7.4,97.1%,100.0%,99.1%
Clinton,2007-05-01,794186,0.8,1.6,0.0,NA,0,0,NA,-4.03E-07,-2.47E-07,1.71E-07,-1.81E-07,-7.10E-08,0,7.4,97.1%,100.0%,99.1%
Clinton,2007-06-01,705543,0.8,1.6,0.0,NA,0,0,NA,-4.03E-07,-2.47E-07,1.71E-07,-1.81E-07,-7.10E-08,0,10.7,97.1%,100.0%,99.1%
Clinton,2007-07-01,791374,0,0.8,0.0,NA,0,0,NA,-4.03E-07,-2.47E-07,1.71E-07,-1.81E-07,-7.10E-08,0,7.4,97.9%,100.0%,99.1%
Clinton,2007-08-01,787282,0,0.8,0.0,NA,0,0,NA,-4.03E-07,-2.47E-07,1.71E-07,-1.81E-07,-7.10E-08,0,7.4,97.9%,100.0%,99.1%
Clinton,2007-09-01,762709,0,0.8,0.0,NA,0,0,NA,-4.03E-07,-2.47E-07,1.71E-07,-1.81E-07,-7.10E-08,0,7.4,97.9%,100.0%,99.1%
Clinton,2007-10-01,795073,0,0.8,0.0,NA,0,0,NA,-4.19E-07,-2.47E-07,1.71E-07,-1.81E-07,-7.10E-08,0,7.4,98.3%,100.0%,99.7%
Clinton,2007-11-01,773891,0,0.8,0.0,NA,0,0,NA,-4.19E-07,-2.47E-07,1.71E-07,-1.81E-07,-7.10E-08,0,7.5,98.3%,100.0%,99.7%
Clinton,2007-12-01,765508,0,0.8,0.0,NA,0,0,NA,-4.19E-07,-2.47E-07,1.71E-07,-1.81E-07,-7.10E-08,0,7.4,98.3%,100.0%,99.7%
Clinton,2008-01-01,250571,0.9,1.7,1.0,NA,1,0,NA,-4.19E-07,-2.47E-07,1.71E-07,-1.81E-07,-7.10E-08,0,7.6,98.4%,100.0%,99.6%
Clinton,2008-02-01,545163,0.9,1.7,1.0,NA,1,0,NA,-4.19E-07,-2.47E-07,1.71E-07,-1.81E-07,-7.10E-08,0,10.5,98.4%,100.0%,99.6%
Clinton,2008-03-01,800267,0.9,1.7,1.0,NA,1,0,NA,-4.19E-07,-2.47E-07,1.71E-07,-1.81E-07,-7.10E-08,0,10.0,98.4%,100.0%,99.6%
Clinton,2008-04-01,775024,0.9,0.9,1.0,NA,1,0,NA,-4.10E-07,-2.47E-07,1.57E-07,-1.81E-07,-7.10E-08,0,10.2,98.2%,100.0%,99.5%
Clinton,2008-05-01,798451,0.9,0.9,1.0,NA,1,0,NA,-4.10E-07,-2.47E-07,1.57E-07,-1.81E-07,-7.10E-08,0,9.8,98.2%,100.0%,99.5%
Clinton,2008-06-01,770414,0.9,0.9,1.0,NA,1,0,NA,-4.10E-07,-2.47E-07,1.57E-07,-1.81E-07,-7.10E-08,0,13.7,98.2%,100.0%,99.5%
Clinton,2008-07-01,794643,0.9,0.9,1.0,NA,1,0,NA,-4.05E-07,-2.47E-07,1.57E-07,-1.81E-07,-7.10E-08,0,12.4,98.6%,100.0%,99.5%
Clinton,2008-08-01,794021,0.9,0.9,1.0,NA,1,0,NA,-4.05E-07,-2.47E-07,1.57E-07,-1.81E-07,-7.10E-08,0,9.7,98.6%,100.0%,99.5%
Clinton,2008-09-01,767565,0.9,0.9,1.0,NA,1,0,NA,-4.05E-07,-2.47E-07,1.57E-07,-1.81E-07,-7.10E-08,0,9.9,98.6%,100.0%,99.5%
Clinton,2008-10-01,798612,0.9,0.9,1.0,NA,1,0,NA,-4.05E-07,-2.51E-07,1.57E-07,-1.81E-07,-7.10E-08,0,10.0,98.0%,96.9%,99.5%
Clinton,2008-11-01,775841,0.9,0.9,1.0,NA,1,0,NA,-4.05E-07,-2.51E-07,1.57E-07,-1.81E-07,-7.10E-08,0,9.9,98.0%,96.9%,99.5%
Clinton,2008-12-01,679331,0.9,0.9,1.0,NA,1,0,NA,-4.05E-07,-2.51E-07,1.57E-07,-1.81E-07,-7.10E-08,0,10.0,98.0%,96.9%,99.5%
Clinton,2009-01-01,799748,0,0,0.0,NA,0,0,NA,-4.06E-07,-2.51E-07,1.56E-07,-1.81E-07,-7.10E-08,0,10.1,98.0%,100.0%,99.7%
Clinton,2009-02-01,717787,0,0,0.0,NA,0,0,NA,-4.06E-07,-2.51E-07,1.56E-07,-1.81E-07,-7.10E-08,0,9.8,98.0%,100.0%,99.7%
Clinton,2009-03-01,798222,0,0,0.0,NA,0,0,NA,-4.06E-07,-2.51E-07,1.56E-07,-1.81E-07,-7.10E-08,0,10.2,98.0%,100.0%,99.7%
Clinton,2009-04-01,774484,0,0,0.0,NA,0,0,NA,-4.06E-07,-2.51E-07,1.56E-07,-1.81E-07,-7.10E-08,0,9.7,97.8%,100.0%,99.7%
Clinton,2009-05-01,766014,0,0,0.0,NA,0,0,NA,-4.06E-07,-2.51E-07,1.56E-07,-1.81E-07,-7.10E-08,0,9.7,97.8%,100.0%,99.7%
Clinton,2009-06-01,768172,0,0,0.0,NA,0,0,NA,-4.06E-07,-2.51E-07,1.56E-07,-1.81E-07,-7.10E-08,0,11.9,97.8%,100.0%,99.7%
Clinton,2009-07-01,793462,0,0.8,0.0,NA,0,0,NA,-4.06E-07,-2.41E-07,-1.32E-07,-1.81E-07,-7.10E-08,0,9.9,98.0%,100.0%,99.7%
Clinton,2009-08-01,792113,0,0.8,0.0,NA,0,0,NA,-4.06E-07,-2.41E-07,-1.32E-07,-1.81E-07,-7.10E-08,0,10.2,98.0%,100.0%,99.7%
Clinton,2009-09-01,713349,0,0.8,0.0,NA,0,0,NA,-4.06E-07,-2.41E-07,-1.32E-07,-1.81E-07,-7.10E-08,0,15.8,98.0%,100.0%,99.7%
Clinton,2009-10-01,422334,0.8,1.7,0.0,NA,0,0,NA,-3.80E-08,-2.43E-07,-1.32E-07,-1.81E-07,-6.86E-08,0,10.4,97.3%,100.0%,99.7%
Clinton,2009-11-01,771859,0.8,1.7,0.0,NA,0,0,NA,-3.80E-08,-2.43E-07,-1.32E-07,-1.81E-07,-6.86E-08,0,10.7,97.3%,100.0%,99.7%
Clinton,2009-12-01,770370,0.8,1.7,0.0,NA,0,0,NA,-3.80E-08,-2.43E-07,-1.32E-07,-1.81E-07,-6.86E-08,0,10.5,97.3%,100.0%,99.7%
Comanche Peak 1,2007-01-01,873904,0,0.9,0.0,0,0,0,NA,-5.30E-07,-1.10E-07,-2.90E-07,-2.95E-08,4.70E-07,0.1,0,93.6%,98.7%,98.4%
Comanche Peak 1,2007-02-01,653024,0,0.9,0.0,0,0,0,NA,-5.30E-07,-1.10E-07,-2.90E-07,-2.95E-08,4.70E-07,0.1,0,93.6%,98.7%,98.4%
Comanche Peak 1,2007-03-01,0,0,0.9,0.0,0,0,0,NA,-5.30E-07,-1.10E-07,-2.90E-07,-2.95E-08,4.70E-07,0.1,0,93.6%,98.7%,98.4%
Comanche Peak 1,2007-04-01,237263,0,0.9,0.0,0,0,0,NA,-1.43E-06,-1.09E-07,-2.80E-07,3.95E-08,4.90E-07,0.1,0,93.6%,94.8%,98.3%
Comanche Peak 1,2007-05-01,870669,0,0.9,0.0,0,0,0,NA,-1.43E-06,-1.09E-07,-2.80E-07,3.95E-08,4.90E-07,0.1,0,93.6%,94.8%,98.3%
Comanche Peak 1,2007-06-01,837847,0,0.9,0.0,0,0,0,NA,-1.43E-06,-1.09E-07,-2.80E-07,3.95E-08,4.90E-07,0.1,0,93.6%,94.8%,98.3%
Comanche Peak 1,2007-07-01,861299,0,0.9,0.0,0,1,0,NA,-1.43E-06,-1.10E-07,-2.80E-07,3.95E-08,4.90E-07,0,0,94.6%,97.2%,98.4%
Comanche Peak 1,2007-08-01,859079,0,0.9,0.0,0,1,0,NA,-1.43E-06,-1.10E-07,-2.80E-07,3.95E-08,4.90E-07,0,0,94.6%,97.2%,98.4%
Comanche Peak 1,2007-09-01,832764,0,0.9,0.0,0,1,0,NA,-1.43E-06,-1.10E-07,-2.80E-07,3.95E-08,4.90E-07,0,0,94.6%,97.2%,98.4%
Comanche Peak 1,2007-10-01,866684,0,0.9,0.0,0,1,0,NA,-1.30E-07,-1.09E-07,-2.80E-07,3.95E-08,5.00E-07,0.1,0,95.8%,98.6%,99.0%
Comanche Peak 1,2007-11-01,845155,0,0.9,0.0,0,1,0,NA,-1.30E-07,-1.09E-07,-2.80E-07,3.95E-08,5.00E-07,0,0,95.8%,98.6%,99.0%
Comanche Peak 1,2007-12-01,859061,0,0.9,0.0,0,1,0,NA,-1.30E-07,-1.09E-07,-2.80E-07,3.95E-08,5.00E-07,0.1,0,95.8%,98.6%,99.0%
Comanche Peak 1,2008-01-01,874729,0,0.8,0.0,1,1,0,NA,-1.00E-07,-1.08E-07,-2.80E-07,3.95E-08,5.00E-07,0.1,0,95.3%,92.0%,98.7%
Comanche Peak 1,2008-02-01,733286,0,0.8,0.0,1,1,0,NA,-1.00E-07,-1.08E-07,-2.80E-07,3.95E-08,5.00E-07,0.1,0,95.3%,92.0%,98.7%
Comanche Peak 1,2008-03-01,872420,0,0.8,0.0,1,1,0,NA,-1.00E-07,-1.08E-07,-2.80E-07,3.95E-08,5.00E-07,0.1,0,95.3%,92.0%,98.7%
Comanche Peak 1,2008-04-01,843447,0,0.8,0.0,1,1,0,NA,-2.00E-08,-1.08E-07,-2.60E-07,3.95E-08,5.00E-07,0.1,0,95.6%,97.4%,98.3%
Comanche Peak 1,2008-05-01,869240,0,0.8,0.0,1,1,0,NA,-2.00E-08,-1.08E-07,-2.60E-07,3.95E-08,5.00E-07,0.1,0,95.6%,97.4%,98.3%
Comanche Peak 1,2008-06-01,836727,0,0.8,0.0,1,1,0,NA,-2.00E-08,-1.08E-07,-2.60E-07,3.95E-08,5.00E-07,0.1,0,95.6%,97.4%,98.3%
Comanche Peak 1,2008-07-01,860005,0,0.8,0.0,1,0,0,NA,5.00E-08,-1.07E-07,-2.60E-07,3.95E-08,3.06E-07,0.1,0,97.6%,96.2%,98.4%
Comanche Peak 1,2008-08-01,859582,0,0.8,0.0,1,0,0,NA,5.00E-08,-1.07E-07,-2.60E-07,3.95E-08,3.06E-07,0.1,0,97.6%,96.2%,98.4%
Comanche Peak 1,2008-09-01,719068,0,0.8,0.0,1,0,0,NA,5.00E-08,-1.07E-07,-2.60E-07,3.95E-08,3.06E-07,0.1,0,97.6%,96.2%,98.4%
Comanche Peak 1,2008-10-01,391493,0,0,0.0,1,0,0,NA,8.00E-08,-9.90E-08,-2.60E-07,3.95E-08,-1.29E-07,0,0,97.6%,92.7%,98.5%
Comanche Peak 1,2008-11-01,884228,0,0,0.0,1,0,0,NA,8.00E-08,-9.90E-08,-2.60E-07,3.95E-08,-1.29E-07,0,0,97.6%,92.7%,98.5%
Comanche Peak 1,2008-12-01,914485,0,0,0.0,1,0,0,NA,8.00E-08,-9.90E-08,-2.60E-07,3.95E-08,-1.29E-07,0,0,97.6%,92.7%,98.5%
Comanche Peak 1,2009-01-01,915220,0,0,0.0,0,0,0,NA,1.30E-07,-8.60E-09,-2.30E-07,4.63E-08,-6.25E-08,0,0,98.0%,96.4%,98.9%
Comanche Peak 1,2009-02-01,826205,0,0,0.0,0,0,0,NA,1.30E-07,-8.60E-09,-2.30E-07,4.63E-08,-6.25E-08,0,0,98.0%,96.4%,98.9%
Comanche Peak 1,2009-03-01,912646,0,0,0.0,0,0,0,NA,1.30E-07,-8.60E-09,-2.30E-07,4.63E-08,-6.25E-08,0.1,0,98.0%,96.4%,98.9%
Comanche Peak 1,2009-04-01,883289,0,0,0.0,0,1,0,NA,1.30E-07,-7.10E-09,-1.42E-07,5.20E-08,-6.25E-08,0.1,0,97.6%,96.5%,98.9%
Comanche Peak 1,2009-05-01,854499,0,0,0.0,0,1,0,NA,1.30E-07,-7.10E-09,-1.42E-07,5.20E-08,-6.25E-08,0.1,0,97.6%,96.5%,98.9%
Comanche Peak 1,2009-06-01,875500,0,0,0.0,0,1,0,NA,1.30E-07,-7.10E-09,-1.42E-07,5.20E-08,-6.25E-08,0.1,0,97.6%,96.5%,98.9%
Comanche Peak 1,2009-07-01,899887,0,0,0.0,0,0,0,NA,1.30E-07,-3.00E-09,-1.32E-07,5.20E-08,-6.15E-08,0.1,0,97.5%,97.7%,99.1%
Comanche Peak 1,2009-08-01,900421,0,0,0.0,0,0,0,NA,1.30E-07,-3.00E-09,-1.32E-07,5.20E-08,-6.15E-08,0.1,0,97.5%,97.7%,99.1%
Comanche Peak 1,2009-09-01,875294,0,0,0.0,0,0,0,NA,1.30E-07,-3.00E-09,-1.32E-07,5.20E-08,-6.15E-08,0.1,0,97.5%,97.7%,99.1%
Comanche Peak 1,2009-10-01,909455,0,0,0.0,0,0,0,NA,1.80E-07,1.00E-09,-1.30E-07,5.20E-08,-6.15E-08,0.1,0,97.0%,97.7%,99.3%
Comanche Peak 1,2009-11-01,875123,0,0,0.0,0,0,0,NA,1.80E-07,1.00E-09,-1.30E-07,5.20E-08,-6.15E-08,0.1,0,97.0%,97.7%,99.3%
Comanche Peak 1,2009-12-01,913327,0,0,0.0,0,0,0,NA,1.80E-07,1.00E-09,-1.30E-07,5.20E-08,-6.15E-08,0.1,0,97.0%,97.7%,99.3%
Comanche Peak 2,2007-01-01,878422,1.7,0,0.0,0,0,0,NA,-1.76E-06,-1.08E-07,-2.31E-07,-2.95E-08,1.10E-07,0,0,93.6%,98.7%,98.4%
Comanche Peak 2,2007-02-01,792832,1.7,0,0.0,0,0,0,NA,-1.76E-06,-1.08E-07,-2.31E-07,-2.95E-08,1.10E-07,0.1,0,93.6%,98.7%,98.4%
Comanche Peak 2,2007-03-01,875777,1.7,0,0.0,0,0,0,NA,-1.76E-06,-1.08E-07,-2.31E-07,-2.95E-08,1.10E-07,0.1,0,93.6%,98.7%,98.4%
Comanche Peak 2,2007-04-01,846199,1.7,0,0.0,0,0,0,NA,-1.73E-06,-1.08E-07,-2.21E-07,-2.95E-08,1.10E-07,0.1,0,93.6%,94.8%,98.3%
Comanche Peak 2,2007-05-01,870405,1.7,0,0.0,0,0,0,NA,-1.73E-06,-1.08E-07,-2.21E-07,-2.95E-08,1.10E-07,0.1,0,93.6%,94.8%,98.3%
Comanche Peak 2,2007-06-01,839104,1.7,0,0.0,0,0,0,NA,-1.73E-06,-1.08E-07,-2.21E-07,-2.95E-08,1.10E-07,0.1,0,93.6%,94.8%,98.3%
Comanche Peak 2,2007-07-01,862392,1.7,0,1.0,0,1,0,NA,-1.73E-06,-1.07E-07,-2.21E-07,-2.95E-08,1.10E-07,0.1,0,94.6%,97.2%,98.4%
Comanche Peak 2,2007-08-01,860132,1.7,0,1.0,0,1,0,NA,-1.73E-06,-1.07E-07,-2.21E-07,-2.95E-08,1.10E-07,0.1,0,94.6%,97.2%,98.4%
Comanche Peak 2,2007-09-01,834883,1.7,0,1.0,0,1,0,NA,-1.73E-06,-1.07E-07,-2.21E-07,-2.95E-08,1.10E-07,0.1,0,94.6%,97.2%,98.4%
Comanche Peak 2,2007-10-01,867342,0,0,0.0,0,1,0,NA,-1.73E-06,-1.06E-07,-2.21E-07,-2.95E-08,1.10E-07,0.1,0,95.8%,98.6%,99.0%
Comanche Peak 2,2007-11-01,845752,0,0,0.0,0,1,0,NA,-1.73E-06,-1.06E-07,-2.21E-07,-2.95E-08,1.10E-07,0.2,0,95.8%,98.6%,99.0%
Comanche Peak 2,2007-12-01,875758,0,0,0.0,0,1,0,NA,-1.73E-06,-1.06E-07,-2.21E-07,-2.95E-08,1.10E-07,0.4,0,95.8%,98.6%,99.0%
Comanche Peak 2,2008-01-01,875910,1.6,0,0.0,0,1,0,NA,-1.50E-06,-1.05E-07,-2.24E-07,-2.23E-08,1.10E-07,1.3,0,95.3%,92.0%,98.7%
Comanche Peak 2,2008-02-01,820452,1.6,0,0.0,0,1,0,NA,-1.50E-06,-1.05E-07,-2.24E-07,-2.23E-08,1.10E-07,0.7,0,95.3%,92.0%,98.7%
Comanche Peak 2,2008-03-01,747222,1.6,0,0.0,0,1,0,NA,-1.50E-06,-1.05E-07,-2.24E-07,-2.23E-08,1.10E-07,3.9,0,95.3%,92.0%,98.7%
Comanche Peak 2,2008-04-01,279814,1.7,0,0.0,0,1,0,NA,-1.50E-06,-1.07E-07,-2.80E-07,-2.24E-08,-4.40E-07,0,0,95.6%,97.4%,98.3%
Comanche Peak 2,2008-05-01,869640,1.7,0,0.0,0,1,0,NA,-1.50E-06,-1.07E-07,-2.80E-07,-2.24E-08,-4.40E-07,0,0,95.6%,97.4%,98.3%
Comanche Peak 2,2008-06-01,837576,1.7,0,0.0,0,1,0,NA,-1.50E-06,-1.07E-07,-2.80E-07,-2.24E-08,-4.40E-07,0.1,0,95.6%,97.4%,98.3%
Comanche Peak 2,2008-07-01,862323,1.7,0,0.0,0,0,0,NA,-1.50E-06,-1.08E-07,-2.70E-07,-2.24E-08,-4.40E-07,0.1,0,97.6%,96.2%,98.4%
Comanche Peak 2,2008-08-01,861315,1.7,0,0.0,0,0,0,NA,-1.50E-06,-1.08E-07,-2.70E-07,-2.24E-08,-4.40E-07,0.1,0,97.6%,96.2%,98.4%
Comanche Peak 2,2008-09-01,835896,1.7,0,0.0,0,0,0,NA,-1.50E-06,-1.08E-07,-2.70E-07,-2.24E-08,-4.40E-07,0.1,0,97.6%,96.2%,98.4%
Comanche Peak 2,2008-10-01,869450,1.7,0,0.0,0,0,0,NA,-1.40E-06,-1.08E-07,-2.70E-07,-2.24E-08,-4.40E-07,0.1,0,97.6%,92.7%,98.5%
Comanche Peak 2,2008-11-01,841789,1.7,0,0.0,0,0,0,NA,-1.40E-06,-1.08E-07,-2.70E-07,-2.24E-08,-4.40E-07,0.1,0,97.6%,92.7%,98.5%
Comanche Peak 2,2008-12-01,874524,1.7,0,0.0,0,0,0,NA,-1.40E-06,-1.08E-07,-2.70E-07,-2.24E-08,-4.40E-07,0.1,0,97.6%,92.7%,98.5%
Comanche Peak 2,2009-01-01,874826,0,0,0.0,0,0,0,NA,-1.65E-06,-2.47E-08,-2.90E-07,-2.64E-08,-2.50E-07,0.1,0,98.0%,96.4%,98.9%
Comanche Peak 2,2009-02-01,790577,0,0,0.0,0,0,0,NA,-1.65E-06,-2.47E-08,-2.90E-07,-2.64E-08,-2.50E-07,0.1,0,98.0%,96.4%,98.9%
Comanche Peak 2,2009-03-01,873107,0,0,0.0,0,0,0,NA,-1.65E-06,-2.47E-08,-2.90E-07,-2.64E-08,-2.50E-07,0.1,0,98.0%,96.4%,98.9%
Comanche Peak 2,2009-04-01,845790,0,0,0.0,0,1,0,NA,-1.65E-06,-2.47E-08,-2.80E-07,-2.64E-08,-2.51E-07,0.1,0,97.6%,96.5%,98.9%
Comanche Peak 2,2009-05-01,816573,0,0,0.0,0,1,0,NA,-1.65E-06,-2.47E-08,-2.80E-07,-2.64E-08,-2.51E-07,0.1,0,97.6%,96.5%,98.9%
Comanche Peak 2,2009-06-01,837024,0,0,0.0,0,1,0,NA,-1.65E-06,-2.47E-08,-2.80E-07,-2.64E-08,-2.51E-07,0.1,0,97.6%,96.5%,98.9%
Comanche Peak 2,2009-07-01,859454,0,0,0.0,0,0,0,NA,-1.60E-06,-2.47E-08,-2.80E-07,-2.64E-08,-2.51E-07,0.1,0,97.5%,97.7%,99.1%
Comanche Peak 2,2009-08-01,861165,0,0,0.0,0,0,0,NA,-1.60E-06,-2.47E-08,-2.80E-07,-2.64E-08,-2.51E-07,0.1,0,97.5%,97.7%,99.1%
Comanche Peak 2,2009-09-01,837172,0,0,0.0,0,0,0,NA,-1.60E-06,-2.47E-08,-2.80E-07,-2.64E-08,-2.51E-07,0.2,0,97.5%,97.7%,99.1%
Comanche Peak 2,2009-10-01,170362,0,0,0.0,0,0,0,NA,-1.59E-06,-2.49E-08,-2.66E-07,-2.64E-08,-2.49E-07,0.2,0,97.0%,97.7%,99.3%
Comanche Peak 2,2009-11-01,824475,0,0,0.0,0,0,0,NA,-1.59E-06,-2.49E-08,-2.66E-07,-2.64E-08,-2.49E-07,0.1,0,97.0%,97.7%,99.3%
Comanche Peak 2,2009-12-01,910078,0,0,0.0,0,0,0,NA,-1.59E-06,-2.49E-08,-2.66E-07,-2.64E-08,-2.49E-07,0,0,97.0%,97.7%,99.3%
Cooper,2007-01-01,551175,0.9,2.6,NA,1,2.0,0,2.70E-06,2.70E-06,-2.30E-08,-1.37E-07,-6.70E-07,2.20E-07,0,6.9,96.9%,100.0%,99.7%
Cooper,2007-02-01,528415,0.9,2.6,NA,1,2.0,0,2.70E-06,2.70E-06,-2.30E-08,-1.37E-07,-6.70E-07,2.20E-07,0,6.9,96.9%,100.0%,99.7%
Cooper,2007-03-01,581860,0.9,2.6,NA,1,2.0,0,2.70E-06,2.70E-06,-2.30E-08,-1.37E-07,-6.70E-07,2.20E-07,0,6.6,96.9%,100.0%,99.7%
Cooper,2007-04-01,560976,0.9,2.6,NA,1,2.0,0,2.70E-06,2.70E-06,-2.30E-08,-1.37E-07,-6.60E-07,2.20E-07,0,6.8,96.9%,99.0%,99.7%
Cooper,2007-05-01,497995,0.9,2.6,NA,1,2.0,0,2.70E-06,2.70E-06,-2.30E-08,-1.37E-07,-6.60E-07,2.20E-07,0,7.1,96.9%,99.0%,99.7%
Cooper,2007-06-01,553996,0.9,2.6,NA,1,2.0,0,2.70E-06,2.70E-06,-2.30E-08,-1.37E-07,-6.60E-07,2.20E-07,0,7.3,96.9%,99.0%,99.7%
Cooper,2007-07-01,562389,0.9,1.8,0.0,2,2.0,0,2.68E-06,2.68E-06,-2.30E-08,-1.38E-07,-6.60E-07,2.20E-07,0,7.3,95.6%,98.1%,99.4%
Cooper,2007-08-01,556546,0.9,1.8,0.0,2,2.0,0,2.68E-06,2.68E-06,-2.30E-08,-1.38E-07,-6.60E-07,2.20E-07,0,7.1,95.6%,98.1%,99.4%
Cooper,2007-09-01,556189,0.9,1.8,0.0,2,2.0,0,2.68E-06,2.68E-06,-2.30E-08,-1.38E-07,-6.60E-07,2.20E-07,0,7.0,95.6%,98.1%,99.4%
Cooper,2007-10-01,581260,0.8,1.6,0.0,3,0,0,-7.90E-07,-7.90E-07,-2.30E-08,-1.38E-07,-6.50E-07,4.80E-08,0,7.1,95.5%,99.0%,98.5%
Cooper,2007-11-01,556135,0.8,1.6,0.0,3,0,0,-7.90E-07,-7.90E-07,-2.30E-08,-1.38E-07,-6.50E-07,4.80E-08,0,7.3,95.5%,99.0%,98.5%
Cooper,2007-12-01,584312,0.8,1.6,0.0,3,0,0,-7.90E-07,-7.90E-07,-2.30E-08,-1.38E-07,-6.50E-07,4.80E-08,0,7.4,95.5%,99.0%,98.5%
Cooper,2008-01-01,581610,0.8,1.6,0.0,4,0,0,-7.10E-07,-7.10E-07,-2.30E-08,-1.38E-07,-6.20E-07,4.80E-08,0,7.7,95.7%,97.3%,98.3%
Cooper,2008-02-01,536581,0.8,1.6,0.0,4,0,0,-7.10E-07,-7.10E-07,-2.30E-08,-1.38E-07,-6.20E-07,4.80E-08,0,7.7,95.7%,97.3%,98.3%
Cooper,2008-03-01,520326,0.8,1.6,0.0,4,0,0,-7.10E-07,-7.10E-07,-2.30E-08,-1.38E-07,-6.20E-07,4.80E-08,0,7.9,95.7%,97.3%,98.3%
Cooper,2008-04-01,171925,0,1.8,0.0,3,0,0,-7.30E-07,-7.30E-07,-2.20E-08,-1.34E-07,-6.40E-07,1.38E-07,0,7.9,96.1%,97.4%,98.1%
Cooper,2008-05-01,218031,0,1.8,0.0,3,0,0,-7.30E-07,-7.30E-07,-2.20E-08,-1.34E-07,-6.40E-07,1.38E-07,0,6.2,96.1%,97.4%,98.1%
Cooper,2008-06-01,552091,0,1.8,0.0,3,0,0,-7.30E-07,-7.30E-07,-2.20E-08,-1.34E-07,-6.40E-07,1.38E-07,0,7.0,96.1%,97.4%,98.1%
Cooper,2008-07-01,565277,0.9,1.8,0.0,2,0,0,-7.00E-07,-7.00E-07,-2.20E-08,-1.34E-07,-6.50E-07,1.38E-07,0,7.3,96.3%,95.6%,98.2%
Cooper,2008-08-01,504174,0.9,1.8,0.0,2,0,0,-7.00E-07,-7.00E-07,-2.20E-08,-1.34E-07,-6.50E-07,1.38E-07,0,7.5,96.3%,95.6%,98.2%
Cooper,2008-09-01,565840,0.9,1.8,0.0,2,0,0,-7.00E-07,-7.00E-07,-2.20E-08,-1.34E-07,-6.50E-07,1.38E-07,0,6.5,96.3%,95.6%,98.2%
Cooper,2008-10-01,590080,0.9,0.9,0.0,1,0,0,2.93E-06,2.93E-06,-3.50E-08,-1.34E-07,-6.40E-07,4.90E-07,0,6.5,96.1%,99.2%,99.3%
Cooper,2008-11-01,569225,0.9,0.9,0.0,1,0,0,2.93E-06,2.93E-06,-3.50E-08,-1.34E-07,-6.40E-07,4.90E-07,0,6.4,96.1%,99.2%,99.3%
Cooper,2008-12-01,588920,0.9,0.9,0.0,1,0,0,2.93E-06,2.93E-06,-3.50E-08,-1.34E-07,-6.40E-07,4.90E-07,0,6.5,96.1%,99.2%,99.3%
Cooper,2009-01-01,587498,0.9,0,0.0,1,0,0,4.65E-07,4.65E-07,-1.40E-07,-1.37E-07,-2.28E-07,2.62E-07,0,6.6,96.6%,99.2%,99.2%
Cooper,2009-02-01,504938,0.9,0,0.0,1,0,0,4.65E-07,4.65E-07,-1.40E-07,-1.37E-07,-2.28E-07,2.62E-07,0,6.6,96.6%,99.2%,99.2%
Cooper,2009-03-01,435330,0.9,0,0.0,1,0,0,4.65E-07,4.65E-07,-1.40E-07,-1.37E-07,-2.28E-07,2.62E-07,0,6.6,96.6%,99.2%,99.2%
Cooper,2009-04-01,568654,0.8,0,0.0,1,0,0,5.00E-07,5.00E-07,-1.33E-07,-1.37E-07,-2.10E-07,2.59E-07,0,6.8,96.8%,99.2%,99.2%
Cooper,2009-05-01,583854,0.8,0,0.0,1,0,0,5.00E-07,5.00E-07,-1.33E-07,-1.37E-07,-2.10E-07,2.59E-07,0,6.4,96.8%,99.2%,99.2%
Cooper,2009-06-01,561883,0.8,0,0.0,1,0,0,5.00E-07,5.00E-07,-1.33E-07,-1.37E-07,-2.10E-07,2.59E-07,0,6.4,96.8%,99.2%,99.2%
Cooper,2009-07-01,576686,0,0,0.0,1,0,0,7.60E-07,7.60E-07,-1.36E-07,-1.37E-07,-2.09E-07,2.59E-07,0,6.2,97.7%,99.2%,99.4%
Cooper,2009-08-01,572285,0,0,0.0,1,0,0,7.60E-07,7.60E-07,-1.36E-07,-1.37E-07,-2.09E-07,2.59E-07,0,6.2,97.7%,99.2%,99.4%
Cooper,2009-09-01,435733,0,0,0.0,1,0,0,7.60E-07,7.60E-07,-1.36E-07,-1.37E-07,-2.09E-07,2.59E-07,0,6.4,97.7%,99.2%,99.4%
Cooper,2009-10-01,0,0.9,1.8,0.0,1,0,0,8.10E-07,8.10E-07,3.77E-07,-1.27E-07,-2.08E-07,1.49E-07,NA,NA,98.0%,99.2%,99.5%
Cooper,2009-11-01,317583,0.9,1.8,0.0,1,0,0,8.10E-07,8.10E-07,3.77E-07,-1.27E-07,-2.08E-07,1.49E-07,0,7.4,98.0%,99.2%,99.5%
Cooper,2009-12-01,590135,0.9,1.8,0.0,1,0,0,8.10E-07,8.10E-07,3.77E-07,-1.27E-07,-2.08E-07,1.49E-07,0,6.6,98.0%,99.2%,99.5%
Davis-Besse,2007-01-01,668923,0.9,0,NA,0,0,0,3.58E-07,NA,8.90E-08,-8.80E-07,1.71E-07,-1.80E-07,0.9,0.5,97.0%,98.9%,99.9%
Davis-Besse,2007-02-01,601820,0.9,0,NA,0,0,0,3.58E-07,NA,8.90E-08,-8.80E-07,1.71E-07,-1.80E-07,0.9,0.4,97.0%,98.9%,99.9%
Davis-Besse,2007-03-01,639963,0.9,0,NA,0,0,0,3.58E-07,NA,8.90E-08,-8.80E-07,1.71E-07,-1.80E-07,1.0,0.7,97.0%,98.9%,99.9%
Davis-Besse,2007-04-01,643498,0.8,0,NA,0,0,0,3.43E-07,NA,9.60E-08,-7.94E-07,1.11E-07,-1.80E-07,1.0,0.8,97.4%,94.8%,99.9%
Davis-Besse,2007-05-01,630043,0.8,0,NA,0,0,0,3.43E-07,NA,9.60E-08,-7.94E-07,1.11E-07,-1.80E-07,1.0,0.5,97.4%,94.8%,99.9%
Davis-Besse,2007-06-01,640493,0.8,0,NA,0,0,0,3.43E-07,NA,9.60E-08,-7.94E-07,1.11E-07,-1.80E-07,1.0,0.7,97.4%,94.8%,99.9%
Davis-Besse,2007-07-01,661833,0,0,0.0,0,0,0,2.39E-07,NA,1.80E-08,-8.39E-07,1.21E-07,-1.80E-07,1.1,0.5,97.5%,98.1%,99.8%
Davis-Besse,2007-08-01,658993,0,0,0.0,0,0,0,2.39E-07,NA,1.80E-08,-8.39E-07,1.21E-07,-1.80E-07,1.1,0.5,97.5%,98.1%,99.8%
Davis-Besse,2007-09-01,629766,0,0,0.0,0,0,0,2.39E-07,NA,1.80E-08,-8.39E-07,1.21E-07,-1.80E-07,1.1,0.5,97.5%,98.1%,99.8%
Davis-Besse,2007-10-01,663599,0,0,0.0,1,0,0,5.02E-08,NA,4.20E-09,-5.70E-07,5.37E-08,-8.83E-09,1.2,0.6,96.9%,100.0%,99.8%
Davis-Besse,2007-11-01,646539,0,0,0.0,1,0,0,5.02E-08,NA,4.20E-09,-5.70E-07,5.37E-08,-8.83E-09,1.2,0.6,96.9%,100.0%,99.8%
Davis-Besse,2007-12-01,620332,0,0,0.0,1,0,0,5.02E-08,NA,4.20E-09,-5.70E-07,5.37E-08,-8.83E-09,1.3,0.5,96.9%,100.0%,99.8%
Davis-Besse,2008-01-01,-6155,0,0,0.0,1,1,0,4.36E-08,NA,8.80E-09,-5.92E-07,5.54E-08,-8.73E-09,NA,0.7,96.9%,100.0%,99.4%
Davis-Besse,2008-02-01,297934,0,0,0.0,1,1,0,4.36E-08,NA,8.80E-09,-5.92E-07,5.54E-08,-8.73E-09,4.3,1.1,96.9%,100.0%,99.4%
Davis-Besse,2008-03-01,662611,0,0,0.0,1,1,0,4.36E-08,NA,8.80E-09,-5.92E-07,5.54E-08,-8.73E-09,16.0,1.2,96.9%,100.0%,99.4%
Davis-Besse,2008-04-01,637980,0,0,0.0,1,1,0,2.94E-08,NA,5.60E-09,-6.05E-07,5.70E-08,-8.18E-09,1.6,1.3,95.6%,97.9%,99.5%
Davis-Besse,2008-05-01,668821,0,0,0.0,1,1,0,2.94E-08,NA,5.60E-09,-6.05E-07,5.70E-08,-8.18E-09,1.7,1.3,95.6%,97.9%,99.5%
Davis-Besse,2008-06-01,631100,0,0,0.0,1,1,0,2.94E-08,NA,5.60E-09,-6.05E-07,5.70E-08,-8.18E-09,1.1,1.3,95.6%,97.9%,99.5%
Davis-Besse,2008-07-01,667935,0,0,0.0,1,1,0,9.00E-09,NA,-3.23E-09,-5.95E-07,5.16E-08,-8.38E-09,1.0,1.6,95.7%,98.9%,99.6%
Davis-Besse,2008-08-01,674678,0,0,0.0,1,1,0,9.00E-09,NA,-3.23E-09,-5.95E-07,5.16E-08,-8.38E-09,0.6,1.6,95.7%,98.9%,99.6%
Davis-Besse,2008-09-01,654173,0,0,0.0,1,1,0,9.00E-09,NA,-3.23E-09,-5.95E-07,5.16E-08,-8.38E-09,0.5,1.8,95.7%,98.9%,99.6%
Davis-Besse,2008-10-01,682609,0,0.9,0.0,0,1,0,5.10E-08,NA,-4.46E-09,-6.04E-07,4.19E-08,-7.10E-09,0.5,1.8,96.7%,99.0%,99.6%
Davis-Besse,2008-11-01,662497,0,0.9,0.0,0,1,0,5.10E-08,NA,-4.46E-09,-6.04E-07,4.19E-08,-7.10E-09,0.5,1.9,96.7%,99.0%,99.6%
Davis-Besse,2008-12-01,589102,0,0.9,0.0,0,1,0,5.10E-08,NA,-4.46E-09,-6.04E-07,4.19E-08,-7.10E-09,0.8,2.2,96.7%,99.0%,99.6%
Davis-Besse,2009-01-01,684652,0,0.8,0.0,0,0,0,-1.72E-07,NA,-3.10E-09,-6.31E-07,3.90E-08,-7.10E-09,0.7,2.8,97.0%,100.0%,99.9%
Davis-Besse,2009-02-01,617619,0,0.8,0.0,0,0,0,-1.72E-07,NA,-3.10E-09,-6.31E-07,3.90E-08,-7.10E-09,0.6,4.5,97.0%,100.0%,99.9%
Davis-Besse,2009-03-01,680913,0,0.8,0.0,0,0,0,-1.72E-07,NA,-3.10E-09,-6.31E-07,3.90E-08,-7.10E-09,0.7,5.4,97.0%,100.0%,99.9%
Davis-Besse,2009-04-01,264381,0,0.8,0.0,0,1,0,-1.63E-07,NA,-3.28E-09,-6.21E-07,2.40E-08,-6.70E-09,0.8,5.3,95.8%,100.0%,99.9%
Davis-Besse,2009-05-01,679928,0,0.8,0.0,0,1,0,-1.63E-07,NA,-3.28E-09,-6.21E-07,2.40E-08,-6.70E-09,0.9,1.1,95.8%,100.0%,99.9%
Davis-Besse,2009-06-01,652887,0,0.8,0.0,0,1,0,-1.63E-07,NA,-3.28E-09,-6.21E-07,2.40E-08,-6.70E-09,0.9,1.1,95.8%,100.0%,99.9%
Davis-Besse,2009-07-01,675845,0,0.8,0.0,0,1,0,-1.63E-07,NA,-3.27E-09,-6.22E-07,2.50E-08,-6.90E-09,1.0,1.8,94.8%,100.0%,99.9%
Davis-Besse,2009-08-01,674620,0,0.8,0.0,0,1,0,-1.63E-07,NA,-3.27E-09,-6.22E-07,2.50E-08,-6.90E-09,0.7,1.7,94.8%,100.0%,99.9%
Davis-Besse,2009-09-01,654194,0,0.8,0.0,0,1,0,-1.63E-07,NA,-3.27E-09,-6.22E-07,2.50E-08,-6.90E-09,0.9,1.2,94.8%,100.0%,99.9%
Davis-Besse,2009-10-01,681912,0,0,0.0,0,1,0,-1.61E-07,NA,-3.17E-09,-6.12E-07,1.40E-08,-6.90E-09,0.9,0.9,94.7%,100.0%,100.0%
Davis-Besse,2009-11-01,659961,0,0,0.0,0,1,0,-1.61E-07,NA,-3.17E-09,-6.12E-07,1.40E-08,-6.90E-09,1.0,0.7,94.7%,100.0%,100.0%
Davis-Besse,2009-12-01,682700,0,0,0.0,0,1,0,-1.61E-07,NA,-3.17E-09,-6.12E-07,1.40E-08,-6.90E-09,1.2,0.6,94.7%,100.0%,100.0%
Diablo Canyon 1,2007-01-01,847999,0,0,0.0,0,1.0,0,NA,-8.02E-08,-2.00E-10,7.80E-08,2.21E-08,2.25E-07,0,1.0,94.4%,95.5%,99.7%
Diablo Canyon 1,2007-02-01,764285,0,0,0.0,0,1.0,0,NA,-8.02E-08,-2.00E-10,7.80E-08,2.21E-08,2.25E-07,0,1.1,94.4%,95.5%,99.7%
Diablo Canyon 1,2007-03-01,849331,0,0,0.0,0,1.0,0,NA,-8.02E-08,-2.00E-10,7.80E-08,2.21E-08,2.25E-07,0,3.1,94.4%,95.5%,99.7%
Diablo Canyon 1,2007-04-01,792255,0,0,0.0,0,1.0,0,NA,-9.19E-08,-4.80E-09,1.20E-08,-4.19E-08,2.33E-07,0,4.5,95.8%,100.0%,99.7%
Diablo Canyon 1,2007-05-01,18774,0,0,0.0,0,1.0,0,NA,-9.19E-08,-4.80E-09,1.20E-08,-4.19E-08,2.33E-07,NA,0,95.8%,100.0%,99.7%
Diablo Canyon 1,2007-06-01,816177,0,0,0.0,0,1.0,0,NA,-9.19E-08,-4.80E-09,1.20E-08,-4.19E-08,2.33E-07,0,0.9,95.8%,100.0%,99.7%
Diablo Canyon 1,2007-07-01,850688,0,0.9,0.0,0,1.0,0,NA,-9.55E-08,-4.80E-09,-2.00E-09,-4.19E-08,2.59E-07,0,0.7,96.9%,100.0%,99.8%
Diablo Canyon 1,2007-08-01,629542,0,0.9,0.0,0,1.0,0,NA,-9.55E-08,-4.80E-09,-2.00E-09,-4.19E-08,2.59E-07,0,0.7,96.9%,100.0%,99.8%
Diablo Canyon 1,2007-09-01,823812,0,0.9,0.0,0,1.0,0,NA,-9.55E-08,-4.80E-09,-2.00E-09,-4.19E-08,2.59E-07,0,0.8,96.9%,100.0%,99.8%
Diablo Canyon 1,2007-10-01,850197,0,0.9,0.0,0,1.0,0,NA,-9.30E-08,-4.30E-09,9.00E-09,-4.19E-08,2.45E-07,0,0.7,96.5%,100.0%,99.8%
Diablo Canyon 1,2007-11-01,816087,0,0.9,0.0,0,1.0,0,NA,-9.30E-08,-4.30E-09,9.00E-09,-4.19E-08,2.45E-07,0,0.8,96.5%,100.0%,99.8%
Diablo Canyon 1,2007-12-01,809202,0,0.9,0.0,0,1.0,0,NA,-9.30E-08,-4.30E-09,9.00E-09,-4.19E-08,2.45E-07,0,1.3,96.5%,100.0%,99.8%
Diablo Canyon 1,2008-01-01,829773,0,1.8,0.0,0,0.0,0,NA,-9.00E-08,-4.90E-09,9.00E-09,-4.19E-08,2.58E-07,0,0.8,95.1%,100.0%,99.9%
Diablo Canyon 1,2008-02-01,788126,0,1.8,0.0,0,0.0,0,NA,-9.00E-08,-4.90E-09,9.00E-09,-4.19E-08,2.58E-07,0,0.7,95.1%,100.0%,99.9%
Diablo Canyon 1,2008-03-01,843116,0,1.8,0.0,0,0.0,0,NA,-9.00E-08,-4.90E-09,9.00E-09,-4.19E-08,2.58E-07,0,0.6,95.1%,100.0%,99.9%
Diablo Canyon 1,2008-04-01,812093,0,1.6,0.0,0,0.0,0,NA,-9.47E-08,-4.90E-09,9.00E-09,-4.19E-08,2.84E-07,0,0.6,95.1%,100.0%,99.9%
Diablo Canyon 1,2008-05-01,792870,0,1.6,0.0,0,0.0,0,NA,-9.47E-08,-4.90E-09,9.00E-09,-4.19E-08,2.84E-07,0,0.6,95.1%,100.0%,99.9%
Diablo Canyon 1,2008-06-01,816888,0,1.6,0.0,0,0.0,0,NA,-9.47E-08,-4.90E-09,9.00E-09,-4.19E-08,2.84E-07,0,0.5,95.1%,100.0%,99.9%
Diablo Canyon 1,2008-07-01,841323,0,0.8,0.0,0,0.0,0,NA,-9.55E-08,-4.30E-09,-7.93E-08,-4.16E-08,2.76E-07,0,1.1,94.8%,98.7%,99.9%
Diablo Canyon 1,2008-08-01,840916,0,0.8,0.0,0,0.0,0,NA,-9.55E-08,-4.30E-09,-7.93E-08,-4.16E-08,2.76E-07,0,1.7,94.8%,98.7%,99.9%
Diablo Canyon 1,2008-09-01,809462,0,0.8,0.0,0,0.0,0,NA,-9.55E-08,-4.30E-09,-7.93E-08,-4.16E-08,2.76E-07,0,0.7,94.8%,98.7%,99.9%
Diablo Canyon 1,2008-10-01,816790,0,1.6,0.0,0,0.0,0,NA,-5.97E-07,-4.40E-09,-8.03E-08,-4.19E-08,-2.61E-08,0,0.9,94.8%,100.0%,100.0%
Diablo Canyon 1,2008-11-01,809953,0,1.6,0.0,0,0.0,0,NA,-5.97E-07,-4.40E-09,-8.03E-08,-4.19E-08,-2.61E-08,0,1.1,94.8%,100.0%,100.0%
Diablo Canyon 1,2008-12-01,837332,0,1.6,0.0,0,0.0,0,NA,-5.97E-07,-4.40E-09,-8.03E-08,-4.19E-08,-2.61E-08,0,0.8,94.8%,100.0%,100.0%
Diablo Canyon 1,2009-01-01,655568,0,1.9,0.0,0,0.0,0,NA,-4.06E-07,-4.20E-09,-9.50E-08,-4.19E-08,-1.31E-08,0,0.8,94.3%,100.0%,99.9%
Diablo Canyon 1,2009-02-01,0,0,1.9,0.0,0,0.0,0,NA,-4.06E-07,-4.20E-09,-9.50E-08,-4.19E-08,-1.31E-08,NA,0,94.3%,100.0%,99.9%
Diablo Canyon 1,2009-03-01,122321,0,1.9,0.0,0,0.0,0,NA,-4.06E-07,-4.20E-09,-9.50E-08,-4.19E-08,-1.31E-08,NA,0.5,94.3%,100.0%,99.9%
Diablo Canyon 1,2009-04-01,821060,0,1.9,0.0,0,0.0,0,NA,-4.06E-07,-4.50E-09,-9.50E-08,-4.18E-08,-2.67E-08,0,0.4,94.1%,93.3%,99.9%
Diablo Canyon 1,2009-05-01,847608,0,1.9,0.0,0,0.0,0,NA,-4.06E-07,-4.50E-09,-9.50E-08,-4.18E-08,-2.67E-08,0,0.4,94.1%,93.3%,99.9%
Diablo Canyon 1,2009-06-01,818245,0,1.9,0.0,0,0.0,0,NA,-4.06E-07,-4.50E-09,-9.50E-08,-4.18E-08,-2.67E-08,0,0.8,94.1%,93.3%,99.9%
Diablo Canyon 1,2009-07-01,844898,0,1.9,0.0,0,0.0,0,NA,-4.14E-07,-4.50E-09,-9.50E-08,-4.16E-08,-2.34E-08,0,0.7,95.5%,98.9%,99.9%
Diablo Canyon 1,2009-08-01,827279,0,1.9,0.0,0,0.0,0,NA,-4.14E-07,-4.50E-09,-9.50E-08,-4.16E-08,-2.34E-08,0,0.6,95.5%,98.9%,99.9%
Diablo Canyon 1,2009-09-01,672086,0,1.9,0.0,0,0.0,0,NA,-4.14E-07,-4.50E-09,-9.50E-08,-4.16E-08,-2.34E-08,0,0.6,95.5%,98.9%,99.9%
Diablo Canyon 1,2009-10-01,818780,0,1.9,0.0,0,0.0,0,NA,-4.08E-07,-4.50E-09,-9.50E-08,-4.19E-08,-3.42E-08,0,0.8,94.6%,96.1%,100.0%
Diablo Canyon 1,2009-11-01,814007,0,1.9,0.0,0,0.0,0,NA,-4.08E-07,-4.50E-09,-9.50E-08,-4.19E-08,-3.42E-08,0,0.6,94.6%,96.1%,100.0%
Diablo Canyon 1,2009-12-01,840529,0,1.9,0.0,0,0.0,0,NA,-4.08E-07,-4.50E-09,-9.50E-08,-4.19E-08,-3.42E-08,0,0.5,94.6%,96.1%,100.0%
Diablo Canyon 2,2007-01-01,845249,0,0,0.0,0,1.0,0,NA,3.90E-08,-6.90E-10,-8.41E-08,-1.10E-08,-7.30E-09,0.1,0.8,94.4%,95.5%,99.7%
Diablo Canyon 2,2007-02-01,760804,0,0,0.0,0,1.0,0,NA,3.90E-08,-6.90E-10,-8.41E-08,-1.10E-08,-7.30E-09,0.1,0.6,94.4%,95.5%,99.7%
Diablo Canyon 2,2007-03-01,841288,0,0,0.0,0,1.0,0,NA,3.90E-08,-6.90E-10,-8.41E-08,-1.10E-08,-7.30E-09,0.2,1.0,94.4%,95.5%,99.7%
Diablo Canyon 2,2007-04-01,762134,0,0,0.0,0,1.0,0,NA,5.35E-07,-2.60E-09,-1.07E-07,-1.65E-08,-2.90E-08,0.1,0.8,95.8%,100.0%,99.7%
Diablo Canyon 2,2007-05-01,833423,0,0,0.0,0,1.0,0,NA,5.35E-07,-2.60E-09,-1.07E-07,-1.65E-08,-2.90E-08,0.2,0.4,95.8%,100.0%,99.7%
Diablo Canyon 2,2007-06-01,811753,0,0,0.0,0,1.0,0,NA,5.35E-07,-2.60E-09,-1.07E-07,-1.65E-08,-2.90E-08,0.3,0.5,95.8%,100.0%,99.7%
Diablo Canyon 2,2007-07-01,837897,0.8,0.8,0.0,0,1.0,0,NA,2.71E-07,-3.10E-09,-1.00E-07,-1.55E-08,-3.00E-08,0.4,0.5,96.9%,100.0%,99.8%
Diablo Canyon 2,2007-08-01,825157,0.8,0.8,0.0,0,1.0,0,NA,2.71E-07,-3.10E-09,-1.00E-07,-1.55E-08,-3.00E-08,0.3,0.4,96.9%,100.0%,99.8%
Diablo Canyon 2,2007-09-01,807969,0.8,0.8,0.0,0,1.0,0,NA,2.71E-07,-3.10E-09,-1.00E-07,-1.55E-08,-3.00E-08,0.4,0.6,96.9%,100.0%,99.8%
Diablo Canyon 2,2007-10-01,833662,0,0,0.0,0,1.0,0,NA,5.27E-07,-2.40E-09,-1.02E-07,-1.69E-08,-3.10E-08,0.5,0.5,96.5%,100.0%,99.8%
Diablo Canyon 2,2007-11-01,798726,0,0,0.0,0,1.0,0,NA,5.27E-07,-2.40E-09,-1.02E-07,-1.69E-08,-3.10E-08,0.5,0.5,96.5%,100.0%,99.8%
Diablo Canyon 2,2007-12-01,762079,0,0,0.0,0,1.0,0,NA,5.27E-07,-2.40E-09,-1.02E-07,-1.69E-08,-3.10E-08,0.6,0.6,96.5%,100.0%,99.8%
Diablo Canyon 2,2008-01-01,826741,0,0,0.0,0,0.0,0,NA,2.79E-07,-3.50E-09,-9.90E-08,-2.39E-08,-2.40E-08,0.6,0.4,95.1%,100.0%,99.9%
Diablo Canyon 2,2008-02-01,41777,0,0,0.0,0,0.0,0,NA,2.79E-07,-3.50E-09,-9.90E-08,-2.39E-08,-2.40E-08,0.3,0.1,95.1%,100.0%,99.9%
Diablo Canyon 2,2008-03-01,-2903,0,0,0.0,0,0.0,0,NA,2.79E-07,-3.50E-09,-9.90E-08,-2.39E-08,-2.40E-08,N/A,0,95.1%,100.0%,99.9%
Diablo Canyon 2,2008-04-01,449048,0,0,0.0,0,0.0,0,NA,2.76E-07,-3.40E-09,-7.20E-08,-2.78E-08,-2.70E-08,0.1,0.8,95.1%,100.0%,99.9%
Diablo Canyon 2,2008-05-01,845735,0,0,0.0,0,0.0,0,NA,2.76E-07,-3.40E-09,-7.20E-08,-2.78E-08,-2.70E-08,0.1,8.7,95.1%,100.0%,99.9%
Diablo Canyon 2,2008-06-01,815407,0,0,0.0,0,0.0,0,NA,2.76E-07,-3.40E-09,-7.20E-08,-2.78E-08,-2.70E-08,0.1,7.1,95.1%,100.0%,99.9%
Diablo Canyon 2,2008-07-01,840889,0,0,0.0,0,0.0,0,NA,3.25E-08,-4.80E-09,-8.40E-08,-3.09E-08,-2.60E-08,0.1,5.1,94.8%,98.7%,99.9%
Diablo Canyon 2,2008-08-01,418326,0,0,0.0,0,0.0,0,NA,3.25E-08,-4.80E-09,-8.40E-08,-3.09E-08,-2.60E-08,0.1,11.7,94.8%,98.7%,99.9%
Diablo Canyon 2,2008-09-01,639595,0,0,0.0,0,0.0,0,NA,3.25E-08,-4.80E-09,-8.40E-08,-3.09E-08,-2.60E-08,0.1,0.4,94.8%,98.7%,99.9%
Diablo Canyon 2,2008-10-01,736073,1.0,0,0.0,1,0.0,0,NA,9.04E-07,-4.80E-09,-8.16E-08,-3.09E-08,-2.40E-08,0.1,1.1,94.8%,100.0%,100.0%
Diablo Canyon 2,2008-11-01,806165,1.0,0,0.0,1,0.0,0,NA,9.04E-07,-4.80E-09,-8.16E-08,-3.09E-08,-2.40E-08,0.1,0.3,94.8%,100.0%,100.0%
Diablo Canyon 2,2008-12-01,835032,1.0,0,0.0,1,0.0,0,NA,9.04E-07,-4.80E-09,-8.16E-08,-3.09E-08,-2.40E-08,0.1,0.4,94.8%,100.0%,100.0%
Diablo Canyon 2,2009-01-01,833311,2.1,0,0.0,1,0.0,0,NA,1.84E-08,-4.80E-09,-8.23E-08,-3.09E-08,-3.60E-08,0.2,0.4,94.3%,100.0%,99.9%
Diablo Canyon 2,2009-02-01,751745,2.1,0,0.0,1,0.0,0,NA,1.84E-08,-4.80E-09,-8.23E-08,-3.09E-08,-3.60E-08,0.2,0.3,94.3%,100.0%,99.9%
Diablo Canyon 2,2009-03-01,828509,2.1,0,0.0,1,0.0,0,NA,1.84E-08,-4.80E-09,-8.23E-08,-3.09E-08,-3.60E-08,0.1,0.8,94.3%,100.0%,99.9%
Diablo Canyon 2,2009-04-01,813859,1.8,0.9,0.0,1,0.0,0,NA,1.58E-08,-4.80E-09,-8.53E-08,-3.09E-08,-3.70E-08,0.2,0.5,94.1%,93.3%,99.9%
Diablo Canyon 2,2009-05-01,766587,1.8,0.9,0.0,1,0.0,0,NA,1.58E-08,-4.80E-09,-8.53E-08,-3.09E-08,-3.70E-08,0.1,0.5,94.1%,93.3%,99.9%
Diablo Canyon 2,2009-06-01,802953,1.8,0.9,0.0,1,0.0,0,NA,1.58E-08,-4.80E-09,-8.53E-08,-3.09E-08,-3.70E-08,0.1,0.5,94.1%,93.3%,99.9%
Diablo Canyon 2,2009-07-01,763510,2.6,1.7,0.0,1,0.0,0,NA,1.90E-08,-4.80E-09,-7.50E-08,-3.09E-08,-4.80E-08,0.2,0.6,95.5%,98.9%,99.9%
Diablo Canyon 2,2009-08-01,509285,2.6,1.7,0.0,1,0.0,0,NA,1.90E-08,-4.80E-09,-7.50E-08,-3.09E-08,-4.80E-08,0.1,0.9,95.5%,98.9%,99.9%
Diablo Canyon 2,2009-09-01,693606,2.6,1.7,0.0,1,0.0,0,NA,1.90E-08,-4.80E-09,-7.50E-08,-3.09E-08,-4.80E-08,0.1,0.4,95.5%,98.9%,99.9%
Diablo Canyon 2,2009-10-01,69867,1.7,1.8,0.0,0,0.0,0,NA,2.18E-08,3.06E-08,-8.62E-08,-3.09E-08,-3.90E-08,0.1,0.9,94.6%,96.1%,100.0%
Diablo Canyon 2,2009-11-01,501991,1.7,1.8,0.0,0,0.0,0,NA,2.18E-08,3.06E-08,-8.62E-08,-3.09E-08,-3.90E-08,0.1,0,94.6%,96.1%,100.0%
Diablo Canyon 2,2009-12-01,847254,1.7,1.8,0.0,0,0.0,0,NA,2.18E-08,3.06E-08,-8.62E-08,-3.09E-08,-3.90E-08,0.1,6.2,94.6%,96.1%,100.0%
Dresden 2,2007-01-01,644897,0.8,0.8,NA,NA,0,0,NA,-3.81E-08,-1.24E-07,2.40E-09,-1.35E-09,1.18E-09,0,8.5,95.9%,100.0%,99.7%
Dresden 2,2007-02-01,583862,0.8,0.8,NA,NA,0,0,NA,-3.81E-08,-1.24E-07,2.40E-09,-1.35E-09,1.18E-09,0,8.4,95.9%,100.0%,99.7%
Dresden 2,2007-03-01,645540,0.8,0.8,NA,NA,0,0,NA,-3.81E-08,-1.24E-07,2.40E-09,-1.35E-09,1.18E-09,0,8.4,95.9%,100.0%,99.7%
Dresden 2,2007-04-01,626149,1.7,0,NA,NA,0,0,NA,-3.45E-08,-1.26E-07,-4.39E-09,-1.29E-09,1.38E-09,0,8.4,97.0%,100.0%,99.7%
Dresden 2,2007-05-01,554391,1.7,0,NA,NA,0,0,NA,-3.45E-08,-1.26E-07,-4.39E-09,-1.29E-09,1.38E-09,0,8.4,97.0%,100.0%,99.7%
Dresden 2,2007-06-01,623644,1.7,0,NA,NA,0,0,NA,-3.45E-08,-1.26E-07,-4.39E-09,-1.29E-09,1.38E-09,0,7.5,97.0%,100.0%,99.7%
Dresden 2,2007-07-01,646303,0.8,0,1.0,NA,0,0,NA,-3.48E-08,-1.26E-07,-4.39E-09,-1.45E-09,1.28E-09,0,8.3,97.4%,100.0%,99.7%
Dresden 2,2007-08-01,638227,0.8,0,1.0,NA,0,0,NA,-3.48E-08,-1.26E-07,-4.39E-09,-1.45E-09,1.28E-09,0,8.2,97.4%,100.0%,99.7%
Dresden 2,2007-09-01,626450,0.8,0,1.0,NA,0,0,NA,-3.48E-08,-1.26E-07,-4.39E-09,-1.45E-09,1.28E-09,0,8.2,97.4%,100.0%,99.7%
Dresden 2,2007-10-01,582052,0.9,0.9,1.0,NA,0,0,NA,-3.10E-08,-1.26E-07,-4.39E-09,-1.57E-09,1.98E-09,0,7.1,97.4%,96.8%,99.7%
Dresden 2,2007-11-01,155409,0.9,0.9,1.0,NA,0,0,NA,-3.10E-08,-1.26E-07,-4.39E-09,-1.57E-09,1.98E-09,0,7.9,97.4%,96.8%,99.7%
Dresden 2,2007-12-01,645771,0.9,0.9,1.0,NA,0,0,NA,-3.10E-08,-1.26E-07,-4.39E-09,-1.57E-09,1.98E-09,0,8.2,97.4%,96.8%,99.7%
Dresden 2,2008-01-01,647633,0.9,0.9,1.0,NA,0,0,NA,-3.43E-08,-1.26E-07,-4.39E-09,-2.58E-09,1.58E-09,0,7.9,97.1%,98.4%,99.6%
Dresden 2,2008-02-01,605725,0.9,0.9,1.0,NA,0,0,NA,-3.43E-08,-1.26E-07,-4.39E-09,-2.58E-09,1.58E-09,0,7.9,97.1%,98.4%,99.6%
Dresden 2,2008-03-01,643556,0.9,0.9,1.0,NA,0,0,NA,-3.43E-08,-1.26E-07,-4.39E-09,-2.58E-09,1.58E-09,0,8.0,97.1%,98.4%,99.6%
Dresden 2,2008-04-01,626260,0,0.8,0.0,NA,0,0,NA,-3.24E-08,1.80E-07,-4.39E-09,-2.55E-09,1.58E-09,0,8.0,96.8%,98.5%,99.6%
Dresden 2,2008-05-01,646604,0,0.8,0.0,NA,0,0,NA,-3.24E-08,1.80E-07,-4.39E-09,-2.55E-09,1.58E-09,0,8.1,96.8%,98.5%,99.6%
Dresden 2,2008-06-01,623296,0,0.8,0.0,NA,0,0,NA,-3.24E-08,1.80E-07,-4.39E-09,-2.55E-09,1.58E-09,0,8.3,96.8%,98.5%,99.6%
Dresden 2,2008-07-01,645883,0,1.7,0.0,NA,0,0,NA,-3.27E-08,1.80E-07,-3.59E-09,-2.67E-09,1.78E-09,0,8.4,99.2%,100.0%,99.6%
Dresden 2,2008-08-01,645837,0,1.7,0.0,NA,0,0,NA,-3.27E-08,1.80E-07,-3.59E-09,-2.67E-09,1.78E-09,0,8.3,99.2%,100.0%,99.6%
Dresden 2,2008-09-01,475755,0,1.7,0.0,NA,0,0,NA,-3.27E-08,1.80E-07,-3.59E-09,-2.67E-09,1.78E-09,0,8.5,99.2%,100.0%,99.6%
Dresden 2,2008-10-01,637163,0,0.8,0.0,NA,0,0,NA,-3.25E-08,1.80E-07,-3.99E-09,-3.10E-09,1.98E-09,0,8.2,99.2%,100.0%,99.5%
Dresden 2,2008-11-01,626746,0,0.8,0.0,NA,0,0,NA,-3.25E-08,1.80E-07,-3.99E-09,-3.10E-09,1.98E-09,0,7.7,99.2%,100.0%,99.5%
Dresden 2,2008-12-01,643744,0,0.8,0.0,NA,0,0,NA,-3.25E-08,1.80E-07,-3.99E-09,-3.10E-09,1.98E-09,0,7.9,99.2%,100.0%,99.5%
Dresden 2,2009-01-01,647173,0,1.6,0.0,NA,0,0,NA,-2.92E-08,2.40E-07,-4.39E-09,-1.43E-09,3.97E-09,0,7.8,100.0%,98.4%,99.5%
Dresden 2,2009-02-01,584658,0,1.6,0.0,NA,0,0,NA,-2.92E-08,2.40E-07,-4.39E-09,-1.43E-09,3.97E-09,0,7.8,100.0%,98.4%,99.5%
Dresden 2,2009-03-01,640187,0,1.6,0.0,NA,0,0,NA,-2.92E-08,2.40E-07,-4.39E-09,-1.43E-09,3.97E-09,0,7.9,100.0%,98.4%,99.5%
Dresden 2,2009-04-01,625403,0,1.6,0.0,NA,0,0,NA,7.11E-08,2.40E-07,-4.39E-09,2.49E-09,3.97E-09,0,7.9,99.6%,100.0%,99.5%
Dresden 2,2009-05-01,641143,0,1.6,0.0,NA,0,0,NA,7.11E-08,2.40E-07,-4.39E-09,2.49E-09,3.97E-09,0,8.0,99.6%,100.0%,99.5%
Dresden 2,2009-06-01,624667,0,1.6,0.0,NA,0,0,NA,7.11E-08,2.40E-07,-4.39E-09,2.49E-09,3.97E-09,0,8.1,99.6%,100.0%,99.5%
Dresden 2,2009-07-01,645808,0,0,0.0,NA,0,0,NA,7.20E-08,2.40E-07,-1.97E-09,2.18E-09,3.97E-09,0,8.1,99.6%,100.0%,99.7%
Dresden 2,2009-08-01,644778,0,0,0.0,NA,0,0,NA,7.20E-08,2.40E-07,-1.97E-09,2.18E-09,3.97E-09,0,8.1,99.6%,100.0%,99.7%
Dresden 2,2009-09-01,622828,0,0,0.0,NA,0,0,NA,7.20E-08,2.40E-07,-1.97E-09,2.18E-09,3.97E-09,0,8.2,99.6%,100.0%,99.7%
Dresden 2,2009-10-01,638120,0,0,0.0,NA,0,0,NA,1.62E-08,2.40E-07,-1.57E-09,1.78E-09,3.87E-09,0,8.2,99.6%,100.0%,99.8%
Dresden 2,2009-11-01,16760,0,0,0.0,NA,0,0,NA,1.62E-08,2.40E-07,-1.57E-09,1.78E-09,3.87E-09,0,8.1,99.6%,100.0%,99.8%
Dresden 2,2009-12-01,571099,0,0,0.0,NA,0,0,NA,1.62E-08,2.40E-07,-1.57E-09,1.78E-09,3.87E-09,0,8.4,99.6%,100.0%,99.8%
Dresden 3,2007-01-01,649390,0,0.8,0.0,NA,0,0,NA,-4.16E-08,-1.11E-07,-4.41E-09,-3.00E-09,-2.00E-11,0,7.4,95.9%,100.0%,99.7%
Dresden 3,2007-02-01,579683,0,0.8,0.0,NA,0,0,NA,-4.16E-08,-1.11E-07,-4.41E-09,-3.00E-09,-2.00E-11,0,7.3,95.9%,100.0%,99.7%
Dresden 3,2007-03-01,648033,0,0.8,0.0,NA,0,0,NA,-4.16E-08,-1.11E-07,-4.41E-09,-3.00E-09,-2.00E-11,0,7.5,95.9%,100.0%,99.7%
Dresden 3,2007-04-01,627386,0,0.8,0.0,NA,0,0,NA,-4.06E-08,-4.89E-08,-4.36E-09,-3.00E-09,-2.00E-11,0,7.2,97.0%,100.0%,99.7%
Dresden 3,2007-05-01,645334,0,0.8,0.0,NA,0,0,NA,-4.06E-08,-4.89E-08,-4.36E-09,-3.00E-09,-2.00E-11,0,8.1,97.0%,100.0%,99.7%
Dresden 3,2007-06-01,625293,0,0.8,0.0,NA,0,0,NA,-4.06E-08,-4.89E-08,-4.36E-09,-3.00E-09,-2.00E-11,0,8.8,97.0%,100.0%,99.7%
Dresden 3,2007-07-01,645613,0,0.8,0.0,NA,0,0,NA,-4.06E-08,-9.42E-09,-4.36E-09,-3.00E-09,-2.00E-11,0,9.0,97.4%,100.0%,99.7%
Dresden 3,2007-08-01,643471,0,0.8,0.0,NA,0,0,NA,-4.06E-08,-9.42E-09,-4.36E-09,-3.00E-09,-2.00E-11,0,9.1,97.4%,100.0%,99.7%
Dresden 3,2007-09-01,576353,0,0.8,0.0,NA,0,0,NA,-4.06E-08,-9.42E-09,-4.36E-09,-3.00E-09,-2.00E-11,0,9.0,97.4%,100.0%,99.7%
Dresden 3,2007-10-01,646057,0,0,0.0,NA,0,0,NA,-4.16E-08,-8.00E-10,-4.36E-09,-2.90E-09,-1.90E-11,0,8.8,97.4%,96.8%,99.7%
Dresden 3,2007-11-01,628582,0,0,0.0,NA,0,0,NA,-4.16E-08,-8.00E-10,-4.36E-09,-2.90E-09,-1.90E-11,0,8.7,97.4%,96.8%,99.7%
Dresden 3,2007-12-01,642891,0,0,0.0,NA,0,0,NA,-4.16E-08,-8.00E-10,-4.36E-09,-2.90E-09,-1.90E-11,0,8.2,97.4%,96.8%,99.7%
Dresden 3,2008-01-01,437913,0,0,0.0,NA,0,0,NA,-4.16E-08,-1.11E-08,-4.36E-09,-2.90E-09,-1.90E-11,0,10.0,97.1%,98.4%,99.6%
Dresden 3,2008-02-01,606120,0,0,0.0,NA,0,0,NA,-4.16E-08,-1.11E-08,-4.36E-09,-2.90E-09,-1.90E-11,0,8.1,97.1%,98.4%,99.6%
Dresden 3,2008-03-01,646105,0,0,0.0,NA,0,0,NA,-4.16E-08,-1.11E-08,-4.36E-09,-2.90E-09,-1.90E-11,0,7.7,97.1%,98.4%,99.6%
Dresden 3,2008-04-01,626594,0,0,0.0,NA,0,0,NA,6.00E-08,-1.13E-08,-4.36E-09,-2.90E-09,-2.00E-11,0,7.7,96.8%,98.5%,99.6%
Dresden 3,2008-05-01,646155,0,0,0.0,NA,0,0,NA,6.00E-08,-1.13E-08,-4.36E-09,-2.90E-09,-2.00E-11,0,8.1,96.8%,98.5%,99.6%
Dresden 3,2008-06-01,625363,0,0,0.0,NA,0,0,NA,6.00E-08,-1.13E-08,-4.36E-09,-2.90E-09,-2.00E-11,0,7.7,96.8%,98.5%,99.6%
Dresden 3,2008-07-01,645919,0,0.8,0.0,NA,0,0,NA,6.00E-08,-1.13E-08,-4.36E-09,-2.90E-09,-1.90E-11,0,7.8,99.2%,100.0%,99.6%
Dresden 3,2008-08-01,638026,0,0.8,0.0,NA,0,0,NA,6.00E-08,-1.13E-08,-4.36E-09,-2.90E-09,-1.90E-11,0,7.7,99.2%,100.0%,99.6%
Dresden 3,2008-09-01,617229,0,0.8,0.0,NA,0,0,NA,6.00E-08,-1.13E-08,-4.36E-09,-2.90E-09,-1.90E-11,0,7.7,99.2%,100.0%,99.6%
Dresden 3,2008-10-01,571689,0,0.9,0.0,NA,0,0,NA,6.10E-08,1.10E-09,-4.36E-09,-3.00E-09,-2.00E-11,0,7.8,99.2%,100.0%,99.5%
Dresden 3,2008-11-01,205297,0,0.9,0.0,NA,0,0,NA,6.10E-08,1.10E-09,-4.36E-09,-3.00E-09,-2.00E-11,0,8.0,99.2%,100.0%,99.5%
Dresden 3,2008-12-01,650233,0,0.9,0.0,NA,0,0,NA,6.10E-08,1.10E-09,-4.36E-09,-3.00E-09,-2.00E-11,0,7.3,99.2%,100.0%,99.5%
Dresden 3,2009-01-01,650010,0,0.8,0.0,NA,0,0,NA,5.70E-08,2.00E-09,-4.36E-09,-3.00E-09,-2.10E-11,0,7.3,100.0%,98.4%,99.5%
Dresden 3,2009-02-01,576990,0,0.8,0.0,NA,0,0,NA,5.70E-08,2.00E-09,-4.36E-09,-3.00E-09,-2.10E-11,0,7.3,100.0%,98.4%,99.5%
Dresden 3,2009-03-01,642829,0,0.8,0.0,NA,0,0,NA,5.70E-08,2.00E-09,-4.36E-09,-3.00E-09,-2.10E-11,0,7.3,100.0%,98.4%,99.5%
Dresden 3,2009-04-01,561272,0,0.8,0.0,NA,0,0,NA,1.68E-07,-8.30E-09,-4.36E-09,-3.00E-09,-2.10E-11,0,7.4,99.6%,100.0%,99.5%
Dresden 3,2009-05-01,641125,0,0.8,0.0,NA,0,0,NA,1.68E-07,-8.30E-09,-4.36E-09,-3.00E-09,-2.10E-11,0,7.5,99.6%,100.0%,99.5%
Dresden 3,2009-06-01,621551,0,0.8,0.0,NA,0,0,NA,1.68E-07,-8.30E-09,-4.36E-09,-3.00E-09,-2.10E-11,0,7.5,99.6%,100.0%,99.5%
Dresden 3,2009-07-01,644003,0,0.8,0.0,NA,0,0,NA,1.58E-07,-8.30E-09,-4.36E-09,-3.00E-09,-1.00E-11,0,7.4,99.5%,100.0%,99.7%
Dresden 3,2009-08-01,641421,0,0.8,0.0,NA,0,0,NA,1.58E-07,-8.30E-09,-4.36E-09,-3.00E-09,-1.00E-11,0,7.3,99.5%,100.0%,99.7%
Dresden 3,2009-09-01,619651,0,0.8,0.0,NA,0,0,NA,1.58E-07,-8.30E-09,-4.36E-09,-3.00E-09,-1.00E-11,0,7.4,99.5%,100.0%,99.7%
Dresden 3,2009-10-01,563725,0.8,1.6,0.0,NA,0,0,NA,2.75E-08,1.40E-08,-4.37E-09,-3.00E-09,-1.00E-11,0,8.4,99.6%,100.0%,99.8%
Dresden 3,2009-11-01,561792,0.8,1.6,0.0,NA,0,0,NA,2.75E-08,1.40E-08,-4.37E-09,-3.00E-09,-1.00E-11,0,8.0,99.6%,100.0%,99.8%
Dresden 3,2009-12-01,640420,0.8,1.6,0.0,NA,0,0,NA,2.75E-08,1.40E-08,-4.37E-09,-3.00E-09,-1.00E-11,0,7.9,99.6%,100.0%,99.8%
Duane Arnold,2007-01-01,447618,0.9,1.8,1.0,NA,0,0,-2.00E-08,-2.00E-08,-1.20E-08,-1.96E-07,-2.30E-08,-2.10E-08,0,6.4,95.3%,95.3%,98.9%
Duane Arnold,2007-02-01,39080,0.9,1.8,1.0,NA,0,0,-2.00E-08,-2.00E-08,-1.20E-08,-1.96E-07,-2.30E-08,-2.10E-08,0,6.4,95.3%,95.3%,98.9%
Duane Arnold,2007-03-01,112431,0.9,1.8,1.0,NA,0,0,-2.00E-08,-2.00E-08,-1.20E-08,-1.96E-07,-2.30E-08,-2.10E-08,0,6.6,95.3%,95.3%,98.9%
Duane Arnold,2007-04-01,389138,2.7,1.8,1.0,NA,0,0,1.10E-07,1.10E-07,2.90E-08,-1.75E-07,-3.26E-08,6.70E-08,0,6.5,95.9%,100.0%,98.8%
Duane Arnold,2007-05-01,450516,2.7,1.8,1.0,NA,0,0,1.10E-07,1.10E-07,2.90E-08,-1.75E-07,-3.26E-08,6.70E-08,0,6.4,95.9%,100.0%,98.8%
Duane Arnold,2007-06-01,424532,2.7,1.8,1.0,NA,0,0,1.10E-07,1.10E-07,2.90E-08,-1.75E-07,-3.26E-08,6.70E-08,0,6.3,95.9%,100.0%,98.8%
Duane Arnold,2007-07-01,446502,2.7,0.9,1.0,NA,0,0,-9.00E-08,-9.00E-08,2.70E-08,-7.57E-08,-6.40E-08,7.70E-08,0,6.4,96.3%,100.0%,99.4%
Duane Arnold,2007-08-01,442377,2.7,0.9,1.0,NA,0,0,-9.00E-08,-9.00E-08,2.70E-08,-7.57E-08,-6.40E-08,7.70E-08,0,6.6,96.3%,100.0%,99.4%
Duane Arnold,2007-09-01,429795,2.7,0.9,1.0,NA,0,0,-9.00E-08,-9.00E-08,2.70E-08,-7.57E-08,-6.40E-08,7.70E-08,0,8.5,96.3%,100.0%,99.4%
Duane Arnold,2007-10-01,445362,1.8,1.8,1.0,NA,0,0,7.00E-08,7.00E-08,2.10E-08,-3.20E-08,-6.10E-08,7.70E-08,0,8.5,95.8%,100.0%,99.4%
Duane Arnold,2007-11-01,437740,1.8,1.8,1.0,NA,0,0,7.00E-08,7.00E-08,2.10E-08,-3.20E-08,-6.10E-08,7.70E-08,0,6.4,95.8%,100.0%,99.4%
Duane Arnold,2007-12-01,453784,1.8,1.8,1.0,NA,0,0,7.00E-08,7.00E-08,2.10E-08,-3.20E-08,-6.10E-08,7.70E-08,0,6.4,95.8%,100.0%,99.4%
Duane Arnold,2008-01-01,457143,0.8,1.6,1.0,NA,0,0,-5.00E-08,-5.00E-08,3.90E-08,-6.74E-08,-4.90E-08,8.70E-08,0,6.3,95.8%,100.0%,99.4%
Duane Arnold,2008-02-01,427569,0.8,1.6,1.0,NA,0,0,-5.00E-08,-5.00E-08,3.90E-08,-6.74E-08,-4.90E-08,8.70E-08,0,6.7,95.8%,100.0%,99.4%
Duane Arnold,2008-03-01,452124,0.8,1.6,1.0,NA,0,0,-5.00E-08,-5.00E-08,3.90E-08,-6.74E-08,-4.90E-08,8.70E-08,0,6.8,95.8%,100.0%,99.4%
Duane Arnold,2008-04-01,440067,0,0.8,0.0,NA,0,0,-2.20E-07,-2.20E-07,3.90E-08,-7.42E-08,-5.30E-08,8.70E-08,0,6.8,96.3%,100.0%,99.3%
Duane Arnold,2008-05-01,450927,0,0.8,0.0,NA,0,0,-2.20E-07,-2.20E-07,3.90E-08,-7.42E-08,-5.30E-08,8.70E-08,0,6.9,96.3%,100.0%,99.3%
Duane Arnold,2008-06-01,425093,0,0.8,0.0,NA,0,0,-2.20E-07,-2.20E-07,3.90E-08,-7.42E-08,-5.30E-08,8.70E-08,0,6.8,96.3%,100.0%,99.3%
Duane Arnold,2008-07-01,440375,0,0.8,0.0,NA,0,0,-1.60E-07,-1.60E-07,2.10E-08,-8.28E-08,-2.40E-08,8.70E-08,0,6.5,95.3%,100.0%,99.0%
Duane Arnold,2008-08-01,430578,0,0.8,0.0,NA,0,0,-1.60E-07,-1.60E-07,2.10E-08,-8.28E-08,-2.40E-08,8.70E-08,0,6.5,95.3%,100.0%,99.0%
Duane Arnold,2008-09-01,431845,0,0.8,0.0,NA,0,0,-1.60E-07,-1.60E-07,2.10E-08,-8.28E-08,-2.40E-08,8.70E-08,0,6.3,95.3%,100.0%,99.0%
Duane Arnold,2008-10-01,451846,0,0,0.0,NA,0,0,3.34E-07,3.34E-07,-8.00E-09,-9.50E-08,-1.40E-08,5.70E-08,0,6.3,96.4%,100.0%,98.7%
Duane Arnold,2008-11-01,438708,0,0,0.0,NA,0,0,3.34E-07,3.34E-07,-8.00E-09,-9.50E-08,-1.40E-08,5.70E-08,0,6.3,96.4%,100.0%,98.7%
Duane Arnold,2008-12-01,435927,0,0,0.0,NA,0,0,3.34E-07,3.34E-07,-8.00E-09,-9.50E-08,-1.40E-08,5.70E-08,0,6.6,96.4%,100.0%,98.7%
Duane Arnold,2009-01-01,394244,0.9,0,0.0,NA,0,0,8.20E-07,8.20E-07,-1.80E-08,-1.19E-07,-1.90E-08,-6.90E-08,0,6.9,96.5%,100.0%,98.8%
Duane Arnold,2009-02-01,5357,0.9,0,0.0,NA,0,0,8.20E-07,8.20E-07,-1.80E-08,-1.19E-07,-1.90E-08,-6.90E-08,0,7.0,96.5%,100.0%,98.8%
Duane Arnold,2009-03-01,360881,0.9,0,0.0,NA,0,0,8.20E-07,8.20E-07,-1.80E-08,-1.19E-07,-1.90E-08,-6.90E-08,0,6.6,96.5%,100.0%,98.8%
Duane Arnold,2009-04-01,399821,1.7,0,0.0,NA,0,0,7.50E-07,7.50E-07,3.00E-09,-1.19E-07,-1.90E-08,-9.61E-08,0,6.3,97.1%,100.0%,99.0%
Duane Arnold,2009-05-01,452957,1.7,0,0.0,NA,0,0,7.50E-07,7.50E-07,3.00E-09,-1.19E-07,-1.90E-08,-9.61E-08,0,6.4,97.1%,100.0%,99.0%
Duane Arnold,2009-06-01,433616,1.7,0,0.0,NA,0,0,7.50E-07,7.50E-07,3.00E-09,-1.19E-07,-1.90E-08,-9.61E-08,0,6.4,97.1%,100.0%,99.0%
Duane Arnold,2009-07-01,452271,1.7,0,0.0,NA,1,0,7.50E-07,7.50E-07,1.40E-08,-1.19E-07,-1.80E-08,-1.26E-07,0,6.5,97.0%,100.0%,99.2%
Duane Arnold,2009-08-01,451155,1.7,0,0.0,NA,1,0,7.50E-07,7.50E-07,1.40E-08,-1.19E-07,-1.80E-08,-1.26E-07,0,6.6,97.0%,100.0%,99.2%
Duane Arnold,2009-09-01,430826,1.7,0,0.0,NA,1,0,7.50E-07,7.50E-07,1.40E-08,-1.19E-07,-1.80E-08,-1.26E-07,0,6.4,97.0%,100.0%,99.2%
Duane Arnold,2009-10-01,400789,2.6,0,0.0,NA,1,0,4.40E-07,4.40E-07,-2.50E-08,-1.81E-07,-2.30E-08,-6.07E-08,0,6.4,96.9%,100.0%,99.3%
Duane Arnold,2009-11-01,444369,2.6,0,0.0,NA,1,0,4.40E-07,4.40E-07,-2.50E-08,-1.81E-07,-2.30E-08,-6.07E-08,0,6.4,96.9%,100.0%,99.3%
Duane Arnold,2009-12-01,452645,2.6,0,0.0,NA,1,0,4.40E-07,4.40E-07,-2.50E-08,-1.81E-07,-2.30E-08,-6.07E-08,0,6.4,96.9%,100.0%,99.3%
Edwin I. Hatch 1,2007-01-01,519772,0,2.4,0.0,NA,0,0,8.21E-07,8.21E-07,2.22E-07,-1.87E-07,2.87E-08,4.93E-08,0,5.6,93.8%,98.5%,NA
Edwin I. Hatch 1,2007-02-01,505620,0,2.4,0.0,NA,0,0,8.21E-07,8.21E-07,2.22E-07,-1.87E-07,2.87E-08,4.93E-08,0,5.7,93.8%,98.5%,NA
Edwin I. Hatch 1,2007-03-01,663978,0,2.4,0.0,NA,0,0,8.21E-07,8.21E-07,2.22E-07,-1.87E-07,2.87E-08,4.93E-08,0,5.7,93.8%,98.5%,NA
Edwin I. Hatch 1,2007-04-01,641754,0,1.6,0.0,NA,0,0,8.44E-07,8.44E-07,2.15E-07,-1.87E-07,2.73E-08,-7.00E-09,0,5.8,93.1%,96.3%,NA
Edwin I. Hatch 1,2007-05-01,650424,0,1.6,0.0,NA,0,0,8.44E-07,8.44E-07,2.15E-07,-1.87E-07,2.73E-08,-7.00E-09,0,5.7,93.1%,96.3%,NA
Edwin I. Hatch 1,2007-06-01,633369,0,1.6,0.0,NA,0,0,8.44E-07,8.44E-07,2.15E-07,-1.87E-07,2.73E-08,-7.00E-09,0,5.7,93.1%,96.3%,NA
Edwin I. Hatch 1,2007-07-01,654376,0,0,0.0,NA,0,0,8.40E-07,8.40E-07,2.10E-07,-1.87E-07,2.23E-08,-5.33E-08,0,5.6,94.3%,98.6%,NA
Edwin I. Hatch 1,2007-08-01,641082,0,0,0.0,NA,0,0,8.40E-07,8.40E-07,2.10E-07,-1.87E-07,2.23E-08,-5.33E-08,0,5.6,94.3%,98.6%,NA
Edwin I. Hatch 1,2007-09-01,632985,0,0,0.0,NA,0,0,8.40E-07,8.40E-07,2.10E-07,-1.87E-07,2.23E-08,-5.33E-08,0,5.7,94.3%,98.6%,NA
Edwin I. Hatch 1,2007-10-01,657635,0,0,0.0,NA,0,0,-2.70E-07,-2.70E-07,2.12E-07,-1.87E-07,2.79E-08,3.50E-08,0,5.6,94.5%,99.3%,NA
Edwin I. Hatch 1,2007-11-01,636472,0,0,0.0,NA,0,0,-2.70E-07,-2.70E-07,2.12E-07,-1.87E-07,2.79E-08,3.50E-08,0,5.5,94.5%,99.3%,NA
Edwin I. Hatch 1,2007-12-01,661610,0,0,0.0,NA,0,0,-2.70E-07,-2.70E-07,2.12E-07,-1.87E-07,2.79E-08,3.50E-08,0,5.4,94.5%,99.3%,NA
Edwin I. Hatch 1,2008-01-01,653638,0,0,0.0,NA,0,0,-2.88E-07,-2.88E-07,2.10E-07,-1.86E-07,7.02E-08,8.30E-08,0,5.4,94.5%,100.0%,NA
Edwin I. Hatch 1,2008-02-01,46372,0,0,0.0,NA,0,0,-2.88E-07,-2.88E-07,2.10E-07,-1.86E-07,7.02E-08,8.30E-08,0,5.2,94.5%,100.0%,NA
Edwin I. Hatch 1,2008-03-01,145500,0,0,0.0,NA,0,0,-2.88E-07,-2.88E-07,2.10E-07,-1.86E-07,7.02E-08,8.30E-08,0,7.5,94.5%,100.0%,NA
Edwin I. Hatch 1,2008-04-01,627981,0,0.9,0.0,NA,0,0,-3.31E-07,-3.31E-07,1.93E-07,-1.96E-07,6.18E-08,-2.40E-08,0,5.6,94.4%,100.0%,NA
Edwin I. Hatch 1,2008-05-01,655584,0,0.9,0.0,NA,0,0,-3.31E-07,-3.31E-07,1.93E-07,-1.96E-07,6.18E-08,-2.40E-08,0,5.6,94.4%,100.0%,NA
Edwin I. Hatch 1,2008-06-01,623382,0,0.9,0.0,NA,0,0,-3.31E-07,-3.31E-07,1.93E-07,-1.96E-07,6.18E-08,-2.40E-08,0,5.5,94.4%,100.0%,NA
Edwin I. Hatch 1,2008-07-01,550904,0.9,3.6,0.0,NA,0,0,6.79E-07,6.79E-07,1.97E-07,-7.50E-08,5.83E-08,-6.33E-08,0,5.5,98.0%,99.3%,NA
Edwin I. Hatch 1,2008-08-01,654025,0.9,3.6,0.0,NA,0,0,6.79E-07,6.79E-07,1.97E-07,-7.50E-08,5.83E-08,-6.33E-08,0,5.4,98.0%,99.3%,NA
Edwin I. Hatch 1,2008-09-01,599591,0.9,3.6,0.0,NA,0,0,6.79E-07,6.79E-07,1.97E-07,-7.50E-08,5.83E-08,-6.33E-08,0,5.5,98.0%,99.3%,NA
Edwin I. Hatch 1,2008-10-01,655031,1.8,3.6,0.0,NA,0,0,6.31E-07,6.31E-07,1.84E-07,-8.90E-08,5.83E-08,-7.23E-08,0,5.5,97.8%,100.0%,NA
Edwin I. Hatch 1,2008-11-01,558015,1.8,3.6,0.0,NA,0,0,6.31E-07,6.31E-07,1.84E-07,-8.90E-08,5.83E-08,-7.23E-08,0,5.4,97.8%,100.0%,NA
Edwin I. Hatch 1,2008-12-01,663719,1.8,3.6,0.0,NA,0,0,6.31E-07,6.31E-07,1.84E-07,-8.90E-08,5.83E-08,-7.23E-08,0,5.6,97.8%,100.0%,NA
Edwin I. Hatch 1,2009-01-01,656285,1.6,3.2,0.0,NA,0,0,6.28E-07,6.28E-07,6.40E-08,-5.89E-08,7.64E-08,-6.39E-08,0,5.5,97.8%,100.0%,NA
Edwin I. Hatch 1,2009-02-01,600110,1.6,3.2,0.0,NA,0,0,6.28E-07,6.28E-07,6.40E-08,-5.89E-08,7.64E-08,-6.39E-08,0,5.6,97.8%,100.0%,NA
Edwin I. Hatch 1,2009-03-01,661698,1.6,3.2,0.0,NA,0,0,6.28E-07,6.28E-07,6.40E-08,-5.89E-08,7.64E-08,-6.39E-08,0,5.6,97.8%,100.0%,NA
Edwin I. Hatch 1,2009-04-01,632721,2.5,2.5,0.0,NA,0,0,6.47E-07,6.47E-07,6.50E-08,-1.02E-07,7.05E-08,-6.69E-08,0,5.6,98.5%,100.0%,NA
Edwin I. Hatch 1,2009-05-01,205290,2.5,2.5,0.0,NA,0,0,6.47E-07,6.47E-07,6.50E-08,-1.02E-07,7.05E-08,-6.69E-08,0,7.9,98.5%,100.0%,NA
Edwin I. Hatch 1,2009-06-01,629706,2.5,2.5,0.0,NA,0,0,6.47E-07,6.47E-07,6.50E-08,-1.02E-07,7.05E-08,-6.69E-08,0,6.2,98.5%,100.0%,NA
Edwin I. Hatch 1,2009-07-01,645274,1.7,0,0.0,NA,0,0,6.50E-07,6.50E-07,6.60E-08,-1.03E-07,7.25E-08,-6.89E-08,0,5.8,98.5%,100.0%,NA
Edwin I. Hatch 1,2009-08-01,649886,1.7,0,0.0,NA,0,0,6.50E-07,6.50E-07,6.60E-08,-1.03E-07,7.25E-08,-6.89E-08,0,5.6,98.5%,100.0%,NA
Edwin I. Hatch 1,2009-09-01,630803,1.7,0,0.0,NA,0,0,6.50E-07,6.50E-07,6.60E-08,-1.03E-07,7.25E-08,-6.89E-08,0,5.8,98.5%,100.0%,NA
Edwin I. Hatch 1,2009-10-01,586291,0.8,1.7,0.0,NA,0,0,6.77E-07,6.77E-07,7.30E-08,-1.03E-07,7.25E-08,-7.89E-08,0,5.8,97.1%,100.0%,NA
Edwin I. Hatch 1,2009-11-01,640180,0.8,1.7,0.0,NA,0,0,6.77E-07,6.77E-07,7.30E-08,-1.03E-07,7.25E-08,-7.89E-08,0,6.0,97.1%,100.0%,NA
Edwin I. Hatch 1,2009-12-01,651768,0.8,1.7,0.0,NA,0,0,6.77E-07,6.77E-07,7.30E-08,-1.03E-07,7.25E-08,-7.89E-08,0,6.0,97.1%,100.0%,NA
Edwin I. Hatch 2,2007-01-01,663938,0.9,0,0.0,NA,0,0,NA,3.03E-08,4.34E-07,-2.08E-07,1.04E-08,-6.60E-08,0,6.0,93.8%,98.5%,Not applicable
Edwin I. Hatch 2,2007-02-01,94546,0.9,0,0.0,NA,0,0,NA,3.03E-08,4.34E-07,-2.08E-07,1.04E-08,-6.60E-08,0,6.0,93.8%,98.5%,Not applicable
Edwin I. Hatch 2,2007-03-01,247265,0.9,0,0.0,NA,0,0,NA,3.03E-08,4.34E-07,-2.08E-07,1.04E-08,-6.60E-08,0,5.6,93.8%,98.5%,Not applicable
Edwin I. Hatch 2,2007-04-01,642967,0,0,0.0,NA,0,0,NA,1.02E-07,1.51E-06,-2.07E-07,9.39E-08,-6.30E-08,0,5.9,93.1%,96.3%,Not applicable
Edwin I. Hatch 2,2007-05-01,661147,0,0,0.0,NA,0,0,NA,1.02E-07,1.51E-06,-2.07E-07,9.39E-08,-6.30E-08,0,5.9,93.1%,96.3%,Not applicable
Edwin I. Hatch 2,2007-06-01,629462,0,0,0.0,NA,0,0,NA,1.02E-07,1.51E-06,-2.07E-07,9.39E-08,-6.30E-08,0,5.7,93.1%,96.3%,Not applicable
Edwin I. Hatch 2,2007-07-01,654785,0.9,0,0.0,NA,0,0,NA,-1.85E-08,1.51E-06,-2.08E-07,1.04E-07,-6.30E-08,0,5.8,94.3%,98.6%,Not applicable
Edwin I. Hatch 2,2007-08-01,589388,0.9,0,0.0,NA,0,0,NA,-1.85E-08,1.51E-06,-2.08E-07,1.04E-07,-6.30E-08,0,5.8,94.3%,98.6%,Not applicable
Edwin I. Hatch 2,2007-09-01,629829,0.9,0,0.0,NA,0,0,NA,-1.85E-08,1.51E-06,-2.08E-07,1.04E-07,-6.30E-08,0,5.8,94.3%,98.6%,Not applicable
Edwin I. Hatch 2,2007-10-01,655782,0.9,0.9,0.0,NA,0,0,NA,-1.32E-07,1.51E-06,-2.08E-07,1.13E-07,-6.00E-08,0,5.8,94.5%,99.3%,Not applicable
Edwin I. Hatch 2,2007-11-01,619470,0.9,0.9,0.0,NA,0,0,NA,-1.32E-07,1.51E-06,-2.08E-07,1.13E-07,-6.00E-08,0,5.7,94.5%,99.3%,Not applicable
Edwin I. Hatch 2,2007-12-01,660449,0.9,0.9,0.0,NA,0,0,NA,-1.32E-07,1.51E-06,-2.08E-07,1.13E-07,-6.00E-08,0,5.7,94.5%,99.3%,Not applicable
Edwin I. Hatch 2,2008-01-01,668404,1.6,0.8,1.0,NA,0,0,NA,-2.53E-07,2.32E-06,-2.51E-07,1.13E-07,-4.80E-08,0,5.7,94.5%,100.0%,Not applicable
Edwin I. Hatch 2,2008-02-01,625016,1.6,0.8,1.0,NA,0,0,NA,-2.53E-07,2.32E-06,-2.51E-07,1.13E-07,-4.80E-08,0,5.8,94.5%,100.0%,Not applicable
Edwin I. Hatch 2,2008-03-01,574386,1.6,0.8,1.0,NA,0,0,NA,-2.53E-07,2.32E-06,-2.51E-07,1.13E-07,-4.80E-08,0,5.8,94.5%,100.0%,Not applicable
Edwin I. Hatch 2,2008-04-01,641351,1.6,0.8,1.0,NA,0,0,NA,-2.75E-07,2.14E-06,-2.51E-07,1.13E-07,-4.30E-08,0,5.7,94.4%,100.0%,Not applicable
Edwin I. Hatch 2,2008-05-01,452200,1.6,0.8,1.0,NA,0,0,NA,-2.75E-07,2.14E-06,-2.51E-07,1.13E-07,-4.30E-08,0,5.8,94.4%,100.0%,Not applicable
Edwin I. Hatch 2,2008-06-01,629534,1.6,0.8,1.0,NA,0,0,NA,-2.75E-07,2.14E-06,-2.51E-07,1.13E-07,-4.30E-08,0,5.7,94.4%,100.0%,Not applicable
Edwin I. Hatch 2,2008-07-01,654679,0.8,0.8,1.0,NA,0,0,NA,7.22E-07,2.04E-06,-2.56E-07,1.28E-07,-4.30E-08,0,5.7,98.0%,99.3%,Not applicable
Edwin I. Hatch 2,2008-08-01,652779,0.8,0.8,1.0,NA,0,0,NA,7.22E-07,2.04E-06,-2.56E-07,1.28E-07,-4.30E-08,0,5.7,98.0%,99.3%,Not applicable
Edwin I. Hatch 2,2008-09-01,625879,0.8,0.8,1.0,NA,0,0,NA,7.22E-07,2.04E-06,-2.56E-07,1.28E-07,-4.30E-08,0,5.7,98.0%,99.3%,Not applicable
Edwin I. Hatch 2,2008-10-01,653785,0.8,0.8,1.0,NA,0,0,NA,7.27E-07,2.14E-06,-2.47E-07,1.28E-07,1.20E-08,0,5.7,97.8%,100.0%,Not applicable
Edwin I. Hatch 2,2008-11-01,644347,0.8,0.8,1.0,NA,0,0,NA,7.27E-07,2.14E-06,-2.47E-07,1.28E-07,1.20E-08,0,5.6,97.8%,100.0%,Not applicable
Edwin I. Hatch 2,2008-12-01,657440,0.8,0.8,1.0,NA,0,0,NA,7.27E-07,2.14E-06,-2.47E-07,1.28E-07,1.20E-08,0,5.6,97.8%,100.0%,Not applicable
Edwin I. Hatch 2,2009-01-01,660050,0,0.9,0.0,NA,0,0,NA,7.47E-07,7.91E-07,-1.23E-07,2.52E-07,3.20E-08,0,5.5,97.8%,100.0%,Not applicable
Edwin I. Hatch 2,2009-02-01,152506,0,0.9,0.0,NA,0,0,NA,7.47E-07,7.91E-07,-1.23E-07,2.52E-07,3.20E-08,0,5.6,97.8%,100.0%,Not applicable
Edwin I. Hatch 2,2009-03-01,-5728,0,0.9,0.0,NA,0,0,NA,7.47E-07,7.91E-07,-1.23E-07,2.52E-07,3.20E-08,NA,NA,97.8%,100.0%,Not applicable
Edwin I. Hatch 2,2009-04-01,-6143,2.2,1.1,0.0,NA,0,0,NA,8.30E-07,7.75E-07,-1.15E-07,2.55E-07,3.20E-08,NA,NA,98.5%,100.0%,Not applicable
Edwin I. Hatch 2,2009-05-01,76410,2.2,1.1,0.0,NA,0,0,NA,8.30E-07,7.75E-07,-1.15E-07,2.55E-07,3.20E-08,0,6.0,98.5%,100.0%,Not applicable
Edwin I. Hatch 2,2009-06-01,524335,2.2,1.1,0.0,NA,0,0,NA,8.30E-07,7.75E-07,-1.15E-07,2.55E-07,3.20E-08,0,5.8,98.5%,100.0%,Not applicable
Edwin I. Hatch 2,2009-07-01,614030,2.2,2.2,0.0,NA,0,0,NA,8.36E-07,7.95E-07,-1.22E-07,2.41E-07,3.30E-08,0,5.8,98.5%,100.0%,Not applicable
Edwin I. Hatch 2,2009-08-01,650084,2.2,2.2,0.0,NA,0,0,NA,8.36E-07,7.95E-07,-1.22E-07,2.41E-07,3.30E-08,0,5.8,98.5%,100.0%,Not applicable
Edwin I. Hatch 2,2009-09-01,637613,2.2,2.2,0.0,NA,0,0,NA,8.36E-07,7.95E-07,-1.22E-07,2.41E-07,3.30E-08,0,5.7,98.5%,100.0%,Not applicable
Edwin I. Hatch 2,2009-10-01,664076,2.2,1.1,0.0,NA,0,0,NA,7.06E-07,7.75E-07,-1.21E-07,1.28E-07,9.60E-08,0,5.7,97.1%,100.0%,Not applicable
Edwin I. Hatch 2,2009-11-01,571114,2.2,1.1,0.0,NA,0,0,NA,7.06E-07,7.75E-07,-1.21E-07,1.28E-07,9.60E-08,0.2,5.4,97.1%,100.0%,Not applicable
Edwin I. Hatch 2,2009-12-01,668296,2.2,1.1,0.0,NA,0,0,NA,7.06E-07,7.75E-07,-1.21E-07,1.28E-07,9.60E-08,0,5.4,97.1%,100.0%,Not applicable
Fermi 2,2007-01-01,834917,1.9,1.9,NA,1,0,0,NA,4.90E-07,-2.90E-08,-5.90E-08,-4.70E-08,-2.60E-08,0.0,7.3,96.0%,100.0%,99.7%
Fermi 2,2007-02-01,758801,1.9,1.9,NA,1,0,0,NA,4.90E-07,-2.90E-08,-5.90E-08,-4.70E-08,-2.60E-08,0.0,7.6,96.0%,100.0%,99.7%
Fermi 2,2007-03-01,833841,1.9,1.9,NA,1,0,0,NA,4.90E-07,-2.90E-08,-5.90E-08,-4.70E-08,-2.60E-08,0.0,7.7,96.0%,100.0%,99.7%
Fermi 2,2007-04-01,803087,0.8,0.8,NA,1,0,0,NA,3.20E-07,-6.50E-08,-5.90E-08,-4.90E-08,-1.00E-09,0.0,7.8,96.0%,100.0%,100.0%
Fermi 2,2007-05-01,824781,0.8,0.8,NA,1,0,0,NA,3.20E-07,-6.50E-08,-5.90E-08,-4.90E-08,-1.00E-09,0.0,7.6,96.0%,100.0%,100.0%
Fermi 2,2007-06-01,787187,0.8,0.8,NA,1,0,0,NA,3.20E-07,-6.50E-08,-5.90E-08,-4.90E-08,-1.00E-09,0.0,7.8,96.0%,100.0%,100.0%
Fermi 2,2007-07-01,809717,0,0,0.0,1,0,0,NA,3.70E-08,-6.30E-08,1.10E-08,-1.42E-07,-8.70E-08,0.0,7.6,96.0%,98.0%,100.0%
Fermi 2,2007-08-01,808869,0,0,0.0,1,0,0,NA,3.70E-08,-6.30E-08,1.10E-08,-1.42E-07,-8.70E-08,0.0,7.6,96.0%,98.0%,100.0%
Fermi 2,2007-09-01,733362,0,0,0.0,1,0,0,NA,3.70E-08,-6.30E-08,1.10E-08,-1.42E-07,-8.70E-08,0.0,7.6,96.0%,98.0%,100.0%
Fermi 2,2007-10-01,-4585,0.9,0.9,0.0,0,0,0,NA,-4.70E-08,-6.20E-08,1.06E-07,-1.40E-07,-8.40E-08,NA,NA,96.4%,99.0%,100.0%
Fermi 2,2007-11-01,295391,0.9,0.9,0.0,0,0,0,NA,-4.70E-08,-6.20E-08,1.06E-07,-1.40E-07,-8.40E-08,NA,7.2,96.4%,99.0%,100.0%
Fermi 2,2007-12-01,828414,0.9,0.9,0.0,0,0,0,NA,-4.70E-08,-6.20E-08,1.06E-07,-1.40E-07,-8.40E-08,0.0,6.5,96.4%,99.0%,100.0%
Fermi 2,2008-01-01,824333,1.8,0.9,0.0,0,0,0,NA,1.00E-08,-6.20E-08,1.09E-07,-1.98E-07,-1.40E-08,0.0,6.4,96.8%,98.9%,99.7%
Fermi 2,2008-02-01,686950,1.8,0.9,0.0,0,0,0,NA,1.00E-08,-6.20E-08,1.09E-07,-1.98E-07,-1.40E-08,0.0,6.4,96.8%,98.9%,99.7%
Fermi 2,2008-03-01,832186,1.8,0.9,0.0,0,0,0,NA,1.00E-08,-6.20E-08,1.09E-07,-1.98E-07,-1.40E-08,0.0,6.4,96.8%,98.9%,99.7%
Fermi 2,2008-04-01,801333,1.8,0.9,0.0,2,0,0,NA,4.00E-08,-6.90E-08,9.90E-08,-2.02E-07,-1.70E-08,0,6.4,96.0%,95.7%,99.7%
Fermi 2,2008-05-01,823695,1.8,0.9,0.0,2,0,0,NA,4.00E-08,-6.90E-08,9.90E-08,-2.02E-07,-1.70E-08,0,6.4,96.0%,95.7%,99.7%
Fermi 2,2008-06-01,782492,1.8,0.9,0.0,2,0,0,NA,4.00E-08,-6.90E-08,9.90E-08,-2.02E-07,-1.70E-08,0,6.4,96.0%,95.7%,99.7%
Fermi 2,2008-07-01,808543,1.8,0.9,0.0,2,0,0,NA,1.08E-07,-6.90E-08,9.90E-08,-2.05E-07,-4.20E-08,0,6.4,95.9%,97.9%,99.7%
Fermi 2,2008-08-01,812034,1.8,0.9,0.0,2,0,0,NA,1.08E-07,-6.90E-08,9.90E-08,-2.05E-07,-4.20E-08,0,6.4,95.9%,97.9%,99.7%
Fermi 2,2008-09-01,783971,1.8,0.9,0.0,2,0,0,NA,1.08E-07,-6.90E-08,9.90E-08,-2.05E-07,-4.20E-08,0,6.4,95.9%,97.9%,99.7%
Fermi 2,2008-10-01,825617,0.8,0,0.0,2,0,0,NA,-4.00E-08,-6.20E-08,9.90E-08,-2.52E-07,-3.30E-08,0,6.4,96.3%,91.2%,99.6%
Fermi 2,2008-11-01,803232,0.8,0,0.0,2,0,0,NA,-4.00E-08,-6.20E-08,9.90E-08,-2.52E-07,-3.30E-08,NA,6.5,96.3%,91.2%,99.6%
Fermi 2,2008-12-01,829020,0.8,0,0.0,2,0,0,NA,-4.00E-08,-6.20E-08,9.90E-08,-2.52E-07,-3.30E-08,0,7.5,96.3%,91.2%,99.6%
Fermi 2,2009-01-01,831971,0.8,0,0.0,3,0,0,NA,5.20E-08,-5.90E-08,9.90E-08,-2.51E-07,-3.40E-08,0,7.0,96.6%,100.0%,99.7%
Fermi 2,2009-02-01,738853,0.8,0,0.0,3,0,0,NA,5.20E-08,-5.90E-08,9.90E-08,-2.51E-07,-3.40E-08,0,6.4,96.6%,100.0%,99.7%
Fermi 2,2009-03-01,683436,0.8,0,0.0,3,0,0,NA,5.20E-08,-5.90E-08,9.90E-08,-2.51E-07,-3.40E-08,0,6.4,96.6%,100.0%,99.7%
Fermi 2,2009-04-01,-6333,0.9,0.9,0.0,1,0,0,NA,4.10E-07,-5.60E-08,1.04E-07,-2.56E-07,-1.00E-08,NA,5.8,95.9%,100.0%,99.7%
Fermi 2,2009-05-01,790316,0.9,0.9,0.0,1,0,0,NA,4.10E-07,-5.60E-08,1.04E-07,-2.56E-07,-1.00E-08,0,6.5,95.9%,100.0%,99.7%
Fermi 2,2009-06-01,701690,0.9,0.9,0.0,1,0,0,NA,4.10E-07,-5.60E-08,1.04E-07,-2.56E-07,-1.00E-08,0,6.5,95.9%,100.0%,99.7%
Fermi 2,2009-07-01,808089,1.8,1.8,0.0,1,1,0,NA,4.90E-07,-5.40E-08,9.60E-08,-2.92E-07,-3.00E-09,0,6.5,95.9%,97.5%,99.7%
Fermi 2,2009-08-01,804660,1.8,1.8,0.0,1,1,0,NA,4.90E-07,-5.40E-08,9.60E-08,-2.92E-07,-3.00E-09,0,6.5,95.9%,97.5%,99.7%
Fermi 2,2009-09-01,753809,1.8,1.8,0.0,1,1,0,NA,4.90E-07,-5.40E-08,9.60E-08,-2.92E-07,-3.00E-09,0,6.5,95.9%,97.5%,99.7%
Fermi 2,2009-10-01,-12439,2.0,2.0,0.0,1,1,0,NA,4.49E-07,-5.30E-08,9.40E-08,-2.91E-07,-3.00E-09,NA,2.1,96.5%,96.6%,99.7%
Fermi 2,2009-11-01,482400,2.0,2.0,0.0,1,1,0,NA,4.49E-07,-5.30E-08,9.40E-08,-2.91E-07,-3.00E-09,NA,6.5,96.5%,96.6%,99.7%
Fermi 2,2009-12-01,829456,2.0,2.0,0.0,1,1,0,NA,4.49E-07,-5.30E-08,9.40E-08,-2.91E-07,-3.00E-09,0,6.5,96.5%,96.6%,99.7%
Ginna,2007-01-01,391257,1.7,0,1.0,5,0,0,4.08E-07,4.08E-07,-2.89E-08,0.00E+00,2.36E-07,4.76E-08,0.2,0.7,91.7%,56.9%,99.8%
Ginna,2007-02-01,387834,1.7,0,1.0,5,0,0,4.08E-07,4.08E-07,-2.89E-08,0.00E+00,2.36E-07,4.76E-08,0.2,0.4,91.7%,56.9%,99.8%
Ginna,2007-03-01,401525,1.7,0,1.0,5,0,0,4.08E-07,4.08E-07,-2.89E-08,0.00E+00,2.36E-07,4.76E-08,0.2,0.6,91.7%,56.9%,99.8%
Ginna,2007-04-01,418284,1.7,0,1.0,5,0,0,3.89E-07,3.89E-07,-2.89E-08,5.16E-08,2.14E-07,1.21E-07,0.2,0.9,92.3%,100.0%,99.7%
Ginna,2007-05-01,423302,1.7,0,1.0,5,0,0,3.89E-07,3.89E-07,-2.89E-08,5.16E-08,2.14E-07,1.21E-07,0.3,2.4,92.3%,100.0%,99.7%
Ginna,2007-06-01,409952,1.7,0,1.0,5,0,0,3.89E-07,3.89E-07,-2.89E-08,5.16E-08,2.14E-07,1.21E-07,0.2,1.2,92.3%,100.0%,99.7%
Ginna,2007-07-01,409867,1.7,1.7,1.0,3,0,0,5.10E-07,5.10E-07,-2.89E-08,5.16E-08,2.04E-07,9.09E-08,0.3,0.8,92.6%,98.0%,99.7%
Ginna,2007-08-01,419625,1.7,1.7,1.0,3,0,0,5.10E-07,5.10E-07,-2.89E-08,5.16E-08,2.04E-07,9.09E-08,0.3,0.5,92.6%,98.0%,99.7%
Ginna,2007-09-01,408689,1.7,1.7,1.0,3,0,0,5.10E-07,5.10E-07,-2.89E-08,5.16E-08,2.04E-07,9.09E-08,0.3,1.1,92.6%,98.0%,99.7%
Ginna,2007-10-01,411515,1.6,1.6,1.0,0,0,0,4.48E-07,4.48E-07,-3.30E-08,4.32E-08,2.04E-07,1.14E-07,0.3,0.6,92.8%,100.0%,99.7%
Ginna,2007-11-01,417479,1.6,1.6,1.0,0,0,0,4.48E-07,4.48E-07,-3.30E-08,4.32E-08,2.04E-07,1.14E-07,0.3,0.5,92.8%,100.0%,99.7%
Ginna,2007-12-01,431199,1.6,1.6,1.0,0,0,0,4.48E-07,4.48E-07,-3.30E-08,4.32E-08,2.04E-07,1.14E-07,0.4,0.5,92.8%,100.0%,99.7%
Ginna,2008-01-01,431274,0,1.6,0.0,0,0,0,4.15E-07,4.15E-07,2.50E-08,1.30E-08,2.13E-07,9.60E-08,0.4,0.6,92.6%,100.0%,99.6%
Ginna,2008-02-01,403434,0,1.6,0.0,0,0,0,4.15E-07,4.15E-07,2.50E-08,1.30E-08,2.13E-07,9.60E-08,0.4,0.8,92.6%,100.0%,99.6%
Ginna,2008-03-01,430630,0,1.6,0.0,0,0,0,4.15E-07,4.15E-07,2.50E-08,1.30E-08,2.13E-07,9.60E-08,0.3,1.9,92.6%,100.0%,99.6%
Ginna,2008-04-01,274251,0,2.5,0.0,0,0,0,-1.32E-06,-1.32E-06,2.70E-08,-4.36E-08,-9.37E-08,5.10E-08,0.3,0.7,92.5%,92.9%,99.7%
Ginna,2008-05-01,261037,0,2.5,0.0,0,0,0,-1.32E-06,-1.32E-06,2.70E-08,-4.36E-08,-9.37E-08,5.10E-08,0.1,0.9,92.5%,92.9%,99.7%
Ginna,2008-06-01,413782,0,2.5,0.0,0,0,0,-1.32E-06,-1.32E-06,2.70E-08,-4.36E-08,-9.37E-08,5.10E-08,0.2,0.8,92.5%,92.9%,99.7%
Ginna,2008-07-01,419771,0,0.8,0.0,0,0,0,-1.38E-06,-1.38E-06,2.70E-08,-4.20E-08,-9.77E-08,4.40E-08,0.2,1.1,93.2%,100.0%,99.6%
Ginna,2008-08-01,418979,0,0.8,0.0,0,0,0,-1.38E-06,-1.38E-06,2.70E-08,-4.20E-08,-9.77E-08,4.40E-08,0.1,1.6,93.2%,100.0%,99.6%
Ginna,2008-09-01,410902,0,0.8,0.0,0,0,0,-1.38E-06,-1.38E-06,2.70E-08,-4.20E-08,-9.77E-08,4.40E-08,0.2,0.6,93.2%,100.0%,99.6%
Ginna,2008-10-01,428998,0,0.8,0.0,0,0,0,-1.44E-06,-1.44E-06,2.70E-08,3.38E-07,-1.08E-07,5.70E-08,0.2,1.3,94.0%,98.3%,99.7%
Ginna,2008-11-01,417387,0,0.8,0.0,0,0,0,-1.44E-06,-1.44E-06,2.70E-08,3.38E-07,-1.08E-07,5.70E-08,0.2,0.8,94.0%,98.3%,99.7%
Ginna,2008-12-01,432381,0,0.8,0.0,0,0,0,-1.44E-06,-1.44E-06,2.70E-08,3.38E-07,-1.08E-07,5.70E-08,0.3,0.7,94.0%,98.3%,99.7%
Ginna,2009-01-01,432130,0,0.8,0.0,0,0,0,-1.28E-06,-1.28E-06,2.80E-08,2.48E-07,-7.20E-08,4.20E-08,0.3,0.8,96.1%,100.0%,99.7%
Ginna,2009-02-01,390108,0,0.8,0.0,0,0,0,-1.28E-06,-1.28E-06,2.80E-08,2.48E-07,-7.20E-08,4.20E-08,0.3,0.9,96.1%,100.0%,99.7%
Ginna,2009-03-01,431376,0,0.8,0.0,0,0,0,-1.28E-06,-1.28E-06,2.80E-08,2.48E-07,-7.20E-08,4.20E-08,0.3,0.8,96.1%,100.0%,99.7%
Ginna,2009-04-01,413772,0,0.8,0.0,0,0,0,-1.20E-06,-1.20E-06,2.80E-08,5.40E-07,-6.30E-08,2.50E-08,0.3,0.9,96.8%,98.2%,99.2%
Ginna,2009-05-01,336937,0,0.8,0.0,0,0,0,-1.20E-06,-1.20E-06,2.80E-08,5.40E-07,-6.30E-08,2.50E-08,0.3,0.4,96.8%,98.2%,99.2%
Ginna,2009-06-01,415529,0,0.8,0.0,0,0,0,-1.20E-06,-1.20E-06,2.80E-08,5.40E-07,-6.30E-08,2.50E-08,0.3,0.4,96.8%,98.2%,99.2%
Ginna,2009-07-01,422912,0,0.8,0.0,0,0,0,-4.52E-07,-4.52E-07,5.82E-08,1.23E-06,0.00E+00,6.10E-08,0.3,2.2,96.9%,100.0%,99.3%
Ginna,2009-08-01,417308,0,0.8,0.0,0,0,0,-4.52E-07,-4.52E-07,5.82E-08,1.23E-06,0.00E+00,6.10E-08,0.3,0.4,96.9%,100.0%,99.3%
Ginna,2009-09-01,174390,0,0.8,0.0,0,0,0,-4.52E-07,-4.52E-07,5.82E-08,1.23E-06,0.00E+00,6.10E-08,0.3,0.8,96.9%,100.0%,99.3%
Grand Gulf 1,2007-01-01,949348,0,0.8,0.0,NA,0,0,NA,5.89E-07,1.32E-08,-4.32E-07,-1.85E-08,-1.21E-07,2.2,7.7,95.6%,96.8%,98.8%
Grand Gulf 1,2007-02-01,853823,0,0.8,0.0,NA,0,0,NA,5.89E-07,1.32E-08,-4.32E-07,-1.85E-08,-1.21E-07,2.3,8.7,95.6%,96.8%,98.8%
Grand Gulf 1,2007-03-01,470576,0,0.8,0.0,NA,0,0,NA,5.89E-07,1.32E-08,-4.32E-07,-1.85E-08,-1.21E-07,2.3,10.5,95.6%,96.8%,98.8%
Grand Gulf 1,2007-04-01,478499,0.9,0.9,0.0,NA,0,0,NA,4.80E-07,1.59E-08,-3.00E-07,-1.76E-08,-1.21E-07,2.4,8.1,94.8%,97.9%,98.3%
Grand Gulf 1,2007-05-01,740277,0.9,0.9,0.0,NA,0,0,NA,4.80E-07,1.59E-08,-3.00E-07,-1.76E-08,-1.21E-07,1.4,8.0,94.8%,97.9%,98.3%
Grand Gulf 1,2007-06-01,908575,0.9,0.9,0.0,NA,0,0,NA,4.80E-07,1.59E-08,-3.00E-07,-1.76E-08,-1.21E-07,1.3,8.3,94.8%,97.9%,98.3%
Grand Gulf 1,2007-07-01,945593,1.8,1.8,0.0,NA,0,0,NA,6.38E-07,-2.00E-09,-2.95E-07,-1.86E-08,-1.21E-07,2.7,9.2,95.2%,100.0%,97.5%
Grand Gulf 1,2007-08-01,770366,1.8,1.8,0.0,NA,0,0,NA,6.38E-07,-2.00E-09,-2.95E-07,-1.86E-08,-1.21E-07,1.1,8.7,95.2%,100.0%,97.5%
Grand Gulf 1,2007-09-01,434552,1.8,1.8,0.0,NA,0,0,NA,6.38E-07,-2.00E-09,-2.95E-07,-1.86E-08,-1.21E-07,1.1,7.6,95.2%,100.0%,97.5%
Grand Gulf 1,2007-10-01,946499,1.8,2.7,0.0,NA,0,0,NA,6.10E-07,-1.60E-08,-3.00E-07,-1.83E-08,-1.21E-07,1.3,8.9,97.4%,100.0%,98.1%
Grand Gulf 1,2007-11-01,916109,1.8,2.7,0.0,NA,0,0,NA,6.10E-07,-1.60E-08,-3.00E-07,-1.83E-08,-1.21E-07,1.3,8.7,97.4%,100.0%,98.1%
Grand Gulf 1,2007-12-01,944567,1.8,2.7,0.0,NA,0,0,NA,6.10E-07,-1.60E-08,-3.00E-07,-1.83E-08,-1.21E-07,1.7,7.7,97.4%,100.0%,98.1%
Grand Gulf 1,2008-01-01,792280,3.5,4.4,0.0,NA,0,0,NA,5.74E-07,6.90E-07,-3.41E-07,-1.61E-08,-1.21E-07,1.2,8.1,97.0%,90.2%,97.9%
Grand Gulf 1,2008-02-01,708874,3.5,4.4,0.0,NA,0,0,NA,5.74E-07,6.90E-07,-3.41E-07,-1.61E-08,-1.21E-07,1.3,7.9,97.0%,90.2%,97.9%
Grand Gulf 1,2008-03-01,811788,3.5,4.4,0.0,NA,0,0,NA,5.74E-07,6.90E-07,-3.41E-07,-1.61E-08,-1.21E-07,1.1,8.6,97.0%,90.2%,97.9%
Grand Gulf 1,2008-04-01,904539,2.5,5.9,0.0,NA,0,0,NA,5.74E-07,6.80E-07,-3.81E-07,-1.24E-08,-1.21E-07,1.1,8.3,96.9%,100.0%,98.4%
Grand Gulf 1,2008-05-01,944431,2.5,5.9,0.0,NA,0,0,NA,5.74E-07,6.80E-07,-3.81E-07,-1.24E-08,-1.21E-07,1.2,9.1,96.9%,100.0%,98.4%
Grand Gulf 1,2008-06-01,904995,2.5,5.9,0.0,NA,0,0,NA,5.74E-07,6.80E-07,-3.81E-07,-1.24E-08,-1.21E-07,1.2,7.2,96.9%,100.0%,98.4%
Grand Gulf 1,2008-07-01,938324,1.7,5.0,0.0,NA,0,0,NA,3.71E-07,2.46E-07,-2.12E-07,-2.47E-08,-9.37E-08,2.2,9.4,96.8%,100.0%,99.1%
Grand Gulf 1,2008-08-01,927518,1.7,5.0,0.0,NA,0,0,NA,3.71E-07,2.46E-07,-2.12E-07,-2.47E-08,-9.37E-08,1.3,7.7,96.8%,100.0%,99.1%
Grand Gulf 1,2008-09-01,617447,1.7,5.0,0.0,NA,0,0,NA,3.71E-07,2.46E-07,-2.12E-07,-2.47E-08,-9.37E-08,1.5,7.2,96.8%,100.0%,99.1%
Grand Gulf 1,2008-10-01,13971,3.6,4.5,0.0,NA,0,0,NA,3.15E-07,4.10E-08,-2.03E-07,-2.44E-08,-9.37E-08,NA,8.0,96.6%,100.0%,98.3%
Grand Gulf 1,2008-11-01,880470,3.6,4.5,0.0,NA,0,0,NA,3.15E-07,4.10E-08,-2.03E-07,-2.44E-08,-9.37E-08,0.6,8.3,96.6%,100.0%,98.3%
Grand Gulf 1,2008-12-01,952153,3.6,4.5,0.0,NA,0,0,NA,3.15E-07,4.10E-08,-2.03E-07,-2.44E-08,-9.37E-08,0.6,7.7,96.6%,100.0%,98.3%
Grand Gulf 1,2009-01-01,947301,1.7,2.6,0.0,NA,0,0,NA,3.39E-07,3.90E-08,-2.29E-07,-2.93E-08,-8.54E-08,0.6,7.4,96.9%,96.8%,98.1%
Grand Gulf 1,2009-02-01,859709,1.7,2.6,0.0,NA,0,0,NA,3.39E-07,3.90E-08,-2.29E-07,-2.93E-08,-8.54E-08,0.7,7.3,96.9%,96.8%,98.1%
Grand Gulf 1,2009-03-01,937261,1.7,2.6,0.0,NA,0,0,NA,3.39E-07,3.90E-08,-2.29E-07,-2.93E-08,-8.54E-08,0.6,7.3,96.9%,96.8%,98.1%
Grand Gulf 1,2009-04-01,903564,1.7,0.9,0.0,NA,0,0,NA,2.41E-07,2.00E-08,-2.23E-07,-2.84E-08,-8.56E-08,0.7,7.3,97.2%,100.0%,97.7%
Grand Gulf 1,2009-05-01,935134,1.7,0.9,0.0,NA,0,0,NA,2.41E-07,2.00E-08,-2.23E-07,-2.84E-08,-8.56E-08,2.3,7.3,97.2%,100.0%,97.7%
Grand Gulf 1,2009-06-01,897343,1.7,0.9,0.0,NA,0,0,NA,2.41E-07,2.00E-08,-2.23E-07,-2.84E-08,-8.56E-08,1.0,7.4,97.2%,100.0%,97.7%
Grand Gulf 1,2009-07-01,925096,1.7,0.9,0.0,NA,0,0,NA,2.19E-07,2.10E-08,-2.29E-07,-2.46E-08,-8.10E-08,0.8,7.3,96.4%,95.4%,97.9%
Grand Gulf 1,2009-08-01,925987,1.7,0.9,0.0,NA,0,0,NA,2.19E-07,2.10E-08,-2.29E-07,-2.46E-08,-8.10E-08,0.7,8.4,96.4%,95.4%,97.9%
Grand Gulf 1,2009-09-01,891679,1.7,0.9,0.0,NA,0,0,NA,2.19E-07,2.10E-08,-2.29E-07,-2.46E-08,-8.10E-08,0.9,7.4,96.4%,95.4%,97.9%
Grand Gulf 1,2009-10-01,935897,0,0,0.0,NA,0,0,NA,1.29E-07,2.00E-09,-2.29E-07,-2.46E-08,-8.10E-08,0.9,7.3,95.7%,100.0%,97.3%
Grand Gulf 1,2009-11-01,912378,0,0,0.0,NA,0,0,NA,1.29E-07,2.00E-09,-2.29E-07,-2.46E-08,-8.10E-08,0.7,7.3,95.7%,100.0%,97.3%
Grand Gulf 1,2009-12-01,927166,0,0,0.0,NA,0,0,NA,1.29E-07,2.00E-09,-2.29E-07,-2.46E-08,-8.10E-08,0.8,7.3,95.7%,100.0%,97.3%
H.B. Robinson 2,2007-01-01,560132,0.8,0,NA,0,0,0,NA,-8.00E-08,-4.11E-08,1.01E-06,4.13E-07,2.31E-07,0,1.3,96.5%,98.2%,98.8%
H.B. Robinson 2,2007-02-01,508107,0.8,0,NA,0,0,0,NA,-8.00E-08,-4.11E-08,1.01E-06,4.13E-07,2.31E-07,0,1.3,96.5%,98.2%,98.8%
H.B. Robinson 2,2007-03-01,549343,0.8,0,NA,0,0,0,NA,-8.00E-08,-4.11E-08,1.01E-06,4.13E-07,2.31E-07,0,1.3,96.5%,98.2%,98.8%
H.B. Robinson 2,2007-04-01,92159,1.8,0.9,0.0,0,0,0,NA,-9.00E-08,-3.92E-08,4.80E-07,1.54E-07,2.21E-07,0,1.8,94.3%,94.8%,98.8%
H.B. Robinson 2,2007-05-01,257258,1.8,0.9,0.0,0,0,0,NA,-9.00E-08,-3.92E-08,4.80E-07,1.54E-07,2.21E-07,0,0.8,94.3%,94.8%,98.8%
H.B. Robinson 2,2007-06-01,525429,1.8,0.9,0.0,0,0,0,NA,-9.00E-08,-3.92E-08,4.80E-07,1.54E-07,2.21E-07,0.1,1.0,94.3%,94.8%,98.8%
H.B. Robinson 2,2007-07-01,525101,1.8,0,0.0,0,0,0,NA,-1.27E-07,-3.88E-08,1.01E-06,1.54E-07,3.00E-07,0.1,0.9,94.3%,96.6%,99.0%
H.B. Robinson 2,2007-08-01,535744,1.8,0,0.0,0,0,0,NA,-1.27E-07,-3.88E-08,1.01E-06,1.54E-07,3.00E-07,0.1,1.9,94.3%,96.6%,99.0%
H.B. Robinson 2,2007-09-01,525693,1.8,0,0.0,0,0,0,NA,-1.27E-07,-3.88E-08,1.01E-06,1.54E-07,3.00E-07,0.1,1.3,94.3%,96.6%,99.0%
H.B. Robinson 2,2007-10-01,550437,0.9,0,0.0,0,0,0,NA,-1.24E-07,-4.00E-08,1.02E-06,1.61E-07,3.20E-07,0,0.8,93.2%,98.2%,99.6%
H.B. Robinson 2,2007-11-01,544248,0.9,0,0.0,0,0,0,NA,-1.24E-07,-4.00E-08,1.02E-06,1.61E-07,3.20E-07,0,0.9,93.2%,98.2%,99.6%
H.B. Robinson 2,2007-12-01,564272,0.9,0,0.0,0,0,0,NA,-1.24E-07,-4.00E-08,1.02E-06,1.61E-07,3.20E-07,0,0.9,93.2%,98.2%,99.6%
H.B. Robinson 2,2008-01-01,564514,0.9,0,0.0,0,0,0,NA,-2.09E-07,-3.96E-08,9.30E-07,1.99E-07,3.20E-07,0.7,0.3,93.4%,96.3%,99.6%
H.B. Robinson 2,2008-02-01,528053,0.9,0,0.0,0,0,0,NA,-2.09E-07,-3.96E-08,9.30E-07,1.99E-07,3.20E-07,0.2,0.2,93.4%,96.3%,99.6%
H.B. Robinson 2,2008-03-01,552687,0.9,0,0.0,0,0,0,NA,-2.09E-07,-3.96E-08,9.30E-07,1.99E-07,3.20E-07,0.6,0.3,93.4%,96.3%,99.6%
H.B. Robinson 2,2008-04-01,541202,0,0,0.0,0,0,0,NA,-1.57E-07,-3.86E-08,8.59E-07,1.60E-07,3.50E-07,1.5,0.2,94.4%,100.0%,99.8%
H.B. Robinson 2,2008-05-01,554155,0,0,0.0,0,0,0,NA,-1.57E-07,-3.86E-08,8.59E-07,1.60E-07,3.50E-07,2.1,0.3,94.4%,100.0%,99.8%
H.B. Robinson 2,2008-06-01,524773,0,0,0.0,0,0,0,NA,-1.57E-07,-3.86E-08,8.59E-07,1.60E-07,3.50E-07,1.9,0.3,94.4%,100.0%,99.8%
H.B. Robinson 2,2008-07-01,538858,0,0,0.0,0,0,0,NA,-1.68E-07,-3.83E-08,4.59E-07,1.61E-07,3.40E-07,4.0,0.9,95.1%,98.5%,99.9%
H.B. Robinson 2,2008-08-01,536268,0,0,0.0,0,0,0,NA,-1.68E-07,-3.83E-08,4.59E-07,1.61E-07,3.40E-07,8.2,1.9,95.1%,98.5%,99.9%
H.B. Robinson 2,2008-09-01,423082,0,0,0.0,0,0,0,NA,-1.68E-07,-3.83E-08,4.59E-07,1.61E-07,3.40E-07,28.7,1.3,95.1%,98.5%,99.9%
H.B. Robinson 2,2008-10-01,-1964,0.9,0,0.0,0,0,0,NA,-2.00E-07,-3.80E-08,4.54E-07,-4.20E-08,2.02E-07,NA,NA,95.9%,100.0%,99.9%
H.B. Robinson 2,2008-11-01,141211,0.9,0,0.0,0,0,0,NA,-2.00E-07,-3.80E-08,4.54E-07,-4.20E-08,2.02E-07,0.3,0.2,95.9%,100.0%,99.9%
H.B. Robinson 2,2008-12-01,524457,0.9,0,0.0,0,0,0,NA,-2.00E-07,-3.80E-08,4.54E-07,-4.20E-08,2.02E-07,0.3,0.1,95.9%,100.0%,99.9%
H.B. Robinson 2,2009-01-01,568589,0.9,0,0.0,0,0,0,NA,-1.60E-07,-3.72E-08,4.54E-07,-4.30E-08,2.02E-07,0.3,0,96.2%,100.0%,100.0%
H.B. Robinson 2,2009-02-01,513513,0.9,0,0.0,0,0,0,NA,-1.60E-07,-3.72E-08,4.54E-07,-4.30E-08,2.02E-07,0.4,0,96.2%,100.0%,100.0%
H.B. Robinson 2,2009-03-01,566438,0.9,0,0.0,0,0,0,NA,-1.60E-07,-3.72E-08,4.54E-07,-4.30E-08,2.02E-07,0.4,0,96.2%,100.0%,100.0%
H.B. Robinson 2,2009-04-01,504260,0.9,0,0.0,0,0,0,NA,2.44E-07,-3.82E-08,4.54E-07,-4.80E-08,1.82E-07,0.5,0.1,97.7%,100.0%,99.9%
H.B. Robinson 2,2009-05-01,555017,0.9,0,0.0,0,0,0,NA,2.44E-07,-3.82E-08,4.54E-07,-4.80E-08,1.82E-07,0.5,0.2,97.7%,100.0%,99.9%
H.B. Robinson 2,2009-06-01,526657,0.9,0,0.0,0,0,0,NA,2.44E-07,-3.82E-08,4.54E-07,-4.80E-08,1.82E-07,0.5,0,97.7%,100.0%,99.9%
H.B. Robinson 2,2009-07-01,543523,0.9,0,0.0,0,0,0,NA,2.14E-07,-3.94E-08,4.54E-07,-4.00E-08,1.82E-07,0.5,0,98.1%,100.0%,99.9%
H.B. Robinson 2,2009-08-01,542487,0.9,0,0.0,0,0,0,NA,2.14E-07,-3.94E-08,4.54E-07,-4.00E-08,1.82E-07,0.6,0,98.1%,100.0%,99.9%
H.B. Robinson 2,2009-09-01,530671,0.9,0,0.0,0,0,0,NA,2.14E-07,-3.94E-08,4.54E-07,-4.00E-08,1.82E-07,0.6,0.2,98.1%,100.0%,99.9%
H.B. Robinson 2,2009-10-01,552952,NA,NA,NA,NA,NA,NA,NA,NA,NA,NA,NA,NA,0.5,0.1,NA,NA,NA
H.B. Robinson 2,2009-11-01,503638,NA,NA,NA,NA,NA,NA,NA,NA,NA,NA,NA,NA,0.4,0,NA,NA,NA
H.B. Robinson 2,2009-12-01,565446,NA,NA,NA,NA,NA,NA,NA,NA,NA,NA,NA,NA,0.7,0,NA,NA,NA
Hope Creek 1,2007-01-01,671526,0.9,1.7,NA,NA,0,0,NA,NA,NA,NA,NA,NA,0,8.7,97.3%,96.4%,99.3%
Hope Creek 1,2007-02-01,721771,0.9,1.7,NA,NA,0,0,NA,NA,NA,NA,NA,NA,0,9.4,97.3%,96.4%,99.3%
Hope Creek 1,2007-03-01,813052,0.9,1.7,NA,NA,0,0,NA,NA,NA,NA,NA,NA,0,9.1,97.3%,96.4%,99.3%
Hope Creek 1,2007-04-01,783583,1.6,1.6,NA,NA,0,0,NA,-4.16E-06,-1.51E-06,3.93E-07,-1.12E-06,-4.00E-07,0,9.3,97.7%,97.4%,99.3%
Hope Creek 1,2007-05-01,730587,1.6,1.6,NA,NA,0,0,NA,-4.16E-06,-1.51E-06,3.93E-07,-1.12E-06,-4.00E-07,0,9.0,97.7%,97.4%,99.3%
Hope Creek 1,2007-06-01,737500,1.6,1.6,NA,NA,0,0,NA,-4.16E-06,-1.51E-06,3.93E-07,-1.12E-06,-4.00E-07,0.2,9.2,97.7%,97.4%,99.3%
Hope Creek 1,2007-07-01,778000,1.6,0.8,0.0,NA,0,0,NA,-4.25E-06,-1.00E-06,4.26E-07,-1.12E-06,-4.00E-08,0,9.1,97.4%,95.8%,99.9%
Hope Creek 1,2007-08-01,773888,1.6,0.8,0.0,NA,0,0,NA,-4.25E-06,-1.00E-06,4.26E-07,-1.12E-06,-4.00E-08,0,9.1,97.4%,95.8%,99.9%
Hope Creek 1,2007-09-01,729209,1.6,0.8,0.0,NA,0,0,NA,-4.25E-06,-1.00E-06,4.26E-07,-1.12E-06,-4.00E-08,0,9.4,97.4%,95.8%,99.9%
Hope Creek 1,2007-10-01,257055,1.8,0.9,0.0,NA,0,0,NA,-1.72E-06,-4.30E-07,1.60E-07,-4.54E-07,2.00E-07,0.1,9.4,97.6%,100.0%,99.9%
Hope Creek 1,2007-11-01,308886,1.8,0.9,0.0,NA,0,0,NA,-1.72E-06,-4.30E-07,1.60E-07,-4.54E-07,2.00E-07,0,7.5,97.6%,100.0%,99.9%
Hope Creek 1,2007-12-01,799486,1.8,0.9,0.0,NA,0,0,NA,-1.72E-06,-4.30E-07,1.60E-07,-4.54E-07,2.00E-07,0.1,8.0,97.6%,100.0%,99.9%
Hope Creek 1,2008-01-01,757807,0.9,1.7,0.0,NA,0,0,NA,-1.71E-06,-3.90E-07,1.80E-07,-4.34E-07,2.60E-07,0,8.0,97.0%,98.2%,99.9%
Hope Creek 1,2008-02-01,743262,0.9,1.7,0.0,NA,0,0,NA,-1.71E-06,-3.90E-07,1.80E-07,-4.34E-07,2.60E-07,0,7.6,97.0%,98.2%,99.9%
Hope Creek 1,2008-03-01,800446,0.9,1.7,0.0,NA,0,0,NA,-1.71E-06,-3.90E-07,1.80E-07,-4.34E-07,2.60E-07,0,7.2,97.0%,98.2%,99.9%
Hope Creek 1,2008-04-01,770955,0,2.6,0.0,NA,0,0,NA,-1.61E-06,-4.40E-07,1.79E-07,-4.30E-07,2.30E-07,0,7.3,97.3%,94.0%,99.9%
Hope Creek 1,2008-05-01,799700,0,2.6,0.0,NA,0,0,NA,-1.61E-06,-4.40E-07,1.79E-07,-4.30E-07,2.30E-07,0.1,7.6,97.3%,94.0%,99.9%
Hope Creek 1,2008-06-01,832578,0,2.6,0.0,NA,0,0,NA,-1.61E-06,-4.40E-07,1.79E-07,-4.30E-07,2.30E-07,0,7.5,97.3%,94.0%,99.9%
Hope Creek 1,2008-07-01,862659,0,1.7,0.0,NA,0,0,NA,-1.64E-06,-4.30E-07,1.89E-07,-4.30E-07,1.70E-07,0.2,8.4,96.1%,99.2%,100.0%
Hope Creek 1,2008-08-01,871601,0,1.7,0.0,NA,0,0,NA,-1.64E-06,-4.30E-07,1.89E-07,-4.30E-07,1.70E-07,0,9.2,96.1%,99.2%,100.0%
Hope Creek 1,2008-09-01,860030,0,1.7,0.0,NA,0,0,NA,-1.64E-06,-4.30E-07,1.89E-07,-4.30E-07,1.70E-07,0,7.8,96.1%,99.2%,100.0%
Hope Creek 1,2008-10-01,902398,0,1.6,0.0,NA,0,0,NA,-1.64E-06,-4.20E-07,1.79E-07,-4.29E-07,7.00E-08,0.3,7.6,96.2%,100.0%,100.0%
Hope Creek 1,2008-11-01,869708,0,1.6,0.0,NA,0,0,NA,-1.64E-06,-4.20E-07,1.79E-07,-4.29E-07,7.00E-08,0,7.8,96.2%,100.0%,100.0%
Hope Creek 1,2008-12-01,921243,0,1.6,0.0,NA,0,0,NA,-1.64E-06,-4.20E-07,1.79E-07,-4.29E-07,7.00E-08,0.1,7.6,96.2%,100.0%,100.0%
Hope Creek 1,2009-01-01,855022,0.8,0.8,0.0,NA,0,0,NA,-3.47E-07,-7.20E-08,7.06E-08,-8.90E-08,-1.07E-08,0.4,8.8,96.1%,100.0%,100.0%
Hope Creek 1,2009-02-01,825367,0.8,0.8,0.0,NA,0,0,NA,-3.47E-07,-7.20E-08,7.06E-08,-8.90E-08,-1.07E-08,0.4,7.6,96.1%,100.0%,100.0%
Hope Creek 1,2009-03-01,911077,0.8,0.8,0.0,NA,0,0,NA,-3.47E-07,-7.20E-08,7.06E-08,-8.90E-08,-1.07E-08,0,8.5,96.1%,100.0%,100.0%
Hope Creek 1,2009-04-01,263684,1.7,0,0.0,NA,0,0,NA,-1.19E-07,-7.20E-08,6.76E-08,-8.80E-08,-1.07E-08,0,8.3,95.9%,100.0%,100.0%
Hope Creek 1,2009-05-01,679837,1.7,0,0.0,NA,0,0,NA,-1.19E-07,-7.20E-08,6.76E-08,-8.80E-08,-1.07E-08,0.1,7.8,95.9%,100.0%,100.0%
Hope Creek 1,2009-06-01,862526,1.7,0,0.0,NA,0,0,NA,-1.19E-07,-7.20E-08,6.76E-08,-8.80E-08,-1.07E-08,0.1,8.4,95.9%,100.0%,100.0%
Hope Creek 1,2009-07-01,885863,1.7,0,0.0,NA,0,0,NA,-1.19E-07,-7.60E-08,6.94E-08,-8.90E-08,-1.05E-08,0,9.0,96.1%,99.2%,100.0%
Hope Creek 1,2009-08-01,878842,1.7,0,0.0,NA,0,0,NA,-1.19E-07,-7.60E-08,6.94E-08,-8.90E-08,-1.05E-08,0,8.1,96.1%,99.2%,100.0%
Hope Creek 1,2009-09-01,853536,1.7,0,0.0,NA,0,0,NA,-1.19E-07,-7.60E-08,6.94E-08,-8.90E-08,-1.05E-08,0.1,7.8,96.1%,99.2%,100.0%
Hope Creek 1,2009-10-01,891235,1.7,0.9,0.0,NA,0,0,NA,-7.70E-08,-8.00E-08,6.62E-08,-8.90E-08,-1.17E-08,0.4,7.8,96.4%,100.0%,100.0%
Hope Creek 1,2009-11-01,879025,1.7,0.9,0.0,NA,0,0,NA,-7.70E-08,-8.00E-08,6.62E-08,-8.90E-08,-1.17E-08,0,7.9,96.4%,100.0%,100.0%
Hope Creek 1,2009-12-01,914282,1.7,0.9,0.0,NA,0,0,NA,-7.70E-08,-8.00E-08,6.62E-08,-8.90E-08,-1.17E-08,0,7.6,96.4%,100.0%,100.0%
James Fitzpatrick,2007-01-01,639284,0,1.7,NA,1,0,0,NA,-3.49E-06,7.90E-09,-2.95E-08,-5.16E-08,5.05E-08,0.1,7.2,97.3%,95.4%,99.6%
James Fitzpatrick,2007-02-01,542849,0,1.7,NA,1,0,0,NA,-3.49E-06,7.90E-09,-2.95E-08,-5.16E-08,5.05E-08,0.1,7.2,97.3%,95.4%,99.6%
James Fitzpatrick,2007-03-01,637738,0,1.7,NA,1,0,0,NA,-3.49E-06,7.90E-09,-2.95E-08,-5.16E-08,5.05E-08,0.1,7.7,97.3%,95.4%,99.6%
James Fitzpatrick,2007-04-01,617189,0,0.9,NA,1,0,0,NA,-3.50E-06,9.10E-09,-2.85E-08,-5.16E-08,5.15E-08,0.1,9.0,95.9%,100.0%,99.6%
James Fitzpatrick,2007-05-01,584379,0,0.9,NA,1,0,0,NA,-3.50E-06,9.10E-09,-2.85E-08,-5.16E-08,5.15E-08,0.1,9.1,95.9%,100.0%,99.6%
James Fitzpatrick,2007-06-01,615692,0,0.9,NA,1,0,0,NA,-3.50E-06,9.10E-09,-2.85E-08,-5.16E-08,5.15E-08,0.1,7.5,95.9%,100.0%,99.6%
James Fitzpatrick,2007-07-01,630361,0.9,0.9,0.0,1,0,0,NA,-3.39E-06,1.01E-08,-2.76E-08,-5.16E-08,7.40E-08,0.1,7.3,95.8%,96.9%,99.8%
James Fitzpatrick,2007-08-01,561609,0.9,0.9,0.0,1,0,0,NA,-3.39E-06,1.01E-08,-2.76E-08,-5.16E-08,7.40E-08,0.1,7.7,95.8%,96.9%,99.8%
James Fitzpatrick,2007-09-01,542769,0.9,0.9,0.0,1,0,0,NA,-3.39E-06,1.01E-08,-2.76E-08,-5.16E-08,7.40E-08,0.1,6.0,95.8%,96.9%,99.8%
James Fitzpatrick,2007-10-01,477499,1.7,1.7,0.0,0,0,0,NA,-2.29E-06,1.01E-08,-2.67E-08,-4.46E-08,8.30E-08,0.1,6.0,95.8%,95.2%,99.7%
James Fitzpatrick,2007-11-01,430705,1.7,1.7,0.0,0,0,0,NA,-2.29E-06,1.01E-08,-2.67E-08,-4.46E-08,8.30E-08,0.1,9.4,95.8%,95.2%,99.7%
James Fitzpatrick,2007-12-01,638276,1.7,1.7,0.0,0,0,0,NA,-2.29E-06,1.01E-08,-2.67E-08,-4.46E-08,8.30E-08,0.1,7.1,95.8%,95.2%,99.7%
James Fitzpatrick,2008-01-01,611178,1.7,0.8,0.0,0,0,0,NA,-2.59E-06,1.21E-08,-2.81E-08,-4.27E-08,8.60E-08,0.1,7.2,95.0%,98.4%,99.7%
James Fitzpatrick,2008-02-01,596709,1.7,0.8,0.0,0,0,0,NA,-2.59E-06,1.21E-08,-2.81E-08,-4.27E-08,8.60E-08,0.1,7.2,95.0%,98.4%,99.7%
James Fitzpatrick,2008-03-01,635678,1.7,0.8,0.0,0,0,0,NA,-2.59E-06,1.21E-08,-2.81E-08,-4.27E-08,8.60E-08,0.1,7.5,95.0%,98.4%,99.7%
James Fitzpatrick,2008-04-01,523100,1.7,1.7,0.0,0,0,0,NA,-2.59E-06,1.11E-08,-2.43E-08,-8.87E-08,-7.00E-09,0.1,8.2,95.2%,100.0%,99.8%
James Fitzpatrick,2008-05-01,599707,1.7,1.7,0.0,0,0,0,NA,-2.59E-06,1.11E-08,-2.43E-08,-8.87E-08,-7.00E-09,0.1,7.0,95.2%,100.0%,99.8%
James Fitzpatrick,2008-06-01,604352,1.7,1.7,0.0,0,0,0,NA,-2.59E-06,1.11E-08,-2.43E-08,-8.87E-08,-7.00E-09,0.1,7.2,95.2%,100.0%,99.8%
James Fitzpatrick,2008-07-01,584963,0.9,1.7,0.0,0,0,0,NA,-2.99E-06,2.30E-08,-4.60E-08,-2.04E-07,-2.00E-09,0.1,6.9,95.3%,100.0%,99.7%
James Fitzpatrick,2008-08-01,606886,0.9,1.7,0.0,0,0,0,NA,-2.99E-06,2.30E-08,-4.60E-08,-2.04E-07,-2.00E-09,0.1,6.8,95.3%,100.0%,99.7%
James Fitzpatrick,2008-09-01,250801,0.9,1.7,0.0,0,0,0,NA,-2.99E-06,2.30E-08,-4.60E-08,-2.04E-07,-2.00E-09,0.1,6.8,95.3%,100.0%,99.7%
James Fitzpatrick,2008-10-01,422111,0,0.9,0.0,0,0,0,NA,-2.99E-06,2.10E-08,-4.70E-08,-2.14E-07,-8.00E-09,0,7.5,94.9%,100.0%,99.8%
James Fitzpatrick,2008-11-01,618103,0,0.9,0.0,0,0,0,NA,-2.99E-06,2.10E-08,-4.70E-08,-2.14E-07,-8.00E-09,0,7.3,94.9%,100.0%,99.8%
James Fitzpatrick,2008-12-01,637317,0,0.9,0.0,0,0,0,NA,-2.99E-06,2.10E-08,-4.70E-08,-2.14E-07,-8.00E-09,0,7.6,94.9%,100.0%,99.8%
James Fitzpatrick,2009-01-01,623093,0,1.7,0.0,1,0,0,NA,-2.99E-06,4.60E-08,-7.20E-08,-2.14E-07,-6.00E-09,0,7.3,95.0%,100.0%,99.5%
James Fitzpatrick,2009-02-01,571825,0,1.7,0.0,1,0,0,NA,-2.99E-06,4.60E-08,-7.20E-08,-2.14E-07,-6.00E-09,0,7.2,95.0%,100.0%,99.5%
James Fitzpatrick,2009-03-01,636975,0,1.7,0.0,1,0,0,NA,-2.99E-06,4.60E-08,-7.20E-08,-2.14E-07,-6.00E-09,0,7.2,95.0%,100.0%,99.5%
James Fitzpatrick,2009-04-01,591987,0,1.7,0.0,3,0,0,NA,-2.88E-06,1.76E-07,-7.20E-08,-2.20E-07,-5.00E-09,0,7.2,95.3%,100.0%,99.5%
James Fitzpatrick,2009-05-01,635258,0,1.7,0.0,3,0,0,NA,-2.88E-06,1.76E-07,-7.20E-08,-2.20E-07,-5.00E-09,0,7.2,95.3%,100.0%,99.5%
James Fitzpatrick,2009-06-01,612763,0,1.7,0.0,3,0,0,NA,-2.88E-06,1.76E-07,-7.20E-08,-2.20E-07,-5.00E-09,0,7.2,95.3%,100.0%,99.5%
James Fitzpatrick,2009-07-01,628418,0,1.6,0.0,3,0,0,NA,-2.88E-06,1.66E-07,-7.00E-08,-2.20E-07,-5.00E-09,0,7.2,94.8%,100.0%,99.4%
James Fitzpatrick,2009-08-01,621154,0,1.6,0.0,3,0,0,NA,-2.88E-06,1.66E-07,-7.00E-08,-2.20E-07,-5.00E-09,0,7.2,94.8%,100.0%,99.4%
James Fitzpatrick,2009-09-01,604523,0,1.6,0.0,3,0,0,NA,-2.88E-06,1.66E-07,-7.00E-08,-2.20E-07,-5.00E-09,0,7.2,94.8%,100.0%,99.4%
James Fitzpatrick,2009-10-01,634498,0,1.6,0.0,2,0,0,NA,-2.77E-06,1.00E-07,-6.70E-08,-2.29E-07,-8.00E-09,0,7.3,94.4%,100.0%,99.5%
James Fitzpatrick,2009-11-01,616268,0,1.6,0.0,2,0,0,NA,-2.77E-06,1.00E-07,-6.70E-08,-2.29E-07,-8.00E-09,0,7.3,94.4%,100.0%,99.5%
James Fitzpatrick,2009-12-01,621312,0,1.6,0.0,2,0,0,NA,-2.77E-06,1.00E-07,-6.70E-08,-2.29E-07,-8.00E-09,0,7.3,94.4%,100.0%,99.5%
Joseph M. Farley 1,2007-01-01,642173,0,0.9,NA,0,0,0,-9.50E-07,-9.50E-07,-9.90E-08,-1.90E-07,-5.00E-08,6.80E-07,0.3,0.1,95.1%,100.0%,99.5%
Joseph M. Farley 1,2007-02-01,581498,0,0.9,NA,0,0,0,-9.50E-07,-9.50E-07,-9.90E-08,-1.90E-07,-5.00E-08,6.80E-07,0.3,0.2,95.1%,100.0%,99.5%
Joseph M. Farley 1,2007-03-01,640724,0,0.9,NA,0,0,0,-9.50E-07,-9.50E-07,-9.90E-08,-1.90E-07,-5.00E-08,6.80E-07,0.3,0.1,95.1%,100.0%,99.5%
Joseph M. Farley 1,2007-04-01,607833,0,0.8,0.0,1,0,0,-6.00E-07,-6.00E-07,-9.90E-08,-2.00E-07,1.00E-08,6.80E-07,0.2,0.2,96.0%,99.0%,98.9%
Joseph M. Farley 1,2007-05-01,640224,0,0.8,0.0,1,0,0,-6.00E-07,-6.00E-07,-9.90E-08,-2.00E-07,1.00E-08,6.80E-07,0.2,0.9,96.0%,99.0%,98.9%
Joseph M. Farley 1,2007-06-01,618194,0,0.8,0.0,1,0,0,-6.00E-07,-6.00E-07,-9.90E-08,-2.00E-07,1.00E-08,6.80E-07,0.3,0.1,96.0%,99.0%,98.9%
Joseph M. Farley 1,2007-07-01,636332,0,1.6,0.0,1,0,0,-6.00E-07,-6.00E-07,-1.01E-07,-1.70E-07,-1.82E-07,3.54E-06,0.3,0.1,95.4%,96.1%,99.5%
Joseph M. Farley 1,2007-08-01,629418,0,1.6,0.0,1,0,0,-6.00E-07,-6.00E-07,-1.01E-07,-1.70E-07,-1.82E-07,3.54E-06,0.3,0.9,95.4%,96.1%,99.5%
Joseph M. Farley 1,2007-09-01,572004,0,1.6,0.0,1,0,0,-6.00E-07,-6.00E-07,-1.01E-07,-1.70E-07,-1.82E-07,3.54E-06,0.3,0.4,95.4%,96.1%,99.5%
Joseph M. Farley 1,2007-10-01,-4992,0,1.8,0.0,2,0,0,-6.40E-07,-6.40E-07,-1.01E-07,-2.20E-07,6.10E-07,3.54E-06,NA,0,95.7%,98.0%,98.9%
Joseph M. Farley 1,2007-11-01,319559,0,1.8,0.0,2,0,0,-6.40E-07,-6.40E-07,-1.01E-07,-2.20E-07,6.10E-07,3.54E-06,0.2,0.9,95.7%,98.0%,98.9%
Joseph M. Farley 1,2007-12-01,642814,0,1.8,0.0,2,0,0,-6.40E-07,-6.40E-07,-1.01E-07,-2.20E-07,6.10E-07,3.54E-06,0.2,0.1,95.7%,98.0%,98.9%
Joseph M. Farley 1,2008-01-01,642641,0,1.8,0.0,2,1.0,0,2.60E-06,2.60E-06,-1.01E-07,-3.00E-07,5.14E-07,3.36E-06,0.3,0.1,94.8%,100.0%,98.4%
Joseph M. Farley 1,2008-02-01,601157,0,1.8,0.0,2,1.0,0,2.60E-06,2.60E-06,-1.01E-07,-3.00E-07,5.14E-07,3.36E-06,0.3,0.1,94.8%,100.0%,98.4%
Joseph M. Farley 1,2008-03-01,642641,0,1.8,0.0,2,1.0,0,2.60E-06,2.60E-06,-1.01E-07,-3.00E-07,5.14E-07,3.36E-06,0.2,0.1,94.8%,100.0%,98.4%
Joseph M. Farley 1,2008-04-01,621428,0,0.9,0.0,3,1.0,0,2.53E-06,2.53E-06,-7.85E-08,-1.90E-07,5.43E-07,3.37E-06,0.2,0.1,94.7%,98.0%,97.8%
Joseph M. Farley 1,2008-05-01,638016,0,0.9,0.0,3,1.0,0,2.53E-06,2.53E-06,-7.85E-08,-1.90E-07,5.43E-07,3.37E-06,0.2,0.3,94.7%,98.0%,97.8%
Joseph M. Farley 1,2008-06-01,616414,0,0.9,0.0,3,1.0,0,2.53E-06,2.53E-06,-7.85E-08,-1.90E-07,5.43E-07,3.37E-06,0.3,42.1,94.7%,98.0%,97.8%
Joseph M. Farley 1,2008-07-01,444537,0,0.9,0.0,4,2.0,0,2.34E-06,2.34E-06,-6.00E-08,-3.40E-07,5.30E-07,9.70E-07,0.2,20.0,95.0%,99.0%,97.3%
Joseph M. Farley 1,2008-08-01,590665,0,0.9,0.0,4,2.0,0,2.34E-06,2.34E-06,-6.00E-08,-3.40E-07,5.30E-07,9.70E-07,0.2,0.2,95.0%,99.0%,97.3%
Joseph M. Farley 1,2008-09-01,616115,0,0.9,0.0,4,2.0,0,2.34E-06,2.34E-06,-6.00E-08,-3.40E-07,5.30E-07,9.70E-07,0.2,0.9,95.0%,99.0%,97.3%
Joseph M. Farley 1,2008-10-01,639192,0.8,0.8,0.0,3,2.0,0,2.31E-06,2.31E-06,-5.55E-08,-3.70E-07,5.10E-07,9.52E-07,0.3,0.2,96.2%,100.0%,96.7%
Joseph M. Farley 1,2008-11-01,582741,0.8,0.8,0.0,3,2.0,0,2.31E-06,2.31E-06,-5.55E-08,-3.70E-07,5.10E-07,9.52E-07,0.3,0.1,96.2%,100.0%,96.7%
Joseph M. Farley 1,2008-12-01,643442,0.8,0.8,0.0,3,2.0,0,2.31E-06,2.31E-06,-5.55E-08,-3.70E-07,5.10E-07,9.52E-07,0.3,0.2,96.2%,100.0%,96.7%
Joseph M. Farley 1,2009-01-01,643275,0.8,0.8,0.0,3,1.0,0,2.96E-06,2.96E-06,4.95E-08,-5.80E-07,3.91E-07,9.62E-07,0.1,1.0,94.1%,98.1%,96.1%
Joseph M. Farley 1,2009-02-01,581505,0.8,0.8,0.0,3,1.0,0,2.96E-06,2.96E-06,4.95E-08,-5.80E-07,3.91E-07,9.62E-07,0.3,0.3,94.1%,98.1%,96.1%
Joseph M. Farley 1,2009-03-01,634209,0.8,0.8,0.0,3,1.0,0,2.96E-06,2.96E-06,4.95E-08,-5.80E-07,3.91E-07,9.62E-07,0.3,0.8,94.1%,98.1%,96.1%
Joseph M. Farley 1,2009-04-01,18073,0.9,1.8,0.0,2,1.0,0,2.84E-06,2.84E-06,5.52E-08,-5.91E-07,3.78E-07,6.22E-07,0.1,0.1,94.4%,98.2%,96.1%
Joseph M. Farley 1,2009-05-01,454734,0.9,1.8,0.0,2,1.0,0,2.84E-06,2.84E-06,5.52E-08,-5.91E-07,3.78E-07,6.22E-07,0.1,12.4,94.4%,98.2%,96.1%
Joseph M. Farley 1,2009-06-01,603266,0.9,1.8,0.0,2,1.0,0,2.84E-06,2.84E-06,5.52E-08,-5.91E-07,3.78E-07,6.22E-07,0.2,0.2,94.4%,98.2%,96.1%
Joseph M. Farley 1,2009-07-01,633389,0.9,0.9,0.0,1,0.0,0,2.85E-06,2.85E-06,6.04E-08,-5.42E-07,4.21E-07,4.75E-07,0.2,0.2,94.5%,98.2%,96.7%
Joseph M. Farley 1,2009-08-01,632870,0.9,0.9,0.0,1,0.0,0,2.85E-06,2.85E-06,6.04E-08,-5.42E-07,4.21E-07,4.75E-07,0.2,0.2,94.5%,98.2%,96.7%
Joseph M. Farley 1,2009-09-01,613575,0.9,0.9,0.0,1,0.0,0,2.85E-06,2.85E-06,6.04E-08,-5.42E-07,4.21E-07,4.75E-07,0.2,0.4,94.5%,98.2%,96.7%
Joseph M. Farley 1,2009-10-01,635777,0,1.8,0.0,1,0.0,0,2.65E-06,2.65E-06,6.48E-08,-4.23E-07,9.66E-07,4.75E-07,0.2,0.1,94.4%,100.0%,96.6%
Joseph M. Farley 1,2009-11-01,618168,0,1.8,0.0,1,0.0,0,2.65E-06,2.65E-06,6.48E-08,-4.23E-07,9.66E-07,4.75E-07,0.2,0.2,94.4%,100.0%,96.6%
Joseph M. Farley 1,2009-12-01,642283,0,1.8,0.0,1,0.0,0,2.65E-06,2.65E-06,6.48E-08,-4.23E-07,9.66E-07,4.75E-07,0.2,0.4,94.4%,100.0%,96.6%
Joseph M. Farley 2,2007-01-01,651934,0,0,0.0,0,0,0,NA,-6.20E-07,5.20E-08,6.90E-07,1.03E-06,-2.07E-07,0,1.1,95.1%,100.0%,99.5%
Joseph M. Farley 2,2007-01-01,651934,NA,NA,NA,NA,NA,NA,NA,NA,NA,NA,NA,NA,NA,NA,NA,NA,NA
Joseph M. Farley 2,2007-02-01,587814,0,0,0.0,0,0,0,NA,-6.20E-07,5.20E-08,6.90E-07,1.03E-06,-2.07E-07,0,1.1,95.1%,100.0%,99.5%
Joseph M. Farley 2,2007-03-01,646099,0,0,0.0,0,0,0,NA,-6.20E-07,5.20E-08,6.90E-07,1.03E-06,-2.07E-07,0,1.9,95.1%,100.0%,99.5%
Joseph M. Farley 2,2007-04-01,146398,0,0,0.0,0,0,0,NA,-6.10E-07,5.30E-08,6.20E-07,1.05E-06,2.90E-07,0,1.2,96.0%,99.0%,98.9%
Joseph M. Farley 2,2007-05-01,151999,0,0,0.0,0,0,0,NA,-6.10E-07,5.30E-08,6.20E-07,1.05E-06,2.90E-07,0,1.2,96.0%,99.0%,98.9%
Joseph M. Farley 2,2007-06-01,625144,0,0,0.0,0,0,0,NA,-6.10E-07,5.30E-08,6.20E-07,1.05E-06,2.90E-07,0,1.9,96.0%,99.0%,98.9%
Joseph M. Farley 2,2007-07-01,644006,0,0.9,0.0,0,0,0,NA,-9.40E-07,5.30E-08,6.20E-07,1.17E-06,4.08E-07,0,1.0,95.4%,96.1%,99.5%
Joseph M. Farley 2,2007-08-01,634059,0,0.9,0.0,0,0,0,NA,-9.40E-07,5.30E-08,6.20E-07,1.17E-06,4.08E-07,0,1.2,95.4%,96.1%,99.5%
Joseph M. Farley 2,2007-09-01,623086,0,0.9,0.0,0,0,0,NA,-9.40E-07,5.30E-08,6.20E-07,1.17E-06,4.08E-07,0,1.1,95.4%,96.1%,99.5%
Joseph M. Farley 2,2007-10-01,582325,0.9,0.9,0.0,0,0,0,NA,-9.30E-07,5.30E-08,6.60E-07,1.17E-06,4.04E-07,0,1.0,95.7%,98.0%,98.9%
Joseph M. Farley 2,2007-11-01,629395,0.9,0.9,0.0,0,0,0,NA,-9.30E-07,5.30E-08,6.60E-07,1.17E-06,4.04E-07,0,1.1,95.7%,98.0%,98.9%
Joseph M. Farley 2,2007-12-01,649827,0.9,0.9,0.0,0,0,0,NA,-9.30E-07,5.30E-08,6.60E-07,1.17E-06,4.04E-07,0,1.9,95.7%,98.0%,98.9%
Joseph M. Farley 2,2008-01-01,648193,0.9,0.9,0.0,0,1,0,NA,-1.00E-06,5.40E-08,7.00E-07,1.14E-06,4.22E-07,0,1.1,94.8%,100.0%,98.4%
Joseph M. Farley 2,2008-02-01,608048,0.9,0.9,0.0,0,1,0,NA,-1.00E-06,5.40E-08,7.00E-07,1.14E-06,4.22E-07,0,1.9,94.8%,100.0%,98.4%
Joseph M. Farley 2,2008-03-01,648193,0.9,0.9,0.0,0,1,0,NA,-1.00E-06,5.40E-08,7.00E-07,1.14E-06,4.22E-07,0,1.1,94.8%,100.0%,98.4%
Joseph M. Farley 2,2008-04-01,600555,0.8,1.6,0.0,0,1,0,NA,-9.20E-07,5.60E-08,7.90E-07,1.04E-06,4.22E-07,0,1.1,94.7%,98.0%,97.8%
Joseph M. Farley 2,2008-05-01,645890,0.8,1.6,0.0,0,1,0,NA,-9.20E-07,5.60E-08,7.90E-07,1.04E-06,4.22E-07,0,1.1,94.7%,98.0%,97.8%
Joseph M. Farley 2,2008-06-01,621764,0.8,1.6,0.0,0,1,0,NA,-9.20E-07,5.60E-08,7.90E-07,1.04E-06,4.22E-07,0,1.1,94.7%,98.0%,97.8%
Joseph M. Farley 2,2008-07-01,640011,0.8,0.8,0.0,0,2,0,NA,-7.13E-07,1.90E-08,7.40E-07,1.02E-06,3.68E-07,0,1.0,95.0%,99.0%,97.3%
Joseph M. Farley 2,2008-08-01,640111,0.8,0.8,0.0,0,2,0,NA,-7.13E-07,1.90E-08,7.40E-07,1.02E-06,3.68E-07,0,1.8,95.0%,99.0%,97.3%
Joseph M. Farley 2,2008-09-01,621355,0.8,0.8,0.0,0,2,0,NA,-7.13E-07,1.90E-08,7.40E-07,1.02E-06,3.68E-07,0,1.0,95.0%,99.0%,97.3%
Joseph M. Farley 2,2008-10-01,346724,0,0.9,0.0,0,2,0,NA,-7.15E-07,3.50E-08,7.20E-07,9.89E-07,2.77E-07,0,1.1,96.2%,100.0%,96.7%
Joseph M. Farley 2,2008-11-01,120658,0,0.9,0.0,0,2,0,NA,-7.15E-07,3.50E-08,7.20E-07,9.89E-07,2.77E-07,0,0.1,96.2%,100.0%,96.7%
Joseph M. Farley 2,2008-12-01,652734,0,0.9,0.0,0,2,0,NA,-7.15E-07,3.50E-08,7.20E-07,9.89E-07,2.77E-07,0.1,0.8,96.2%,100.0%,96.7%
Joseph M. Farley 2,2009-01-01,654044,0,1.8,0.0,0,1,0,NA,-6.47E-07,1.24E-07,4.42E-07,1.00E-06,1.76E-07,0,0.2,94.1%,98.1%,96.1%
Joseph M. Farley 2,2009-02-01,590829,0,1.8,0.0,0,1,0,NA,-6.47E-07,1.24E-07,4.42E-07,1.00E-06,1.76E-07,0,0.1,94.1%,98.1%,96.1%
Joseph M. Farley 2,2009-03-01,446949,0,1.8,0.0,0,1,0,NA,-6.47E-07,1.24E-07,4.42E-07,1.00E-06,1.76E-07,0,0.2,94.1%,98.1%,96.1%
Joseph M. Farley 2,2009-04-01,590329,0,0.9,0.0,1,1,0,NA,-3.70E-07,1.25E-07,4.43E-07,4.08E-07,1.73E-07,0,0.2,94.4%,98.2%,96.1%
Joseph M. Farley 2,2009-05-01,642694,0,0.9,0.0,1,1,0,NA,-3.70E-07,1.25E-07,4.43E-07,4.08E-07,1.73E-07,0,0.3,94.4%,98.2%,96.1%
Joseph M. Farley 2,2009-06-01,607260,0,0.9,0.0,1,1,0,NA,-3.70E-07,1.25E-07,4.43E-07,4.08E-07,1.73E-07,0,0.4,94.4%,98.2%,96.1%
Joseph M. Farley 2,2009-07-01,640647,0,0.9,0.0,1,0,0,NA,-1.30E-07,1.21E-07,4.81E-07,4.19E-07,4.40E-07,0,0.8,94.5%,98.2%,96.7%
Joseph M. Farley 2,2009-08-01,640382,0,0.9,0.0,1,0,0,NA,-1.30E-07,1.21E-07,4.81E-07,4.19E-07,4.40E-07,0,0.7,94.5%,98.2%,96.7%
Joseph M. Farley 2,2009-09-01,617013,0,0.9,0.0,1,0,0,NA,-1.30E-07,1.21E-07,4.81E-07,4.19E-07,4.40E-07,0,0.2,94.5%,98.2%,96.7%
Joseph M. Farley 2,2009-10-01,643991,0,1.6,0.0,2,0,0,NA,8.00E-08,1.30E-07,5.40E-07,4.32E-07,4.60E-07,0,0.1,94.4%,100.0%,96.6%
Joseph M. Farley 2,2009-11-01,541156,0,1.6,0.0,2,0,0,NA,8.00E-08,1.30E-07,5.40E-07,4.32E-07,4.60E-07,0,1.5,94.4%,100.0%,96.6%
Joseph M. Farley 2,2009-12-01,647159,0,1.6,0.0,2,0,0,NA,8.00E-08,1.30E-07,5.40E-07,4.32E-07,4.60E-07,0,0.1,94.4%,100.0%,96.6%
LaSalle County 1,2007-01-01,849445,0,0,0.0,0,0,0,NA,-1.10E-07,1.51E-07,-2.57E-08,-2.90E-07,-2.29E-07,0.2,15.6,98.8%,100.0%,99.6%
LaSalle County 1,2007-02-01,766352,0,0,0.0,0,0,0,NA,-1.10E-07,1.51E-07,-2.57E-08,-2.90E-07,-2.29E-07,0.2,16.5,98.8%,100.0%,99.6%
LaSalle County 1,2007-03-01,852222,0,0,0.0,0,0,0,NA,-1.10E-07,1.51E-07,-2.57E-08,-2.90E-07,-2.29E-07,0.3,17.6,98.8%,100.0%,99.6%
LaSalle County 1,2007-04-01,823731,0,0,0.0,0,0,0,NA,-2.82E-08,8.60E-08,-1.13E-08,-6.80E-09,-2.30E-08,0.3,18.0,98.7%,100.0%,99.6%
LaSalle County 1,2007-05-01,835518,0,0,0.0,0,0,0,NA,-2.82E-08,8.60E-08,-1.13E-08,-6.80E-09,-2.30E-08,0.4,18.0,98.7%,100.0%,99.6%
LaSalle County 1,2007-06-01,770036,0,0,0.0,0,0,0,NA,-2.82E-08,8.60E-08,-1.13E-08,-6.80E-09,-2.30E-08,0.5,18.8,98.7%,100.0%,99.6%
LaSalle County 1,2007-07-01,829252,0,0,0.0,0,0,0,NA,8.25E-08,1.15E-07,-1.35E-08,-6.80E-09,-2.80E-08,0.5,20.4,98.4%,100.0%,99.5%
LaSalle County 1,2007-08-01,824775,0,0,0.0,0,0,0,NA,8.25E-08,1.15E-07,-1.35E-08,-6.80E-09,-2.80E-08,0.5,23.2,98.4%,100.0%,99.5%
LaSalle County 1,2007-09-01,803796,0,0,0.0,0,0,0,NA,8.25E-08,1.15E-07,-1.35E-08,-6.80E-09,-2.80E-08,0.5,13.6,98.4%,100.0%,99.5%
LaSalle County 1,2007-10-01,837486,0,0,0.0,0,0,0,NA,2.21E-07,1.18E-07,-2.57E-08,-3.10E-07,-2.82E-07,0.4,14.0,98.7%,100.0%,99.6%
LaSalle County 1,2007-11-01,754294,0,0,0.0,0,0,0,NA,2.21E-07,1.18E-07,-2.57E-08,-3.10E-07,-2.82E-07,0.4,14.4,98.7%,100.0%,99.6%
LaSalle County 1,2007-12-01,717720,0,0,0.0,0,0,0,NA,2.21E-07,1.18E-07,-2.57E-08,-3.10E-07,-2.82E-07,0.3,13.6,98.7%,100.0%,99.6%
LaSalle County 1,2008-01-01,623340,0,0,0.0,0,0,0,NA,2.21E-07,1.26E-07,-2.57E-08,-3.10E-07,-2.72E-07,0.3,13.2,98.3%,100.0%,99.6%
LaSalle County 1,2008-02-01,58609,0,0,0.0,0,0,0,NA,2.21E-07,1.26E-07,-2.57E-08,-3.10E-07,-2.72E-07,0.3,13.2,98.3%,100.0%,99.6%
LaSalle County 1,2008-03-01,803833,0,0,0.0,0,0,0,NA,2.21E-07,1.26E-07,-2.57E-08,-3.10E-07,-2.72E-07,0.1,17.6,98.3%,100.0%,99.6%
LaSalle County 1,2008-04-01,829546,0,0,0.0,0,0,0,NA,9.69E-08,9.30E-08,-1.23E-08,-1.40E-07,-5.30E-08,0.1,18.4,97.7%,100.0%,99.7%
LaSalle County 1,2008-05-01,851860,0,0,0.0,0,0,0,NA,9.69E-08,9.30E-08,-1.23E-08,-1.40E-07,-5.30E-08,0.1,18.8,97.7%,100.0%,99.7%
LaSalle County 1,2008-06-01,817084,0,0,0.0,0,0,0,NA,9.69E-08,9.30E-08,-1.23E-08,-1.40E-07,-5.30E-08,0.1,26.8,97.7%,100.0%,99.7%
LaSalle County 1,2008-07-01,835054,0,0,0.0,0,0,0,NA,9.69E-08,-2.47E-08,-1.30E-08,-1.41E-07,-4.80E-08,0.1,11.6,97.7%,100.0%,99.7%
LaSalle County 1,2008-08-01,836059,0,0,0.0,0,0,0,NA,9.69E-08,-2.47E-08,-1.30E-08,-1.41E-07,-4.80E-08,0.1,12.4,97.7%,100.0%,99.7%
LaSalle County 1,2008-09-01,756485,0,0,0.0,0,0,0,NA,9.69E-08,-2.47E-08,-1.30E-08,-1.41E-07,-4.80E-08,0.1,10.8,97.7%,100.0%,99.7%
LaSalle County 1,2008-10-01,781824,0,0,0.0,0,0,0,NA,9.69E-08,-4.45E-09,-1.31E-08,-1.44E-07,-4.80E-08,0.1,14.8,98.1%,100.0%,99.6%
LaSalle County 1,2008-11-01,832845,0,0,0.0,0,0,0,NA,9.69E-08,-4.45E-09,-1.31E-08,-1.44E-07,-4.80E-08,0.1,12.4,98.1%,100.0%,99.6%
LaSalle County 1,2008-12-01,857363,0,0,0.0,0,0,0,NA,9.69E-08,-4.45E-09,-1.31E-08,-1.44E-07,-4.80E-08,0.1,11.6,98.1%,100.0%,99.6%
LaSalle County 1,2009-01-01,860168,0,0,0.0,0,0,0,NA,9.68E-08,-2.80E-09,-1.20E-08,-1.37E-07,-4.60E-08,0.1,11.6,98.1%,100.0%,99.6%
LaSalle County 1,2009-02-01,776657,0,0,0.0,0,0,0,NA,9.68E-08,-2.80E-09,-1.20E-08,-1.37E-07,-4.60E-08,0.1,12.0,98.1%,100.0%,99.6%
LaSalle County 1,2009-03-01,851531,0,0,0.0,0,0,0,NA,9.68E-08,-2.80E-09,-1.20E-08,-1.37E-07,-4.60E-08,0.1,11.6,98.1%,100.0%,99.6%
LaSalle County 1,2009-04-01,828785,0.8,0,0.0,0,0,0,NA,1.17E-07,-3.49E-09,-1.20E-08,-1.38E-07,-6.40E-08,0.1,12.0,98.1%,100.0%,99.6%
LaSalle County 1,2009-05-01,715344,0.8,0,0.0,0,0,0,NA,1.17E-07,-3.49E-09,-1.20E-08,-1.38E-07,-6.40E-08,0.1,12.8,98.1%,100.0%,99.6%
LaSalle County 1,2009-06-01,794313,0.8,0,0.0,0,0,0,NA,1.17E-07,-3.49E-09,-1.20E-08,-1.38E-07,-6.40E-08,0.8,18.0,98.1%,100.0%,99.6%
LaSalle County 1,2009-07-01,705254,0.8,0,0.0,0,0,0,NA,1.17E-07,-3.99E-09,-4.56E-09,-1.40E-07,-6.30E-08,0.2,25.6,98.7%,100.0%,99.7%
LaSalle County 1,2009-08-01,834889,0.8,0,0.0,0,0,0,NA,1.17E-07,-3.99E-09,-4.56E-09,-1.40E-07,-6.30E-08,0.1,11.2,98.7%,100.0%,99.7%
LaSalle County 1,2009-09-01,803418,0.8,0,0.0,0,0,0,NA,1.17E-07,-3.99E-09,-4.56E-09,-1.40E-07,-6.30E-08,0.2,11.6,98.7%,100.0%,99.7%
LaSalle County 1,2009-10-01,853394,0.8,0,0.0,0,0,0,NA,2.60E-08,-4.09E-09,-4.63E-09,-1.41E-07,-6.30E-08,0.2,11.6,98.0%,100.0%,99.9%
LaSalle County 1,2009-11-01,820363,0.8,0,0.0,0,0,0,NA,2.60E-08,-4.09E-09,-4.63E-09,-1.41E-07,-6.30E-08,0.3,12.0,98.0%,100.0%,99.9%
LaSalle County 1,2009-12-01,856596,0.8,0,0.0,0,0,0,NA,2.60E-08,-4.09E-09,-4.63E-09,-1.41E-07,-6.30E-08,0.3,11.6,98.0%,100.0%,99.9%
Limerick 1,2007-01-01,864781,0,0,NA,NA,0,0,NA,-3.22E-07,-9.60E-08,2.95E-07,-3.03E-08,5.50E-09,0,9.6,98.9%,100.0%,99.8%
Limerick 1,2007-02-01,786803,0,0,NA,NA,0,0,NA,-3.22E-07,-9.60E-08,2.95E-07,-3.03E-08,5.50E-09,0,10.4,98.9%,100.0%,99.8%
Limerick 1,2007-03-01,861010,0,0,NA,NA,0,0,NA,-3.22E-07,-9.60E-08,2.95E-07,-3.03E-08,5.50E-09,0,12.0,98.9%,100.0%,99.8%
Limerick 1,2007-04-01,831555,0,0,NA,NA,0,0,NA,-3.23E-07,-9.60E-08,-8.30E-08,-3.14E-08,5.00E-09,0,12.8,98.7%,100.0%,99.8%
Limerick 1,2007-05-01,837143,0,0,NA,NA,0,0,NA,-3.23E-07,-9.60E-08,-8.30E-08,-3.14E-08,5.00E-09,0,12.8,98.7%,100.0%,99.8%
Limerick 1,2007-06-01,814110,0,0,NA,NA,0,0,NA,-3.23E-07,-9.60E-08,-8.30E-08,-3.14E-08,5.00E-09,0,9.6,98.7%,100.0%,99.8%
Limerick 1,2007-07-01,837415,0,0.8,0.0,NA,0,0,NA,-2.83E-07,-9.60E-08,-8.30E-08,-3.16E-08,2.20E-08,0,9.6,98.4%,100.0%,99.8%
Limerick 1,2007-08-01,800678,0,0.8,0.0,NA,0,0,NA,-2.83E-07,-9.60E-08,-8.30E-08,-3.16E-08,2.20E-08,0,10.0,98.4%,100.0%,99.8%
Limerick 1,2007-09-01,813819,0,0.8,0.0,NA,0,0,NA,-2.83E-07,-9.60E-08,-8.30E-08,-3.16E-08,2.20E-08,0,10.0,98.4%,100.0%,99.8%
Limerick 1,2007-10-01,847539,0,0.8,0.0,NA,0,0,NA,-2.83E-07,-9.60E-08,-8.30E-08,-2.94E-08,2.30E-08,0,10.4,98.9%,100.0%,99.8%
Limerick 1,2007-11-01,836411,0,0.8,0.0,NA,0,0,NA,-2.83E-07,-9.60E-08,-8.30E-08,-2.94E-08,2.30E-08,0,14.0,98.9%,100.0%,99.8%
Limerick 1,2007-12-01,863101,0,0.8,0.0,NA,0,0,NA,-2.83E-07,-9.60E-08,-8.30E-08,-2.94E-08,2.30E-08,0,12.0,98.9%,100.0%,99.8%
Limerick 1,2008-01-01,841958,0.8,0.8,0.0,NA,0,0,NA,-2.89E-07,-9.60E-08,-8.30E-08,-2.88E-08,2.29E-08,0,16.0,99.0%,100.0%,99.8%
Limerick 1,2008-02-01,726754,0.8,0.8,0.0,NA,0,0,NA,-2.89E-07,-9.60E-08,-8.30E-08,-2.88E-08,2.29E-08,0,18.4,99.0%,100.0%,99.8%
Limerick 1,2008-03-01,201221,0.8,0.8,0.0,NA,0,0,NA,-2.89E-07,-9.60E-08,-8.30E-08,-2.88E-08,2.29E-08,0,6.4,99.0%,100.0%,99.8%
Limerick 1,2008-04-01,829554,0.8,0.8,0.0,NA,0,0,NA,-2.76E-07,-9.60E-08,-8.30E-08,-2.30E-08,2.39E-08,0,7.8,96.5%,100.0%,99.8%
Limerick 1,2008-05-01,883691,0.8,0.8,0.0,NA,0,0,NA,-2.76E-07,-9.60E-08,-8.30E-08,-2.30E-08,2.39E-08,0,6.8,96.5%,100.0%,99.8%
Limerick 1,2008-06-01,811086,0.8,0.8,0.0,NA,0,0,NA,-2.76E-07,-9.60E-08,-8.30E-08,-2.30E-08,2.39E-08,0,6.4,96.5%,100.0%,99.8%
Limerick 1,2008-07-01,834924,0.8,0.8,0.0,NA,0,0,NA,-2.42E-07,-9.60E-08,-8.30E-08,-1.30E-08,2.49E-08,0,6.8,97.3%,98.5%,99.8%
Limerick 1,2008-08-01,840925,0.8,0.8,0.0,NA,0,0,NA,-2.42E-07,-9.60E-08,-8.30E-08,-1.30E-08,2.49E-08,0,6.8,97.3%,98.5%,99.8%
Limerick 1,2008-09-01,813597,0.8,0.8,0.0,NA,0,0,NA,-2.42E-07,-9.60E-08,-8.30E-08,-1.30E-08,2.49E-08,0,6.8,97.3%,98.5%,99.8%
Limerick 1,2008-10-01,857535,0.8,0,0.0,NA,0,0,NA,-1.98E-07,1.79E-07,-8.30E-08,6.20E-08,2.60E-08,0,6.8,97.4%,100.0%,99.8%
Limerick 1,2008-11-01,837081,0.8,0,0.0,NA,0,0,NA,-1.98E-07,1.79E-07,-8.30E-08,6.20E-08,2.60E-08,0,6.4,97.4%,100.0%,99.8%
Limerick 1,2008-12-01,867168,0.8,0,0.0,NA,0,0,NA,-1.98E-07,1.79E-07,-8.30E-08,6.20E-08,2.60E-08,0,6.8,97.4%,100.0%,99.8%
Limerick 1,2009-01-01,869939,0,0,0.0,NA,0,0,NA,-1.84E-07,1.79E-07,-8.30E-08,7.80E-08,2.43E-08,0,6.8,97.4%,100.0%,99.7%
Limerick 1,2009-02-01,784062,0,0,0.0,NA,0,0,NA,-1.84E-07,1.79E-07,-8.30E-08,7.80E-08,2.43E-08,0,6.4,97.4%,100.0%,99.7%
Limerick 1,2009-03-01,860034,0,0,0.0,NA,0,0,NA,-1.84E-07,1.79E-07,-8.30E-08,7.80E-08,2.43E-08,0,6.4,97.4%,100.0%,99.7%
Limerick 1,2009-04-01,827350,0,0,0.0,NA,0,0,NA,-1.93E-07,1.78E-07,-8.00E-08,7.90E-08,3.52E-08,0,6.8,97.2%,100.0%,99.8%
Limerick 1,2009-05-01,844311,0,0,0.0,NA,0,0,NA,-1.93E-07,1.78E-07,-8.00E-08,7.90E-08,3.52E-08,0,6.4,97.2%,100.0%,99.8%
Limerick 1,2009-06-01,814769,0,0,0.0,NA,0,0,NA,-1.93E-07,1.78E-07,-8.00E-08,7.90E-08,3.52E-08,0,6.8,97.2%,100.0%,99.8%
Limerick 1,2009-07-01,838238,0,0,0.0,NA,0,0,NA,-1.84E-07,1.78E-07,-7.70E-08,7.50E-08,7.92E-08,0,6.8,97.1%,100.0%,99.8%
Limerick 1,2009-08-01,831110,0,0,0.0,NA,0,0,NA,-1.84E-07,1.78E-07,-7.70E-08,7.50E-08,7.92E-08,0,6.8,97.1%,100.0%,99.8%
Limerick 1,2009-09-01,797038,0,0,0.0,NA,0,0,NA,-1.84E-07,1.78E-07,-7.70E-08,7.50E-08,7.92E-08,0,6.4,97.1%,100.0%,99.8%
Limerick 1,2009-10-01,854827,0,0,0.0,NA,0,0,NA,-5.30E-08,1.48E-07,-2.15E-08,4.69E-08,2.25E-07,0,6.8,97.2%,100.0%,99.8%
Limerick 1,2009-11-01,831797,0,0,0.0,NA,0,0,NA,-5.30E-08,1.48E-07,-2.15E-08,4.69E-08,2.25E-07,0,6.8,97.2%,100.0%,99.8%
Limerick 1,2009-12-01,865968,0,0,0.0,NA,0,0,NA,-5.30E-08,1.48E-07,-2.15E-08,4.69E-08,2.25E-07,0,6.8,97.2%,100.0%,99.8%
Limerick 2,2007-01-01,865716,0,0,NA,2,0,0,NA,-2.95E-07,2.11E-07,-4.60E-08,5.81E-08,-3.00E-10,0,6.8,98.9%,100.0%,99.8%
Limerick 2,2007-02-01,770149,0,0,NA,2,0,0,NA,-2.95E-07,2.11E-07,-4.60E-08,5.81E-08,-3.00E-10,0,7.6,98.9%,100.0%,99.8%
Limerick 2,2007-03-01,235423,0,0,NA,2,0,0,NA,-2.95E-07,2.11E-07,-4.60E-08,5.81E-08,-3.00E-10,0,7.6,98.9%,100.0%,99.8%
Limerick 2,2007-04-01,484720,0.9,0.9,0.0,4,0,0,NA,-3.03E-07,7.48E-07,2.19E-07,8.00E-08,-4.00E-10,0,18.8,98.7%,100.0%,99.8%
Limerick 2,2007-05-01,846942,0.9,0.9,0.0,4,0,0,NA,-3.03E-07,7.48E-07,2.19E-07,8.00E-08,-4.00E-10,0,5.6,98.7%,100.0%,99.8%
Limerick 2,2007-06-01,813904,0.9,0.9,0.0,4,0,0,NA,-3.03E-07,7.48E-07,2.19E-07,8.00E-08,-4.00E-10,0,5.6,98.7%,100.0%,99.8%
Limerick 2,2007-07-01,838335,0.9,1.7,0.0,4,0,0,NA,-2.57E-07,7.57E-07,2.20E-07,7.80E-08,-3.00E-10,0,5.6,98.4%,100.0%,99.8%
Limerick 2,2007-08-01,833712,0.9,1.7,0.0,4,0,0,NA,-2.57E-07,7.57E-07,2.20E-07,7.80E-08,-3.00E-10,0,5.8,98.4%,100.0%,99.8%
Limerick 2,2007-09-01,812155,0.9,1.7,0.0,4,0,0,NA,-2.57E-07,7.57E-07,2.20E-07,7.80E-08,-3.00E-10,0.1,6.2,98.4%,100.0%,99.8%
Limerick 2,2007-10-01,849731,0.9,1.7,0.0,2,0,0,NA,-2.57E-07,7.57E-07,2.19E-07,7.40E-08,-1.00E-10,0,6.0,98.9%,100.0%,99.8%
Limerick 2,2007-11-01,838390,0.9,1.7,0.0,2,0,0,NA,-2.57E-07,7.57E-07,2.19E-07,7.40E-08,-1.00E-10,0,6.0,98.9%,100.0%,99.8%
Limerick 2,2007-12-01,869992,0.9,1.7,0.0,2,0,0,NA,-2.57E-07,7.57E-07,2.19E-07,7.40E-08,-1.00E-10,0,6.4,98.9%,100.0%,99.8%
Limerick 2,2008-01-01,868024,1.7,2.5,0.0,2,0,0,NA,-2.39E-07,7.54E-07,2.17E-07,-7.00E-09,8.98E-08,0,6.4,99.0%,100.0%,99.8%
Limerick 2,2008-02-01,462199,1.7,2.5,0.0,2,0,0,NA,-2.39E-07,7.54E-07,2.17E-07,-7.00E-09,8.98E-08,0,20.0,99.0%,100.0%,99.8%
Limerick 2,2008-03-01,864062,1.7,2.5,0.0,2,0,0,NA,-2.39E-07,7.54E-07,2.17E-07,-7.00E-09,8.98E-08,0,6.0,99.0%,100.0%,99.8%
Limerick 2,2008-04-01,819990,0.8,1.6,0.0,0,0,0,NA,-2.38E-07,7.54E-07,2.26E-07,7.90E-08,1.17E-07,0,5.6,96.5%,100.0%,99.8%
Limerick 2,2008-05-01,861084,0.8,1.6,0.0,0,0,0,NA,-2.38E-07,7.54E-07,2.26E-07,7.90E-08,1.17E-07,0,5.6,96.5%,100.0%,99.8%
Limerick 2,2008-06-01,808647,0.8,1.6,0.0,0,0,0,NA,-2.38E-07,7.54E-07,2.26E-07,7.90E-08,1.17E-07,0,5.6,96.5%,100.0%,99.8%
Limerick 2,2008-07-01,833060,0.8,0.8,0.0,0,0,0,NA,-2.37E-07,7.55E-07,2.40E-07,8.40E-08,1.17E-07,0,5.6,97.3%,98.5%,99.8%
Limerick 2,2008-08-01,840862,0.8,0.8,0.0,0,0,0,NA,-2.37E-07,7.55E-07,2.40E-07,8.40E-08,1.17E-07,0,9.0,97.3%,98.5%,99.8%
Limerick 2,2008-09-01,795587,0.8,0.8,0.0,0,0,0,NA,-2.37E-07,7.55E-07,2.40E-07,8.40E-08,1.17E-07,0,5.6,97.3%,98.5%,99.8%
Limerick 2,2008-10-01,845440,0.8,1.6,0.0,0,0,0,NA,-2.37E-07,7.55E-07,2.42E-07,8.60E-08,1.17E-07,0,7.5,97.4%,100.0%,99.8%
Limerick 2,2008-11-01,836249,0.8,1.6,0.0,0,0,0,NA,-2.37E-07,7.55E-07,2.42E-07,8.60E-08,1.17E-07,0,5.6,97.4%,100.0%,99.8%
Limerick 2,2008-12-01,866564,0.8,1.6,0.0,0,0,0,NA,-2.37E-07,7.55E-07,2.42E-07,8.60E-08,1.17E-07,0,6.4,97.4%,100.0%,99.8%
Limerick 2,2009-01-01,861778,0,2.5,0.0,0,0,0,NA,-2.23E-07,7.55E-07,2.43E-07,8.80E-08,8.69E-08,0,5.6,97.4%,100.0%,99.7%
Limerick 2,2009-02-01,747877,0,2.5,0.0,0,0,0,NA,-2.23E-07,7.55E-07,2.43E-07,8.80E-08,8.69E-08,0,5.6,97.4%,100.0%,99.7%
Limerick 2,2009-03-01,536456,0,2.5,0.0,0,0,0,NA,-2.23E-07,7.55E-07,2.43E-07,8.80E-08,8.69E-08,0,5.6,97.4%,100.0%,99.7%
Limerick 2,2009-04-01,454785,0,2.5,0.0,0,0,0,NA,-2.24E-07,7.56E-07,2.29E-07,8.20E-08,1.06E-07,0,5.6,97.2%,100.0%,99.8%
Limerick 2,2009-05-01,848201,0,2.5,0.0,0,0,0,NA,-2.24E-07,7.56E-07,2.29E-07,8.20E-08,1.06E-07,0,5.6,97.2%,100.0%,99.8%
Limerick 2,2009-06-01,816110,0,2.5,0.0,0,0,0,NA,-2.24E-07,7.56E-07,2.29E-07,8.20E-08,1.06E-07,0,5.2,97.2%,100.0%,99.8%
Limerick 2,2009-07-01,839813,0,3.4,0.0,0,0,0,NA,-2.16E-07,7.58E-07,1.90E-07,7.90E-08,9.59E-08,0,5.2,97.1%,100.0%,99.8%
Limerick 2,2009-08-01,835008,0,3.4,0.0,0,0,0,NA,-2.16E-07,7.58E-07,1.90E-07,7.90E-08,9.59E-08,0,5.6,97.1%,100.0%,99.8%
Limerick 2,2009-09-01,810298,0,3.4,0.0,0,0,0,NA,-2.16E-07,7.58E-07,1.90E-07,7.90E-08,9.59E-08,0.1,5.6,97.1%,100.0%,99.8%
Limerick 2,2009-10-01,856492,0,2.5,0.0,0,0,0,NA,-5.65E-08,3.88E-07,1.17E-07,4.27E-08,1.15E-07,0,5.6,97.2%,100.0%,99.8%
Limerick 2,2009-11-01,835092,0,2.5,0.0,0,0,0,NA,-5.65E-08,3.88E-07,1.17E-07,4.27E-08,1.15E-07,0,6.0,97.2%,100.0%,99.8%
Limerick 2,2009-12-01,869493,0,2.5,0.0,0,0,0,NA,-5.65E-08,3.88E-07,1.17E-07,4.27E-08,1.15E-07,0,5.6,97.2%,100.0%,99.8%
McGuire 1,2007-01-01,860514,0,0,0.0,0,2,0,NA,-7.94E-07,-9.00E-08,-3.00E-08,-3.47E-07,2.40E-07,0.2,0.6,94.9%,95.5%,99.2%
McGuire 1,2007-02-01,775797,0,0,0.0,0,2,0,NA,-7.94E-07,-9.00E-08,-3.00E-08,-3.47E-07,2.40E-07,0.2,0.4,94.9%,95.5%,99.2%
McGuire 1,2007-03-01,249488,0,0,0.0,0,2,0,NA,-7.94E-07,-9.00E-08,-3.00E-08,-3.47E-07,2.40E-07,0.1,0.4,94.9%,95.5%,99.2%
McGuire 1,2007-04-01,-4161,0,0,0.0,1,2,0,NA,-6.85E-07,-8.80E-08,-2.00E-08,-3.47E-07,2.40E-07,NA,0,95.0%,93.9%,99.5%
McGuire 1,2007-05-01,14180,0,0,0.0,1,2,0,NA,-6.85E-07,-8.80E-08,-2.00E-08,-3.47E-07,2.40E-07,0,0.6,95.0%,93.9%,99.5%
McGuire 1,2007-06-01,763272,0,0,0.0,1,2,0,NA,-6.85E-07,-8.80E-08,-2.00E-08,-3.47E-07,2.40E-07,0,0.8,95.0%,93.9%,99.5%
McGuire 1,2007-07-01,831194,0,0,0.0,1,0,0,NA,-6.77E-07,-8.06E-08,2.00E-08,-3.47E-07,-3.60E-07,0,0.6,95.7%,94.9%,99.7%
McGuire 1,2007-08-01,830319,0,0,0.0,1,0,0,NA,-6.77E-07,-8.06E-08,2.00E-08,-3.47E-07,-3.60E-07,0,0.6,95.7%,94.9%,99.7%
McGuire 1,2007-09-01,802800,0,0,0.0,1,0,0,NA,-6.77E-07,-8.06E-08,2.00E-08,-3.47E-07,-3.60E-07,0,0.8,95.7%,94.9%,99.7%
McGuire 1,2007-10-01,840504,0,0,0.0,2,0,0,NA,-6.60E-07,-8.60E-08,0.00E+00,-3.47E-07,4.00E-08,0,0.6,95.7%,96.0%,99.6%
McGuire 1,2007-11-01,828415,0,0,0.0,2,0,0,NA,-6.60E-07,-8.60E-08,0.00E+00,-3.47E-07,4.00E-08,0,0.6,95.7%,96.0%,99.6%
McGuire 1,2007-12-01,859595,0,0,0.0,2,0,0,NA,-6.60E-07,-8.60E-08,0.00E+00,-3.47E-07,4.00E-08,0,0.5,95.7%,96.0%,99.6%
McGuire 1,2008-01-01,857923,0,0,0.0,2,0,0,NA,-6.60E-07,-8.50E-08,3.00E-08,-3.36E-07,-4.80E-07,0,0.6,95.3%,94.7%,99.6%
McGuire 1,2008-02-01,805167,0.8,0,0.0,2,0,0,NA,-6.60E-07,-8.50E-08,3.00E-08,-3.36E-07,-4.80E-07,0,1.4,95.3%,94.7%,99.6%
McGuire 1,2008-03-01,856305,0,0,0.0,2,0,0,NA,-6.60E-07,-8.50E-08,3.00E-08,-3.36E-07,-4.80E-07,0,0.6,95.3%,94.7%,99.6%
McGuire 1,2008-04-01,826387,0.8,0,0.0,2,0,0,NA,-4.28E-07,-7.88E-08,-4.00E-08,-2.90E-07,-8.30E-07,0.1,0.6,94.8%,89.9%,99.5%
McGuire 1,2008-05-01,849045,0.8,0,0.0,2,0,0,NA,-4.28E-07,-7.88E-08,-4.00E-08,-2.90E-07,-8.30E-07,0.1,0.5,94.8%,89.9%,99.5%
McGuire 1,2008-06-01,700289,0.8,0,0.0,2,0,0,NA,-4.28E-07,-7.88E-08,-4.00E-08,-2.90E-07,-8.30E-07,0.1,1.2,94.8%,89.9%,99.5%
McGuire 1,2008-07-01,823347,0.8,0,0.0,2,0,0,NA,-4.30E-07,-7.88E-08,-6.00E-08,-2.90E-07,-8.58E-07,0.1,0.6,94.5%,92.0%,99.3%
McGuire 1,2008-08-01,827576,0.8,0,0.0,2,0,0,NA,-4.30E-07,-7.88E-08,-6.00E-08,-2.90E-07,-8.58E-07,0.1,0.6,94.5%,92.0%,99.3%
McGuire 1,2008-09-01,507017,0.8,0,0.0,2,0,0,NA,-4.30E-07,-7.88E-08,-6.00E-08,-2.90E-07,-8.58E-07,0.1,0.9,94.5%,92.0%,99.3%
McGuire 1,2008-10-01,-7673,1.9,0,0.0,1,0,0,NA,-4.37E-07,-7.74E-08,-6.00E-08,-2.90E-07,-8.30E-07,0,0.5,94.8%,96.6%,99.4%
McGuire 1,2008-11-01,449236,1.9,0,0.0,1,0,0,NA,-4.37E-07,-7.74E-08,-6.00E-08,-2.90E-07,-8.30E-07,0,0.8,94.8%,96.6%,99.4%
McGuire 1,2008-12-01,862111,1.9,0,0.0,1,0,0,NA,-4.37E-07,-7.74E-08,-6.00E-08,-2.90E-07,-8.30E-07,0,0.6,94.8%,96.6%,99.4%
McGuire 1,2009-01-01,862450,1.9,0,0.0,1,0,0,NA,-4.47E-07,-7.59E-08,-1.22E-07,-2.90E-07,-8.30E-07,0,0.6,95.5%,95.4%,98.4%
McGuire 1,2009-02-01,776066,1.9,0,0.0,1,0,0,NA,-4.47E-07,-7.59E-08,-1.22E-07,-2.90E-07,-8.30E-07,0.1,0.5,95.5%,95.4%,98.4%
McGuire 1,2009-03-01,859540,1.9,0,0.0,1,0,0,NA,-4.47E-07,-7.59E-08,-1.22E-07,-2.90E-07,-8.30E-07,0,0.5,95.5%,95.4%,98.4%
McGuire 1,2009-04-01,832272,0.9,0,0.0,1,0,0,NA,-4.51E-07,-7.44E-08,-1.12E-07,-2.90E-07,-8.92E-07,0,0.7,95.5%,96.5%,98.5%
McGuire 1,2009-05-01,852705,0.9,0,0.0,1,0,0,NA,-4.51E-07,-7.44E-08,-1.12E-07,-2.90E-07,-8.92E-07,0,0.6,95.5%,96.5%,98.5%
McGuire 1,2009-06-01,816675,0.9,0,0.0,1,0,0,NA,-4.51E-07,-7.44E-08,-1.12E-07,-2.90E-07,-8.92E-07,0,0.5,95.5%,96.5%,98.5%
McGuire 1,2009-07-01,834861,0.9,0,0.0,1,0,0,NA,-4.64E-07,-7.50E-08,-1.26E-07,-2.90E-07,-8.96E-07,0,0.4,94.8%,96.4%,98.7%
McGuire 1,2009-08-01,828801,0.9,0,0.0,1,0,0,NA,-4.64E-07,-7.50E-08,-1.26E-07,-2.90E-07,-8.96E-07,0,0.5,94.8%,96.4%,98.7%
McGuire 1,2009-09-01,806015,0.9,0,0.0,1,0,0,NA,-4.64E-07,-7.50E-08,-1.26E-07,-2.90E-07,-8.96E-07,0,0.6,94.8%,96.4%,98.7%
McGuire 1,2009-10-01,846623,0,0,0.0,1,0,0,NA,-4.61E-07,-7.22E-08,-1.34E-07,-2.90E-07,-8.95E-07,0.1,0.6,92.4%,97.6%,98.7%
McGuire 1,2009-11-01,826107,0,0,0.0,1,0,0,NA,-4.61E-07,-7.22E-08,-1.34E-07,-2.90E-07,-8.95E-07,0,0.6,92.4%,97.6%,98.7%
McGuire 1,2009-12-01,856963,0,0,0.0,1,0,0,NA,-4.61E-07,-7.22E-08,-1.34E-07,-2.90E-07,-8.95E-07,0.1,0.4,92.4%,97.6%,98.7%
McGuire 2,2007-01-01,864858,0,0.9,0.0,0,2,0,NA,7.97E-07,-7.58E-08,4.01E-07,-1.21E-06,-8.20E-07,0,0.6,94.9%,95.5%,99.2%
McGuire 2,2007-02-01,781056,0,0.9,0.0,0,2,0,NA,7.97E-07,-7.58E-08,4.01E-07,-1.21E-06,-8.20E-07,0,0.7,94.9%,95.5%,99.2%
McGuire 2,2007-03-01,805300,0,0.9,0.0,0,2,0,NA,7.97E-07,-7.58E-08,4.01E-07,-1.21E-06,-8.20E-07,0,0.6,94.9%,95.5%,99.2%
McGuire 2,2007-04-01,834583,0,0.9,0.0,0,2,0,NA,7.97E-07,-6.92E-08,4.14E-07,-1.21E-06,-8.60E-07,0,0.6,95.0%,93.9%,99.5%
McGuire 2,2007-05-01,854921,0,0.9,0.0,0,2,0,NA,7.97E-07,-6.92E-08,4.14E-07,-1.21E-06,-8.60E-07,0,0.5,95.0%,93.9%,99.5%
McGuire 2,2007-06-01,820482,0,0.9,0.0,0,2,0,NA,7.97E-07,-6.92E-08,4.14E-07,-1.21E-06,-8.60E-07,0,0.6,95.0%,93.9%,99.5%
McGuire 2,2007-07-01,836968,0,0.9,0.0,0,0,0,NA,7.97E-07,-6.88E-08,4.16E-07,-1.21E-06,-9.41E-07,0,0.5,95.7%,94.9%,99.7%
McGuire 2,2007-08-01,829919,0,0.9,0.0,0,0,0,NA,7.97E-07,-6.88E-08,4.16E-07,-1.21E-06,-9.41E-07,0.1,0.5,95.7%,94.9%,99.7%
McGuire 2,2007-09-01,806068,0,0.9,0.0,0,0,0,NA,7.97E-07,-6.88E-08,4.16E-07,-1.21E-06,-9.41E-07,0,0.6,95.7%,94.9%,99.7%
McGuire 2,2007-10-01,843179,0,0.8,0.0,1,0,0,NA,8.08E-07,-6.10E-08,4.24E-07,-1.21E-06,-9.80E-07,0.1,0.6,95.7%,96.0%,99.6%
McGuire 2,2007-11-01,829082,0,0.8,0.0,1,0,0,NA,8.08E-07,-6.10E-08,4.24E-07,-1.21E-06,-9.80E-07,0,0.6,95.7%,96.0%,99.6%
McGuire 2,2007-12-01,861159,0,0.8,0.0,1,0,0,NA,8.08E-07,-6.10E-08,4.24E-07,-1.21E-06,-9.80E-07,0,0.5,95.7%,96.0%,99.6%
McGuire 2,2008-01-01,862860,0,0,0.0,1,0,0,NA,8.75E-07,-6.00E-08,4.18E-07,-3.36E-07,-6.00E-07,0.1,0.5,95.3%,94.7%,99.6%
McGuire 2,2008-02-01,807867,0,0,0.0,1,0,0,NA,8.75E-07,-6.00E-08,4.18E-07,-3.36E-07,-6.00E-07,0.1,0.9,95.3%,94.7%,99.6%
McGuire 2,2008-03-01,27,0,0,0.0,1,0,0,NA,8.75E-07,-6.00E-08,4.18E-07,-3.36E-07,-6.00E-07,0,0,95.3%,94.7%,99.6%
McGuire 2,2008-04-01,325923,0,0,0.0,2,0,0,NA,4.06E-07,-7.39E-08,-1.39E-07,-2.90E-07,-9.42E-07,0.1,0.7,94.8%,89.9%,99.5%
McGuire 2,2008-05-01,858777,0,0,0.0,2,0,0,NA,4.06E-07,-7.39E-08,-1.39E-07,-2.90E-07,-9.42E-07,0.1,0.5,94.8%,89.9%,99.5%
McGuire 2,2008-06-01,820731,0,0,0.0,2,0,0,NA,4.06E-07,-7.39E-08,-1.39E-07,-2.90E-07,-9.42E-07,0,0.5,94.8%,89.9%,99.5%
McGuire 2,2008-07-01,838765,0,0,0.0,2,0,0,NA,-2.74E-07,-7.38E-08,-1.49E-07,-2.90E-07,-9.37E-07,0,0.5,94.5%,92.0%,99.3%
McGuire 2,2008-08-01,834978,0,0,0.0,2,0,0,NA,-2.74E-07,-7.38E-08,-1.49E-07,-2.90E-07,-9.37E-07,0,0.5,94.5%,92.0%,99.3%
McGuire 2,2008-09-01,814072,0,0,0.0,2,0,0,NA,-2.74E-07,-7.38E-08,-1.49E-07,-2.90E-07,-9.37E-07,0,0.7,94.5%,92.0%,99.3%
McGuire 2,2008-10-01,852934,0,0,0.0,1,0,0,NA,-2.73E-07,-7.41E-08,-1.56E-07,-2.90E-07,-9.37E-07,0,0.5,94.8%,96.6%,99.4%
McGuire 2,2008-11-01,832377,0,0,0.0,1,0,0,NA,-2.73E-07,-7.41E-08,-1.56E-07,-2.90E-07,-9.37E-07,0,0.5,94.8%,96.6%,99.4%
McGuire 2,2008-12-01,863958,0,0,0.0,1,0,0,NA,-2.73E-07,-7.41E-08,-1.56E-07,-2.90E-07,-9.37E-07,0,0.5,94.8%,96.6%,99.4%
McGuire 2,2009-01-01,864612,0,0,0.0,1,0,0,NA,-2.57E-07,-7.54E-08,-1.88E-07,-2.90E-07,-9.31E-07,0,0.5,95.5%,95.4%,98.4%
McGuire 2,2009-02-01,780625,0,0,0.0,1,0,0,NA,-2.57E-07,-7.54E-08,-1.88E-07,-2.90E-07,-9.31E-07,0,0.5,95.5%,95.4%,98.4%
McGuire 2,2009-03-01,862756,0,0,0.0,1,0,0,NA,-2.57E-07,-7.54E-08,-1.88E-07,-2.90E-07,-9.31E-07,0,0.7,95.5%,95.4%,98.4%
McGuire 2,2009-04-01,833523,0,0,0.0,1,0,0,NA,-2.59E-07,-7.35E-08,-1.85E-07,-2.90E-07,-8.00E-07,0,0.5,95.5%,96.5%,98.5%
McGuire 2,2009-05-01,856381,0,0,0.0,1,0,0,NA,-2.59E-07,-7.35E-08,-1.85E-07,-2.90E-07,-8.00E-07,0.1,0.5,95.5%,96.5%,98.5%
McGuire 2,2009-06-01,822348,0,0,0.0,1,0,0,NA,-2.59E-07,-7.35E-08,-1.85E-07,-2.90E-07,-8.00E-07,0.1,0.5,95.5%,96.5%,98.5%
McGuire 2,2009-07-01,840845,0,0,0.0,1,0,0,NA,-4.84E-07,-7.38E-08,-1.84E-07,-2.90E-07,-8.10E-07,0.1,0.5,94.8%,96.4%,98.7%
McGuire 2,2009-08-01,814635,0,0,0.0,1,0,0,NA,-4.84E-07,-7.38E-08,-1.84E-07,-2.90E-07,-8.10E-07,0,0.5,94.8%,96.4%,98.7%
McGuire 2,2009-09-01,96360,0,0,0.0,1,0,0,NA,-4.84E-07,-7.38E-08,-1.84E-07,-2.90E-07,-8.10E-07,0,0.4,94.8%,96.4%,98.7%
McGuire 2,2009-10-01,545014,0,0,0.0,1,0,0,NA,-4.84E-07,-7.30E-08,-1.87E-07,-3.20E-07,-8.20E-07,0.1,0.6,92.4%,97.6%,98.7%
McGuire 2,2009-11-01,834863,0,0,0.0,1,0,0,NA,-4.84E-07,-7.30E-08,-1.87E-07,-3.20E-07,-8.20E-07,0,0.6,92.4%,97.6%,98.7%
McGuire 2,2009-12-01,863703,0,0,0.0,1,0,0,NA,-4.84E-07,-7.30E-08,-1.87E-07,-3.20E-07,-8.20E-07,0.1,0.9,92.4%,97.6%,98.7%
Millstone 2,2007-01-01,655199,0,0,0.0,0,0,0,NA,-4.57E-07,-2.07E-07,2.57E-07,-2.60E-08,-2.76E-07,0.3,0.5,94.7%,89.7%,96.2%
Millstone 2,2007-02-01,592070,0,0,0.0,0,0,0,NA,-4.57E-07,-2.07E-07,2.57E-07,-2.60E-08,-2.76E-07,0.3,0.2,94.7%,89.7%,96.2%
Millstone 2,2007-03-01,654393,0,0,0.0,0,0,0,NA,-4.57E-07,-2.07E-07,2.57E-07,-2.60E-08,-2.76E-07,0.3,0.4,94.7%,89.7%,96.2%
Millstone 2,2007-04-01,633828,0,0,0.0,0,0,0,NA,-5.41E-07,-1.97E-07,2.60E-07,-2.40E-08,-2.82E-07,0.3,0.2,94.3%,95.9%,96.9%
Millstone 2,2007-05-01,651981,0,0,0.0,0,0,0,NA,-5.41E-07,-1.97E-07,2.60E-07,-2.40E-08,-2.82E-07,0.3,0.2,94.3%,95.9%,96.9%
Millstone 2,2007-06-01,631264,0,0,0.0,0,0,0,NA,-5.41E-07,-1.97E-07,2.60E-07,-2.40E-08,-2.82E-07,0.3,0.2,94.3%,95.9%,96.9%
Millstone 2,2007-07-01,651264,0,0,0.0,0,0,0,NA,-5.38E-07,-1.77E-07,2.72E-07,-2.10E-08,-2.90E-07,0.4,1.0,92.8%,97.3%,97.1%
Millstone 2,2007-08-01,650432,0,0,0.0,0,0,0,NA,-5.38E-07,-1.77E-07,2.72E-07,-2.10E-08,-2.90E-07,0.4,0.1,92.8%,97.3%,97.1%
Millstone 2,2007-09-01,631128,0,0,0.0,0,0,0,NA,-5.38E-07,-1.77E-07,2.72E-07,-2.10E-08,-2.90E-07,0.4,0.4,92.8%,97.3%,97.1%
Millstone 2,2007-10-01,652059,0,0.8,0.0,0,0,0,NA,-5.47E-07,-1.67E-07,2.52E-07,-1.90E-08,4.01E-07,0.3,0.3,92.4%,95.2%,96.9%
Millstone 2,2007-11-01,633419,0,0.8,0.0,0,0,0,NA,-5.47E-07,-1.67E-07,2.52E-07,-1.90E-08,4.01E-07,0.3,0.2,92.4%,95.2%,96.9%
Millstone 2,2007-12-01,649723,0,0.8,0.0,0,0,0,NA,-5.47E-07,-1.67E-07,2.52E-07,-1.90E-08,4.01E-07,0.4,0.1,92.4%,95.2%,96.9%
Millstone 2,2008-01-01,653697,0,0.8,0.0,0,0,0,NA,-4.87E-07,-1.46E-07,2.45E-07,-1.86E-08,4.01E-07,0.4,0.2,92.9%,95.9%,97.2%
Millstone 2,2008-02-01,610441,0,0.8,0.0,0,0,0,NA,-4.87E-07,-1.46E-07,2.45E-07,-1.86E-08,4.01E-07,0.4,0.2,92.9%,95.9%,97.2%
Millstone 2,2008-03-01,651695,0,0.8,0.0,0,0,0,NA,-4.87E-07,-1.46E-07,2.45E-07,-1.86E-08,4.01E-07,1.1,0.6,92.9%,95.9%,97.2%
Millstone 2,2008-04-01,101255,2.7,0.9,1.0,0,0,0,NA,-4.89E-07,-1.57E-07,3.28E-07,-1.95E-08,4.01E-07,0.7,0,92.4%,98.6%,96.5%
Millstone 2,2008-05-01,182207,2.7,0.9,1.0,0,0,0,NA,-4.89E-07,-1.57E-07,3.28E-07,-1.95E-08,4.01E-07,0.1,1.8,92.4%,98.6%,96.5%
Millstone 2,2008-06-01,578049,2.7,0.9,1.0,0,0,0,NA,-4.89E-07,-1.57E-07,3.28E-07,-1.95E-08,4.01E-07,0.2,1.5,92.4%,98.6%,96.5%
Millstone 2,2008-07-01,627809,2.8,0.9,1.0,0,0,0,NA,-3.90E-07,-1.67E-07,3.24E-07,-1.95E-08,4.01E-07,0.2,0.9,93.6%,100.0%,96.3%
Millstone 2,2008-08-01,648817,2.8,0.9,1.0,0,0,0,NA,-3.90E-07,-1.67E-07,3.24E-07,-1.95E-08,4.01E-07,0.2,1.2,93.6%,100.0%,96.3%
Millstone 2,2008-09-01,626666,2.8,0.9,1.0,0,0,0,NA,-3.90E-07,-1.67E-07,3.24E-07,-1.95E-08,4.01E-07,0.2,1.0,93.6%,100.0%,96.3%
Millstone 2,2008-10-01,646257,2.8,0,1.0,0,0,0,NA,5.80E-07,-1.57E-07,3.27E-07,-1.94E-08,3.90E-07,0.2,0.7,93.6%,100.0%,96.0%
Millstone 2,2008-11-01,629599,2.8,0,1.0,0,0,0,NA,5.80E-07,-1.57E-07,3.27E-07,-1.94E-08,3.90E-07,0.2,0.9,93.6%,100.0%,96.0%
Millstone 2,2008-12-01,646674,2.8,0,1.0,0,0,0,NA,5.80E-07,-1.57E-07,3.27E-07,-1.94E-08,3.90E-07,0.2,0.7,93.6%,100.0%,96.0%
Millstone 2,2009-01-01,648504,2.8,0,1.0,0,0,0,NA,6.50E-07,-1.57E-07,-2.75E-07,-1.84E-08,3.90E-07,0.2,0.7,93.5%,99.3%,96.0%
Millstone 2,2009-02-01,585712,2.8,0,1.0,0,0,0,NA,6.50E-07,-1.57E-07,-2.75E-07,-1.84E-08,3.90E-07,0.2,0.9,93.5%,99.3%,96.0%
Millstone 2,2009-03-01,647603,2.8,0,1.0,0,0,0,NA,6.50E-07,-1.57E-07,-2.75E-07,-1.84E-08,3.90E-07,0.2,0.8,93.5%,99.3%,96.0%
Millstone 2,2009-04-01,627318,0,0,0.0,0,0,0,NA,2.96E-07,-3.08E-07,-1.54E-07,-1.55E-08,2.00E-07,0.2,0.7,94.3%,97.9%,96.4%
Millstone 2,2009-05-01,647847,0,0,0.0,0,0,0,NA,2.96E-07,-3.08E-07,-1.54E-07,-1.55E-08,2.00E-07,0.2,1.2,94.3%,97.9%,96.4%
Millstone 2,2009-06-01,625676,0,0,0.0,0,0,0,NA,2.96E-07,-3.08E-07,-1.54E-07,-1.55E-08,2.00E-07,0.2,0.7,94.3%,97.9%,96.4%
Millstone 2,2009-07-01,175273,0.8,0,0.0,0,0,0,NA,3.04E-07,-3.09E-07,-1.62E-07,-1.67E-08,1.91E-07,0.3,0.9,94.7%,92.5%,97.1%
Millstone 2,2009-08-01,643450,0.8,0,0.0,0,0,0,NA,3.04E-07,-3.09E-07,-1.62E-07,-1.67E-08,1.91E-07,0.3,1.0,94.7%,92.5%,97.1%
Millstone 2,2009-09-01,623572,0.8,0,0.0,0,0,0,NA,3.04E-07,-3.09E-07,-1.62E-07,-1.67E-08,1.91E-07,0.3,0.9,94.7%,92.5%,97.1%
Millstone 2,2009-10-01,117892,1.0,1.0,0.0,1,0,0,NA,2.98E-07,-3.10E-07,-1.62E-07,-1.62E-08,1.91E-07,0.3,0.9,95.7%,100.0%,97.8%
Millstone 2,2009-11-01,243568,1.0,1.0,0.0,1,0,0,NA,2.98E-07,-3.10E-07,-1.62E-07,-1.62E-08,1.91E-07,0.1,6.5,95.7%,100.0%,97.8%
Millstone 2,2009-12-01,652748,1.0,1.0,0.0,1,0,0,NA,2.98E-07,-3.10E-07,-1.62E-07,-1.62E-08,1.91E-07,0.1,0.3,95.7%,100.0%,97.8%
Millstone 3,2007-01-01,758044,0,1.6,NA,1,0,0,NA,-5.99E-07,1.90E-08,6.78E-07,-2.09E-08,4.50E-08,0,2.2,94.7%,89.7%,96.2%
Millstone 3,2007-02-01,773166,0,1.6,NA,1,0,0,NA,-5.99E-07,1.90E-08,6.78E-07,-2.09E-08,4.50E-08,0,2.2,94.7%,89.7%,96.2%
Millstone 3,2007-03-01,855994,0,1.6,NA,1,0,0,NA,-5.99E-07,1.90E-08,6.78E-07,-2.09E-08,4.50E-08,0,2.2,94.7%,89.7%,96.2%
Millstone 3,2007-04-01,156302,0,1.8,NA,0,0,0,NA,-3.80E-07,1.09E-07,7.12E-07,-1.88E-08,9.60E-08,0,2.5,94.3%,95.9%,96.9%
Millstone 3,2007-05-01,307057,0,1.8,NA,0,0,0,NA,-3.80E-07,1.09E-07,7.12E-07,-1.88E-08,9.60E-08,0,2.5,94.3%,95.9%,96.9%
Millstone 3,2007-06-01,823284,0,1.8,NA,0,0,0,NA,-3.80E-07,1.09E-07,7.12E-07,-1.88E-08,9.60E-08,0,2.5,94.3%,95.9%,96.9%
Millstone 3,2007-07-01,847548,0,1.8,0.0,0,0,0,NA,-2.10E-07,8.56E-08,7.49E-07,-1.88E-08,1.06E-07,0,3.0,92.8%,97.3%,97.1%
Millstone 3,2007-08-01,842680,0,1.8,0.0,0,0,0,NA,-2.10E-07,8.56E-08,7.49E-07,-1.88E-08,1.06E-07,0,3.0,92.8%,97.3%,97.1%
Millstone 3,2007-09-01,815395,0,1.8,0.0,0,0,0,NA,-2.10E-07,8.56E-08,7.49E-07,-1.88E-08,1.06E-07,0,3.0,92.8%,97.3%,97.1%
Millstone 3,2007-10-01,845252,0,0.9,0.0,0,0,0,NA,-1.60E-07,9.70E-08,9.30E-07,-3.58E-08,4.60E-08,0,0.9,92.4%,95.2%,96.9%
Millstone 3,2007-11-01,822972,0,0.9,0.0,0,0,0,NA,-1.60E-07,9.70E-08,9.30E-07,-3.58E-08,4.60E-08,0,0.9,92.4%,95.2%,96.9%
Millstone 3,2007-12-01,851688,0,0.9,0.0,0,0,0,NA,-1.60E-07,9.70E-08,9.30E-07,-3.58E-08,4.60E-08,0,0.9,92.4%,95.2%,96.9%
Millstone 3,2008-01-01,853158,0,0,0.0,0,0,0,NA,-2.10E-07,1.40E-07,9.50E-07,-3.58E-08,0.00E+00,0,0,92.9%,95.9%,97.2%
Millstone 3,2008-02-01,797477,0,0,0.0,0,0,0,NA,-2.10E-07,1.40E-07,9.50E-07,-3.58E-08,0.00E+00,0,0,92.9%,95.9%,97.2%
Millstone 3,2008-03-01,851971,0,0,0.0,0,0,0,NA,-2.10E-07,1.40E-07,9.50E-07,-3.58E-08,0.00E+00,0,0,92.9%,95.9%,97.2%
Millstone 3,2008-04-01,822276,0,0,0.0,0,0,0,NA,-4.40E-07,1.37E-07,4.80E-07,-3.48E-08,1.10E-08,0,0,92.4%,98.6%,96.5%
Millstone 3,2008-05-01,849887,0,0,0.0,0,0,0,NA,-4.40E-07,1.37E-07,4.80E-07,-3.48E-08,1.10E-08,0,0,92.4%,98.6%,96.5%
Millstone 3,2008-06-01,816024,0,0,0.0,0,0,0,NA,-4.40E-07,1.37E-07,4.80E-07,-3.48E-08,1.10E-08,0,0,92.4%,98.6%,96.5%
Millstone 3,2008-07-01,835548,0,0,0.0,0,0,0,NA,-5.05E-07,1.59E-07,5.00E-07,-3.48E-08,1.00E-08,0,0,93.6%,100.0%,96.3%
Millstone 3,2008-08-01,835368,0,0,0.0,0,0,0,NA,-5.05E-07,1.59E-07,5.00E-07,-3.48E-08,1.00E-08,0,0,93.6%,100.0%,96.3%
Millstone 3,2008-09-01,813699,0,0,0.0,0,0,0,NA,-5.05E-07,1.59E-07,5.00E-07,-3.48E-08,1.00E-08,0,0,93.6%,100.0%,96.3%
Millstone 3,2008-10-01,294541,0.9,0,0.0,1,0,0,NA,-4.86E-07,1.69E-07,5.20E-07,-3.58E-08,1.40E-08,0,1.0,93.6%,100.0%,96.0%
Millstone 3,2008-11-01,141759,0.9,0,0.0,1,0,0,NA,-4.86E-07,1.69E-07,5.20E-07,-3.58E-08,1.40E-08,0,1.0,93.6%,100.0%,96.0%
Millstone 3,2008-12-01,918072,0.9,0,0.0,1,0,0,NA,-4.86E-07,1.69E-07,5.20E-07,-3.58E-08,1.40E-08,0,1.0,93.6%,100.0%,96.0%
Millstone 3,2009-01-01,919998,0.9,0,0.0,1,0,0,NA,-4.30E-07,-1.56E-07,-7.30E-08,-3.58E-08,-1.40E-08,0,1.0,93.5%,99.3%,96.0%
Millstone 3,2009-02-01,831064,0.9,0,0.0,1,0,0,NA,-4.30E-07,-1.56E-07,-7.30E-08,-3.58E-08,-1.40E-08,0,1.0,93.5%,99.3%,96.0%
Millstone 3,2009-03-01,912954,0.9,0,0.0,1,0,0,NA,-4.30E-07,-1.56E-07,-7.30E-08,-3.58E-08,-1.40E-08,0,1.0,93.5%,99.3%,96.0%
Millstone 3,2009-04-01,891192,0.9,0,0.0,1,0,0,NA,-4.40E-07,-1.59E-07,-1.10E-07,-3.58E-08,-1.25E-07,0,0.9,94.3%,97.9%,96.4%
Millstone 3,2009-05-01,918953,0.9,0,0.0,1,0,0,NA,-4.40E-07,-1.59E-07,-1.10E-07,-3.58E-08,-1.25E-07,0,0.9,94.3%,97.9%,96.4%
Millstone 3,2009-06-01,887281,0.9,0,0.0,1,0,0,NA,-4.40E-07,-1.59E-07,-1.10E-07,-3.58E-08,-1.25E-07,0,0.9,94.3%,97.9%,96.4%
Millstone 3,2009-07-01,911656,0.9,0,0.0,1,0,0,NA,-3.30E-08,1.05E-07,-8.67E-08,-6.10E-08,-7.80E-08,0,0.9,94.7%,93.2%,97.1%
Millstone 3,2009-08-01,903494,0.9,0,0.0,1,0,0,NA,-3.30E-08,1.05E-07,-8.67E-08,-6.10E-08,-7.80E-08,0,0.9,94.7%,93.2%,97.1%
Millstone 3,2009-09-01,878584,0.9,0,0.0,1,0,0,NA,-3.30E-08,1.05E-07,-8.67E-08,-6.10E-08,-7.80E-08,0.1,0.9,94.7%,93.2%,97.1%
Millstone 3,2009-10-01,916324,0.8,0,0.0,0,0,0,NA,1.20E-08,1.00E-07,-1.34E-07,-6.20E-08,-7.80E-08,0.1,0.9,95.7%,100.0%,97.8%
Millstone 3,2009-11-01,887294,0.8,0,0.0,0,0,0,NA,1.20E-08,1.00E-07,-1.34E-07,-6.20E-08,-7.80E-08,0.1,0.8,95.7%,100.0%,97.8%
Millstone 3,2009-12-01,559425,0.8,0,0.0,0,0,0,NA,1.20E-08,1.00E-07,-1.34E-07,-6.20E-08,-7.80E-08,0.1,0.9,95.7%,100.0%,97.8%
Monticello,2007-01-01,232813,0.9,0,1.0,NA,0,0,NA,2.64E-08,9.80E-08,-3.50E-08,2.73E-09,-2.31E-09,0.1,7.2,97.0%,100.0%,98.4%
Monticello,2007-02-01,391535,0.9,0,1.0,NA,0,0,NA,2.64E-08,9.80E-08,-3.50E-08,2.73E-09,-2.31E-09,0.1,8.0,97.0%,100.0%,98.4%
Monticello,2007-03-01,173046,0.9,0,1.0,NA,0,0,NA,2.64E-08,9.80E-08,-3.50E-08,2.73E-09,-2.31E-09,0,7.2,97.0%,100.0%,98.4%
Monticello,2007-04-01,6240,0.9,0,1.0,NA,0,0,NA,2.64E-08,9.80E-08,-3.50E-08,2.74E-09,-2.31E-09,NA,6.4,97.4%,100.0%,98.3%
Monticello,2007-05-01,420460,0.9,0,1.0,NA,0,0,NA,2.64E-08,9.80E-08,-3.50E-08,2.74E-09,-2.31E-09,2.5,7.6,97.4%,100.0%,98.3%
Monticello,2007-06-01,414784,0.9,0,1.0,NA,0,0,NA,2.64E-08,9.80E-08,-3.50E-08,2.74E-09,-2.31E-09,2.2,7.6,97.4%,100.0%,98.3%
Monticello,2007-07-01,424641,0.9,0,1.0,NA,0,0,NA,2.64E-08,9.80E-08,-3.50E-08,2.75E-09,-2.41E-09,0,7.6,98.3%,100.0%,98.5%
Monticello,2007-08-01,425406,0.9,0,1.0,NA,0,0,NA,2.64E-08,9.80E-08,-3.50E-08,2.75E-09,-2.41E-09,0,8.0,98.3%,100.0%,98.5%
Monticello,2007-09-01,420682,0.9,0,1.0,NA,0,0,NA,2.64E-08,9.80E-08,-3.50E-08,2.75E-09,-2.41E-09,0,7.6,98.3%,100.0%,98.5%
Monticello,2007-10-01,439692,0.9,0,1.0,NA,0,0,NA,2.64E-08,9.80E-08,-3.50E-08,2.75E-09,-2.31E-09,0.1,7.6,97.5%,100.0%,99.5%
Monticello,2007-11-01,407935,0.9,0,1.0,NA,0,0,NA,2.64E-08,9.80E-08,-3.50E-08,2.75E-09,-2.31E-09,0.1,7.6,97.5%,100.0%,99.5%
Monticello,2007-12-01,435035,0.9,0,1.0,NA,0,0,NA,2.64E-08,9.80E-08,-3.50E-08,2.75E-09,-2.31E-09,0.1,8.0,97.5%,100.0%,99.5%
Monticello,2008-01-01,440240,0,0.9,0.0,NA,0,0,NA,2.64E-08,4.20E-08,-3.20E-08,-3.56E-09,-2.10E-09,0.1,7.6,98.1%,98.3%,99.7%
Monticello,2008-02-01,411395,0,0.9,0.0,NA,0,0,NA,2.64E-08,4.20E-08,-3.20E-08,-3.56E-09,-2.10E-09,0,8.0,98.1%,98.3%,99.7%
Monticello,2008-03-01,439697,0,0.9,0.0,NA,0,0,NA,2.64E-08,4.20E-08,-3.20E-08,-3.56E-09,-2.10E-09,0.1,8.0,98.1%,98.3%,99.7%
Monticello,2008-04-01,425502,0,0.8,0.0,NA,0,0,NA,2.64E-08,-4.40E-08,-3.20E-08,-3.97E-09,-2.00E-09,0.2,8.0,98.5%,100.0%,99.9%
Monticello,2008-05-01,436396,0,0.8,0.0,NA,0,0,NA,2.64E-08,-4.40E-08,-3.20E-08,-3.97E-09,-2.00E-09,0.2,8.8,98.5%,100.0%,99.9%
Monticello,2008-06-01,415071,0,0.8,0.0,NA,0,0,NA,2.64E-08,-4.40E-08,-3.20E-08,-3.97E-09,-2.00E-09,0.2,7.6,98.5%,100.0%,99.9%
Monticello,2008-07-01,422351,0.8,1.7,1.0,NA,0,0,NA,2.64E-08,-4.00E-08,-3.30E-08,-3.97E-09,-1.60E-09,0.2,7.6,98.4%,100.0%,99.9%
Monticello,2008-08-01,421789,0.8,1.7,1.0,NA,0,0,NA,2.64E-08,-4.00E-08,-3.30E-08,-3.97E-09,-1.60E-09,0.2,8.0,98.4%,100.0%,99.9%
Monticello,2008-09-01,170136,0.8,1.7,1.0,NA,0,0,NA,2.64E-08,-4.00E-08,-3.30E-08,-3.97E-09,-1.60E-09,0.2,7.6,98.4%,100.0%,99.9%
Monticello,2008-10-01,436652,0.8,0.8,1.0,NA,0,0,NA,2.64E-08,-4.00E-08,-3.30E-08,-3.97E-09,-1.30E-09,0.3,7.6,98.3%,100.0%,99.9%
Monticello,2008-11-01,423091,0.8,0.8,1.0,NA,0,0,NA,2.64E-08,-4.00E-08,-3.30E-08,-3.97E-09,-1.30E-09,0.3,7.6,98.3%,100.0%,99.5%
Monticello,2008-12-01,435696,0.8,0.8,1.0,NA,0,0,NA,2.64E-08,-4.00E-08,-3.30E-08,-3.97E-09,-1.30E-09,0.3,7.6,98.3%,100.0%,99.5%
Monticello,2009-01-01,400966,0.9,1.8,1.0,NA,0,0,NA,-1.32E-08,-4.00E-08,-3.12E-08,-3.97E-09,-1.30E-09,0.4,7.6,98.6%,100.0%,99.9%
Monticello,2009-02-01,390162,0.9,1.8,1.0,NA,0,0,NA,-1.32E-08,-4.00E-08,-3.12E-08,-3.97E-09,-1.30E-09,0.4,7.2,98.6%,100.0%,99.9%
Monticello,2009-03-01,168280,0.9,1.8,1.0,NA,0,0,NA,-1.32E-08,-4.00E-08,-3.12E-08,-3.97E-09,-1.30E-09,0.3,7.2,98.6%,100.0%,99.9%
Monticello,2009-04-01,-2230,1.0,2.0,1.0,NA,0,0,NA,-1.31E-08,-3.90E-08,-3.10E-08,-3.97E-09,-1.20E-09,NA,NA,98.5%,100.0%,99.9%
Monticello,2009-05-01,247583,1.0,2.0,1.0,NA,0,0,NA,-1.31E-08,-3.90E-08,-3.10E-08,-3.97E-09,-1.20E-09,0.3,7.2,98.5%,100.0%,99.9%
Monticello,2009-06-01,413210,1.0,2.0,1.0,NA,0,0,NA,-1.31E-08,-3.90E-08,-3.10E-08,-3.97E-09,-1.20E-09,0.3,9.6,98.5%,100.0%,99.9%
Monticello,2009-07-01,421814,0,0.9,0.0,NA,0,0,NA,-1.31E-08,-3.90E-08,-1.87E-08,-3.97E-09,-1.20E-09,0.3,7.2,95.7%,100.0%,99.9%
Monticello,2009-08-01,420893,0,0.9,0.0,NA,0,0,NA,-1.31E-08,-3.90E-08,-1.87E-08,-3.97E-09,-1.20E-09,0.2,8.0,95.7%,100.0%,99.9%
Monticello,2009-09-01,410568,0,0.9,0.0,NA,0,0,NA,-1.31E-08,-3.90E-08,-1.87E-08,-3.97E-09,-1.20E-09,0.3,8.0,95.7%,100.0%,99.9%
Monticello,2009-10-01,420808,0,0.9,0.0,NA,0,0,NA,-1.36E-08,-3.90E-08,-1.87E-08,-3.29E-09,-1.20E-09,0.3,7.6,96.3%,100.0%,99.8%
Monticello,2009-11-01,418648,0,0.9,0.0,NA,0,0,NA,-1.36E-08,-3.90E-08,-1.87E-08,-3.29E-09,-1.20E-09,0.3,7.6,96.3%,100.0%,99.8%
Monticello,2009-12-01,431762,0,0.9,0.0,NA,0,0,NA,-1.36E-08,-3.90E-08,-1.87E-08,-3.29E-09,-1.20E-09,0.4,8.0,96.3%,100.0%,99.8%
Nine Mile Point 1,2007-01-01,466148,0,0.8,0.0,NA,0,0,NA,NA,-4.10E-08,-3.70E-08,-4.39E-08,5.43E-08,0,19.2,95.1%,100.0%,99.6%
Nine Mile Point 1,2007-02-01,392886,0,0.8,0.0,NA,0,0,NA,NA,-4.10E-08,-3.70E-08,-4.39E-08,5.43E-08,0,19.2,95.1%,100.0%,99.6%
Nine Mile Point 1,2007-03-01,203054,0,0.8,0.0,NA,0,0,NA,NA,-4.10E-08,-3.70E-08,-4.39E-08,5.43E-08,0,20.0,95.1%,100.0%,99.6%
Nine Mile Point 1,2007-04-01,213719,0,0.9,0.0,NA,0,0,NA,NA,-6.90E-08,-3.70E-08,-4.38E-08,-4.28E-08,0,20.8,95.0%,100.0%,99.6%
Nine Mile Point 1,2007-05-01,376484,0,0.9,0.0,NA,0,0,NA,NA,-6.90E-08,-3.70E-08,-4.38E-08,-4.28E-08,0,20.8,95.0%,100.0%,99.6%
Nine Mile Point 1,2007-06-01,444934,0,0.9,0.0,NA,0,0,NA,NA,-6.90E-08,-3.70E-08,-4.38E-08,-4.28E-08,0,19.4,95.0%,100.0%,99.6%
Nine Mile Point 1,2007-07-01,448195,0,2.6,0.0,NA,0,0,NA,NA,-6.90E-08,-5.00E-08,-4.37E-08,-4.33E-08,0,19.0,94.4%,98.9%,99.8%
Nine Mile Point 1,2007-08-01,444866,0,2.6,0.0,NA,0,0,NA,NA,-6.90E-08,-5.00E-08,-4.37E-08,-4.33E-08,0,19.2,94.4%,98.9%,99.8%
Nine Mile Point 1,2007-09-01,404436,0,2.6,0.0,NA,0,0,NA,NA,-6.90E-08,-5.00E-08,-4.37E-08,-4.33E-08,0,20.4,94.4%,98.9%,99.8%
Nine Mile Point 1,2007-10-01,454953,0,2.6,0.0,NA,0,0,NA,NA,-6.90E-08,-4.30E-08,-4.37E-08,-4.33E-08,0,19.0,96.8%,100.0%,99.7%
Nine Mile Point 1,2007-11-01,444919,0,2.6,0.0,NA,0,0,NA,NA,-6.90E-08,-4.30E-08,-4.37E-08,-4.33E-08,0,19.2,96.8%,100.0%,99.7%
Nine Mile Point 1,2007-12-01,468287,0,2.6,0.0,NA,0,0,NA,NA,-6.90E-08,-4.30E-08,-4.37E-08,-4.33E-08,0,20.0,96.8%,100.0%,99.7%
Nine Mile Point 1,2008-01-01,468389,0,2.5,0.0,NA,0,0,NA,NA,-6.80E-08,-1.55E-08,-4.39E-08,-5.70E-08,0,18.8,96.6%,100.0%,99.7%
Nine Mile Point 1,2008-02-01,435164,0,2.5,0.0,NA,0,0,NA,NA,-6.80E-08,-1.55E-08,-4.39E-08,-5.70E-08,0,18.8,96.6%,100.0%,99.7%
Nine Mile Point 1,2008-03-01,467168,0,2.5,0.0,NA,0,0,NA,NA,-6.80E-08,-1.55E-08,-4.39E-08,-5.70E-08,0,18.8,96.6%,100.0%,99.7%
Nine Mile Point 1,2008-04-01,451342,0,1.6,0.0,NA,0,0,NA,NA,-6.70E-08,-1.62E-08,-4.27E-08,-5.80E-08,0,19.0,96.4%,100.0%,99.8%
Nine Mile Point 1,2008-05-01,456259,0,1.6,0.0,NA,0,0,NA,NA,-6.70E-08,-1.62E-08,-4.27E-08,-5.80E-08,0,19.2,96.4%,100.0%,99.8%
Nine Mile Point 1,2008-06-01,433743,0,1.6,0.0,NA,0,0,NA,NA,-6.70E-08,-1.62E-08,-4.27E-08,-5.80E-08,0,19.2,96.4%,100.0%,99.8%
Nine Mile Point 1,2008-07-01,446308,0,0,0.0,NA,0,0,NA,NA,-6.90E-08,-2.03E-08,-4.27E-08,-5.90E-08,0,27.0,97.0%,100.0%,99.7%
Nine Mile Point 1,2008-08-01,445719,0,0,0.0,NA,0,0,NA,NA,-6.90E-08,-2.03E-08,-4.27E-08,-5.90E-08,0,19.8,97.0%,100.0%,99.7%
Nine Mile Point 1,2008-09-01,435846,0,0,0.0,NA,0,0,NA,NA,-6.90E-08,-2.03E-08,-4.27E-08,-5.90E-08,0,19.6,97.0%,100.0%,99.7%
Nine Mile Point 1,2008-10-01,393461,0.8,0,1.0,NA,0,0,NA,NA,-7.00E-08,-2.02E-08,-4.27E-08,-1.32E-07,0,19.6,97.0%,100.0%,99.8%
Nine Mile Point 1,2008-11-01,448132,0.8,0,1.0,NA,0,0,NA,NA,-7.00E-08,-2.02E-08,-4.27E-08,-1.32E-07,0,19.0,97.0%,100.0%,99.8%
Nine Mile Point 1,2008-12-01,465168,0.8,0,1.0,NA,0,0,NA,NA,-7.00E-08,-2.02E-08,-4.27E-08,-1.32E-07,0,19.2,97.0%,100.0%,99.8%
Nine Mile Point 1,2009-01-01,464916,0.8,0,1.0,NA,0,0,NA,NA,-7.00E-08,3.00E-09,-3.80E-08,-1.28E-07,0,21.8,97.1%,100.0%,99.5%
Nine Mile Point 1,2009-02-01,413884,0.8,0,1.0,NA,0,0,NA,NA,-7.00E-08,3.00E-09,-3.80E-08,-1.28E-07,0,17.4,97.1%,100.0%,99.5%
Nine Mile Point 1,2009-03-01,281279,0.8,0,1.0,NA,0,0,NA,NA,-7.00E-08,3.00E-09,-3.80E-08,-1.28E-07,0,15.9,97.1%,100.0%,99.5%
Nine Mile Point 1,2009-04-01,260886,0.8,0,1.0,NA,0,0,NA,NA,-7.00E-08,3.00E-09,6.74E-08,-1.60E-08,0,21.5,97.5%,100.0%,99.5%
Nine Mile Point 1,2009-05-01,465194,0.8,0,1.0,NA,0,0,NA,NA,-7.00E-08,3.00E-09,6.74E-08,-1.60E-08,0,16.9,97.5%,100.0%,99.5%
Nine Mile Point 1,2009-06-01,448657,0.8,0,1.0,NA,0,0,NA,NA,-7.00E-08,3.00E-09,6.74E-08,-1.60E-08,0,17.3,97.5%,100.0%,99.5%
Nine Mile Point 1,2009-07-01,452757,0.8,0,1.0,NA,0,0,NA,NA,-7.00E-08,-2.09E-08,-4.25E-08,-1.47E-07,0,20.4,97.9%,100.0%,99.4%
Nine Mile Point 1,2009-08-01,445497,0.8,0,1.0,NA,0,0,NA,NA,-7.00E-08,-2.09E-08,-4.25E-08,-1.47E-07,0,16.8,97.9%,100.0%,99.4%
Nine Mile Point 1,2009-09-01,439596,0.8,0,1.0,NA,0,0,NA,NA,-7.00E-08,-2.09E-08,-4.25E-08,-1.47E-07,0,18.1,97.9%,100.0%,99.4%
Nine Mile Point 1,2009-10-01,406748,0.8,0,0.0,NA,0,0,NA,NA,-1.31E-08,-1.63E-09,-1.65E-09,-1.57E-08,0,18.0,96.7%,100.0%,99.5%
Nine Mile Point 1,2009-11-01,448711,0.8,0,0.0,NA,0,0,NA,NA,-1.31E-08,-1.63E-09,-1.65E-09,-1.57E-08,0,18.2,96.7%,100.0%,99.5%
Nine Mile Point 1,2009-12-01,464454,0.8,0,0.0,NA,0,0,NA,NA,-1.31E-08,-1.63E-09,-1.65E-09,-1.57E-08,0,18.3,96.7%,100.0%,99.5%
Nine Mile Point 2,2007-01-01,851271,0,0.8,0.0,0,0,0,NA,-6.78E-07,-2.36E-07,-1.60E-07,1.70E-07,1.50E-07,0,12.0,95.1%,100.0%,99.6%
Nine Mile Point 2,2007-02-01,760791,0,0.8,0.0,0,0,0,NA,-6.78E-07,-2.36E-07,-1.60E-07,1.70E-07,1.50E-07,0,12.0,95.1%,100.0%,99.6%
Nine Mile Point 2,2007-03-01,623184,0,0.8,0.0,0,0,0,NA,-6.78E-07,-2.36E-07,-1.60E-07,1.70E-07,1.50E-07,0,12.0,95.1%,100.0%,99.6%
Nine Mile Point 2,2007-04-01,819140,0,0.8,0.0,0,0,0,NA,-6.40E-07,-2.37E-07,-1.68E-07,2.50E-07,1.30E-07,0,12.0,95.0%,100.0%,99.6%
Nine Mile Point 2,2007-05-01,842290,0,0.8,0.0,0,0,0,NA,-6.40E-07,-2.37E-07,-1.68E-07,2.50E-07,1.30E-07,0,12.0,95.0%,100.0%,99.6%
Nine Mile Point 2,2007-06-01,801492,0,0.8,0.0,0,0,0,NA,-6.40E-07,-2.37E-07,-1.68E-07,2.50E-07,1.30E-07,0,12.0,95.0%,100.0%,99.6%
Nine Mile Point 2,2007-07-01,828544,0,0.8,0.0,0,0,0,NA,-6.38E-07,-2.35E-07,-1.68E-07,2.60E-07,1.30E-07,0,12.0,94.4%,98.9%,99.8%
Nine Mile Point 2,2007-08-01,799652,0,0.8,0.0,0,0,0,NA,-6.38E-07,-2.35E-07,-1.68E-07,2.60E-07,1.30E-07,0.1,12.0,94.4%,98.9%,99.8%
Nine Mile Point 2,2007-09-01,804231,0,0.8,0.0,0,0,0,NA,-6.38E-07,-2.35E-07,-1.68E-07,2.60E-07,1.30E-07,0.1,12.0,94.4%,98.9%,99.8%
Nine Mile Point 2,2007-10-01,836775,0,0.8,0.0,0,0,0,NA,-6.78E-07,-2.57E-07,-1.67E-07,3.13E-07,5.10E-07,0.3,12.0,96.8%,100.0%,99.7%
Nine Mile Point 2,2007-11-01,402930,0,0.8,0.0,0,0,0,NA,-6.78E-07,-2.57E-07,-1.67E-07,3.13E-07,5.10E-07,0.2,12.0,96.8%,100.0%,99.7%
Nine Mile Point 2,2007-12-01,830843,0,0.8,0.0,0,0,0,NA,-6.78E-07,-2.57E-07,-1.67E-07,3.13E-07,5.10E-07,0.2,12.0,96.8%,100.0%,99.7%
Nine Mile Point 2,2008-01-01,848180,0,0,0.0,0,0,0,NA,-7.04E-07,-2.67E-07,-1.70E-07,3.00E-07,8.30E-07,0.2,12.0,96.6%,100.0%,99.7%
Nine Mile Point 2,2008-02-01,790535,0,0,0.0,0,0,0,NA,-7.04E-07,-2.67E-07,-1.70E-07,3.00E-07,8.30E-07,0.2,12.0,96.6%,100.0%,99.7%
Nine Mile Point 2,2008-03-01,570544,0,0,0.0,0,0,0,NA,-7.04E-07,-2.67E-07,-1.70E-07,3.00E-07,8.30E-07,0.2,12.0,96.6%,100.0%,99.7%
Nine Mile Point 2,2008-04-01,336485,0,0.9,0.0,0,0,0,NA,-7.78E-07,-2.71E-07,-1.90E-07,2.86E-07,8.30E-07,0.1,12.0,96.4%,100.0%,99.8%
Nine Mile Point 2,2008-05-01,841545,0,0.9,0.0,0,0,0,NA,-7.78E-07,-2.71E-07,-1.90E-07,2.86E-07,8.30E-07,0.1,12.0,96.4%,100.0%,99.8%
Nine Mile Point 2,2008-06-01,803897,0,0.9,0.0,0,0,0,NA,-7.78E-07,-2.71E-07,-1.90E-07,2.86E-07,8.30E-07,0.1,12.0,96.4%,100.0%,99.8%
Nine Mile Point 2,2008-07-01,822133,0,1.8,0.0,0,0,0,NA,-7.88E-07,-3.01E-07,-1.90E-07,-2.53E-07,8.80E-07,0.1,12.0,97.0%,100.0%,99.7%
Nine Mile Point 2,2008-08-01,833636,0,1.8,0.0,0,0,0,NA,-7.88E-07,-3.01E-07,-1.90E-07,-2.53E-07,8.80E-07,0.1,12.0,97.0%,100.0%,99.7%
Nine Mile Point 2,2008-09-01,807523,0,1.8,0.0,0,0,0,NA,-7.88E-07,-3.01E-07,-1.90E-07,-2.53E-07,8.80E-07,0.3,14.0,97.0%,100.0%,99.7%
Nine Mile Point 2,2008-10-01,839450,0,1.7,0.0,0,0,0,NA,-8.08E-07,-1.88E-07,-1.89E-07,-1.91E-07,1.29E-06,0.1,14.0,97.0%,100.0%,99.8%
Nine Mile Point 2,2008-11-01,702495,0,1.7,0.0,0,0,0,NA,-8.08E-07,-1.88E-07,-1.89E-07,-1.91E-07,1.29E-06,0.1,14.0,97.0%,100.0%,99.8%
Nine Mile Point 2,2008-12-01,844601,0,1.7,0.0,0,0,0,NA,-8.08E-07,-1.88E-07,-1.89E-07,-1.91E-07,1.29E-06,0.1,12.0,97.0%,100.0%,99.8%
Nine Mile Point 2,2009-01-01,851757,0,1.7,0.0,0,0,0,NA,-7.66E-07,-1.88E-07,-2.14E-07,-2.80E-07,1.14E-06,0.2,10.6,97.1%,100.0%,99.5%
Nine Mile Point 2,2009-02-01,755621,0,1.7,0.0,0,0,0,NA,-7.66E-07,-1.88E-07,-2.14E-07,-2.80E-07,1.14E-06,0.1,10.5,97.1%,100.0%,99.5%
Nine Mile Point 2,2009-03-01,848209,0,1.7,0.0,0,0,0,NA,-7.66E-07,-1.88E-07,-2.14E-07,-2.80E-07,1.14E-06,0.1,10.6,97.1%,100.0%,99.5%
Nine Mile Point 2,2009-04-01,822860,0,0.8,0.0,0,0,0,NA,-1.02E-06,-1.87E-07,-2.08E-07,-2.55E-07,1.13E-06,0.1,10.6,97.5%,100.0%,99.5%
Nine Mile Point 2,2009-05-01,844152,0,0.8,0.0,0,0,0,NA,-1.02E-06,-1.87E-07,-2.08E-07,-2.55E-07,1.13E-06,0.1,11.0,97.5%,100.0%,99.5%
Nine Mile Point 2,2009-06-01,806565,0,0.8,0.0,0,0,0,NA,-1.02E-06,-1.87E-07,-2.08E-07,-2.55E-07,1.13E-06,0.1,11.0,97.5%,100.0%,99.5%
Nine Mile Point 2,2009-07-01,833458,0,0.8,0.0,0,0,0,NA,-1.03E-06,-1.73E-07,-2.26E-07,-3.50E-07,1.10E-06,0.1,10.4,97.9%,100.0%,99.4%
Nine Mile Point 2,2009-08-01,832245,0,0.8,0.0,0,0,0,NA,-1.03E-06,-1.73E-07,-2.26E-07,-3.50E-07,1.10E-06,0.1,10.7,97.9%,100.0%,99.4%
Nine Mile Point 2,2009-09-01,810057,0,0.8,0.0,0,0,0,NA,-1.03E-06,-1.73E-07,-2.26E-07,-3.50E-07,1.10E-06,0.1,10.4,97.9%,100.0%,99.4%
Nine Mile Point 2,2009-10-01,846996,0,0.8,0.0,0,0,0,NA,-9.95E-07,-1.71E-07,-2.26E-07,-3.50E-07,9.50E-07,0.1,10.5,96.7%,100.0%,99.5%
Nine Mile Point 2,2009-11-01,819439,0,0.8,0.0,0,0,0,NA,-9.95E-07,-1.71E-07,-2.26E-07,-3.50E-07,9.50E-07,0.1,10.4,96.7%,100.0%,99.5%
Nine Mile Point 2,2009-12-01,850558,0,0.8,0.0,0,0,0,NA,-9.95E-07,-1.71E-07,-2.26E-07,-3.50E-07,9.50E-07,0.1,10.6,96.7%,100.0%,99.5%
North Anna 1,2007-01-01,662445,0.8,0,NA,0,0,0,NA,2.34E-07,-2.64E-08,-6.10E-08,7.65E-08,-1.63E-08,0,1.3,94.7%,96.3%,99.6%
North Anna 1,2007-02-01,625296,0.8,0,NA,0,0,0,NA,2.34E-07,-2.64E-08,-6.10E-08,7.65E-08,-1.63E-08,0,1.1,94.7%,96.3%,99.6%
North Anna 1,2007-03-01,689973,0.8,0,NA,0,0,0,NA,2.34E-07,-2.64E-08,-6.10E-08,7.65E-08,-1.63E-08,0,1.0,94.7%,96.3%,99.6%
North Anna 1,2007-04-01,667274,0.8,0,NA,0,0,0,NA,2.34E-07,-2.66E-08,-6.10E-08,7.75E-08,-1.60E-08,0,1.4,94.0%,100.0%,99.7%
North Anna 1,2007-05-01,688046,0.8,0,NA,0,0,0,NA,2.34E-07,-2.66E-08,-6.10E-08,7.75E-08,-1.60E-08,0,1.2,94.0%,100.0%,99.7%
North Anna 1,2007-06-01,664719,0.8,0,NA,0,0,0,NA,2.34E-07,-2.66E-08,-6.10E-08,7.75E-08,-1.60E-08,0,0.9,94.0%,100.0%,99.7%
North Anna 1,2007-07-01,685060,0.9,0,0.0,0,0,0,NA,2.34E-07,-2.84E-08,-6.00E-08,2.88E-08,-1.63E-08,0.1,1.1,94.2%,100.0%,99.9%
North Anna 1,2007-08-01,683482,0.9,0,0.0,0,0,0,NA,2.34E-07,-2.84E-08,-6.00E-08,2.88E-08,-1.63E-08,0.1,1.2,94.2%,100.0%,99.9%
North Anna 1,2007-09-01,168866,0.9,0,0.0,0,0,0,NA,2.34E-07,-2.84E-08,-6.00E-08,2.88E-08,-1.63E-08,0,1.0,94.2%,100.0%,99.9%
North Anna 1,2007-10-01,339491,0.9,0,0.0,0,0,0,NA,2.34E-07,-3.03E-08,-6.20E-08,2.77E-08,-1.62E-08,0,1.5,93.8%,100.0%,99.9%
North Anna 1,2007-11-01,659873,0.9,0,0.0,0,0,0,NA,2.34E-07,-3.03E-08,-6.20E-08,2.77E-08,-1.62E-08,0,1.3,93.8%,100.0%,99.9%
North Anna 1,2007-12-01,680613,0.9,0,0.0,0,0,0,NA,2.34E-07,-3.03E-08,-6.20E-08,2.77E-08,-1.62E-08,0,1.2,93.8%,100.0%,99.9%
North Anna 1,2008-01-01,681457,0,0,0.0,0,0,0,NA,2.34E-07,-3.03E-08,-6.20E-08,1.77E-08,-8.70E-09,0,1.1,93.7%,99.4%,99.9%
North Anna 1,2008-02-01,636729,0,0,0.0,0,0,0,NA,2.34E-07,-3.03E-08,-6.20E-08,1.77E-08,-8.70E-09,0,1.5,93.7%,99.4%,99.9%
North Anna 1,2008-03-01,680832,0,0,0.0,0,0,0,NA,2.34E-07,-3.03E-08,-6.20E-08,1.77E-08,-8.70E-09,0,1.0,93.7%,99.4%,99.9%
North Anna 1,2008-04-01,659998,0,0,0.0,0,0,0,NA,4.81E-07,-3.05E-08,-6.20E-08,1.37E-08,-1.03E-08,0,0.9,93.9%,96.3%,99.9%
North Anna 1,2008-05-01,680321,0,0,0.0,0,0,0,NA,4.81E-07,-3.05E-08,-6.20E-08,1.37E-08,-1.03E-08,0,0.8,93.9%,96.3%,99.9%
North Anna 1,2008-06-01,653717,0,0,0.0,0,0,0,NA,4.81E-07,-3.05E-08,-6.20E-08,1.37E-08,-1.03E-08,0.1,0.8,93.9%,96.3%,99.9%
North Anna 1,2008-07-01,672655,0,0,0.0,0,0,0,NA,2.51E-07,-3.07E-08,-6.20E-08,9.70E-09,-9.70E-09,0.1,0.8,95.4%,96.8%,99.9%
North Anna 1,2008-08-01,674130,0,0,0.0,0,0,0,NA,2.51E-07,-3.07E-08,-6.20E-08,9.70E-09,-9.70E-09,0.1,0.7,95.4%,96.8%,99.9%
North Anna 1,2008-09-01,654123,0,0,0.0,0,0,0,NA,2.51E-07,-3.07E-08,-6.20E-08,9.70E-09,-9.70E-09,0.1,0.8,95.4%,96.8%,99.9%
North Anna 1,2008-10-01,672744,0,0,0.0,0,0,0,NA,2.51E-07,-3.07E-08,-6.20E-08,-1.10E-08,-1.25E-08,0.1,0.8,95.8%,90.9%,99.9%
North Anna 1,2008-11-01,639410,0,0,0.0,0,0,0,NA,2.51E-07,-3.07E-08,-6.20E-08,-1.10E-08,-1.25E-08,0.1,0.6,95.8%,90.9%,99.9%
North Anna 1,2008-12-01,680713,0,0,0.0,0,0,0,NA,2.51E-07,-3.07E-08,-6.20E-08,-1.10E-08,-1.25E-08,0.1,0.6,95.8%,90.9%,99.9%
North Anna 1,2009-01-01,681901,0,0,0.0,0,0,0,NA,-1.39E-07,-3.08E-08,-6.20E-08,-1.13E-08,-1.20E-08,0.1,0.5,95.5%,94.1%,99.9%
North Anna 1,2009-02-01,616048,0,0,0.0,0,0,0,NA,-1.39E-07,-3.08E-08,-6.20E-08,-1.13E-08,-1.20E-08,0.1,1.1,95.5%,94.1%,99.9%
North Anna 1,2009-03-01,152142,0,0,0.0,0,0,0,NA,-1.39E-07,-3.08E-08,-6.20E-08,-1.13E-08,-1.20E-08,0.1,0.9,95.5%,94.1%,99.9%
North Anna 1,2009-04-01,616351,0,0,0.0,0,0,0,NA,-1.19E-07,-3.08E-08,-6.20E-08,-1.13E-08,-1.19E-08,0,1.3,95.2%,100.0%,99.9%
North Anna 1,2009-05-01,682837,0,0,0.0,0,0,0,NA,-1.19E-07,-3.08E-08,-6.20E-08,-1.13E-08,-1.19E-08,0,1.1,95.2%,100.0%,99.9%
North Anna 1,2009-06-01,656542,0,0,0.0,0,0,0,NA,-1.19E-07,-3.08E-08,-6.20E-08,-1.13E-08,-1.19E-08,0,1.1,95.2%,100.0%,99.9%
North Anna 1,2009-07-01,675142,0,0,0.0,0,0,0,NA,-6.00E-08,-3.10E-08,-6.20E-08,-1.13E-08,-1.19E-08,0,1.0,95.5%,100.0%,99.9%
North Anna 1,2009-08-01,673279,0,0,0.0,0,0,0,NA,-6.00E-08,-3.10E-08,-6.20E-08,-1.13E-08,-1.19E-08,0,0.9,95.5%,100.0%,99.9%
North Anna 1,2009-09-01,656170,0,0,0.0,0,0,0,NA,-6.00E-08,-3.10E-08,-6.20E-08,-1.13E-08,-1.19E-08,0,0.9,95.5%,100.0%,99.9%
North Anna 1,2009-10-01,548106,0,0,0.0,1,0,0,NA,-5.80E-08,-3.11E-08,-6.20E-08,-1.13E-08,-1.19E-08,0,3.9,95.5%,100.0%,99.8%
North Anna 1,2009-11-01,662230,0,0,0.0,1,0,0,NA,-5.80E-08,-3.11E-08,-6.20E-08,-1.13E-08,-1.19E-08,0,3.4,95.5%,100.0%,99.8%
North Anna 1,2009-12-01,681751,0,0,0.0,1,0,0,NA,-5.80E-08,-3.11E-08,-6.20E-08,-1.13E-08,-1.19E-08,0,1.8,95.5%,100.0%,99.8%
North Anna 2,2007-01-01,679389,0.8,0.8,NA,0,0,0,NA,2.90E-08,7.10E-08,-6.50E-08,3.00E-10,-1.91E-08,0.1,4.8,94.7%,96.3%,99.6%
North Anna 2,2007-02-01,600181,0.8,0.8,NA,0,0,0,NA,2.90E-08,7.10E-08,-6.50E-08,3.00E-10,-1.91E-08,0.1,4.8,94.7%,96.3%,99.6%
North Anna 2,2007-03-01,363568,0.8,0.8,NA,0,0,0,NA,2.90E-08,7.10E-08,-6.50E-08,3.00E-10,-1.91E-08,0.1,4.0,94.7%,96.3%,99.6%
North Anna 2,2007-04-01,120518,1.8,1.8,1.0,1,0,0,NA,1.81E-08,7.00E-08,-6.40E-08,2.50E-09,-1.89E-08,0,1.6,94.0%,100.0%,99.7%
North Anna 2,2007-05-01,677909,1.8,1.8,1.0,1,0,0,NA,1.81E-08,7.00E-08,-6.40E-08,2.50E-09,-1.89E-08,0,0.2,94.0%,100.0%,99.7%
North Anna 2,2007-06-01,626001,1.8,1.8,1.0,1,0,0,NA,1.81E-08,7.00E-08,-6.40E-08,2.50E-09,-1.89E-08,0,0.2,94.0%,100.0%,99.7%
North Anna 2,2007-07-01,494487,1.8,1.8,1.0,2,0,0,NA,1.81E-08,7.00E-08,-6.40E-08,2.50E-09,-1.81E-08,0,0.5,94.2%,100.0%,99.9%
North Anna 2,2007-08-01,672482,1.8,1.8,1.0,2,0,0,NA,1.81E-08,7.00E-08,-6.40E-08,2.50E-09,-1.81E-08,0,0.5,94.2%,100.0%,99.9%
North Anna 2,2007-09-01,654880,1.8,1.8,1.0,2,0,0,NA,1.81E-08,7.00E-08,-6.40E-08,2.50E-09,-1.81E-08,0,0.4,94.2%,100.0%,99.9%
North Anna 2,2007-10-01,677782,1.8,1.8,1.0,2,0,0,NA,9.30E-07,7.00E-08,1.28E-07,2.50E-09,-1.81E-08,0,0.4,93.8%,100.0%,99.9%
North Anna 2,2007-11-01,659145,1.8,1.8,1.0,2,0,0,NA,9.30E-07,7.00E-08,1.28E-07,2.50E-09,-1.81E-08,0,0.3,93.8%,100.0%,99.9%
North Anna 2,2007-12-01,545447,1.8,1.8,1.0,2,0,0,NA,9.30E-07,7.00E-08,1.28E-07,2.50E-09,-1.81E-08,0,0.3,93.8%,100.0%,99.9%
North Anna 2,2008-01-01,635709,1.8,0.9,1.0,2,0,0,NA,9.30E-07,6.80E-08,1.28E-07,4.00E-10,-1.05E-08,0,0.1,93.7%,99.4%,99.9%
North Anna 2,2008-02-01,467203,1.8,0.9,1.0,2,0,0,NA,9.30E-07,6.80E-08,1.28E-07,4.00E-10,-1.05E-08,0,0.3,93.7%,99.4%,99.9%
North Anna 2,2008-03-01,678272,1.8,0.9,1.0,2,0,0,NA,9.30E-07,6.80E-08,1.28E-07,4.00E-10,-1.05E-08,0.1,0.4,93.7%,99.4%,99.9%
North Anna 2,2008-04-01,656689,0.8,0,0.0,1,0,0,NA,5.46E-07,4.30E-08,1.28E-07,-1.00E-09,-1.21E-08,0,0.3,93.9%,96.3%,99.9%
North Anna 2,2008-05-01,677571,0.8,0,0.0,1,0,0,NA,5.46E-07,4.30E-08,1.28E-07,-1.00E-09,-1.21E-08,0,0.4,93.9%,96.3%,99.9%
North Anna 2,2008-06-01,650413,0.8,0,0.0,1,0,0,NA,5.46E-07,4.30E-08,1.28E-07,-1.00E-09,-1.21E-08,0.1,0.4,93.9%,96.3%,99.9%
North Anna 2,2008-07-01,669956,0.9,0,0.0,0,0,0,NA,5.28E-07,4.30E-08,1.28E-07,-6.83E-09,-1.15E-08,0.1,0.1,95.4%,96.8%,99.9%
North Anna 2,2008-08-01,671566,0.9,0,0.0,0,0,0,NA,5.28E-07,4.30E-08,1.28E-07,-6.83E-09,-1.15E-08,0.1,0.2,95.4%,96.8%,99.9%
North Anna 2,2008-09-01,280661,0.9,0,0.0,0,0,0,NA,5.28E-07,4.30E-08,1.28E-07,-6.83E-09,-1.15E-08,0.1,0.1,95.4%,96.8%,99.9%
North Anna 2,2008-10-01,0,0,0,0.0,1,0,0,NA,1.87E-08,5.10E-08,1.28E-07,-6.84E-09,-1.13E-08,NA,0.4,95.8%,90.9%,99.9%
North Anna 2,2008-11-01,376056,0,0,0.0,1,0,0,NA,1.87E-08,5.10E-08,1.28E-07,-6.84E-09,-1.13E-08,0,0.2,95.8%,90.9%,99.9%
North Anna 2,2008-12-01,682500,0,0,0.0,1,0,0,NA,1.87E-08,5.10E-08,1.28E-07,-6.84E-09,-1.13E-08,0.2,0.1,95.8%,90.9%,99.9%
North Anna 2,2009-01-01,680897,0,0,0.0,1,0,0,NA,1.87E-08,-2.28E-08,1.30E-07,-6.84E-09,-1.09E-08,0.3,0.1,95.5%,94.1%,99.9%
North Anna 2,2009-02-01,615159,0,0,0.0,1,0,0,NA,1.87E-08,-2.28E-08,1.30E-07,-6.84E-09,-1.09E-08,0.1,0.1,95.5%,94.1%,99.9%
North Anna 2,2009-03-01,680946,0,0,0.0,1,0,0,NA,1.87E-08,-2.28E-08,1.30E-07,-6.84E-09,-1.09E-08,0.1,0.3,95.5%,94.1%,99.9%
North Anna 2,2009-04-01,658423,0,0,0.0,1,0,0,NA,1.10E-08,-2.19E-08,1.30E-07,-6.84E-09,-1.07E-08,0,0.1,95.2%,100.0%,99.9%
North Anna 2,2009-05-01,664331,0,0,0.0,1,0,0,NA,1.10E-08,-2.19E-08,1.30E-07,-6.84E-09,-1.07E-08,0.1,0.2,95.2%,100.0%,99.9%
North Anna 2,2009-06-01,654001,0,0,0.0,1,0,0,NA,1.10E-08,-2.19E-08,1.30E-07,-6.84E-09,-1.07E-08,0.1,0.1,95.2%,100.0%,99.9%
North Anna 2,2009-07-01,673775,0,0,0.0,1,0,0,NA,1.10E-08,-2.21E-08,1.30E-07,-9.10E-09,-1.07E-08,0,0.1,95.5%,100.0%,99.9%
North Anna 2,2009-08-01,672309,0,0,0.0,1,0,0,NA,1.10E-08,-2.21E-08,1.30E-07,-9.10E-09,-1.07E-08,0,0.2,95.5%,100.0%,99.9%
North Anna 2,2009-09-01,653968,0,0,0.0,1,0,0,NA,1.10E-08,-2.21E-08,1.30E-07,-9.10E-09,-1.07E-08,0,0.1,95.5%,100.0%,99.9%
North Anna 2,2009-10-01,678778,0.8,0,0.0,1,0,0,NA,7.00E-09,-2.21E-08,1.30E-07,-9.10E-09,-1.07E-08,0,0.3,95.5%,100.0%,99.8%
North Anna 2,2009-11-01,659110,0.8,0,0.0,1,0,0,NA,7.00E-09,-2.21E-08,1.30E-07,-9.10E-09,-1.07E-08,0,0,95.5%,100.0%,99.8%
North Anna 2,2009-12-01,608414,0.8,0,0.0,1,0,0,NA,7.00E-09,-2.21E-08,1.30E-07,-9.10E-09,-1.07E-08,1.1,0.1,95.5%,100.0%,99.8%
Oconee 1,2007-01-01,645103,1.0,0,1.0,0,0,0,1.30E-06,1.30E-06,-2.21E-07,-1.78E-07,-1.93E-07,3.80E-08,0,0.9,94.0%,96.3%,99.7%
Oconee 1,2007-02-01,398701,1.0,0,1.0,0,0,0,1.30E-06,1.30E-06,-2.21E-07,-1.78E-07,-1.93E-07,3.80E-08,0,1.1,94.0%,96.3%,99.7%
Oconee 1,2007-03-01,645201,1.0,0,1.0,0,0,0,1.30E-06,1.30E-06,-2.21E-07,-1.78E-07,-1.93E-07,3.80E-08,0.1,0.7,94.0%,96.3%,99.7%
Oconee 1,2007-04-01,623435,1.0,0,1.0,0,0,0,1.30E-06,1.30E-06,-2.21E-07,-1.78E-07,-1.93E-07,4.80E-08,0.1,0.6,94.5%,93.0%,99.7%
Oconee 1,2007-05-01,641438,1.0,0,1.0,0,0,0,1.30E-06,1.30E-06,-2.21E-07,-1.78E-07,-1.93E-07,4.80E-08,0.1,0.5,94.5%,93.0%,99.7%
Oconee 1,2007-06-01,620141,1.0,0,1.0,0,0,0,1.30E-06,1.30E-06,-2.21E-07,-1.78E-07,-1.93E-07,4.80E-08,0.1,0.5,94.5%,93.0%,99.7%
Oconee 1,2007-07-01,636339,1.0,0,1.0,0,0,0,-7.80E-07,-7.80E-07,-2.22E-07,-1.79E-07,-1.93E-07,-2.60E-08,0.1,0.2,93.5%,92.3%,99.8%
Oconee 1,2007-08-01,630489,1.0,0,1.0,0,0,0,-7.80E-07,-7.80E-07,-2.22E-07,-1.79E-07,-1.93E-07,-2.60E-08,0.1,0.2,93.5%,92.3%,99.8%
Oconee 1,2007-09-01,606468,1.0,0,1.0,0,0,0,-7.80E-07,-7.80E-07,-2.22E-07,-1.79E-07,-1.93E-07,-2.60E-08,0.1,0.3,93.5%,92.3%,99.8%
Oconee 1,2007-10-01,625775,0.8,0,1.0,0,0,0,-1.20E-06,-1.20E-06,-2.23E-07,-1.42E-07,-1.93E-07,-8.00E-09,0.1,0.5,94.4%,96.1%,99.8%
Oconee 1,2007-11-01,619988,0.8,0,1.0,0,0,0,-1.20E-06,-1.20E-06,-2.23E-07,-1.42E-07,-1.93E-07,-8.00E-09,0.1,0.7,94.4%,96.1%,99.8%
Oconee 1,2007-12-01,642646,0.8,0,1.0,0,0,0,-1.20E-06,-1.20E-06,-2.23E-07,-1.42E-07,-1.93E-07,-8.00E-09,0.1,0.3,94.4%,96.1%,99.8%
Oconee 1,2008-01-01,643529,0,0.8,0,0,0,0,-1.30E-06,-1.30E-06,-2.24E-07,-9.00E-08,-1.93E-07,-1.70E-08,0.1,0.4,95.3%,95.8%,99.7%
Oconee 1,2008-02-01,599994,0,0.8,0,0,0,0,-1.30E-06,-1.30E-06,-2.24E-07,-9.00E-08,-1.93E-07,-1.70E-08,0.1,0.3,95.3%,95.8%,99.7%
Oconee 1,2008-03-01,470874,0,0.8,0,0,0,0,-1.30E-06,-1.30E-06,-2.24E-07,-9.00E-08,-1.93E-07,-1.70E-08,0.1,0.3,95.3%,95.8%,99.7%
Oconee 1,2008-04-01,164345,0,0.9,0,0,0,0,-1.29E-06,-1.29E-06,-2.24E-07,-4.80E-08,-1.79E-07,-3.68E-08,0,0.5,93.2%,95.0%,99.7%
Oconee 1,2008-05-01,-7373,0,0.9,0,0,0,0,-1.29E-06,-1.29E-06,-2.24E-07,-4.80E-08,-1.79E-07,-3.68E-08,NA,0.6,93.2%,95.0%,99.7%
Oconee 1,2008-06-01,578828,0,0.9,0,0,0,0,-1.29E-06,-1.29E-06,-2.24E-07,-4.80E-08,-1.79E-07,-3.68E-08,0.1,0.7,93.2%,95.0%,99.7%
Oconee 1,2008-07-01,632744,0,0.9,0,0,0,0,-1.89E-06,-1.89E-06,-1.21E-07,-5.00E-08,-1.90E-07,-3.81E-08,0,0.3,93.9%,95.1%,99.7%
Oconee 1,2008-08-01,626744,0,0.9,0,0,0,0,-1.89E-06,-1.89E-06,-1.21E-07,-5.00E-08,-1.90E-07,-3.81E-08,0,0.7,93.9%,95.1%,99.7%
Oconee 1,2008-09-01,607983,0,0.9,0,0,0,0,-1.89E-06,-1.89E-06,-1.21E-07,-5.00E-08,-1.90E-07,-3.81E-08,0,1.2,93.9%,95.1%,99.7%
Oconee 1,2008-10-01,634128,0,0.9,0,0,0,0,-1.21E-06,-1.21E-06,-1.21E-07,0.00E+00,-1.68E-07,-5.20E-08,0,1.4,93.9%,92.9%,99.7%
Oconee 1,2008-11-01,619758,0,0.9,0,0,0,0,-1.21E-06,-1.21E-06,-1.21E-07,0.00E+00,-1.68E-07,-5.20E-08,0,1.5,93.9%,92.9%,99.7%
Oconee 1,2008-12-01,643872,0,0.9,0,0,0,0,-1.21E-06,-1.21E-06,-1.21E-07,0.00E+00,-1.68E-07,-5.20E-08,0.1,1.6,93.9%,92.9%,99.7%
Oconee 1,2009-01-01,644728,0,0,0,0,0,0,-3.00E-07,-3.00E-07,2.24E-07,-1.00E-08,2.10E-07,-5.80E-08,0,1.4,94.4%,95.8%,99.7%
Oconee 1,2009-02-01,582232,0,0,0,0,0,0,-3.00E-07,-3.00E-07,2.24E-07,-1.00E-08,2.10E-07,-5.80E-08,0.1,0.8,94.4%,95.8%,99.7%
Oconee 1,2009-03-01,643180,0,0,0,0,0,0,-3.00E-07,-3.00E-07,2.24E-07,-1.00E-08,2.10E-07,-5.80E-08,0.1,0.9,94.4%,95.8%,99.7%
Oconee 1,2009-04-01,621702,0,0,0,0,0,0,-4.00E-07,-4.00E-07,2.23E-07,-7.60E-08,2.20E-07,-8.00E-08,0.1,0.9,93.7%,97.2%,99.8%
Oconee 1,2009-05-01,641011,0,0,0,0,0,0,-4.00E-07,-4.00E-07,2.23E-07,-7.60E-08,2.20E-07,-8.00E-08,0,1.1,93.7%,97.2%,99.8%
Oconee 1,2009-06-01,617255,0,0,0,0,0,0,-4.00E-07,-4.00E-07,2.23E-07,-7.60E-08,2.20E-07,-8.00E-08,0.1,0.8,93.7%,97.2%,99.8%
Oconee 1,2009-07-01,632539,0,0,0,0,0,0,-1.10E-06,-1.10E-06,2.24E-07,-9.80E-08,9.00E-08,-6.30E-08,0.1,0.7,94.0%,95.7%,99.8%
Oconee 1,2009-08-01,626103,0,0,0,0,0,0,-1.10E-06,-1.10E-06,2.24E-07,-9.80E-08,9.00E-08,-6.30E-08,0,0.7,94.0%,95.7%,99.8%
Oconee 1,2009-09-01,559974,0,0,0,0,0,0,-1.10E-06,-1.10E-06,2.24E-07,-9.80E-08,9.00E-08,-6.30E-08,0,0.9,94.0%,95.7%,99.8%
Oconee 1,2009-10-01,180371,0,0,0,0,0,0,-1.00E-06,-1.00E-06,2.23E-07,-8.10E-08,1.40E-07,-5.07E-08,0,0.8,92.9%,93.0%,99.8%
Oconee 1,2009-11-01,-6093,0,0,0,0,0,0,-1.00E-06,-1.00E-06,2.23E-07,-8.10E-08,1.40E-07,-5.07E-08,0,0,92.9%,93.0%,99.8%
Oconee 1,2009-12-01,567553,0,0,0,0,0,0,-1.00E-06,-1.00E-06,2.23E-07,-8.10E-08,1.40E-07,-5.07E-08,0,0.4,92.9%,93.0%,99.8%
Oconee 2,2007-01-01,649554,1.6,0,NA,0,0,0,NA,-1.09E-06,-2.26E-07,6.00E-07,-3.20E-08,5.80E-08,0.2,1.7,94.0%,96.3%,99.7%
Oconee 2,2007-02-01,499712,1.6,0,NA,0,0,0,NA,-1.09E-06,-2.26E-07,6.00E-07,-3.20E-08,5.80E-08,1.5,1.6,94.0%,96.3%,99.7%
Oconee 2,2007-03-01,647915,1.6,0,NA,0,0,0,NA,-1.09E-06,-2.26E-07,6.00E-07,-3.20E-08,5.80E-08,0.4,2.1,94.0%,96.3%,99.7%
Oconee 2,2007-04-01,545909,0.9,0,NA,0,0,0,NA,3.50E-06,9.40E-08,3.40E-07,-3.00E-08,5.70E-08,0.2,1.3,94.5%,93.0%,99.7%
Oconee 2,2007-05-01,4586,0.9,0,NA,0,0,0,NA,3.50E-06,9.40E-08,3.40E-07,-3.00E-08,5.70E-08,0,0.2,94.5%,93.0%,99.7%
Oconee 2,2007-06-01,623510,0.9,0,NA,0,0,0,NA,3.50E-06,9.40E-08,3.40E-07,-3.00E-08,5.70E-08,0.1,0.9,94.5%,93.0%,99.7%
Oconee 2,2007-07-01,645972,0.9,0,0.0,0,0,0,NA,-5.50E-07,1.94E-07,3.50E-07,2.00E-08,-2.00E-08,0.1,1.2,93.5%,92.3%,99.8%
Oconee 2,2007-08-01,628376,0.9,0,0.0,0,0,0,NA,-5.50E-07,1.94E-07,3.50E-07,2.00E-08,-2.00E-08,0.1,1.2,93.5%,92.3%,99.8%
Oconee 2,2007-09-01,606967,0.9,0,0.0,0,0,0,NA,-5.50E-07,1.94E-07,3.50E-07,2.00E-08,-2.00E-08,0.1,2.0,93.5%,92.3%,99.8%
Oconee 2,2007-10-01,641098,0.9,0,0.0,0,0,0,NA,-1.09E-06,1.94E-07,4.50E-07,6.00E-08,-6.50E-08,0.1,1.3,94.4%,96.1%,99.8%
Oconee 2,2007-11-01,627477,0.9,0,0.0,0,0,0,NA,-1.09E-06,1.94E-07,4.50E-07,6.00E-08,-6.50E-08,0.1,1.1,94.4%,96.1%,99.8%
Oconee 2,2007-12-01,647913,0.9,0,0.0,0,0,0,NA,-1.09E-06,1.94E-07,4.50E-07,6.00E-08,-6.50E-08,0.1,0.9,94.4%,96.1%,99.8%
Oconee 2,2008-01-01,651945,0.9,0,0.0,0,0,0,NA,-1.30E-06,1.88E-07,5.20E-07,8.00E-08,-8.00E-08,0.1,0.9,95.3%,95.8%,99.7%
Oconee 2,2008-02-01,608596,0.9,0,0.0,0,0,0,NA,-1.30E-06,1.88E-07,5.20E-07,8.00E-08,-8.00E-08,0.1,1.2,95.3%,95.8%,99.7%
Oconee 2,2008-03-01,640543,0.9,0,0.0,0,0,0,NA,-1.30E-06,1.88E-07,5.20E-07,8.00E-08,-8.00E-08,0.1,1.0,95.3%,95.8%,99.7%
Oconee 2,2008-04-01,583085,0.8,0,0.0,0,0,0,NA,-1.29E-06,1.88E-07,5.60E-07,2.30E-07,-1.02E-07,0.1,1.2,93.2%,95.0%,99.7%
Oconee 2,2008-05-01,643825,0.8,0,0.0,0,0,0,NA,-1.29E-06,1.88E-07,5.60E-07,2.30E-07,-1.02E-07,0.1,0.8,93.2%,95.0%,99.7%
Oconee 2,2008-06-01,623299,0.8,0,0.0,0,0,0,NA,-1.29E-06,1.88E-07,5.60E-07,2.30E-07,-1.02E-07,0.1,1.3,93.2%,95.0%,99.7%
Oconee 2,2008-07-01,637092,0.8,0.8,0.0,0,0,0,NA,-1.89E-06,1.88E-07,5.80E-07,2.20E-07,-1.00E-07,0.1,1.1,93.9%,95.1%,99.7%
Oconee 2,2008-08-01,631066,0.8,0.8,0.0,0,0,0,NA,-1.89E-06,1.88E-07,5.80E-07,2.20E-07,-1.00E-07,0.1,0.9,93.9%,95.1%,99.7%
Oconee 2,2008-09-01,514880,0.8,0.8,0.0,0,0,0,NA,-1.89E-06,1.88E-07,5.80E-07,2.20E-07,-1.00E-07,0.1,1.5,93.9%,95.1%,99.7%
Oconee 2,2008-10-01,491326,0.9,0.9,0.0,0,0,0,NA,-1.18E-06,1.88E-07,5.20E-07,-8.00E-08,-1.13E-07,0.1,0.9,93.9%,92.9%,99.7%
Oconee 2,2008-11-01,-1949,0.9,0.9,0.0,0,0,0,NA,-1.18E-06,1.88E-07,5.20E-07,-8.00E-08,-1.13E-07,0,0,93.9%,92.9%,99.7%
Oconee 2,2008-12-01,366859,0.9,0.9,0.0,0,0,0,NA,-1.18E-06,1.88E-07,5.20E-07,-8.00E-08,-1.13E-07,0,1.4,93.9%,92.9%,99.7%
Oconee 2,2009-01-01,654829,0,0.9,0.0,0,0,0,NA,-3.00E-07,1.88E-07,5.80E-07,-7.10E-08,-1.17E-07,0.1,0.8,94.4%,95.8%,99.7%
Oconee 2,2009-02-01,592179,0,0.9,0.0,0,0,0,NA,-3.00E-07,1.88E-07,5.80E-07,-7.10E-08,-1.17E-07,0,0.9,94.4%,95.8%,99.7%
Oconee 2,2009-03-01,653674,0,0.9,0.0,0,0,0,NA,-3.00E-07,1.88E-07,5.80E-07,-7.10E-08,-1.17E-07,0,1.1,94.4%,95.8%,99.7%
Oconee 2,2009-04-01,632191,0,0.9,0.0,0,0,0,NA,-3.00E-07,1.88E-07,4.80E-07,-9.10E-08,-1.38E-07,0.1,0.9,93.3%,97.2%,99.8%
Oconee 2,2009-05-01,649715,0,0.9,0.0,0,0,0,NA,-3.00E-07,1.88E-07,4.80E-07,-9.10E-08,-1.38E-07,0.1,0.9,93.3%,97.2%,99.8%
Oconee 2,2009-06-01,627383,0,0.9,0.0,0,0,0,NA,-3.00E-07,1.88E-07,4.80E-07,-9.10E-08,-1.38E-07,0.1,0.8,93.3%,97.2%,99.8%
Oconee 2,2009-07-01,641918,0,0,0.0,0,0,0,NA,-1.00E-06,1.88E-07,2.85E-07,-1.46E-07,-1.39E-07,0.1,0.9,94.0%,95.7%,99.8%
Oconee 2,2009-08-01,635219,0,0,0.0,0,0,0,NA,-1.00E-06,1.88E-07,2.85E-07,-1.46E-07,-1.39E-07,0.1,0.9,94.0%,95.7%,99.8%
Oconee 2,2009-09-01,612950,0,0,0.0,0,0,0,NA,-1.00E-06,1.88E-07,2.85E-07,-1.46E-07,-1.39E-07,0.1,0.9,94.0%,95.7%,99.8%
Oconee 2,2009-10-01,641030,0,0,0.0,0,0,0,NA,-1.00E-06,1.88E-07,3.10E-07,-1.36E-07,-1.34E-07,0.1,0.9,92.9%,93.0%,99.8%
Oconee 2,2009-11-01,619565,0,0,0.0,0,0,0,NA,-1.00E-06,1.88E-07,3.10E-07,-1.36E-07,-1.34E-07,0.1,0.9,92.9%,93.0%,99.8%
Oconee 2,2009-12-01,646335,0,0,0.0,0,0,0,NA,-1.00E-06,1.88E-07,3.10E-07,-1.36E-07,-1.34E-07,0.1,0.7,92.9%,93.0%,99.8%
Oconee 3,2007-01-01,653910,0,0.9,0.0,1,0,0,NA,3.70E-06,1.05E-07,1.60E-07,-1.93E-07,3.60E-08,4.1,1.9,94.0%,96.3%,99.7%
Oconee 3,2007-02-01,589773,0,0.9,0.0,1,0,0,NA,3.70E-06,1.05E-07,1.60E-07,-1.93E-07,3.60E-08,2.7,1.7,94.0%,96.3%,99.7%
Oconee 3,2007-03-01,653463,0,0.9,0.0,1,0,0,NA,3.70E-06,1.05E-07,1.60E-07,-1.93E-07,3.60E-08,2.2,1.6,94.0%,96.3%,99.7%
Oconee 3,2007-04-01,632038,0,0.8,0.0,1,0,0,NA,3.70E-06,1.05E-07,-7.00E-08,-1.93E-07,1.40E-08,1.6,1.7,94.5%,93.0%,99.7%
Oconee 3,2007-05-01,651359,0,0.8,0.0,1,0,0,NA,3.70E-06,1.05E-07,-7.00E-08,-1.93E-07,1.40E-08,1.6,1.7,94.5%,93.0%,99.7%
Oconee 3,2007-06-01,628795,0,0.8,0.0,1,0,0,NA,3.70E-06,1.05E-07,-7.00E-08,-1.93E-07,1.40E-08,1.6,1.8,94.5%,93.0%,99.7%
Oconee 3,2007-07-01,644828,0,0,0.0,0,0,0,NA,-7.00E-07,9.50E-08,-3.00E-08,-1.93E-07,1.60E-08,1.6,1.5,93.5%,92.3%,99.8%
Oconee 3,2007-08-01,638496,0,0,0.0,0,0,0,NA,-7.00E-07,9.50E-08,-3.00E-08,-1.93E-07,1.60E-08,1.7,1.4,93.5%,92.3%,99.8%
Oconee 3,2007-09-01,614843,0,0,0.0,0,0,0,NA,-7.00E-07,9.50E-08,-3.00E-08,-1.93E-07,1.60E-08,2.0,2.0,93.5%,92.3%,99.8%
Oconee 3,2007-10-01,518837,0,0,0.0,0,0,0,NA,-1.03E-06,9.40E-08,6.00E-08,1.40E-07,1.00E-08,1.6,2.6,94.4%,96.1%,99.8%
Oconee 3,2007-11-01,-1943,0,0,0.0,0,0,0,NA,-1.03E-06,9.40E-08,6.00E-08,1.40E-07,1.00E-08,0.0,0.0,94.4%,96.1%,99.8%
Oconee 3,2007-12-01,235538,0,0,0.0,0,0,0,NA,-1.03E-06,9.40E-08,6.00E-08,1.40E-07,1.00E-08,0.7,1.2,94.4%,96.1%,99.8%
Oconee 3,2008-01-01,651436,0,0,0.0,0,0,0,NA,-1.22E-06,9.40E-08,9.00E-08,-1.93E-07,1.00E-09,0.7,0.5,95.3%,95.8%,99.7%
Oconee 3,2008-02-01,611313,0,0,0.0,0,0,0,NA,-1.22E-06,9.40E-08,9.00E-08,-1.93E-07,1.00E-09,0.8,0.6,95.3%,95.8%,99.7%
Oconee 3,2008-03-01,652309,0,0,0.0,0,0,0,NA,-1.22E-06,9.40E-08,9.00E-08,-1.93E-07,1.00E-09,0.8,0.6,95.3%,95.8%,99.7%
Oconee 3,2008-04-01,631889,0,0,0.0,0,0,0,NA,-1.22E-06,9.40E-08,2.30E-07,-1.63E-07,-4.20E-08,0.7,0.4,93.2%,95.0%,99.7%
Oconee 3,2008-05-01,651664,0,0,0.0,0,0,0,NA,-1.22E-06,9.40E-08,2.30E-07,-1.63E-07,-4.20E-08,0.8,0.7,93.2%,95.0%,99.7%
Oconee 3,2008-06-01,627213,0,0,0.0,0,0,0,NA,-1.22E-06,9.40E-08,2.30E-07,-1.63E-07,-4.20E-08,1.5,0.5,93.2%,95.0%,99.7%
Oconee 3,2008-07-01,642061,0,0,0.0,0,0,0,NA,-1.83E-06,9.40E-08,2.10E-07,-1.90E-07,-5.60E-08,0.9,0.3,93.9%,95.1%,99.7%
Oconee 3,2008-08-01,635900,0,0,0.0,0,0,0,NA,-1.83E-06,9.40E-08,2.10E-07,-1.90E-07,-5.60E-08,0.9,0.5,93.9%,95.1%,99.7%
Oconee 3,2008-09-01,616380,0,0,0.0,0,0,0,NA,-1.83E-06,9.40E-08,2.10E-07,-1.90E-07,-5.60E-08,0.9,0.5,93.9%,95.1%,99.7%
Oconee 3,2008-10-01,643873,0.8,0,0.0,0,0,0,NA,-1.12E-06,9.40E-08,2.00E-07,-1.92E-07,-5.40E-08,0.9,0.6,93.9%,92.9%,99.7%
Oconee 3,2008-11-01,561702,0.8,0,0.0,0,0,0,NA,-1.12E-06,9.40E-08,2.00E-07,-1.92E-07,-5.40E-08,1.1,1.3,93.9%,92.9%,99.7%
Oconee 3,2008-12-01,649368,0.8,0,0.0,0,0,0,NA,-1.12E-06,9.40E-08,2.00E-07,-1.92E-07,-5.40E-08,1.1,1.0,93.9%,92.9%,99.7%
Oconee 3,2009-01-01,652107,0.8,0,0.0,0,0,0,NA,-1.00E-07,9.40E-08,2.30E-07,1.00E-07,-5.80E-08,1.1,0.6,94.0%,95.8%,99.7%
Oconee 3,2009-02-01,589129,0.8,0,0.0,0,0,0,NA,-1.00E-07,9.40E-08,2.30E-07,1.00E-07,-5.80E-08,1.1,1.0,94.0%,95.8%,99.7%
Oconee 3,2009-03-01,650280,0.8,0,0.0,0,0,0,NA,-1.00E-07,9.40E-08,2.30E-07,1.00E-07,-5.80E-08,1.1,0.6,94.0%,95.8%,99.7%
Oconee 3,2009-04-01,502708,1.7,0,0.0,0,0,0,NA,0.00E+00,-2.32E-07,2.30E-07,1.65E-07,-5.90E-08,1.2,0.3,93.3%,97.2%,99.8%
Oconee 3,2009-05-01,131433,1.7,0,0.0,0,0,0,NA,0.00E+00,-2.32E-07,2.30E-07,1.65E-07,-5.90E-08,0.0,0.9,93.3%,97.2%,99.8%
Oconee 3,2009-06-01,625776,1.7,0,0.0,0,0,0,NA,0.00E+00,-2.32E-07,2.30E-07,1.65E-07,-5.90E-08,0.4,0.6,93.3%,97.2%,99.8%
Oconee 3,2009-07-01,643633,1.7,0,0.0,0,0,0,NA,-7.00E-07,-2.32E-07,0.00E+00,1.74E-07,-4.20E-08,0.4,0.5,94.0%,95.7%,99.8%
Oconee 3,2009-08-01,637838,1.7,0,0.0,0,0,0,NA,-7.00E-07,-2.32E-07,0.00E+00,1.74E-07,-4.20E-08,0.4,0.6,94.0%,95.7%,99.8%
Oconee 3,2009-09-01,617836,1.7,0,0.0,0,0,0,NA,-7.00E-07,-2.32E-07,0.00E+00,1.74E-07,-4.20E-08,0.4,0.6,94.0%,95.7%,99.8%
Oconee 3,2009-10-01,644223,0.9,0,0.0,0,0,0,NA,-9.00E-07,-2.32E-07,1.00E-08,1.75E-07,-4.90E-08,0.5,0.6,92.9%,93.0%,99.8%
Oconee 3,2009-11-01,629113,0.9,0,0.0,0,0,0,NA,-9.00E-07,-2.32E-07,1.00E-08,1.75E-07,-4.90E-08,0.5,0.5,92.9%,93.0%,99.8%
Oconee 3,2009-12-01,650618,0.9,0,0.0,0,0,0,NA,-9.00E-07,-2.32E-07,1.00E-08,1.75E-07,-4.90E-08,0.5,0.5,92.9%,93.0%,99.8%
Palisades,2007-01-01,603143,0.9,1.9,0.0,5,1,0,NA,5.30E-08,-1.40E-07,2.70E-07,0.00E+00,5.05E-07,2.7,1.1,96.5%,96.2%,100.0%
Palisades,2007-02-01,497774,0.9,1.9,0.0,5,1,0,NA,5.30E-08,-1.40E-07,2.70E-07,0.00E+00,5.05E-07,2.8,2.4,96.5%,96.2%,100.0%
Palisades,2007-03-01,485071,0.9,1.9,0.0,5,1,0,NA,5.30E-08,-1.40E-07,2.70E-07,0.00E+00,5.05E-07,3.6,1.3,96.5%,96.2%,100.0%
Palisades,2007-04-01,583991,0.8,1.7,0.0,4,0,0,NA,2.32E-07,-1.40E-07,2.70E-07,0.00E+00,5.08E-07,3.4,1.6,96.3%,99.2%,100.0%
Palisades,2007-05-01,465196,0.8,1.7,0.0,4,0,0,NA,2.32E-07,-1.40E-07,2.70E-07,0.00E+00,5.08E-07,4.1,2.4,96.3%,99.2%,100.0%
Palisades,2007-06-01,569217,0.8,1.7,0.0,4,0,0,NA,2.32E-07,-1.40E-07,2.70E-07,0.00E+00,5.08E-07,4.1,0,96.3%,99.2%,100.0%
Palisades,2007-07-01,585433,0.9,1.8,0.0,4,1,0,NA,1.88E-07,-1.40E-07,2.71E-07,-2.90E-08,5.08E-07,3.7,0,95.5%,99.2%,100.0%
Palisades,2007-08-01,582322,0.9,1.8,0.0,4,1,0,NA,1.88E-07,-1.40E-07,2.71E-07,-2.90E-08,5.08E-07,5.5,0,95.5%,99.2%,100.0%
Palisades,2007-09-01,149115,0.9,1.8,0.0,4,1,0,NA,1.88E-07,-1.40E-07,2.71E-07,-2.90E-08,5.08E-07,5.8,0,95.5%,99.2%,100.0%
Palisades,2007-10-01,118585,0.9,1.9,0.0,4,1,0,NA,1.86E-07,-1.50E-07,2.72E-07,-2.90E-08,5.19E-07,0.5,0,95.3%,98.4%,100.0%
Palisades,2007-11-01,581425,0.9,1.9,0.0,4,1,0,NA,1.86E-07,-1.50E-07,2.72E-07,-2.90E-08,5.19E-07,1.4,0.1,95.3%,98.4%,100.0%
Palisades,2007-12-01,604743,0.9,1.9,0.0,4,1,0,NA,1.86E-07,-1.50E-07,2.72E-07,-2.90E-08,5.19E-07,0.9,0.1,95.3%,98.4%,100.0%
Palisades,2008-01-01,541751,1.8,0.9,0.0,2,1,0,NA,1.87E-07,-1.10E-07,2.75E-07,-2.90E-08,-2.06E-07,0.9,0.1,95.7%,100.0%,99.9%
Palisades,2008-02-01,566389,1.8,0.9,0.0,2,1,0,NA,1.87E-07,-1.10E-07,2.75E-07,-2.90E-08,-2.06E-07,1.1,0,95.7%,100.0%,99.9%
Palisades,2008-03-01,607111,1.8,0.9,0.0,2,1,0,NA,1.87E-07,-1.10E-07,2.75E-07,-2.90E-08,-2.06E-07,1.1,0.1,95.7%,100.0%,99.9%
Palisades,2008-04-01,579786,1.8,0.9,0.0,3,1,0,NA,1.91E-07,-1.50E-07,2.77E-07,-2.90E-08,-2.48E-07,1.2,0.1,95.8%,100.0%,99.9%
Palisades,2008-05-01,556350,1.8,0.9,0.0,3,1,0,NA,1.91E-07,-1.50E-07,2.77E-07,-2.90E-08,-2.48E-07,1.2,0.1,95.8%,100.0%,99.9%
Palisades,2008-06-01,567071,1.8,0.9,0.0,3,1,0,NA,1.91E-07,-1.50E-07,2.77E-07,-2.90E-08,-2.48E-07,1.3,0.2,95.8%,100.0%,99.9%
Palisades,2008-07-01,582065,1.7,1.7,0.0,3,0,0,NA,1.97E-07,-1.50E-07,2.76E-07,-2.90E-08,-2.48E-07,1.4,0.6,95.9%,99.2%,99.9%
Palisades,2008-08-01,486670,1.7,1.7,0.0,3,0,0,NA,1.97E-07,-1.50E-07,2.76E-07,-2.90E-08,-2.48E-07,1.3,5.8,95.9%,99.2%,99.9%
Palisades,2008-09-01,567326,1.7,1.7,0.0,3,0,0,NA,1.97E-07,-1.50E-07,2.76E-07,-2.90E-08,-2.48E-07,1.3,0.3,95.9%,99.2%,99.9%
Palisades,2008-10-01,595073,1.6,0.8,0.0,3,0,0,NA,1.86E-07,-1.00E-07,3.04E-07,-4.04E-08,-2.48E-07,1.4,0.4,96.2%,100.0%,99.9%
Palisades,2008-11-01,581797,1.6,0.8,0.0,3,0,0,NA,1.86E-07,-1.00E-07,3.04E-07,-4.04E-08,-2.48E-07,1.1,0.4,96.2%,100.0%,99.9%
Palisades,2008-12-01,603347,1.6,0.8,0.0,3,0,0,NA,1.86E-07,-1.00E-07,3.04E-07,-4.04E-08,-2.48E-07,1.5,0.1,96.2%,100.0%,99.9%
Palisades,2009-01-01,602883,0.8,1.7,0.0,3,0,0,NA,1.93E-07,-3.19E-07,3.05E-07,-4.05E-08,-2.17E-07,1.0,0.1,97.9%,100.0%,100.0%
Palisades,2009-02-01,456765,0.8,1.7,0.0,3,0,0,NA,1.93E-07,-3.19E-07,3.05E-07,-4.05E-08,-2.17E-07,1.3,3.4,97.9%,100.0%,100.0%
Palisades,2009-03-01,408921,0.8,1.7,0.0,3,0,0,NA,1.93E-07,-3.19E-07,3.05E-07,-4.05E-08,-2.17E-07,1.5,0,97.9%,100.0%,100.0%
Palisades,2009-04-01,0,0,1.8,0.0,2,0,0,NA,2.28E-08,-3.25E-07,3.03E-07,-4.04E-08,-2.00E-07,NA,0,98.4%,98.3%,100.0%
Palisades,2009-05-01,556099,0,1.8,0.0,2,0,0,NA,2.28E-08,-3.25E-07,3.03E-07,-4.04E-08,-2.00E-07,0.8,0,98.4%,98.3%,100.0%
Palisades,2009-06-01,572986,0,1.8,0.0,2,0,0,NA,2.28E-08,-3.25E-07,3.03E-07,-4.04E-08,-2.00E-07,0.8,0,98.4%,98.3%,100.0%
Palisades,2009-07-01,586004,0,0.9,0.0,2,0,0,NA,1.94E-08,-3.38E-07,3.02E-07,-4.04E-08,-1.25E-07,0.8,0,98.1%,100.0%,100.0%
Palisades,2009-08-01,584081,0,0.9,0.0,2,0,0,NA,1.94E-08,-3.38E-07,3.02E-07,-4.04E-08,-1.25E-07,0.8,0,98.1%,100.0%,100.0%
Palisades,2009-09-01,569329,0,0.9,0.0,2,0,0,NA,1.94E-08,-3.38E-07,3.02E-07,-4.04E-08,-1.25E-07,0.8,0,98.1%,100.0%,100.0%
Palisades,2009-10-01,596345,0,0.9,0.0,0,0,0,NA,2.31E-08,-2.39E-07,-2.62E-07,-4.05E-08,-9.90E-08,0.7,0.1,98.4%,100.0%,99.9%
Palisades,2009-11-01,580914,0,0.9,0.0,0,0,0,NA,2.31E-08,-2.39E-07,-2.62E-07,-4.05E-08,-9.90E-08,0.7,0.3,98.4%,100.0%,99.9%
Palisades,2009-12-01,604383,0,0.9,0.0,0,0,0,NA,2.31E-08,-2.39E-07,-2.62E-07,-4.05E-08,-9.90E-08,0.7,0.4,98.4%,100.0%,99.9%
Palo Verde 1,2007-01-01,990150,1.2,2.4,0.0,1,1,0,3.00E-08,3.00E-08,5.70E-08,-9.60E-07,1.70E-08,3.00E-07,0,0.5,94.5%,95.6%,99.7%
Palo Verde 1,2007-02-01,892571,1.2,2.4,0.0,1,1,0,3.00E-08,3.00E-08,5.70E-08,-9.60E-07,1.70E-08,3.00E-07,0,0.5,94.5%,95.6%,99.7%
Palo Verde 1,2007-03-01,986662,1.2,2.4,0.0,1,1,0,3.00E-08,3.00E-08,5.70E-08,-9.60E-07,1.70E-08,3.00E-07,0,0.6,94.5%,95.6%,99.7%
Palo Verde 1,2007-04-01,953146,1.0,2.0,0.0,1,1,0,4.00E-08,4.00E-08,-3.40E-08,-9.50E-07,2.00E-08,-2.70E-07,0,0.6,94.0%,98.9%,99.9%
Palo Verde 1,2007-05-01,566763,1.0,2.0,0.0,1,1,0,4.00E-08,4.00E-08,-3.40E-08,-9.50E-07,2.00E-08,-2.70E-07,0,0.7,94.0%,98.9%,99.9%
Palo Verde 1,2007-06-01,-3770,1.0,2.0,0.0,1,1,0,4.00E-08,4.00E-08,-3.40E-08,-9.50E-07,2.00E-08,-2.70E-07,NA,NA,94.0%,98.9%,99.9%
Palo Verde 1,2007-07-01,300795,1.0,0,0.0,1,1,0,1.30E-07,1.30E-07,-3.60E-08,-8.40E-07,3.20E-08,-2.70E-07,0,0.9,94.0%,99.5%,100.0%
Palo Verde 1,2007-08-01,972286,1.0,0,0.0,1,1,0,1.30E-07,1.30E-07,-3.60E-08,-8.40E-07,3.20E-08,-2.70E-07,0,0.4,94.0%,99.5%,100.0%
Palo Verde 1,2007-09-01,943805,1.0,0,0.0,1,1,0,1.30E-07,1.30E-07,-3.60E-08,-8.40E-07,3.20E-08,-2.70E-07,0,0.5,94.0%,99.5%,100.0%
Palo Verde 1,2007-10-01,660136,0,2.0,0.0,0,0,0,2.60E-07,2.60E-07,2.00E-09,-1.60E-07,3.10E-08,-1.00E-07,0,0.2,93.0%,99.5%,100.0%
Palo Verde 1,2007-11-01,611179,0,2.0,0.0,0,0,0,2.60E-07,2.60E-07,2.00E-09,-1.60E-07,3.10E-08,-1.00E-07,0,0.2,93.0%,99.5%,100.0%
Palo Verde 1,2007-12-01,967410,0,2.0,0.0,0,0,0,2.60E-07,2.60E-07,2.00E-09,-1.60E-07,3.10E-08,-1.00E-07,0,0.4,93.0%,99.5%,100.0%
Palo Verde 1,2008-01-01,986703,0,2.0,0.0,0,0,0,1.00E-07,1.00E-07,1.00E-09,-1.84E-07,2.00E-08,-1.60E-07,0,1.0,94.4%,98.9%,100.0%
Palo Verde 1,2008-02-01,924311,0,2.0,0.0,0,0,0,1.00E-07,1.00E-07,1.00E-09,-1.84E-07,2.00E-08,-1.60E-07,0,0.4,94.4%,98.9%,100.0%
Palo Verde 1,2008-03-01,986355,0,2.0,0.0,0,0,0,1.00E-07,1.00E-07,1.00E-09,-1.84E-07,2.00E-08,-1.60E-07,0,0.3,94.4%,98.9%,100.0%
Palo Verde 1,2008-04-01,950539,0,2.6,0.0,0,0,0,7.00E-08,7.00E-08,-2.00E-09,-2.29E-07,1.90E-08,-1.60E-07,0,0.4,94.0%,100.0%,100.0%
Palo Verde 1,2008-05-01,984720,0,2.6,0.0,0,0,0,7.00E-08,7.00E-08,-2.00E-09,-2.29E-07,1.90E-08,-1.60E-07,0,0.3,94.0%,100.0%,100.0%
Palo Verde 1,2008-06-01,834819,0,2.6,0.0,0,0,0,7.00E-08,7.00E-08,-2.00E-09,-2.29E-07,1.90E-08,-1.60E-07,0,0.4,94.0%,100.0%,100.0%
Palo Verde 1,2008-07-01,972884,0,3.4,0.0,0,0,0,-2.00E-07,-2.00E-07,-4.50E-09,-2.53E-07,2.50E-08,-1.60E-07,0,0.5,95.0%,100.0%,100.0%
Palo Verde 1,2008-08-01,974559,0,3.4,0.0,0,0,0,-2.00E-07,-2.00E-07,-4.50E-09,-2.53E-07,2.50E-08,-1.60E-07,0,0.4,95.0%,100.0%,100.0%
Palo Verde 1,2008-09-01,933474,0,3.4,0.0,0,0,0,-2.00E-07,-2.00E-07,-4.50E-09,-2.53E-07,2.50E-08,-1.60E-07,0,0.5,95.0%,100.0%,100.0%
Palo Verde 1,2008-10-01,89135,0,1.8,0.0,0,0,0,-1.80E-07,-1.80E-07,-8.30E-09,-2.62E-07,2.40E-08,-1.60E-07,0,0.2,94.6%,84.7%,99.8%
Palo Verde 1,2008-11-01,320109,0,1.8,0.0,0,0,0,-1.80E-07,-1.80E-07,-8.30E-09,-2.62E-07,2.40E-08,-1.60E-07,0,0.3,94.6%,84.7%,99.8%
Palo Verde 1,2008-12-01,995572,0,1.8,0.0,0,0,0,-1.80E-07,-1.80E-07,-8.30E-09,-2.62E-07,2.40E-08,-1.60E-07,0,0.3,94.6%,84.7%,99.8%
Palo Verde 1,2009-01-01,998545,0,2.7,0.0,0,0,0,-1.19E-07,-1.19E-07,-1.73E-08,-1.02E-07,-1.20E-08,-1.90E-07,0,0.4,94.6%,100.0%,99.8%
Palo Verde 1,2009-02-01,901206,0,2.7,0.0,0,0,0,-1.19E-07,-1.19E-07,-1.73E-08,-1.02E-07,-1.20E-08,-1.90E-07,0,0.7,94.6%,100.0%,99.8%
Palo Verde 1,2009-03-01,904899,0,2.7,0.0,0,0,0,-1.19E-07,-1.19E-07,-1.73E-08,-1.02E-07,-1.20E-08,-1.90E-07,0,0.6,94.6%,100.0%,99.8%
Palo Verde 1,2009-04-01,962845,0,1.8,0.0,1,0,0,-1.12E-07,-1.12E-07,-1.87E-08,-1.12E-07,-1.34E-08,-1.90E-07,0,0.4,95.4%,100.0%,99.8%
Palo Verde 1,2009-05-01,990045,0,1.8,0.0,1,0,0,-1.12E-07,-1.12E-07,-1.87E-08,-1.12E-07,-1.34E-08,-1.90E-07,0,0.5,95.4%,100.0%,99.8%
Palo Verde 1,2009-06-01,957733,0,1.8,0.0,1,0,0,-1.12E-07,-1.12E-07,-1.87E-08,-1.12E-07,-1.34E-08,-1.90E-07,0,0.6,95.4%,100.0%,99.8%
Palo Verde 1,2009-07-01,981658,0,0.9,0.0,1,0,0,-1.14E-07,-1.14E-07,-1.85E-08,-1.12E-07,-1.23E-08,-1.90E-07,0,0.5,96.2%,100.0%,99.8%
Palo Verde 1,2009-08-01,984002,0,0.9,0.0,1,0,0,-1.14E-07,-1.14E-07,-1.85E-08,-1.12E-07,-1.23E-08,-1.90E-07,0,0.5,96.2%,100.0%,99.8%
Palo Verde 1,2009-09-01,953934,0,0.9,0.0,1,0,0,-1.14E-07,-1.14E-07,-1.85E-08,-1.12E-07,-1.23E-08,-1.90E-07,0,0.6,96.2%,100.0%,99.8%
Palo Verde 1,2009-10-01,992649,0,0.8,0.0,1,0,0,-1.29E-07,-1.29E-07,-1.88E-08,-1.17E-07,-1.29E-08,-1.90E-07,0,0.6,96.1%,100.0%,100.0%
Palo Verde 1,2009-11-01,964575,0,0.8,0.0,1,0,0,-1.29E-07,-1.29E-07,-1.88E-08,-1.17E-07,-1.29E-08,-1.90E-07,0,0.4,96.1%,100.0%,100.0%
Palo Verde 1,2009-12-01,997633,0,0.8,0.0,1,0,0,-1.29E-07,-1.29E-07,-1.88E-08,-1.17E-07,-1.29E-08,-1.90E-07,0,0.5,96.1%,100.0%,100.0%
Palo Verde 2,2007-01-01,993644,0.9,1.9,0.0,0,1,0,NA,-2.00E-07,-2.70E-08,-3.40E-07,2.70E-08,-5.00E-08,0,0.3,94.5%,95.6%,99.7%
Palo Verde 2,2007-02-01,564835,0.9,1.9,0.0,0,1,0,NA,-2.00E-07,-2.70E-08,-3.40E-07,2.70E-08,-5.00E-08,0,0.5,94.5%,95.6%,99.7%
Palo Verde 2,2007-03-01,981175,0.9,1.9,0.0,0,1,0,NA,-2.00E-07,-2.70E-08,-3.40E-07,2.70E-08,-5.00E-08,0,0.7,94.5%,95.6%,99.7%
Palo Verde 2,2007-04-01,960397,0.9,2.8,0.0,0,1,0,NA,-4.90E-07,-2.90E-08,-3.10E-07,2.60E-08,-3.72E-07,0,0.3,94.0%,98.9%,99.9%
Palo Verde 2,2007-05-01,975296,0.9,2.8,0.0,0,1,0,NA,-4.90E-07,-2.90E-08,-3.10E-07,2.60E-08,-3.72E-07,0,0.6,94.0%,98.9%,99.9%
Palo Verde 2,2007-06-01,939052,0.9,2.8,0.0,0,1,0,NA,-4.90E-07,-2.90E-08,-3.10E-07,2.60E-08,-3.72E-07,0,0.6,94.0%,98.9%,99.9%
Palo Verde 2,2007-07-01,930033,0,3.7,0.0,0,1,0,NA,-5.20E-07,-2.90E-08,-4.60E-07,1.40E-08,-3.72E-07,0,0.5,94.0%,99.5%,100.0%
Palo Verde 2,2007-08-01,976448,0,3.7,0.0,0,1,0,NA,-5.20E-07,-2.90E-08,-4.60E-07,1.40E-08,-3.72E-07,0.1,0.5,94.0%,99.5%,100.0%
Palo Verde 2,2007-09-01,949988,0,3.7,0.0,0,1,0,NA,-5.20E-07,-2.90E-08,-4.60E-07,1.40E-08,-3.72E-07,0,0.4,94.0%,99.5%,100.0%
Palo Verde 2,2007-10-01,733817,0.8,3.3,0.0,0,0,0,NA,-2.92E-07,2.00E-09,-1.56E-07,8.96E-09,-1.56E-07,0,0.8,93.0%,99.5%,100.0%
Palo Verde 2,2007-11-01,958434,0.8,3.3,0.0,0,0,0,NA,-2.92E-07,2.00E-09,-1.56E-07,8.96E-09,-1.56E-07,0,0.5,93.0%,99.5%,100.0%
Palo Verde 2,2007-12-01,994476,0.8,3.3,0.0,0,0,0,NA,-2.92E-07,2.00E-09,-1.56E-07,8.96E-09,-1.56E-07,0,0.6,93.0%,99.5%,100.0%
Palo Verde 2,2008-01-01,996897,0.8,1.6,0.0,0,0,0,NA,-1.00E-07,3.00E-09,-1.98E-07,8.70E-09,-1.56E-07,0.1,0.6,94.4%,98.9%,100.0%
Palo Verde 2,2008-02-01,933958,0.8,1.6,0.0,0,0,0,NA,-1.00E-07,3.00E-09,-1.98E-07,8.70E-09,-1.56E-07,0.1,0.5,94.4%,98.9%,100.0%
Palo Verde 2,2008-03-01,897540,0.8,1.6,0.0,0,0,0,NA,-1.00E-07,3.00E-09,-1.98E-07,8.70E-09,-1.56E-07,0.1,0.5,94.4%,98.9%,100.0%
Palo Verde 2,2008-04-01,-3681,2.0,1.0,0.0,0,0,0,NA,-8.00E-08,3.00E-09,-2.00E-07,-9.80E-09,-1.56E-07,NA,NA,94.0%,100.0%,100.0%
Palo Verde 2,2008-05-01,-15958,2.0,1.0,0.0,0,0,0,NA,-8.00E-08,3.00E-09,-2.00E-07,-9.80E-09,-1.56E-07,NA,0.2,94.0%,100.0%,100.0%
Palo Verde 2,2008-06-01,733463,2.0,1.0,0.0,0,0,0,NA,-8.00E-08,3.00E-09,-2.00E-07,-9.80E-09,-1.56E-07,0,0.5,94.0%,100.0%,100.0%
Palo Verde 2,2008-07-01,980646,2.0,0,0.0,1,0,0,NA,-9.00E-08,-9.50E-09,-2.67E-07,-6.90E-09,-1.56E-07,0,0.7,95.0%,100.0%,100.0%
Palo Verde 2,2008-08-01,980770,2.0,0,0.0,1,0,0,NA,-9.00E-08,-9.50E-09,-2.67E-07,-6.90E-09,-1.56E-07,0,0.6,95.0%,100.0%,100.0%
Palo Verde 2,2008-09-01,953041,2.0,0,0.0,1,0,0,NA,-9.00E-08,-9.50E-09,-2.67E-07,-6.90E-09,-1.56E-07,0,0.3,95.0%,100.0%,100.0%
Palo Verde 2,2008-10-01,992783,1.0,0,0.0,1,0,0,NA,2.00E-08,-9.40E-09,-2.67E-07,-1.06E-08,-1.56E-07,0,0.4,94.6%,84.7%,99.8%
Palo Verde 2,2008-11-01,671168,1.0,0,0.0,1,0,0,NA,2.00E-08,-9.40E-09,-2.67E-07,-1.06E-08,-1.56E-07,0,0.7,94.6%,84.7%,99.8%
Palo Verde 2,2008-12-01,503455,1.0,0,0.0,1,0,0,NA,2.00E-08,-9.40E-09,-2.67E-07,-1.06E-08,-1.56E-07,0,0.4,94.6%,84.7%,99.8%
Palo Verde 2,2009-01-01,993266,1.0,0,0.0,1,0,0,NA,3.73E-08,-2.18E-08,-1.06E-07,-2.25E-08,-1.89E-07,0,0.6,94.6%,100.0%,99.8%
Palo Verde 2,2009-02-01,902662,1.0,0,0.0,1,0,0,NA,3.73E-08,-2.18E-08,-1.06E-07,-2.25E-08,-1.89E-07,0,0.5,94.6%,100.0%,99.8%
Palo Verde 2,2009-03-01,998040,1.0,0,0.0,1,0,0,NA,3.73E-08,-2.18E-08,-1.06E-07,-2.25E-08,-1.89E-07,0,0.9,94.6%,100.0%,99.8%
Palo Verde 2,2009-04-01,963492,0,0,0.0,2,0,0,NA,4.03E-08,-2.08E-08,-1.59E-07,-2.28E-08,-1.89E-07,0,0.6,95.4%,100.0%,99.8%
Palo Verde 2,2009-05-01,991197,0,0,0.0,2,0,0,NA,4.03E-08,-2.08E-08,-1.59E-07,-2.28E-08,-1.89E-07,0,0.7,95.4%,100.0%,99.8%
Palo Verde 2,2009-06-01,957986,0,0,0.0,2,0,0,NA,4.03E-08,-2.08E-08,-1.59E-07,-2.28E-08,-1.89E-07,0,0.8,95.4%,100.0%,99.8%
Palo Verde 2,2009-07-01,981216,0,0,0.0,2,0,0,NA,3.53E-08,-2.08E-08,-1.57E-07,-2.32E-08,-1.89E-07,0,0.9,96.2%,100.0%,99.8%
Palo Verde 2,2009-08-01,983965,0,0,0.0,2,0,0,NA,3.53E-08,-2.08E-08,-1.57E-07,-2.32E-08,-1.89E-07,0,0.7,96.2%,100.0%,99.8%
Palo Verde 2,2009-09-01,953558,0,0,0.0,2,0,0,NA,3.53E-08,-2.08E-08,-1.57E-07,-2.32E-08,-1.89E-07,0,0.9,96.2%,100.0%,99.8%
Palo Verde 2,2009-10-01,56275,0,1.0,0.0,2,0,0,NA,4.00E-08,-2.07E-08,-1.60E-07,-2.28E-08,-1.89E-07,0,NA,96.1%,100.0%,100.0%
Palo Verde 2,2009-11-01,-12029,0,1.0,0.0,2,0,0,NA,4.00E-08,-2.07E-08,-1.60E-07,-2.28E-08,-1.89E-07,NA,0.7,96.1%,100.0%,100.0%
Palo Verde 2,2009-12-01,739893,0,1.0,0.0,2,0,0,NA,4.00E-08,-2.07E-08,-1.60E-07,-2.28E-08,-1.89E-07,0,0.7,96.1%,100.0%,100.0%
Palo Verde 3,2007-01-01,766275,1.8,0,0.0,0,1,0,NA,-2.93E-07,-4.80E-08,-5.44E-07,-2.00E-08,-1.40E-07,0,0.9,94.5%,95.6%,99.7%
Palo Verde 3,2007-02-01,809076,1.8,0,0.0,0,1,0,NA,-2.93E-07,-4.80E-08,-5.44E-07,-2.00E-08,-1.40E-07,0,0.2,94.5%,95.6%,99.7%
Palo Verde 3,2007-03-01,916797,1.8,0,0.0,0,1,0,NA,-2.93E-07,-4.80E-08,-5.44E-07,-2.00E-08,-1.40E-07,0,0.3,94.5%,95.6%,99.7%
Palo Verde 3,2007-04-01,310775,1.7,1.7,0.0,0,1,0,NA,-2.40E-07,-3.80E-08,-5.00E-07,-2.00E-08,-3.54E-07,0,0.6,94.0%,98.9%,99.9%
Palo Verde 3,2007-05-01,791014,1.7,1.7,0.0,0,1,0,NA,-2.40E-07,-3.80E-08,-5.00E-07,-2.00E-08,-3.54E-07,0,0.2,94.0%,98.9%,99.9%
Palo Verde 3,2007-06-01,850142,1.7,1.7,0.0,0,1,0,NA,-2.40E-07,-3.80E-08,-5.00E-07,-2.00E-08,-3.54E-07,0,0.4,94.0%,98.9%,99.9%
Palo Verde 3,2007-07-01,884234,0.9,1.7,0.0,0,1,0,NA,-2.70E-07,-4.60E-08,-5.82E-07,-1.64E-08,-3.54E-07,0,0.5,94.6%,99.5%,100.0%
Palo Verde 3,2007-08-01,893359,0.9,1.7,0.0,0,1,0,NA,-2.70E-07,-4.60E-08,-5.82E-07,-1.64E-08,-3.54E-07,0,0.5,94.6%,99.5%,100.0%
Palo Verde 3,2007-09-01,772018,0.9,1.7,0.0,0,1,0,NA,-2.70E-07,-4.60E-08,-5.82E-07,-1.64E-08,-3.54E-07,0,0.4,94.6%,99.5%,100.0%
Palo Verde 3,2007-10-01,-3246,0,2.4,0.0,0,0,0,NA,5.00E-09,-1.00E-09,-2.47E-07,-3.40E-09,-1.51E-07,N/A,N/A,93.0%,99.5%,100.0%
Palo Verde 3,2007-11-01,-3130,0,2.4,0.0,0,0,0,NA,5.00E-09,-1.00E-09,-2.47E-07,-3.40E-09,-1.51E-07,N/A,N/A,93.0%,99.5%,100.0%
Palo Verde 3,2007-12-01,-3651,0,2.4,0.0,0,0,0,NA,5.00E-09,-1.00E-09,-2.47E-07,-3.40E-09,-1.51E-07,N/A,N/A,93.0%,99.5%,100.0%
Palo Verde 3,2008-01-01,316964,0,2.4,0.0,0,0,0,NA,3.00E-08,-5.90E-09,-2.62E-07,-2.20E-09,-1.51E-07,0,0.5,94.4%,98.9%,100.0%
Palo Verde 3,2008-02-01,924616,0,2.4,0.0,0,0,0,NA,3.00E-08,-5.90E-09,-2.62E-07,-2.20E-09,-1.51E-07,0,0.2,94.4%,98.9%,100.0%
Palo Verde 3,2008-03-01,987648,0,2.4,0.0,0,0,0,NA,3.00E-08,-5.90E-09,-2.62E-07,-2.20E-09,-1.51E-07,0,0.5,94.4%,98.9%,100.0%
Palo Verde 3,2008-04-01,957681,0,0,0.0,0,0,0,NA,1.13E-07,-6.40E-09,-3.07E-07,3.00E-10,-1.51E-07,0,0.3,94.0%,100.0%,100.0%
Palo Verde 3,2008-05-01,986139,0,0,0.0,0,0,0,NA,1.13E-07,-6.40E-09,-3.07E-07,3.00E-10,-1.51E-07,0,0.1,94.0%,100.0%,100.0%
Palo Verde 3,2008-06-01,950615,0,0,0.0,0,0,0,NA,1.13E-07,-6.40E-09,-3.07E-07,3.00E-10,-1.51E-07,0,0.4,94.0%,100.0%,100.0%
Palo Verde 3,2008-07-01,973758,2.3,1.1,0.0,0,0,0,NA,9.30E-08,-9.40E-09,-3.80E-07,-5.00E-10,-1.37E-07,0,0.3,95.0%,100.0%,100.0%
Palo Verde 3,2008-08-01,975419,2.3,1.1,0.0,0,0,0,NA,9.30E-08,-9.40E-09,-3.80E-07,-5.00E-10,-1.37E-07,0,0.5,95.0%,100.0%,100.0%
Palo Verde 3,2008-09-01,690166,2.3,1.1,0.0,0,0,0,NA,9.30E-08,-9.40E-09,-3.80E-07,-5.00E-10,-1.37E-07,0,0.3,95.0%,100.0%,100.0%
Palo Verde 3,2008-10-01,965301,1.7,0.8,0.0,0,0,0,NA,1.03E-07,-1.19E-08,-4.00E-07,-2.20E-09,-1.37E-07,0,0.5,94.6%,84.7%,99.8%
Palo Verde 3,2008-11-01,953963,1.7,0.8,0.0,0,0,0,NA,1.03E-07,-1.19E-08,-4.00E-07,-2.20E-09,-1.37E-07,0,0.3,94.6%,84.7%,99.8%
Palo Verde 3,2008-12-01,990964,1.7,0.8,0.0,0,0,0,NA,1.03E-07,-1.19E-08,-4.00E-07,-2.20E-09,-1.37E-07,0,0.3,94.6%,84.7%,99.8%
Palo Verde 3,2009-01-01,989545,1.6,0.8,0.0,0,0,0,NA,1.42E-07,-2.11E-08,-1.65E-07,-1.78E-08,-1.79E-07,0,0.4,94.6%,100.0%,99.8%
Palo Verde 3,2009-02-01,890857,1.6,0.8,0.0,0,0,0,NA,1.42E-07,-2.11E-08,-1.65E-07,-1.78E-08,-1.79E-07,0,0.3,94.6%,100.0%,99.8%
Palo Verde 3,2009-03-01,986519,1.6,0.8,0.0,0,0,0,NA,1.42E-07,-2.11E-08,-1.65E-07,-1.78E-08,-1.79E-07,0,0.5,94.6%,100.0%,99.8%
Palo Verde 3,2009-04-01,89628,1.9,0.9,0.0,1,0,0,NA,2.23E-07,-2.11E-08,-1.58E-07,6.94E-08,-1.79E-07,0,0.2,95.4%,100.0%,99.8%
Palo Verde 3,2009-05-01,55823,1.9,0.9,0.0,1,0,0,NA,2.23E-07,-2.11E-08,-1.58E-07,6.94E-08,-1.79E-07,N/A,0.2,95.4%,100.0%,99.8%
Palo Verde 3,2009-06-01,951763,1.9,0.9,0.0,1,0,0,NA,2.23E-07,-2.11E-08,-1.58E-07,6.94E-08,-1.79E-07,0,0.5,95.4%,100.0%,99.8%
Palo Verde 3,2009-07-01,975801,0,0,0.0,1,0,0,NA,4.39E-08,-2.01E-08,-1.61E-07,7.16E-08,-1.81E-07,0,0.3,96.2%,100.0%,99.8%
Palo Verde 3,2009-08-01,978939,0,0,0.0,1,0,0,NA,4.39E-08,-2.01E-08,-1.61E-07,7.16E-08,-1.81E-07,0,0.3,96.2%,100.0%,99.8%
Palo Verde 3,2009-09-01,948443,0,0,0.0,1,0,0,NA,4.39E-08,-2.01E-08,-1.61E-07,7.16E-08,-1.81E-07,0,0.2,96.2%,100.0%,99.8%
Palo Verde 3,2009-10-01,986607,0.9,0,0.0,1,0,0,NA,3.24E-08,-2.01E-08,-1.63E-07,7.19E-08,-1.81E-07,0,0.4,96.1%,100.0%,100.0%
Palo Verde 3,2009-11-01,956078,0.9,0,0.0,1,0,0,NA,3.24E-08,-2.01E-08,-1.63E-07,7.19E-08,-1.81E-07,0,0.3,96.1%,100.0%,100.0%
Palo Verde 3,2009-12-01,752603,0.9,0,0.0,1,0,0,NA,3.24E-08,-2.01E-08,-1.63E-07,7.19E-08,-1.81E-07,0,0.7,96.1%,100.0%,100.0%
Peach Bottom 2,2007-01-01,849428,0.9,1.7,NA,NA,1.0,0,NA,4.00E-08,9.30E-08,-2.10E-07,-3.01E-09,-2.79E-09,0.1,7.1,97.3%,100.0%,99.3%
Peach Bottom 2,2007-02-01,759606,0.9,1.7,NA,NA,1.0,0,NA,4.00E-08,9.30E-08,-2.10E-07,-3.01E-09,-2.79E-09,0.1,7.4,97.3%,100.0%,99.3%
Peach Bottom 2,2007-03-01,847606,0.9,1.7,NA,NA,1.0,0,NA,4.00E-08,9.30E-08,-2.10E-07,-3.01E-09,-2.79E-09,0.1,7.0,97.3%,100.0%,99.3%
Peach Bottom 2,2007-04-01,813344,0.9,1.7,NA,NA,1.0,0,NA,1.00E-08,-1.28E-07,-1.53E-07,-1.17E-09,-3.85E-09,0.1,7.1,98.0%,100.0%,99.5%
Peach Bottom 2,2007-05-01,845135,0.9,1.7,NA,NA,1.0,0,NA,1.00E-08,-1.28E-07,-1.53E-07,-1.17E-09,-3.85E-09,0.1,7.2,98.0%,100.0%,99.5%
Peach Bottom 2,2007-06-01,810870,0.9,1.7,NA,NA,1.0,0,NA,1.00E-08,-1.28E-07,-1.53E-07,-1.17E-09,-3.85E-09,0.1,7.2,98.0%,100.0%,99.5%
Peach Bottom 2,2007-07-01,834018,0.8,1.6,0.0,NA,1.0,0,NA,1.72E-07,-1.29E-07,-1.53E-07,-1.09E-09,-7.30E-10,0.1,7.2,97.2%,97.7%,99.7%
Peach Bottom 2,2007-08-01,833701,0.8,1.6,0.0,NA,1.0,0,NA,1.72E-07,-1.29E-07,-1.53E-07,-1.09E-09,-7.30E-10,0.1,7.3,97.2%,97.7%,99.7%
Peach Bottom 2,2007-09-01,759255,0.8,1.6,0.0,NA,1.0,0,NA,1.72E-07,-1.29E-07,-1.53E-07,-1.09E-09,-7.30E-10,0.1,7.2,97.2%,97.7%,99.7%
Peach Bottom 2,2007-10-01,842531,0,0.8,0.0,NA,1.0,0,NA,1.92E-07,-1.27E-07,-1.53E-07,-8.60E-10,4.60E-10,0.1,7.4,97.4%,100.0%,99.8%
Peach Bottom 2,2007-11-01,823885,0,0.8,0.0,NA,1.0,0,NA,1.92E-07,-1.27E-07,-1.53E-07,-8.60E-10,4.60E-10,0,7.1,97.4%,100.0%,99.8%
Peach Bottom 2,2007-12-01,848525,0,0.8,0.0,NA,1.0,0,NA,1.92E-07,-1.27E-07,-1.53E-07,-8.60E-10,4.60E-10,0.1,7.0,97.4%,100.0%,99.8%
Peach Bottom 2,2008-01-01,838126,0,0,0.0,NA,0,0,NA,1.60E-07,-1.27E-07,-1.53E-07,-8.60E-10,2.70E-10,0,7.2,96.6%,100.0%,99.8%
Peach Bottom 2,2008-02-01,795478,0,0,0.0,NA,0,0,NA,1.60E-07,-1.27E-07,-1.53E-07,-8.60E-10,2.70E-10,0,7.0,96.6%,100.0%,99.8%
Peach Bottom 2,2008-03-01,848627,0,0,0.0,NA,0,0,NA,1.60E-07,-1.27E-07,-1.53E-07,-8.60E-10,2.70E-10,0.1,7.0,96.6%,100.0%,99.8%
Peach Bottom 2,2008-04-01,815994,0,0,0.0,NA,0,0,NA,-6.06E-07,-1.27E-07,-1.53E-07,-8.60E-10,-4.44E-10,0.1,7.1,96.4%,100.0%,99.8%
Peach Bottom 2,2008-05-01,831812,0,0,0.0,NA,0,0,NA,-6.06E-07,-1.27E-07,-1.53E-07,-8.60E-10,-4.44E-10,0.1,7.2,96.4%,100.0%,99.8%
Peach Bottom 2,2008-06-01,802010,0,0,0.0,NA,0,0,NA,-6.06E-07,-1.27E-07,-1.53E-07,-8.60E-10,-4.44E-10,0.1,7.2,96.4%,100.0%,99.8%
Peach Bottom 2,2008-07-01,798970,0,0,0.0,NA,0,0,NA,-4.29E-07,-1.27E-07,-1.53E-07,-8.40E-10,1.25E-08,0,7.6,96.5%,100.0%,99.8%
Peach Bottom 2,2008-08-01,732760,0,0,0.0,NA,0,0,NA,-4.29E-07,-1.27E-07,-1.53E-07,-8.40E-10,1.25E-08,0.2,7.4,96.5%,100.0%,99.8%
Peach Bottom 2,2008-09-01,293636,0,0,0.0,NA,0,0,NA,-4.29E-07,-1.27E-07,-1.53E-07,-8.40E-10,1.25E-08,0,7.2,96.5%,100.0%,99.8%
Peach Bottom 2,2008-10-01,276638,0,0.8,0.0,NA,0,0,NA,-4.95E-07,-1.28E-07,-1.53E-07,-8.30E-10,1.45E-08,0,7.0,96.6%,98.5%,99.7%
Peach Bottom 2,2008-11-01,828290,0,0.8,0.0,NA,0,0,NA,-4.95E-07,-1.28E-07,-1.53E-07,-8.30E-10,1.45E-08,0,7.1,96.6%,98.5%,99.7%
Peach Bottom 2,2008-12-01,854267,0,0.8,0.0,NA,0,0,NA,-4.95E-07,-1.28E-07,-1.53E-07,-8.30E-10,1.45E-08,0,7.1,96.6%,98.5%,99.7%
Peach Bottom 2,2009-01-01,851210,0,0,0.0,NA,0,0,NA,-4.34E-07,-1.17E-07,-1.53E-07,-8.30E-10,1.45E-08,0,7.1,96.2%,100.0%,99.7%
Peach Bottom 2,2009-02-01,755890,0,0,0.0,NA,0,0,NA,-4.34E-07,-1.17E-07,-1.53E-07,-8.30E-10,1.45E-08,0,7.1,96.2%,100.0%,99.7%
Peach Bottom 2,2009-03-01,853156,0,0,0.0,NA,0,0,NA,-4.34E-07,-1.17E-07,-1.53E-07,-8.30E-10,1.45E-08,0,7.1,96.2%,100.0%,99.7%
Peach Bottom 2,2009-04-01,810347,0,0,0.0,NA,0,0,NA,-3.00E-07,-1.17E-07,-1.53E-07,-1.05E-09,1.35E-08,0,7.2,96.6%,100.0%,99.8%
Peach Bottom 2,2009-05-01,851322,0,0,0.0,NA,0,0,NA,-3.00E-07,-1.17E-07,-1.53E-07,-1.05E-09,1.35E-08,0,7.7,96.6%,100.0%,99.8%
Peach Bottom 2,2009-06-01,818545,0,0,0.0,NA,0,0,NA,-3.00E-07,-1.17E-07,-1.53E-07,-1.05E-09,1.35E-08,0,7.4,96.6%,100.0%,99.8%
Peach Bottom 2,2009-07-01,840468,0,0,0.0,NA,0,0,NA,-2.90E-07,-1.17E-07,-1.53E-07,-1.11E-09,1.11E-08,0,7.4,97.4%,100.0%,99.8%
Peach Bottom 2,2009-08-01,836039,0,0,0.0,NA,0,0,NA,-2.90E-07,-1.17E-07,-1.53E-07,-1.11E-09,1.11E-08,0,7.6,97.4%,100.0%,99.8%
Peach Bottom 2,2009-09-01,804673,0,0,0.0,NA,0,0,NA,-2.90E-07,-1.17E-07,-1.53E-07,-1.11E-09,1.11E-08,0.2,7.2,97.4%,100.0%,99.8%
Peach Bottom 2,2009-10-01,849892,0,0.8,0.0,NA,0,0,NA,1.08E-07,-1.16E-07,-1.53E-07,-1.10E-09,1.31E-08,0,7.3,97.4%,100.0%,99.8%
Peach Bottom 2,2009-11-01,826529,0,0.8,0.0,NA,0,0,NA,1.08E-07,-1.16E-07,-1.53E-07,-1.10E-09,1.31E-08,0,7.3,97.4%,100.0%,99.8%
Peach Bottom 2,2009-12-01,843665,0,0.8,0.0,NA,0,0,NA,1.08E-07,-1.16E-07,-1.53E-07,-1.10E-09,1.31E-08,0,7.2,97.4%,100.0%,99.8%
Peach Bottom 3,2007-01-01,840460,0,0.8,0.0,0,1,0,4.00E-08,4.00E-08,6.17E-08,-1.95E-07,-2.26E-09,-5.66E-09,0,5.7,97.3%,100.0%,99.3%
Peach Bottom 3,2007-02-01,752285,0,0.8,0.0,0,1,0,4.00E-08,4.00E-08,6.17E-08,-1.95E-07,-2.26E-09,-5.66E-09,0,5.6,97.3%,100.0%,99.3%
Peach Bottom 3,2007-03-01,840630,0,0.8,0.0,0,1,0,4.00E-08,4.00E-08,6.17E-08,-1.95E-07,-2.26E-09,-5.66E-09,0.1,5.9,97.3%,100.0%,99.3%
Peach Bottom 3,2007-04-01,810893,0,0.8,0.0,0,1,0,6.50E-08,6.50E-08,6.17E-08,-1.68E-07,-9.70E-10,-6.87E-09,0,29.6,98.0%,100.0%,99.5%
Peach Bottom 3,2007-05-01,828507,0,0.8,0.0,0,1,0,6.50E-08,6.50E-08,6.17E-08,-1.68E-07,-9.70E-10,-6.87E-09,0,30.1,98.0%,100.0%,99.5%
Peach Bottom 3,2007-06-01,800648,0,0.8,0.0,0,1,0,6.50E-08,6.50E-08,6.17E-08,-1.68E-07,-9.70E-10,-6.87E-09,0,30.1,98.0%,100.0%,99.5%
Peach Bottom 3,2007-07-01,817370,0,0.8,0.0,0,1,0,1.96E-07,1.96E-07,6.19E-08,-1.68E-07,-9.70E-10,-3.76E-09,0.1,30.1,97.2%,97.7%,99.7%
Peach Bottom 3,2007-08-01,773508,0,0.8,0.0,0,1,0,1.96E-07,1.96E-07,6.19E-08,-1.68E-07,-9.70E-10,-3.76E-09,0,6.7,97.2%,97.7%,99.7%
Peach Bottom 3,2007-09-01,512505,0,0.8,0.0,0,1,0,1.96E-07,1.96E-07,6.19E-08,-1.68E-07,-9.70E-10,-3.76E-09,0,6.6,97.2%,97.7%,99.7%
Peach Bottom 3,2007-10-01,382422,0,0.8,0.0,0,1,0,2.12E-07,2.12E-07,6.23E-08,-1.63E-07,-7.20E-10,-3.16E-09,0.1,6.3,97.4%,100.0%,99.8%
Peach Bottom 3,2007-11-01,821820,0,0.8,0.0,0,1,0,2.12E-07,2.12E-07,6.23E-08,-1.63E-07,-7.20E-10,-3.16E-09,0.2,6.3,97.4%,100.0%,99.8%
Peach Bottom 3,2007-12-01,849770,0,0.8,0.0,0,1,0,2.12E-07,2.12E-07,6.23E-08,-1.63E-07,-7.20E-10,-3.16E-09,0,6.2,97.4%,100.0%,99.8%
Peach Bottom 3,2008-01-01,849405,0,0.8,0.0,0,0,0,1.71E-07,1.71E-07,-7.65E-08,-1.64E-07,-7.20E-10,-3.20E-09,0,6.2,96.6%,100.0%,99.8%
Peach Bottom 3,2008-02-01,678096,0,0.8,0.0,0,0,0,1.71E-07,1.71E-07,-7.65E-08,-1.64E-07,-7.20E-10,-3.20E-09,0,6.2,96.6%,100.0%,99.8%
Peach Bottom 3,2008-03-01,848230,0,0.8,0.0,0,0,0,1.71E-07,1.71E-07,-7.65E-08,-1.64E-07,-7.20E-10,-3.20E-09,0,6.6,96.6%,100.0%,99.8%
Peach Bottom 3,2008-04-01,820086,0,0.8,0.0,0,0,0,-4.21E-07,-4.21E-07,-7.62E-08,-1.36E-07,-7.20E-10,-3.20E-09,0.1,6.6,96.4%,100.0%,99.8%
Peach Bottom 3,2008-05-01,836121,0,0.8,0.0,0,0,0,-4.21E-07,-4.21E-07,-7.62E-08,-1.36E-07,-7.20E-10,-3.20E-09,0,6.6,96.4%,100.0%,99.8%
Peach Bottom 3,2008-06-01,810521,0,0.8,0.0,0,0,0,-4.21E-07,-4.21E-07,-7.62E-08,-1.36E-07,-7.20E-10,-3.20E-09,0.1,6.7,96.4%,100.0%,99.8%
Peach Bottom 3,2008-07-01,832342,0,0.8,0.0,0,0,0,-2.80E-07,-2.80E-07,-7.64E-08,-1.35E-07,-7.20E-10,6.00E-09,0,6.7,96.5%,98.6%,99.8%
Peach Bottom 3,2008-08-01,834972,0,0.8,0.0,0,0,0,-2.80E-07,-2.80E-07,-7.64E-08,-1.35E-07,-7.20E-10,6.00E-09,0.1,6.7,96.5%,98.6%,99.8%
Peach Bottom 3,2008-09-01,803089,0,0.8,0.0,0,0,0,-2.80E-07,-2.80E-07,-7.64E-08,-1.35E-07,-7.20E-10,6.00E-09,0,6.7,96.5%,98.6%,99.8%
Peach Bottom 3,2008-10-01,840186,0,0.8,0.0,0,0,0,-3.65E-07,-3.65E-07,-7.68E-08,-1.35E-07,-7.30E-10,9.50E-09,0,6.7,96.6%,98.5%,99.7%
Peach Bottom 3,2008-11-01,819131,0,0.8,0.0,0,0,0,-3.65E-07,-3.65E-07,-7.68E-08,-1.35E-07,-7.30E-10,9.50E-09,0,6.6,96.6%,98.5%,99.7%
Peach Bottom 3,2008-12-01,845996,0,0.8,0.0,0,0,0,-3.65E-07,-3.65E-07,-7.68E-08,-1.35E-07,-7.30E-10,9.50E-09,0,6.5,96.6%,98.5%,99.7%
Peach Bottom 3,2009-01-01,624651,0,1.6,0.0,0,0,0,-3.34E-07,-3.34E-07,-6.71E-08,-1.35E-07,-7.30E-10,9.50E-09,0,6.4,96.2%,100.0%,99.7%
Peach Bottom 3,2009-02-01,765426,0,1.6,0.0,0,0,0,-3.34E-07,-3.34E-07,-6.71E-08,-1.35E-07,-7.30E-10,9.50E-09,0,6.6,96.2%,100.0%,99.7%
Peach Bottom 3,2009-03-01,806759,0,1.6,0.0,0,0,0,-3.34E-07,-3.34E-07,-6.71E-08,-1.35E-07,-7.30E-10,9.50E-09,0,6.7,96.2%,100.0%,99.7%
Peach Bottom 3,2009-04-01,816555,0,2.4,0.0,0,0,0,-2.30E-07,-2.30E-07,-9.40E-08,-1.07E-07,-7.30E-10,8.50E-09,0,6.7,96.6%,100.0%,99.8%
Peach Bottom 3,2009-05-01,818468,0,2.4,0.0,0,0,0,-2.30E-07,-2.30E-07,-9.40E-08,-1.07E-07,-7.30E-10,8.50E-09,0,6.8,96.6%,100.0%,99.8%
Peach Bottom 3,2009-06-01,800346,0,2.4,0.0,0,0,0,-2.30E-07,-2.30E-07,-9.40E-08,-1.07E-07,-7.30E-10,8.50E-09,0,6.3,96.6%,100.0%,99.8%
Peach Bottom 3,2009-07-01,819743,0.9,2.6,0.0,0,0,0,-2.57E-07,-2.57E-07,-9.40E-08,-1.06E-07,-7.20E-10,1.05E-08,0,7.0,97.4%,100.0%,99.8%
Peach Bottom 3,2009-08-01,774471,0.9,2.6,0.0,0,0,0,-2.57E-07,-2.57E-07,-9.40E-08,-1.06E-07,-7.20E-10,1.05E-08,0.1,7.0,97.4%,100.0%,99.8%
Peach Bottom 3,2009-09-01,290581,0.9,2.6,0.0,0,0,0,-2.57E-07,-2.57E-07,-9.40E-08,-1.06E-07,-7.20E-10,1.05E-08,0,7.1,97.4%,100.0%,99.8%
Peach Bottom 3,2009-10-01,471796,0.9,2.6,0.0,1,0,0,5.70E-08,5.70E-08,-9.40E-08,-1.06E-07,-9.31E-10,1.25E-08,0.1,7.2,97.4%,100.0%,99.8%
Peach Bottom 3,2009-11-01,825982,0.9,2.6,0.0,1,0,0,5.70E-08,5.70E-08,-9.40E-08,-1.06E-07,-9.31E-10,1.25E-08,0,7.1,97.4%,100.0%,99.8%
Peach Bottom 3,2009-12-01,853315,0.9,2.6,0.0,1,0,0,5.70E-08,5.70E-08,-9.40E-08,-1.06E-07,-9.31E-10,1.25E-08,0,6.4,97.4%,100.0%,99.8%
Perry 1,2007-01-01,925628,0.8,2.4,NA,NA,0,0,NA,1.25E-06,-5.89E-08,-3.16E-08,1.20E-08,-9.40E-08,0,7.7,97.7%,92.9%,98.6%
Perry 1,2007-02-01,841117,0.8,2.4,NA,NA,0,0,NA,1.25E-06,-5.89E-08,-3.16E-08,1.20E-08,-9.40E-08,0,7.3,97.7%,92.9%,98.6%
Perry 1,2007-03-01,906738,0.8,2.4,NA,NA,0,0,NA,1.25E-06,-5.89E-08,-3.16E-08,1.20E-08,-9.40E-08,0,7.3,97.7%,92.9%,98.6%
Perry 1,2007-04-01,8911,1.9,3.7,NA,NA,0,0,NA,1.26E-06,-6.00E-08,-3.14E-08,1.20E-08,-4.33E-07,0,6.7,97.2%,95.9%,99.5%
Perry 1,2007-05-01,294340,1.9,3.7,NA,NA,0,0,NA,1.26E-06,-6.00E-08,-3.14E-08,1.20E-08,-4.33E-07,0,6.7,97.2%,95.9%,99.5%
Perry 1,2007-06-01,684060,1.9,3.7,NA,NA,0,0,NA,1.26E-06,-6.00E-08,-3.14E-08,1.20E-08,-4.33E-07,0,6.7,97.2%,95.9%,99.5%
Perry 1,2007-07-01,168786,2.0,3.0,0.0,NA,0,0,NA,1.07E-06,-6.00E-08,-3.33E-08,1.20E-08,-4.29E-07,NA,6.7,96.8%,96.5%,99.4%
Perry 1,2007-08-01,931004,2.0,3.0,0.0,NA,0,0,NA,1.07E-06,-6.00E-08,-3.33E-08,1.20E-08,-4.29E-07,0,7.0,96.8%,96.5%,99.4%
Perry 1,2007-09-01,898058,2.0,3.0,0.0,NA,0,0,NA,1.07E-06,-6.00E-08,-3.33E-08,1.20E-08,-4.29E-07,0,7.3,96.8%,96.5%,99.4%
Perry 1,2007-10-01,929063,2.0,4.0,1.0,NA,0,0,NA,1.10E-06,-6.10E-08,1.26E-07,1.20E-08,-4.23E-07,0,8.0,96.7%,95.3%,99.3%
Perry 1,2007-11-01,837810,2.0,4.0,1.0,NA,0,0,NA,1.10E-06,-6.10E-08,1.26E-07,1.20E-08,-4.23E-07,0,8.3,96.7%,95.3%,99.3%
Perry 1,2007-12-01,632732,2.0,4.0,1.0,NA,0,0,NA,1.10E-06,-6.10E-08,1.26E-07,1.20E-08,-4.23E-07,0,7.8,96.7%,95.3%,99.3%
Perry 1,2008-01-01,951553,4.0,2.0,1.0,NA,1,0,NA,6.59E-07,-6.10E-08,2.61E-07,1.50E-08,-4.25E-07,0,7.7,96.5%,98.8%,99.2%
Perry 1,2008-02-01,891180,4.0,2.0,1.0,NA,1,0,NA,6.59E-07,-6.10E-08,2.61E-07,1.50E-08,-4.25E-07,0,7.7,96.5%,98.8%,99.2%
Perry 1,2008-03-01,886866,4.0,2.0,1.0,NA,1,0,NA,6.59E-07,-6.10E-08,2.61E-07,1.50E-08,-4.25E-07,0,7.9,96.5%,98.8%,99.2%
Perry 1,2008-04-01,598092,0.9,0,1.0,NA,0,0,NA,6.59E-07,-5.70E-08,3.70E-07,6.20E-08,-4.25E-07,0,7.9,96.5%,97.7%,99.4%
Perry 1,2008-05-01,940362,0.9,0,1.0,NA,0,0,NA,6.59E-07,-5.70E-08,3.70E-07,6.20E-08,-4.25E-07,0,8.0,96.5%,97.7%,99.4%
Perry 1,2008-06-01,880150,0.9,0,1.0,NA,0,0,NA,6.59E-07,-5.70E-08,3.70E-07,6.20E-08,-4.25E-07,0,7.8,96.5%,97.7%,99.4%
Perry 1,2008-07-01,921451,0.8,0,1.0,NA,0,0,NA,6.57E-07,-5.70E-08,3.70E-07,1.05E-07,-4.18E-07,0,8.5,96.2%,98.4%,99.3%
Perry 1,2008-08-01,928586,0.8,0,1.0,NA,0,0,NA,6.57E-07,-5.70E-08,3.70E-07,1.05E-07,-4.18E-07,0,7.8,96.2%,98.4%,99.3%
Perry 1,2008-09-01,890697,0.8,0,1.0,NA,0,0,NA,6.57E-07,-5.70E-08,3.70E-07,1.05E-07,-4.18E-07,0,8.7,96.2%,98.4%,99.3%
Perry 1,2008-10-01,950446,0,0,0.0,NA,0,0,NA,2.72E-07,-5.70E-08,3.70E-07,4.60E-08,-4.05E-07,0,8.5,96.8%,97.1%,99.3%
Perry 1,2008-11-01,914227,0,0,0.0,NA,0,0,NA,2.72E-07,-5.70E-08,3.70E-07,4.60E-08,-4.05E-07,0,8.7,96.8%,97.1%,99.3%
Perry 1,2008-12-01,936983,0,0,0.0,NA,0,0,NA,2.72E-07,-5.70E-08,3.70E-07,4.60E-08,-4.05E-07,0,9.3,96.8%,97.1%,99.3%
Perry 1,2009-01-01,944877,0,0,0.0,NA,1,0,NA,2.79E-07,-5.08E-08,3.70E-07,5.80E-08,-4.00E-07,0,9.4,96.9%,98.8%,99.3%
Perry 1,2009-02-01,657957,0,0,0.0,NA,1,0,NA,2.79E-07,-5.08E-08,3.70E-07,5.80E-08,-4.00E-07,0,9.8,96.9%,98.8%,99.3%
Perry 1,2009-03-01,-6802,0,0,0.0,NA,1,0,NA,2.79E-07,-5.08E-08,3.70E-07,5.80E-08,-4.00E-07,NA,NA,96.9%,98.8%,99.3%
Perry 1,2009-04-01,-10609,1.0,0,0.0,NA,1,0,NA,2.96E-07,-5.67E-08,3.72E-07,-5.96E-08,-3.94E-07,NA,NA,97.3%,97.5%,99.1%
Perry 1,2009-05-01,392649,1.0,0,0.0,NA,1,0,NA,2.96E-07,-5.67E-08,3.72E-07,-5.96E-08,-3.94E-07,0,10.3,97.3%,97.5%,99.1%
Perry 1,2009-06-01,676761,1.0,0,0.0,NA,1,0,NA,2.96E-07,-5.67E-08,3.72E-07,-5.96E-08,-3.94E-07,0,8.3,97.3%,97.5%,99.1%
Perry 1,2009-07-01,907675,1.0,1.0,0.0,NA,1,0,NA,3.15E-07,-5.67E-08,3.74E-07,5.40E-08,-3.86E-07,0,8.8,98.1%,98.2%,99.2%
Perry 1,2009-08-01,928035,1.0,1.0,0.0,NA,1,0,NA,3.15E-07,-5.67E-08,3.74E-07,5.40E-08,-3.86E-07,0.1,9.9,98.1%,98.2%,99.2%
Perry 1,2009-09-01,904217,1.0,1.0,0.0,NA,1,0,NA,3.15E-07,-5.67E-08,3.74E-07,5.40E-08,-3.86E-07,0,11.1,98.1%,98.2%,99.2%
Perry 1,2009-10-01,440263,2.2,2.2,0.0,NA,1,0,NA,2.77E-07,-5.66E-08,3.75E-07,5.40E-08,-5.40E-08,0,10.6,98.5%,94.5%,99.2%
Perry 1,2009-11-01,812520,2.2,2.2,0.0,NA,1,0,NA,2.77E-07,-5.66E-08,3.75E-07,5.40E-08,-5.40E-08,0,8.1,98.5%,94.5%,99.2%
Perry 1,2009-12-01,948929,2.2,2.2,0.0,NA,1,0,NA,2.77E-07,-5.66E-08,3.75E-07,5.40E-08,-5.40E-08,0,7.4,98.5%,94.5%,99.2%
Point Beach 1,2007-01-01,378251,0,0,NA,1,0,0,NA,-1.10E-07,-7.30E-08,-1.12E-06,-8.70E-08,-4.00E-07,0.2,0.7,97.6%,100.0%,99.1%
Point Beach 1,2007-02-01,345506,0,0,NA,1,0,0,NA,-1.10E-07,-7.30E-08,-1.12E-06,-8.70E-08,-4.00E-07,0.2,0.6,97.6%,100.0%,99.1%
Point Beach 1,2007-03-01,377853,0,0,NA,1,0,0,NA,-1.10E-07,-7.30E-08,-1.12E-06,-8.70E-08,-4.00E-07,0.2,1.1,97.6%,100.0%,99.1%
Point Beach 1,2007-04-01,0,0.9,0.9,NA,2,1,0,NA,-2.50E-07,-7.30E-08,-1.12E-06,-8.70E-08,-5.00E-07,NA,0.6,98.4%,100.0%,99.1%
Point Beach 1,2007-05-01,294647,0.9,0.9,NA,2,1,0,NA,-2.50E-07,-7.30E-08,-1.12E-06,-8.70E-08,-5.00E-07,0.1,17.5,98.4%,100.0%,99.1%
Point Beach 1,2007-06-01,207716,0.9,0.9,NA,2,1,0,NA,-2.50E-07,-7.30E-08,-1.12E-06,-8.70E-08,-5.00E-07,0.1,1.4,98.4%,100.0%,99.1%
Point Beach 1,2007-07-01,377647,0.9,0.9,0.0,1,1,0,NA,-4.00E-07,-7.30E-08,-1.12E-06,-8.10E-08,-4.70E-07,0.1,1.2,97.9%,100.0%,98.8%
Point Beach 1,2007-08-01,372665,0.9,0.9,0.0,1,1,0,NA,-4.00E-07,-7.30E-08,-1.12E-06,-8.10E-08,-4.70E-07,0.1,0.2,97.9%,100.0%,98.8%
Point Beach 1,2007-09-01,330715,0.9,0.9,0.0,1,1,0,NA,-4.00E-07,-7.30E-08,-1.12E-06,-8.10E-08,-4.70E-07,0.1,0.5,97.9%,100.0%,98.8%
Point Beach 1,2007-10-01,382305,0.9,0.9,0.0,1,1,0,NA,-4.20E-07,-7.30E-08,-1.12E-06,-8.10E-08,-5.30E-07,0.1,0.4,98.0%,100.0%,98.5%
Point Beach 1,2007-11-01,371891,0.9,0.9,0.0,1,1,0,NA,-4.20E-07,-7.30E-08,-1.12E-06,-8.10E-08,-5.30E-07,0.1,0.3,98.0%,100.0%,98.5%
Point Beach 1,2007-12-01,383108,0.9,0.9,0.0,1,1,0,NA,-4.20E-07,-7.30E-08,-1.12E-06,-8.10E-08,-5.30E-07,0.1,0.8,98.0%,100.0%,98.5%
Point Beach 1,2008-01-01,192381,1.0,1.9,0.0,1,1,0,NA,-4.20E-07,-6.20E-08,-1.17E-06,-3.30E-08,-4.50E-07,0.1,0.1,97.5%,100.0%,98.2%
Point Beach 1,2008-02-01,305014,1.0,1.9,0.0,1,1,0,NA,-4.20E-07,-6.20E-08,-1.17E-06,-3.30E-08,-4.50E-07,0.1,0.1,97.5%,100.0%,98.2%
Point Beach 1,2008-03-01,382532,1.0,1.9,0.0,1,1,0,NA,-4.20E-07,-6.20E-08,-1.17E-06,-3.30E-08,-4.50E-07,0.1,0.1,97.5%,100.0%,98.2%
Point Beach 1,2008-04-01,369419,0,0.8,0.0,0,0,0,NA,-3.00E-07,-4.70E-08,-8.33E-07,-3.40E-08,-3.70E-07,0.1,0.1,97.3%,100.0%,98.5%
Point Beach 1,2008-05-01,374653,0,0.8,0.0,0,0,0,NA,-3.00E-07,-4.70E-08,-8.33E-07,-3.40E-08,-3.70E-07,0.1,0.4,97.3%,100.0%,98.5%
Point Beach 1,2008-06-01,366701,0,0.8,0.0,0,0,0,NA,-3.00E-07,-4.70E-08,-8.33E-07,-3.40E-08,-3.70E-07,0.1,0.3,97.3%,100.0%,98.5%
Point Beach 1,2008-07-01,378364,0,0.8,0.0,0,0,0,NA,-4.00E-07,-4.70E-08,-8.70E-07,-1.00E-08,-3.50E-07,0.2,0.3,96.6%,100.0%,98.8%
Point Beach 1,2008-08-01,369764,0,0.8,0.0,0,0,0,NA,-4.00E-07,-4.70E-08,-8.70E-07,-1.00E-08,-3.50E-07,0.2,0.1,96.6%,100.0%,98.8%
Point Beach 1,2008-09-01,363320,0,0.8,0.0,0,0,0,NA,-4.00E-07,-4.70E-08,-8.70E-07,-1.00E-08,-3.50E-07,0.2,0.1,96.6%,100.0%,98.8%
Point Beach 1,2008-10-01,46224,0,0.9,0.0,0,0,0,NA,-4.00E-07,-4.70E-08,-8.70E-07,-6.00E-09,-1.93E-06,0.1,0,95.9%,100.0%,99.4%
Point Beach 1,2008-11-01,193702,0,0.9,0.0,0,0,0,NA,-4.00E-07,-4.70E-08,-8.70E-07,-6.00E-09,-1.93E-06,0.1,0,95.9%,100.0%,99.4%
Point Beach 1,2008-12-01,381508,0,0.9,0.0,0,0,0,NA,-4.00E-07,-4.70E-08,-8.70E-07,-6.00E-09,-1.93E-06,0.1,0.1,95.9%,100.0%,99.4%
Point Beach 1,2009-01-01,381373,0,0,0.0,0,0,0,NA,2.00E-08,-2.59E-08,-1.17E-06,-5.00E-09,-1.03E-06,0.1,0.2,94.8%,100.0%,99.7%
Point Beach 1,2009-02-01,345921,0,0,0.0,0,0,0,NA,2.00E-08,-2.59E-08,-1.17E-06,-5.00E-09,-1.03E-06,0.1,0.1,94.8%,100.0%,99.7%
Point Beach 1,2009-03-01,383076,0,0,0.0,0,0,0,NA,2.00E-08,-2.59E-08,-1.17E-06,-5.00E-09,-1.03E-06,0.1,0.1,94.8%,100.0%,99.7%
Point Beach 1,2009-04-01,371130,0,0.9,0.0,0,0,0,NA,-2.00E-08,-2.59E-08,-8.70E-07,6.00E-09,-1.07E-06,0.1,0.2,95.1%,100.0%,99.7%
Point Beach 1,2009-05-01,332816,0,0.9,0.0,0,0,0,NA,-2.00E-08,-2.59E-08,-8.70E-07,6.00E-09,-1.07E-06,0.1,0.4,95.1%,100.0%,99.7%
Point Beach 1,2009-06-01,368530,0,0.9,0.0,0,0,0,NA,-2.00E-08,-2.59E-08,-8.70E-07,6.00E-09,-1.07E-06,0.1,0.2,95.1%,100.0%,99.7%
Point Beach 1,2009-07-01,379202,0,0.9,0.0,0,0,0,NA,-5.90E-08,-2.59E-08,-8.90E-07,8.00E-09,4.50E-07,0.1,0.8,96.7%,100.0%,99.7%
Point Beach 1,2009-08-01,379491,0,0.9,0.0,0,0,0,NA,-5.90E-08,-2.59E-08,-8.90E-07,8.00E-09,4.50E-07,0.1,0.5,96.7%,100.0%,99.7%
Point Beach 1,2009-09-01,357522,0,0.9,0.0,0,0,0,NA,-5.90E-08,-2.59E-08,-8.90E-07,8.00E-09,4.50E-07,0.1,0.3,96.7%,100.0%,99.7%
Point Beach 1,2009-10-01,376841,0,1.6,0.0,0,0,0,NA,-1.70E-07,-2.59E-08,-8.90E-07,1.40E-08,7.80E-07,0.1,0.3,96.7%,100.0%,99.7%
Point Beach 1,2009-11-01,327645,0,1.6,0.0,0,0,0,NA,-1.70E-07,-2.59E-08,-8.90E-07,1.40E-08,7.80E-07,0.1,0.5,96.7%,100.0%,99.7%
Point Beach 1,2009-12-01,381835,0,1.6,0.0,0,0,0,NA,-1.70E-07,-2.59E-08,-8.90E-07,1.40E-08,7.80E-07,0.1,1.0,96.7%,100.0%,99.7%
Point Beach 2,2007-01-01,387663,0,0,NA,1,0,0,NA,NA,2.48E-07,-7.90E-07,-4.94E-08,-2.29E-06,0,0.2,97.6%,100.0%,99.1%
Point Beach 2,2007-02-01,348620,0,0,NA,1,0,0,NA,NA,2.48E-07,-7.90E-07,-4.94E-08,-2.29E-06,0,0.3,97.6%,100.0%,99.1%
Point Beach 2,2007-03-01,387954,0,0,NA,1,0,0,NA,NA,2.48E-07,-7.90E-07,-4.94E-08,-2.29E-06,0,0.4,97.6%,100.0%,99.1%
Point Beach 2,2007-04-01,370255,0,0,NA,2,1,0,NA,NA,2.48E-07,-9.60E-07,-2.60E-08,-2.29E-06,0,1.1,98.4%,100.0%,99.1%
Point Beach 2,2007-05-01,373977,0,0,NA,2,1,0,NA,NA,2.48E-07,-9.60E-07,-2.60E-08,-2.29E-06,0,1.2,98.4%,100.0%,99.1%
Point Beach 2,2007-06-01,369010,0,0,NA,2,1,0,NA,NA,2.48E-07,-9.60E-07,-2.60E-08,-2.29E-06,0,0.3,98.4%,100.0%,99.1%
Point Beach 2,2007-07-01,380757,0,0.9,0.0,1,1,0,NA,NA,2.78E-07,-4.60E-07,4.90E-08,-1.43E-06,0,0.3,97.9%,100.0%,98.8%
Point Beach 2,2007-08-01,375278,0,0.9,0.0,1,1,0,NA,NA,2.78E-07,-4.60E-07,4.90E-08,-1.43E-06,0,0.9,97.9%,100.0%,98.8%
Point Beach 2,2007-09-01,326128,0,0.9,0.0,1,1,0,NA,NA,2.78E-07,-4.60E-07,4.90E-08,-1.43E-06,0.1,1.5,97.9%,100.0%,98.8%
Point Beach 2,2007-10-01,381738,0,0.8,0.0,1,1,0,NA,NA,2.77E-07,-2.20E-07,5.30E-08,-1.20E-06,0,0.7,98.0%,100.0%,98.5%
Point Beach 2,2007-11-01,378197,0,0.8,0.0,1,1,0,NA,NA,2.77E-07,-2.20E-07,5.30E-08,-1.20E-06,0,1.1,98.0%,100.0%,98.5%
Point Beach 2,2007-12-01,382632,0,0.8,0.0,1,1,0,NA,NA,2.77E-07,-2.20E-07,5.30E-08,-1.20E-06,0,0.5,98.0%,100.0%,98.5%
Point Beach 2,2008-01-01,387786,0,0.8,0.0,1,1,0,NA,NA,2.71E-07,2.00E-08,3.50E-08,-1.42E-06,0,0.3,97.5%,100.0%,98.2%
Point Beach 2,2008-02-01,362746,0,0.8,0.0,1,1,0,NA,NA,2.71E-07,2.00E-08,3.50E-08,-1.42E-06,0,0.1,97.5%,100.0%,98.2%
Point Beach 2,2008-03-01,387502,0,0.8,0.0,1,1,0,NA,NA,2.71E-07,2.00E-08,3.50E-08,-1.42E-06,0,0.5,97.5%,100.0%,98.2%
Point Beach 2,2008-04-01,57578,0,1.8,0.0,0,0,0,NA,NA,1.91E-07,-3.10E-07,3.00E-08,-1.88E-06,0,0.5,97.3%,100.0%,98.5%
Point Beach 2,2008-05-01,222633,0,1.8,0.0,0,0,0,NA,NA,1.91E-07,-3.10E-07,3.00E-08,-1.88E-06,0,0.1,97.3%,100.0%,98.5%
Point Beach 2,2008-06-01,371916,0,1.8,0.0,0,0,0,NA,NA,1.91E-07,-3.10E-07,3.00E-08,-1.88E-06,0,0,97.3%,100.0%,98.5%
Point Beach 2,2008-07-01,381269,0,0.9,0.0,0,0,0,NA,NA,-3.01E-08,-3.90E-07,2.70E-08,-1.89E-06,0,0.1,96.6%,100.0%,98.8%
Point Beach 2,2008-08-01,372178,0,0.9,0.0,0,0,0,NA,NA,-3.01E-08,-3.90E-07,2.70E-08,-1.89E-06,0,0.2,96.6%,100.0%,98.8%
Point Beach 2,2008-09-01,364776,0,0.9,0.0,0,0,0,NA,NA,-3.01E-08,-3.90E-07,2.70E-08,-1.89E-06,0,0.1,96.6%,100.0%,98.8%
Point Beach 2,2008-10-01,381703,0,0,0.0,0,0,0,NA,NA,-2.90E-08,-8.60E-07,2.80E-08,-4.22E-06,0,0.1,95.9%,100.0%,99.4%
Point Beach 2,2008-11-01,372601,0,0,0.0,0,0,0,NA,NA,-2.90E-08,-8.60E-07,2.80E-08,-4.22E-06,0,0.1,95.9%,100.0%,99.4%
Point Beach 2,2008-12-01,380945,0,0,0.0,0,0,0,NA,NA,-2.90E-08,-8.60E-07,2.80E-08,-4.22E-06,0,0.2,95.9%,100.0%,99.4%
Point Beach 2,2009-01-01,381875,0,0,0.0,0,0,0,NA,NA,-1.51E-08,-8.80E-07,2.50E-08,-2.92E-06,0,0.2,94.8%,100.0%,99.7%
Point Beach 2,2009-02-01,345100,0,0,0.0,0,0,0,NA,NA,-1.51E-08,-8.80E-07,2.50E-08,-2.92E-06,0,0.4,94.8%,100.0%,99.7%
Point Beach 2,2009-03-01,382267,0,0,0.0,0,0,0,NA,NA,-1.51E-08,-8.80E-07,2.50E-08,-2.92E-06,0,0.4,94.8%,100.0%,99.7%
Point Beach 2,2009-04-01,370950,0,0,0.0,0,0,0,NA,NA,-9.50E-09,-6.86E-07,2.00E-08,-2.92E-06,0,0.3,95.1%,100.0%,99.7%
Point Beach 2,2009-05-01,364101,0,0,0.0,0,0,0,NA,NA,-9.50E-09,-6.86E-07,2.00E-08,-2.92E-06,0,0.3,95.1%,100.0%,99.7%
Point Beach 2,2009-06-01,367971,0,0,0.0,0,0,0,NA,NA,-9.50E-09,-6.86E-07,2.00E-08,-2.92E-06,0,0.5,95.1%,100.0%,99.7%
Point Beach 2,2009-07-01,378343,0,0,0.0,0,0,0,NA,NA,-1.36E-08,-7.25E-07,1.80E-08,-8.24E-07,0,0.3,96.7%,100.0%,99.7%
Point Beach 2,2009-08-01,379008,0,0,0.0,0,0,0,NA,NA,-1.36E-08,-7.25E-07,1.80E-08,-8.24E-07,0,0.3,96.7%,100.0%,99.7%
Point Beach 2,2009-09-01,356748,0,0,0.0,0,0,0,NA,NA,-1.36E-08,-7.25E-07,1.80E-08,-8.24E-07,0,0.4,96.7%,100.0%,99.7%
Point Beach 2,2009-10-01,166754,0,0,0.0,0,0,0,NA,NA,-1.54E-08,-6.92E-07,2.60E-08,-5.70E-07,0,0.9,96.7%,100.0%,99.7%
Point Beach 2,2009-11-01,0,0,0,0.0,0,0,0,NA,NA,-1.54E-08,-6.92E-07,2.60E-08,-5.70E-07,NA,0,96.7%,100.0%,99.7%
Point Beach 2,2009-12-01,289334,0,0,0.0,0,0,0,NA,NA,-1.54E-08,-6.92E-07,2.60E-08,-5.70E-07,0,1.0,96.7%,100.0%,99.7%
Prairie Island 1,2007-01-01,407570,0.9,0,NA,0,2,0,NA,-6.10E-08,3.64E-08,1.39E-07,-1.39E-07,1.35E-07,0,0,97.2%,95.2%,99.0%
Prairie Island 1,2007-02-01,367936,0.9,0,NA,0,2,0,NA,-6.10E-08,3.64E-08,1.39E-07,-1.39E-07,1.35E-07,0,0,97.2%,95.2%,99.0%
Prairie Island 1,2007-03-01,406143,0.9,0,NA,0,2,0,NA,-6.10E-08,3.64E-08,1.39E-07,-1.39E-07,1.35E-07,0,0,97.2%,95.2%,99.0%
Prairie Island 1,2007-04-01,355186,0,0.8,NA,0,1,0,NA,-6.20E-08,3.64E-08,1.37E-07,-1.39E-07,6.00E-08,0,0,97.1%,95.2%,98.9%
Prairie Island 1,2007-05-01,205372,0,0.8,NA,0,1,0,NA,-6.20E-08,3.64E-08,1.37E-07,-1.39E-07,6.00E-08,0,0,97.1%,95.2%,98.9%
Prairie Island 1,2007-06-01,373571,0,0.8,NA,0,1,0,NA,-6.20E-08,3.64E-08,1.37E-07,-1.39E-07,6.00E-08,0,0,97.1%,95.2%,98.9%
Prairie Island 1,2007-07-01,389599,0,0.8,0.0,0,1,0,NA,-6.30E-08,3.64E-08,1.36E-07,-1.29E-07,-3.30E-08,0,0,97.3%,97.5%,99.1%
Prairie Island 1,2007-08-01,391511,0,0.8,0.0,0,1,0,NA,-6.30E-08,3.64E-08,1.36E-07,-1.29E-07,-3.30E-08,0,0,97.3%,97.5%,99.1%
Prairie Island 1,2007-09-01,382919,0,0.8,0.0,0,1,0,NA,-6.30E-08,3.64E-08,1.36E-07,-1.29E-07,-3.30E-08,0,0,97.3%,97.5%,99.1%
Prairie Island 1,2007-10-01,421936,0,1.6,0.0,0,0,0,NA,-2.70E-08,3.73E-08,1.19E-07,-1.03E-07,1.00E-07,0,0,97.1%,100.0%,99.3%
Prairie Island 1,2007-11-01,395971,0,1.6,0.0,0,0,0,NA,-2.70E-08,3.73E-08,1.19E-07,-1.03E-07,1.00E-07,0,0,97.1%,100.0%,99.3%
Prairie Island 1,2007-12-01,356378,0,1.6,0.0,0,0,0,NA,-2.70E-08,3.73E-08,1.19E-07,-1.03E-07,1.00E-07,0,0,97.1%,100.0%,99.3%
Prairie Island 1,2008-01-01,406183,0,1.8,0.0,1,0,0,NA,-3.50E-08,3.54E-08,3.29E-07,-1.31E-07,1.90E-07,0,0,96.4%,99.4%,99.5%
Prairie Island 1,2008-02-01,136801,0,1.8,0.0,1,0,0,NA,-3.50E-08,3.54E-08,3.29E-07,-1.31E-07,1.90E-07,0,0,96.4%,99.4%,99.5%
Prairie Island 1,2008-03-01,74310,0,1.8,0.0,1,0,0,NA,-3.50E-08,3.54E-08,3.29E-07,-1.31E-07,1.90E-07,NA,0,96.4%,99.4%,99.5%
Prairie Island 1,2008-04-01,381922,0,0.9,0.0,1,0,0,NA,-3.20E-08,3.54E-08,3.29E-07,-1.31E-07,1.00E-07,0,0,96.1%,97.5%,98.8%
Prairie Island 1,2008-05-01,386128,0,0.9,0.0,1,0,0,NA,-3.20E-08,3.54E-08,3.29E-07,-1.31E-07,1.00E-07,0,0,96.1%,97.5%,98.8%
Prairie Island 1,2008-06-01,370060,0,0.9,0.0,1,0,0,NA,-3.20E-08,3.54E-08,3.29E-07,-1.31E-07,1.00E-07,0,0,96.1%,97.5%,98.8%
Prairie Island 1,2008-07-01,372171,0.9,0.9,0.0,2,0,0,NA,-9.60E-08,3.54E-08,4.49E-07,-1.31E-07,-7.00E-08,0,0,95.7%,98.2%,98.8%
Prairie Island 1,2008-08-01,357498,0.9,0.9,0.0,2,0,0,NA,-9.60E-08,3.54E-08,4.49E-07,-1.31E-07,-7.00E-08,0,0,95.7%,98.2%,98.8%
Prairie Island 1,2008-09-01,380298,0.9,0.9,0.0,2,0,0,NA,-9.60E-08,3.54E-08,4.49E-07,-1.31E-07,-7.00E-08,0,0,95.7%,98.2%,98.8%
Prairie Island 1,2008-10-01,399754,0.9,0,0.0,2,0,0,NA,-1.21E-07,3.54E-08,4.49E-07,-1.31E-07,-3.80E-07,0,0,95.3%,99.4%,98.8%
Prairie Island 1,2008-11-01,390597,0.9,0,0.0,2,0,0,NA,-1.21E-07,3.54E-08,4.49E-07,-1.31E-07,-3.80E-07,0,0,95.3%,99.4%,98.8%
Prairie Island 1,2008-12-01,403735,0.9,0,0.0,2,0,0,NA,-1.21E-07,3.54E-08,4.49E-07,-1.31E-07,-3.80E-07,0,0,95.3%,99.4%,98.8%
Prairie Island 1,2009-01-01,403461,0.8,0,0.0,1,0,0,NA,-3.00E-09,3.54E-08,4.49E-07,-6.70E-08,-1.10E-07,0,0.5,95.8%,100.0%,98.9%
Prairie Island 1,2009-02-01,361572,0.8,0,0.0,1,0,0,NA,-3.00E-09,3.54E-08,4.49E-07,-6.70E-08,-1.10E-07,0,1.3,95.8%,100.0%,98.9%
Prairie Island 1,2009-03-01,402938,0.8,0,0.0,1,0,0,NA,-3.00E-09,3.54E-08,4.49E-07,-6.70E-08,-1.10E-07,0,1.3,95.8%,100.0%,98.9%
Prairie Island 1,2009-04-01,380782,1.6,0.8,0.0,3,0,0,NA,7.50E-08,3.63E-08,2.32E-07,-5.20E-08,7.00E-08,0,1.1,95.9%,100.0%,99.8%
Prairie Island 1,2009-05-01,300615,1.6,0.8,0.0,3,0,0,NA,7.50E-08,3.63E-08,2.32E-07,-5.20E-08,7.00E-08,0,1.9,95.9%,100.0%,99.8%
Prairie Island 1,2009-06-01,371873,1.6,0.8,0.0,3,0,0,NA,7.50E-08,3.63E-08,2.32E-07,-5.20E-08,7.00E-08,0,3.5,95.9%,100.0%,99.8%
Prairie Island 1,2009-07-01,389571,0.9,0.9,0.0,2,0,0,NA,1.52E-07,3.72E-08,2.33E-07,-5.80E-08,-5.00E-08,0,0,96.5%,98.8%,99.8%
Prairie Island 1,2009-08-01,388039,0.9,0.9,0.0,2,0,0,NA,1.52E-07,3.72E-08,2.33E-07,-5.80E-08,-5.00E-08,0,0,96.5%,98.8%,99.8%
Prairie Island 1,2009-09-01,127730,0.9,0.9,0.0,2,0,0,NA,1.52E-07,3.72E-08,2.33E-07,-5.80E-08,-5.00E-08,0,0,96.5%,98.8%,99.8%
Prairie Island 1,2009-10-01,-2537,0.9,0,0.0,3,0,0,NA,1.63E-07,3.65E-08,2.34E-07,-8.50E-08,-2.00E-07,NA,NA,96.7%,97.5%,99.8%
Prairie Island 1,2009-11-01,68733,0.9,0,0.0,3,0,0,NA,1.63E-07,3.65E-08,2.34E-07,-8.50E-08,-2.00E-07,NA,1.0,96.7%,97.5%,99.8%
Prairie Island 1,2009-12-01,404836,0.9,0,0.0,3,0,0,NA,1.63E-07,3.65E-08,2.34E-07,-8.50E-08,-2.00E-07,0,1.3,96.7%,97.5%,99.8%
Prairie Island 2,2007-01-01,403384,0,0,NA,0,2,0,4.53E-07,4.53E-07,-2.34E-08,-1.53E-07,-1.65E-07,-4.30E-08,0,0,97.2%,95.2%,99.0%
Prairie Island 2,2007-01-01,403384,0,0,NA,0,2,0,4.53E-07,4.53E-07,-2.34E-08,-1.53E-07,-1.65E-07,-4.30E-08,0,0,97.2%,95.2%,99.0%
Prairie Island 2,2007-01-01,403384,0,0,NA,0,2,0,NA,4.53E-07,-2.34E-08,-1.53E-07,-1.65E-07,-4.30E-08,0,0,97.2%,95.2%,99.0%
Prairie Island 2,2007-02-01,364113,0,0,NA,0,2,0,4.53E-07,4.53E-07,-2.34E-08,-1.53E-07,-1.65E-07,-4.30E-08,0,0,97.2%,95.2%,99.0%
Prairie Island 2,2007-02-01,364113,0,0,NA,0,2,0,4.53E-07,4.53E-07,-2.34E-08,-1.53E-07,-1.65E-07,-4.30E-08,0,0,97.2%,95.2%,99.0%
Prairie Island 2,2007-02-01,364113,0,0,NA,0,2,0,NA,4.53E-07,-2.34E-08,-1.53E-07,-1.65E-07,-4.30E-08,0,0,97.2%,95.2%,99.0%
Prairie Island 2,2007-03-01,271748,0,0,NA,0,2,0,4.53E-07,4.53E-07,-2.34E-08,-1.53E-07,-1.65E-07,-4.30E-08,0,0,97.2%,95.2%,99.0%
Prairie Island 2,2007-03-01,271748,0,0,NA,0,2,0,4.53E-07,4.53E-07,-2.34E-08,-1.53E-07,-1.65E-07,-4.30E-08,0,0,97.2%,95.2%,99.0%
Prairie Island 2,2007-03-01,271748,0,0,NA,0,2,0,NA,4.53E-07,-2.34E-08,-1.53E-07,-1.65E-07,-4.30E-08,0,0,97.2%,95.2%,99.0%
Prairie Island 2,2007-04-01,332818,0.9,0.9,NA,0,2,0,6.08E-07,6.08E-07,-2.34E-08,-1.33E-07,-1.65E-07,-6.90E-08,0,0,97.1%,95.2%,98.9%
Prairie Island 2,2007-04-01,332818,0.9,0.9,1.0,0,2,0,NA,6.08E-07,-2.34E-08,-1.53E-07,-1.65E-07,-6.90E-08,0,0,97.1%,95.2%,98.9%
Prairie Island 2,2007-05-01,388982,0.9,0.9,NA,0,2,0,6.08E-07,6.08E-07,-2.34E-08,-1.33E-07,-1.65E-07,-6.90E-08,0,0,97.1%,95.2%,98.9%
Prairie Island 2,2007-05-01,388982,0.9,0.9,1.0,0,2,0,NA,6.08E-07,-2.34E-08,-1.53E-07,-1.65E-07,-6.90E-08,0,0,97.1%,95.2%,98.9%
Prairie Island 2,2007-06-01,372143,0.9,0.9,NA,0,2,0,6.08E-07,6.08E-07,-2.34E-08,-1.33E-07,-1.65E-07,-6.90E-08,0,0,97.1%,95.2%,98.9%
Prairie Island 2,2007-06-01,372143,0.9,0.9,1.0,0,2,0,NA,6.08E-07,-2.34E-08,-1.53E-07,-1.65E-07,-6.90E-08,0,0,97.1%,95.2%,98.9%
Prairie Island 2,2007-07-01,386086,0.9,0.9,1.0,0,2,0,2.30E-08,2.30E-08,-1.93E-08,-1.44E-07,-1.65E-07,-7.80E-08,0,0,97.3%,97.5%,99.1%
Prairie Island 2,2007-07-01,386086,0.9,0.9,1.0,0,2,0,NA,2.30E-08,-1.93E-08,-1.44E-07,-1.65E-07,-7.80E-08,0,0,97.3%,97.5%,99.1%
Prairie Island 2,2007-08-01,388385,0.9,0.9,1.0,0,2,0,2.30E-08,2.30E-08,-1.93E-08,-1.44E-07,-1.65E-07,-7.80E-08,0,0,97.3%,97.5%,99.1%
Prairie Island 2,2007-08-01,388385,0.9,0.9,1.0,0,2,0,NA,2.30E-08,-1.93E-08,-1.44E-07,-1.65E-07,-7.80E-08,0,0,97.3%,97.5%,99.1%
Prairie Island 2,2007-09-01,359655,0.9,0.9,1.0,0,2,0,2.30E-08,2.30E-08,-1.93E-08,-1.44E-07,-1.65E-07,-7.80E-08,0,0,97.3%,97.5%,99.1%
Prairie Island 2,2007-09-01,359655,0.9,0.9,1.0,0,2,0,NA,2.30E-08,-1.93E-08,-1.44E-07,-1.65E-07,-7.80E-08,0,0,97.3%,97.5%,99.1%
Prairie Island 2,2007-10-01,393368,0.8,0.8,1.0,0,0,0,9.50E-08,9.50E-08,-2.01E-08,-1.54E-07,-1.67E-07,2.00E-07,0,0,97.1%,100.0%,99.3%
Prairie Island 2,2007-10-01,393368,0.8,0.8,1.0,0,0,0,NA,9.50E-08,-2.01E-08,-1.54E-07,-1.67E-07,2.00E-07,0,0,97.1%,100.0%,99.3%
Prairie Island 2,2007-11-01,391828,0.8,0.8,1.0,0,0,0,9.50E-08,9.50E-08,-2.01E-08,-1.54E-07,-1.67E-07,2.00E-07,0,0,97.1%,100.0%,99.3%
Prairie Island 2,2007-11-01,391828,0.8,0.8,1.0,0,0,0,NA,9.50E-08,-2.01E-08,-1.54E-07,-1.67E-07,2.00E-07,0,0,97.1%,100.0%,99.3%
Prairie Island 2,2007-12-01,404129,0.8,0.8,1.0,0,0,0,9.50E-08,9.50E-08,-2.01E-08,-1.54E-07,-1.67E-07,2.00E-07,0,0,97.1%,100.0%,99.3%
Prairie Island 2,2007-12-01,404129,0.8,0.8,1.0,0,0,0,NA,9.50E-08,-2.01E-08,-1.54E-07,-1.67E-07,2.00E-07,0,0,97.1%,100.0%,99.3%
Prairie Island 2,2008-01-01,404313,0.8,1.6,1.0,0,0,0,9.60E-08,9.60E-08,-2.02E-08,-1.66E-07,-1.67E-07,2.10E-07,0,0,96.4%,99.4%,99.5%
Prairie Island 2,2008-01-01,404313,0.8,1.6,1.0,0,0,0,NA,9.60E-08,-2.02E-08,-1.66E-07,-1.67E-07,2.10E-07,0,0,96.4%,99.4%,99.5%
Prairie Island 2,2008-02-01,378285,0.8,1.6,1.0,0,0,0,9.60E-08,9.60E-08,-2.02E-08,-1.66E-07,-1.67E-07,2.10E-07,0,0,96.4%,99.4%,99.5%
Prairie Island 2,2008-02-01,378285,0.8,1.6,1.0,0,0,0,NA,9.60E-08,-2.02E-08,-1.66E-07,-1.67E-07,2.10E-07,0,0,96.4%,99.4%,99.5%
Prairie Island 2,2008-03-01,394759,0.8,1.6,1.0,0,0,0,9.60E-08,9.60E-08,-2.02E-08,-1.66E-07,-1.67E-07,2.10E-07,0,0,96.4%,99.4%,99.5%
Prairie Island 2,2008-03-01,394759,0.8,1.6,1.0,0,0,0,NA,9.60E-08,-2.02E-08,-1.66E-07,-1.67E-07,2.10E-07,0,0,96.4%,99.4%,99.5%
Prairie Island 2,2008-04-01,380470,0,0.8,0.0,0,0,0,7.30E-08,7.30E-08,-2.08E-08,-1.58E-07,-1.42E-07,1.20E-07,0,0,96.1%,97.5%,98.8%
Prairie Island 2,2008-04-01,380470,0,0.8,0.0,0,0,0,NA,7.30E-08,-2.08E-08,-1.58E-07,-1.42E-07,1.20E-07,0,0,96.1%,97.5%,98.8%
Prairie Island 2,2008-05-01,386630,0,0.8,0.0,0,0,0,7.30E-08,7.30E-08,-2.08E-08,-1.58E-07,-1.42E-07,1.20E-07,0,0,96.1%,97.5%,98.8%
Prairie Island 2,2008-05-01,386630,0,0.8,0.0,0,0,0,NA,7.30E-08,-2.08E-08,-1.58E-07,-1.42E-07,1.20E-07,0,0,96.1%,97.5%,98.8%
Prairie Island 2,2008-06-01,373176,0,0.8,0.0,0,0,0,7.30E-08,7.30E-08,-2.08E-08,-1.58E-07,-1.42E-07,1.20E-07,0,0,96.1%,97.5%,98.8%
Prairie Island 2,2008-06-01,373176,0,0.8,0.0,0,0,0,NA,7.30E-08,-2.08E-08,-1.58E-07,-1.42E-07,1.20E-07,0,0,96.1%,97.5%,98.8%
Prairie Island 2,2008-07-01,384652,0,0.8,0.0,0,0,0,7.60E-08,7.60E-08,-2.06E-08,-1.67E-07,-1.52E-07,-3.20E-07,0,5.0,95.7%,98.2%,98.8%
Prairie Island 2,2008-07-01,384652,0,0.8,0.0,1,0,0,NA,7.60E-08,-2.06E-08,-1.67E-07,-1.52E-07,-3.20E-07,0,5.0,95.7%,98.2%,98.8%
Prairie Island 2,2008-08-01,385795,0,0.8,0.0,0,0,0,7.60E-08,7.60E-08,-2.06E-08,-1.67E-07,-1.52E-07,-3.20E-07,0,7.4,95.7%,98.2%,98.8%
Prairie Island 2,2008-08-01,385795,0,0.8,0.0,1,0,0,NA,7.60E-08,-2.06E-08,-1.67E-07,-1.52E-07,-3.20E-07,0,7.4,95.7%,98.2%,98.8%
Prairie Island 2,2008-09-01,229380,0,0.8,0.0,0,0,0,7.60E-08,7.60E-08,-2.06E-08,-1.67E-07,-1.52E-07,-3.20E-07,0,2.1,95.7%,98.2%,98.8%
Prairie Island 2,2008-09-01,229380,0,0.8,0.0,1,0,0,NA,7.60E-08,-2.06E-08,-1.67E-07,-1.52E-07,-3.20E-07,0,2.1,95.7%,98.2%,98.8%
Prairie Island 2,2008-10-01,0,0.9,0.9,0.0,1,0,0,7.90E-08,7.90E-08,-1.85E-08,-1.60E-07,-1.72E-07,-3.80E-07,NA,0,95.3%,99.4%,98.8%
Prairie Island 2,2008-10-01,0,0.9,0.9,0.0,1,0,0,NA,7.90E-08,-1.85E-08,-1.60E-07,-1.72E-07,-3.80E-07,0,0,95.3%,99.4%,98.8%
Prairie Island 2,2008-11-01,338349,0.9,0.9,0.0,1,0,0,7.90E-08,7.90E-08,-1.85E-08,-1.60E-07,-1.72E-07,-3.80E-07,0,0,95.3%,99.4%,98.8%
Prairie Island 2,2008-11-01,338349,0.9,0.9,0.0,1,0,0,NA,7.90E-08,-1.85E-08,-1.60E-07,-1.72E-07,-3.80E-07,0,0,95.3%,99.4%,98.8%
Prairie Island 2,2008-12-01,403556,0.9,0.9,0.0,1,0,0,7.90E-08,7.90E-08,-1.85E-08,-1.60E-07,-1.72E-07,-3.80E-07,0,2.0,95.3%,99.4%,98.8%
Prairie Island 2,2008-12-01,403556,0.9,0.9,0.0,1,0,0,NA,7.90E-08,-1.85E-08,-1.60E-07,-1.72E-07,-3.80E-07,0,2.0,95.3%,99.4%,98.8%
Prairie Island 2,2009-01-01,403735,0.9,0,0.0,1,0,0,7.90E-08,7.90E-08,-1.88E-08,-1.62E-07,-1.31E-07,-1.00E-07,0,0.4,95.8%,100.0%,98.9%
Prairie Island 2,2009-01-01,403735,0.9,0,0.0,1,0,0,NA,7.90E-08,-1.88E-08,-1.62E-07,-1.31E-07,-1.00E-07,0,0.4,95.8%,100.0%,98.9%
Prairie Island 2,2009-02-01,364629,0.9,0,0.0,1,0,0,7.90E-08,7.90E-08,-1.88E-08,-1.62E-07,-1.31E-07,-1.00E-07,0,2.4,95.8%,100.0%,98.9%
Prairie Island 2,2009-02-01,364629,0.9,0,0.0,1,0,0,NA,7.90E-08,-1.88E-08,-1.62E-07,-1.31E-07,-1.00E-07,0,2.4,95.8%,100.0%,98.9%
Prairie Island 2,2009-03-01,402467,0.9,0,0.0,1,0,0,7.90E-08,7.90E-08,-1.88E-08,-1.62E-07,-1.31E-07,-1.00E-07,0,2.6,95.8%,100.0%,98.9%
Prairie Island 2,2009-03-01,402467,0.9,0,0.0,1,0,0,NA,7.90E-08,-1.88E-08,-1.62E-07,-1.31E-07,-1.00E-07,0,2.6,95.8%,100.0%,98.9%
Prairie Island 2,2009-04-01,382100,0.9,0,0.0,2,0,0,1.29E-07,1.29E-07,-1.88E-08,-1.39E-07,-1.31E-07,2.00E-07,0,0.3,95.9%,100.0%,99.8%
Prairie Island 2,2009-04-01,382100,0.9,0,0.0,2,0,0,NA,1.29E-07,-1.88E-08,-1.39E-07,-1.31E-07,2.00E-07,0,0.3,95.9%,100.0%,99.8%
Prairie Island 2,2009-05-01,379906,0.9,0,0.0,2,0,0,1.29E-07,1.29E-07,-1.88E-08,-1.39E-07,-1.31E-07,2.00E-07,0,0,95.9%,100.0%,99.8%
Prairie Island 2,2009-05-01,379906,0.9,0,0.0,2,0,0,NA,1.29E-07,-1.88E-08,-1.39E-07,-1.31E-07,2.00E-07,0,0,95.9%,100.0%,99.8%
Prairie Island 2,2009-06-01,373994,0.9,0,0.0,2,0,0,1.29E-07,1.29E-07,-1.88E-08,-1.39E-07,-1.31E-07,2.00E-07,0,0,95.9%,100.0%,99.8%
Prairie Island 2,2009-06-01,373994,0.9,0,0.0,2,0,0,NA,1.29E-07,-1.88E-08,-1.39E-07,-1.31E-07,2.00E-07,0,0,95.9%,100.0%,99.8%
Prairie Island 2,2009-07-01,390007,0.9,0,0.0,1,0,0,1.29E-07,1.29E-07,-1.23E-08,-1.39E-07,-1.31E-07,3.90E-07,0,0.6,96.5%,98.8%,99.8%
Prairie Island 2,2009-07-01,390007,0.9,0,0.0,1,0,0,NA,1.29E-07,-1.23E-08,-1.39E-07,-1.31E-07,3.90E-07,0,0.6,96.5%,98.8%,99.8%
Prairie Island 2,2009-08-01,386448,0.9,0,0.0,1,0,0,1.29E-07,1.29E-07,-1.23E-08,-1.39E-07,-1.31E-07,3.90E-07,0,0,96.5%,98.8%,99.8%
Prairie Island 2,2009-08-01,386448,0.9,0,0.0,1,0,0,NA,1.29E-07,-1.23E-08,-1.39E-07,-1.31E-07,3.90E-07,0,0,96.5%,98.8%,99.8%
Prairie Island 2,2009-09-01,378416,0.9,0,0.0,1,0,0,1.29E-07,1.29E-07,-1.23E-08,-1.39E-07,-1.31E-07,3.90E-07,0,0.1,96.5%,98.8%,99.8%
Prairie Island 2,2009-09-01,378416,0.9,0,0.0,1,0,0,NA,1.29E-07,-1.23E-08,-1.39E-07,-1.31E-07,3.90E-07,0,0.1,96.5%,98.8%,99.8%
Prairie Island 2,2009-10-01,401654,0,0,0.0,2,0,0,1.19E-07,1.19E-07,-5.00E-09,-1.43E-07,-1.12E-07,2.60E-07,0,0.1,96.7%,96.4%,99.8%
Prairie Island 2,2009-10-01,401654,0,0,0.0,2,0,0,NA,1.19E-07,-5.00E-09,-1.43E-07,-1.12E-07,2.60E-07,0,0.1,96.7%,97.5%,99.8%
Prairie Island 2,2009-11-01,388687,0,0,0.0,2,0,0,1.19E-07,1.19E-07,-5.00E-09,-1.43E-07,-1.12E-07,2.60E-07,0,0,96.7%,96.4%,99.8%
Prairie Island 2,2009-11-01,388687,0,0,0.0,2,0,0,NA,1.19E-07,-5.00E-09,-1.43E-07,-1.12E-07,2.60E-07,0,0,96.7%,97.5%,99.8%
Prairie Island 2,2009-12-01,401305,0,0,0.0,2,0,0,1.19E-07,1.19E-07,-5.00E-09,-1.43E-07,-1.12E-07,2.60E-07,0,0,96.7%,96.4%,99.8%
Prairie Island 2,2009-12-01,401305,0,0,0.0,2,0,0,NA,1.19E-07,-5.00E-09,-1.43E-07,-1.12E-07,2.60E-07,0,0,96.7%,97.5%,99.8%
Quad Cities 1,2007-01-01,649380,0,1.7,0.0,NA,0,0,NA,NA,NA,NA,NA,NA,0.1,6.8,98.6%,100.0%,99.6%
Quad Cities 1,2007-02-01,585796,0,1.7,0.0,NA,0,0,NA,NA,NA,NA,NA,NA,0.1,6.7,98.6%,100.0%,99.6%
Quad Cities 1,2007-03-01,624761,0,1.7,0.0,NA,0,0,NA,NA,NA,NA,NA,NA,0,6.7,98.6%,100.0%,99.6%
Quad Cities 1,2007-04-01,529505,0,0.8,0.0,NA,0,0,NA,NA,NA,NA,NA,NA,0.1,6.6,98.6%,100.0%,99.6%
Quad Cities 1,2007-05-01,191677,0,0.8,0.0,NA,0,0,NA,NA,NA,NA,NA,NA,0,6.9,98.6%,100.0%,99.6%
Quad Cities 1,2007-06-01,624249,0,0.8,0.0,NA,0,0,NA,NA,NA,NA,NA,NA,0,6.8,98.6%,100.0%,99.6%
Quad Cities 1,2007-07-01,645875,0,0,0.0,NA,0,0,NA,-5.63E-07,1.00E-09,-5.50E-08,-1.70E-07,1.64E-07,0,6.8,98.5%,100.0%,99.7%
Quad Cities 1,2007-08-01,645855,0,0,0.0,NA,0,0,NA,-5.63E-07,1.00E-09,-5.50E-08,-1.70E-07,1.64E-07,0,7.6,98.5%,100.0%,99.7%
Quad Cities 1,2007-09-01,532940,0,0,0.0,NA,0,0,NA,-5.63E-07,1.00E-09,-5.50E-08,-1.70E-07,1.64E-07,0,7.7,98.5%,100.0%,99.7%
Quad Cities 1,2007-10-01,646808,0,0,0.0,NA,0,0,NA,-2.00E-07,-2.00E-09,-5.50E-08,-1.91E-07,1.14E-07,0,6.4,98.5%,100.0%,99.6%
Quad Cities 1,2007-11-01,627190,0,0,0.0,NA,0,0,NA,-2.00E-07,-2.00E-09,-5.50E-08,-1.91E-07,1.14E-07,0,6.4,98.5%,100.0%,99.6%
Quad Cities 1,2007-12-01,647004,0,0,0.0,NA,0,0,NA,-2.00E-07,-2.00E-09,-5.50E-08,-1.91E-07,1.14E-07,0,6.2,98.5%,100.0%,99.6%
Quad Cities 1,2008-01-01,645459,0,0,0.0,NA,0,0,NA,-6.30E-08,-1.20E-08,7.80E-08,-1.53E-07,-6.60E-09,0,6.2,99.1%,98.6%,99.7%
Quad Cities 1,2008-02-01,565343,0,0,0.0,NA,0,0,NA,-6.30E-08,-1.20E-08,7.80E-08,-1.53E-07,-6.60E-09,0,6.2,99.1%,98.6%,99.7%
Quad Cities 1,2008-03-01,643473,0,0,0.0,NA,0,0,NA,-6.30E-08,-1.20E-08,7.80E-08,-1.53E-07,-6.60E-09,0.2,6.2,99.1%,98.6%,99.7%
Quad Cities 1,2008-04-01,595308,0,0,0.0,NA,0,0,NA,-9.59E-08,-1.00E-08,8.20E-08,-1.24E-07,3.39E-08,0,6.2,99.4%,95.9%,99.6%
Quad Cities 1,2008-05-01,640598,0,0,0.0,NA,0,0,NA,-9.59E-08,-1.00E-08,8.20E-08,-1.24E-07,3.39E-08,0,6.2,99.4%,95.9%,99.6%
Quad Cities 1,2008-06-01,621035,0,0,0.0,NA,0,0,NA,-9.59E-08,-1.00E-08,8.20E-08,-1.24E-07,3.39E-08,0,6.2,99.4%,95.9%,99.6%
Quad Cities 1,2008-07-01,644466,0,0,0.0,NA,0,0,NA,-9.23E-08,-1.00E-08,8.20E-08,-1.24E-07,3.39E-08,0,6.5,99.4%,100.0%,99.5%
Quad Cities 1,2008-08-01,644869,0,0,0.0,NA,0,0,NA,-9.23E-08,-1.00E-08,8.20E-08,-1.24E-07,3.39E-08,0,6.5,99.4%,100.0%,99.5%
Quad Cities 1,2008-09-01,621789,0,0,0.0,NA,0,0,NA,-9.23E-08,-1.00E-08,8.20E-08,-1.24E-07,3.39E-08,0,6.3,99.4%,100.0%,99.5%
Quad Cities 1,2008-10-01,645401,0,0,0.0,NA,0,0,NA,-9.60E-08,-1.30E-08,8.20E-08,-1.08E-07,3.29E-08,0,6.3,98.9%,100.0%,99.6%
Quad Cities 1,2008-11-01,580055,0,0,0.0,NA,0,0,NA,-9.60E-08,-1.30E-08,8.20E-08,-1.08E-07,3.29E-08,0,6.3,98.9%,100.0%,99.6%
Quad Cities 1,2008-12-01,642313,0,0,0.0,NA,0,0,NA,-9.60E-08,-1.30E-08,8.20E-08,-1.08E-07,3.29E-08,0,6.4,98.9%,100.0%,99.6%
Quad Cities 1,2009-01-01,644153,0,0,0.0,NA,0,0,NA,-9.20E-08,4.00E-09,8.90E-08,-8.60E-08,7.09E-08,0,6.4,98.8%,100.0%,99.6%
Quad Cities 1,2009-02-01,581900,0,0,0.0,NA,0,0,NA,-9.20E-08,4.00E-09,8.90E-08,-8.60E-08,7.09E-08,0.1,6.5,98.8%,100.0%,99.6%
Quad Cities 1,2009-03-01,638925,0,0,0.0,NA,0,0,NA,-9.20E-08,4.00E-09,8.90E-08,-8.60E-08,7.09E-08,0,6.5,98.8%,100.0%,99.6%
Quad Cities 1,2009-04-01,531625,0,0,0.0,NA,0,0,NA,-8.90E-08,0.00E+00,7.71E-08,-8.40E-08,7.10E-08,0,7.0,98.4%,100.0%,99.7%
Quad Cities 1,2009-05-01,899,0,0,0.0,NA,0,0,NA,-8.90E-08,0.00E+00,7.71E-08,-8.40E-08,7.10E-08,NA,6.7,98.4%,100.0%,99.7%
Quad Cities 1,2009-06-01,617485,0,0,0.0,NA,0,0,NA,-8.90E-08,0.00E+00,7.71E-08,-8.40E-08,7.10E-08,0,7.6,98.4%,100.0%,99.7%
Quad Cities 1,2009-07-01,656331,0,0.9,0.0,NA,0,0,NA,-6.30E-08,2.00E-09,7.77E-08,-8.30E-08,7.10E-08,0,6.5,98.5%,96.8%,99.8%
Quad Cities 1,2009-08-01,654916,0,0.9,0.0,NA,0,0,NA,-6.30E-08,2.00E-09,7.77E-08,-8.30E-08,7.10E-08,0.1,6.9,98.5%,96.8%,99.8%
Quad Cities 1,2009-09-01,554798,0,0.9,0.0,NA,0,0,NA,-6.30E-08,2.00E-09,7.77E-08,-8.30E-08,7.10E-08,0.1,7.0,98.5%,96.8%,99.8%
Quad Cities 1,2009-10-01,664028,0,0.9,0.0,NA,0,0,NA,2.50E-08,2.00E-09,7.84E-08,-1.08E-07,8.90E-08,0.1,6.5,98.9%,100.0%,99.8%
Quad Cities 1,2009-11-01,641652,0,0.9,0.0,NA,0,0,NA,2.50E-08,2.00E-09,7.84E-08,-1.08E-07,8.90E-08,0.1,6.7,98.9%,100.0%,99.8%
Quad Cities 1,2009-12-01,663443,0,0.9,0.0,NA,0,0,NA,2.50E-08,2.00E-09,7.84E-08,-1.08E-07,8.90E-08,0,7.2,98.9%,100.0%,99.8%
Quad Cities 2,2007-01-01,644687,0.8,0,0.0,NA,0,0,NA,-6.26E-07,-2.60E-08,-5.00E-08,-2.07E-07,-5.25E-08,0,5.7,98.6%,100.0%,99.6%
Quad Cities 2,2007-02-01,562562,0.8,0,0.0,NA,0,0,NA,-6.26E-07,-2.60E-08,-5.00E-08,-2.07E-07,-5.25E-08,0,5.8,98.6%,100.0%,99.6%
Quad Cities 2,2007-03-01,620661,0.8,0,0.0,NA,0,0,NA,-6.26E-07,-2.60E-08,-5.00E-08,-2.07E-07,-5.25E-08,0,5.9,98.6%,100.0%,99.6%
Quad Cities 2,2007-04-01,593317,0.8,0,0.0,NA,0,0,NA,-7.64E-07,-3.94E-08,-4.70E-08,-2.07E-07,-5.25E-08,0,6.2,98.6%,100.0%,99.6%
Quad Cities 2,2007-05-01,640515,0.8,0,0.0,NA,0,0,NA,-7.64E-07,-3.94E-08,-4.70E-08,-2.07E-07,-5.25E-08,0,6.0,98.6%,100.0%,99.6%
Quad Cities 2,2007-06-01,622918,0.8,0,0.0,NA,0,0,NA,-7.64E-07,-3.94E-08,-4.70E-08,-2.07E-07,-5.25E-08,0,5.7,98.6%,100.0%,99.6%
Quad Cities 2,2007-07-01,643777,0.8,0,0.0,NA,0,0,NA,-7.57E-07,-4.00E-08,-5.20E-08,-2.07E-07,-5.25E-08,0,5.6,98.5%,100.0%,99.7%
Quad Cities 2,2007-08-01,644056,0.8,0,0.0,NA,0,0,NA,-7.57E-07,-4.00E-08,-5.20E-08,-2.07E-07,-5.25E-08,0,5.7,98.5%,100.0%,99.7%
Quad Cities 2,2007-09-01,622872,0.8,0,0.0,NA,0,0,NA,-7.57E-07,-4.00E-08,-5.20E-08,-2.07E-07,-5.25E-08,0,5.6,98.5%,100.0%,99.7%
Quad Cities 2,2007-10-01,641233,0.8,0,0.0,NA,0,0,NA,-6.08E-07,-4.17E-08,-5.10E-08,-2.07E-07,-5.25E-08,0,5.6,98.5%,100.0%,99.6%
Quad Cities 2,2007-11-01,625075,0.8,0,0.0,NA,0,0,NA,-6.08E-07,-4.17E-08,-5.10E-08,-2.07E-07,-5.25E-08,0,5.6,98.5%,100.0%,99.6%
Quad Cities 2,2007-12-01,644163,0.8,0,0.0,NA,0,0,NA,-6.08E-07,-4.17E-08,-5.10E-08,-2.07E-07,-5.25E-08,0,5.6,98.5%,100.0%,99.6%
Quad Cities 2,2008-01-01,644076,0,0,0.0,NA,0,0,NA,-1.00E-08,-4.27E-08,-4.60E-08,-1.69E-07,-4.10E-08,0,5.9,99.1%,98.6%,99.7%
Quad Cities 2,2008-02-01,590039,0,0,0.0,NA,0,0,NA,-1.00E-08,-4.27E-08,-4.60E-08,-1.69E-07,-4.10E-08,0,5.9,99.1%,98.6%,99.7%
Quad Cities 2,2008-03-01,36294,0,0,0.0,NA,0,0,NA,-1.00E-08,-4.27E-08,-4.60E-08,-1.69E-07,-4.10E-08,0,5.6,99.1%,98.6%,99.7%
Quad Cities 2,2008-04-01,614073,0,0,0.0,NA,0,0,NA,-6.30E-08,-4.16E-08,-4.70E-08,-1.69E-07,-4.10E-08,0,6.5,99.4%,95.9%,99.6%
Quad Cities 2,2008-05-01,646588,0,0,0.0,NA,0,0,NA,-6.30E-08,-4.16E-08,-4.70E-08,-1.69E-07,-4.10E-08,0,6.1,99.4%,95.9%,99.6%
Quad Cities 2,2008-06-01,626776,0,0,0.0,NA,0,0,NA,-6.30E-08,-4.16E-08,-4.70E-08,-1.69E-07,-4.10E-08,0,6.0,99.4%,95.9%,99.6%
Quad Cities 2,2008-07-01,646035,0,0.9,0.0,NA,0,0,NA,-1.20E-08,-4.02E-08,-5.00E-08,-1.69E-07,-4.10E-08,0,6.0,99.4%,100.0%,99.5%
Quad Cities 2,2008-08-01,639910,0,0.9,0.0,NA,0,0,NA,-1.20E-08,-4.02E-08,-5.00E-08,-1.69E-07,-4.10E-08,0,6.2,99.4%,100.0%,99.5%
Quad Cities 2,2008-09-01,621339,0,0.9,0.0,NA,0,0,NA,-1.20E-08,-4.02E-08,-5.00E-08,-1.69E-07,-4.10E-08,0,6.1,99.4%,100.0%,99.5%
Quad Cities 2,2008-10-01,639461,0,1.8,0.0,NA,0,0,NA,1.04E-07,-4.00E-08,-3.09E-08,-1.69E-07,-4.10E-08,0,6.0,98.9%,100.0%,99.6%
Quad Cities 2,2008-11-01,627068,0,1.8,0.0,NA,0,0,NA,1.04E-07,-4.00E-08,-3.09E-08,-1.69E-07,-4.10E-08,0,6.1,98.9%,100.0%,99.6%
Quad Cities 2,2008-12-01,402932,0,1.8,0.0,NA,0,0,NA,1.04E-07,-4.00E-08,-3.09E-08,-1.69E-07,-4.10E-08,0,7.5,98.9%,100.0%,99.6%
Quad Cities 2,2009-01-01,649194,0,1.6,0.0,NA,0,0,NA,1.09E-07,-2.90E-08,-3.12E-08,-1.69E-07,-4.10E-08,0,6.2,98.8%,100.0%,99.6%
Quad Cities 2,2009-02-01,582841,0,1.6,0.0,NA,0,0,NA,1.09E-07,-2.90E-08,-3.12E-08,-1.69E-07,-4.10E-08,0,6.1,98.8%,100.0%,99.6%
Quad Cities 2,2009-03-01,644086,0,1.6,0.0,NA,0,0,NA,1.09E-07,-2.90E-08,-3.12E-08,-1.69E-07,-4.10E-08,0,6.3,98.8%,100.0%,99.6%
Quad Cities 2,2009-04-01,590110,0,1.6,0.0,NA,0,0,NA,1.09E-07,-2.60E-08,-2.74E-08,-1.69E-07,-4.10E-08,0,6.3,98.4%,100.0%,99.7%
Quad Cities 2,2009-05-01,664155,0,1.6,0.0,NA,0,0,NA,1.09E-07,-2.60E-08,-2.74E-08,-1.69E-07,-4.10E-08,0,6.3,98.4%,100.0%,99.7%
Quad Cities 2,2009-06-01,638223,0,1.6,0.0,NA,0,0,NA,1.09E-07,-2.60E-08,-2.74E-08,-1.69E-07,-4.10E-08,0,6.2,98.4%,100.0%,99.7%
Quad Cities 2,2009-07-01,660275,0,0.8,0.0,NA,0,0,NA,1.19E-07,-2.70E-08,-2.74E-08,-1.62E-07,-4.10E-08,0,5.8,98.5%,96.8%,99.8%
Quad Cities 2,2009-08-01,659578,0,0.8,0.0,NA,0,0,NA,1.19E-07,-2.70E-08,-2.74E-08,-1.62E-07,-4.10E-08,0,5.6,98.5%,96.8%,99.8%
Quad Cities 2,2009-09-01,638033,0,0.8,0.0,NA,0,0,NA,1.19E-07,-2.70E-08,-2.74E-08,-1.62E-07,-4.10E-08,0,5.6,98.5%,96.8%,99.8%
Quad Cities 2,2009-10-01,668637,0,0,0.0,NA,0,0,NA,2.26E-07,-3.07E-08,-2.00E-08,-1.64E-07,-4.10E-08,0,5.8,98.9%,100.0%,99.8%
Quad Cities 2,2009-11-01,648497,0,0,0.0,NA,0,0,NA,2.26E-07,-3.07E-08,-2.00E-08,-1.64E-07,-4.10E-08,0,6.1,98.9%,100.0%,99.8%
Quad Cities 2,2009-12-01,669811,0,0,0.0,NA,0,0,NA,2.26E-07,-3.07E-08,-2.00E-08,-1.64E-07,-4.10E-08,0,6.6,98.9%,100.0%,99.8%
River Bend 1,2007-01-01,725147,1.7,2.6,1.0,NA,0,0,2.00E-09,2.00E-09,-3.36E-08,1.54E-08,6.62E-08,-2.10E-08,3.1,7.7,98.0%,95.3%,99.4%
River Bend 1,2007-02-01,661186,1.7,2.6,1.0,NA,0,0,2.00E-09,2.00E-09,-3.36E-08,1.54E-08,6.62E-08,-2.10E-08,2.8,7.4,98.0%,95.3%,99.4%
River Bend 1,2007-03-01,711238,1.7,2.6,1.0,NA,0,0,2.00E-09,2.00E-09,-3.36E-08,1.54E-08,6.62E-08,-2.10E-08,3.4,7.3,98.0%,95.3%,99.4%
River Bend 1,2007-04-01,549766,1.7,2.5,1.0,NA,0,0,2.00E-09,2.00E-09,-3.68E-08,2.20E-08,-1.00E-09,-2.09E-08,4.3,8.2,97.2%,92.2%,99.3%
River Bend 1,2007-05-01,418966,1.7,2.5,1.0,NA,0,0,2.00E-09,2.00E-09,-3.68E-08,2.20E-08,-1.00E-09,-2.09E-08,3.5,10.0,97.2%,92.2%,99.3%
River Bend 1,2007-06-01,426290,1.7,2.5,1.0,NA,0,0,2.00E-09,2.00E-09,-3.68E-08,2.20E-08,-1.00E-09,-2.09E-08,5.6,7.4,97.2%,92.2%,99.3%
River Bend 1,2007-07-01,723145,2.6,2.6,1.0,NA,0,0,3.48E-08,3.48E-08,-3.58E-08,2.70E-08,0.00E+00,-2.09E-08,2.7,7.6,95.6%,99.2%,99.3%
River Bend 1,2007-08-01,716879,2.6,2.6,1.0,NA,0,0,3.48E-08,3.48E-08,-3.58E-08,2.70E-08,0.00E+00,-2.09E-08,3.0,7.5,95.6%,99.2%,99.3%
River Bend 1,2007-09-01,598654,2.6,2.6,1.0,NA,0,0,3.48E-08,3.48E-08,-3.58E-08,2.70E-08,0.00E+00,-2.09E-08,3.5,7.4,95.6%,99.2%,99.3%
River Bend 1,2007-10-01,579550,2.6,2.6,1.0,NA,0,0,1.54E-07,1.54E-07,-3.48E-08,4.50E-08,7.00E-09,-2.31E-08,4.8,7.5,95.1%,95.7%,99.3%
River Bend 1,2007-11-01,422760,2.6,2.6,1.0,NA,0,0,1.54E-07,1.54E-07,-3.48E-08,4.50E-08,7.00E-09,-2.31E-08,4.8,7.8,95.1%,95.7%,99.3%
River Bend 1,2007-12-01,650988,2.6,2.6,1.0,NA,0,0,1.54E-07,1.54E-07,-3.48E-08,4.50E-08,7.00E-09,-2.31E-08,2.9,8.0,95.1%,95.7%,99.3%
River Bend 1,2008-01-01,110735,4.2,4.2,1.0,NA,1,0,1.57E-07,1.57E-07,-3.37E-08,5.80E-08,7.00E-09,-2.96E-08,2.9,8.1,94.4%,97.3%,99.3%
River Bend 1,2008-02-01,-8132,4.2,4.2,1.0,NA,1,0,1.57E-07,1.57E-07,-3.37E-08,5.80E-08,7.00E-09,-2.96E-08,NA,NA,94.4%,97.3%,99.3%
River Bend 1,2008-03-01,342423,4.2,4.2,1.0,NA,1,0,1.57E-07,1.57E-07,-3.37E-08,5.80E-08,7.00E-09,-2.96E-08,2.1,7.8,94.4%,97.3%,99.3%
River Bend 1,2008-04-01,712110,2.9,2.9,1.0,NA,1,0,1.77E-07,1.77E-07,-3.47E-08,6.50E-08,6.00E-09,-2.86E-08,1.5,9.4,93.6%,98.2%,99.4%
River Bend 1,2008-05-01,720704,2.9,2.9,1.0,NA,1,0,1.77E-07,1.77E-07,-3.47E-08,6.50E-08,6.00E-09,-2.86E-08,2.2,7.6,93.6%,98.2%,99.4%
River Bend 1,2008-06-01,671406,2.9,2.9,1.0,NA,1,0,1.77E-07,1.77E-07,-3.47E-08,6.50E-08,6.00E-09,-2.86E-08,1.2,7.7,93.6%,98.2%,99.4%
River Bend 1,2008-07-01,727695,2.1,3.1,1.0,NA,1,0,1.36E-07,1.36E-07,-3.45E-08,7.70E-08,-1.20E-08,-2.86E-08,1.2,7.6,94.1%,97.4%,99.3%
River Bend 1,2008-08-01,718214,2.1,3.1,1.0,NA,1,0,1.36E-07,1.36E-07,-3.45E-08,7.70E-08,-1.20E-08,-2.86E-08,1.4,7.3,94.1%,97.4%,99.3%
River Bend 1,2008-09-01,153794,2.1,3.1,1.0,NA,1,0,1.36E-07,1.36E-07,-3.45E-08,7.70E-08,-1.20E-08,-2.86E-08,1.3,7.8,94.1%,97.4%,99.3%
River Bend 1,2008-10-01,735665,1.0,2.0,0.0,NA,0,0,1.38E-07,1.38E-07,-3.51E-08,7.90E-08,-9.00E-09,-2.86E-08,1.3,7.9,94.8%,95.8%,99.4%
River Bend 1,2008-11-01,716106,1.0,2.0,0.0,NA,0,0,1.38E-07,1.38E-07,-3.51E-08,7.90E-08,-9.00E-09,-2.86E-08,1.3,7.6,94.8%,95.8%,99.4%
River Bend 1,2008-12-01,733145,1.0,2.0,0.0,NA,0,0,1.38E-07,1.38E-07,-3.51E-08,7.90E-08,-9.00E-09,-2.86E-08,1.3,7.5,94.8%,95.8%,99.4%
River Bend 1,2009-01-01,739478,0,0.8,0.0,NA,0,0,1.38E-07,1.38E-07,-3.22E-08,8.90E-08,-9.02E-08,-2.86E-08,1.4,7.6,95.5%,98.3%,98.9%
River Bend 1,2009-02-01,661218,0,0.8,0.0,NA,0,0,1.38E-07,1.38E-07,-3.22E-08,8.90E-08,-9.02E-08,-2.86E-08,1.3,7.3,95.5%,98.3%,98.9%
River Bend 1,2009-03-01,732687,0,0.8,0.0,NA,0,0,1.38E-07,1.38E-07,-3.22E-08,8.90E-08,-9.02E-08,-2.86E-08,2.0,7.3,95.5%,98.3%,98.9%
River Bend 1,2009-04-01,709686,0,0,0.0,NA,0,0,1.48E-07,1.48E-07,-3.03E-08,1.09E-07,-8.85E-08,-2.66E-08,1.0,7.4,96.1%,98.4%,99.0%
River Bend 1,2009-05-01,725329,0,0,0.0,NA,0,0,1.48E-07,1.48E-07,-3.03E-08,1.09E-07,-8.85E-08,-2.66E-08,1.1,7.5,96.1%,98.4%,99.0%
River Bend 1,2009-06-01,696111,0,0,0.0,NA,0,0,1.48E-07,1.48E-07,-3.03E-08,1.09E-07,-8.85E-08,-2.66E-08,1.1,8.0,96.1%,98.4%,99.0%
River Bend 1,2009-07-01,723627,0.8,0,0.0,NA,0,0,1.48E-07,1.48E-07,-2.83E-08,1.09E-07,-8.67E-08,-2.66E-08,1.2,7.8,96.5%,98.4%,99.1%
River Bend 1,2009-08-01,715246,0.8,0,0.0,NA,0,0,1.48E-07,1.48E-07,-2.83E-08,1.09E-07,-8.67E-08,-2.66E-08,1.2,8.2,96.5%,98.4%,99.1%
River Bend 1,2009-09-01,422217,0.8,0,0.0,NA,0,0,1.48E-07,1.48E-07,-2.83E-08,1.09E-07,-8.67E-08,-2.66E-08,1.1,7.7,96.5%,98.4%,99.1%
River Bend 1,2009-10-01,270360,0.9,0,0.0,NA,0,0,1.93E-07,1.93E-07,-2.56E-08,-8.50E-08,-8.68E-08,-2.66E-08,0.5,11.3,96.6%,100.0%,99.0%
River Bend 1,2009-11-01,703396,0.9,0,0.0,NA,0,0,1.93E-07,1.93E-07,-2.56E-08,-8.50E-08,-8.68E-08,-2.66E-08,0.5,9.0,96.6%,100.0%,99.0%
River Bend 1,2009-12-01,734015,0.9,0,0.0,NA,0,0,1.93E-07,1.93E-07,-2.56E-08,-8.50E-08,-8.68E-08,-2.66E-08,0.6,7.7,96.6%,100.0%,99.0%
Salem 1,2007-01-01,881780,0,0,NA,1,0,0,NA,-7.24E-06,-1.00E-07,-5.13E-07,-1.45E-07,-3.29E-07,0,0,97.0%,96.4%,99.3%
Salem 1,2007-02-01,796138,0,0,NA,1,0,0,NA,-7.24E-06,-1.00E-07,-5.13E-07,-1.45E-07,-3.29E-07,0,0,97.0%,96.4%,99.3%
Salem 1,2007-03-01,710450,0,0,NA,1,0,0,NA,-7.24E-06,-1.00E-07,-5.13E-07,-1.45E-07,-3.29E-07,0,0,97.0%,96.4%,99.3%
Salem 1,2007-04-01,109114,1.7,0,NA,1,0,0,NA,-7.14E-06,-1.00E-07,-5.53E-07,-1.47E-07,-1.39E-06,NA,0,97.4%,97.4%,99.3%
Salem 1,2007-05-01,769769,1.7,0,NA,1,0,0,NA,-7.14E-06,-1.00E-07,-5.53E-07,-1.47E-07,-1.39E-06,0,0,97.4%,97.4%,99.3%
Salem 1,2007-06-01,842543,1.7,0,NA,1,0,0,NA,-7.14E-06,-1.00E-07,-5.53E-07,-1.47E-07,-1.39E-06,0,0,97.4%,97.4%,99.3%
Salem 1,2007-07-01,860262,1.7,0,0.0,1,0,0,NA,-6.84E-06,-1.00E-07,-5.33E-07,-1.47E-07,-1.51E-06,0,0,97.1%,95.8%,99.9%
Salem 1,2007-08-01,855700,1.7,0,0.0,1,0,0,NA,-6.84E-06,-1.00E-07,-5.33E-07,-1.47E-07,-1.51E-06,0,0,97.1%,95.8%,99.9%
Salem 1,2007-09-01,832619,1.7,0,0.0,1,0,0,NA,-6.84E-06,-1.00E-07,-5.33E-07,-1.47E-07,-1.51E-06,0,0,97.1%,95.8%,99.9%
Salem 1,2007-10-01,873109,2.6,0,0.0,0,0,0,NA,1.24E-05,-1.00E-07,-5.23E-07,-1.47E-07,-1.39E-06,0,0,97.5%,100.0%,99.9%
Salem 1,2007-11-01,854429,2.6,0,0.0,0,0,0,NA,1.24E-05,-1.00E-07,-5.23E-07,-1.47E-07,-1.39E-06,0,0,97.5%,100.0%,99.9%
Salem 1,2007-12-01,772595,2.6,0,0.0,0,0,0,NA,1.24E-05,-1.00E-07,-5.23E-07,-1.47E-07,-1.39E-06,0,0,97.5%,100.0%,99.9%
Salem 1,2008-01-01,853080,2.6,0.9,0.0,0,0,0,NA,-2.60E-06,-1.00E-07,-4.03E-07,-1.37E-07,-1.31E-06,0,0,96.7%,98.2%,99.9%
Salem 1,2008-02-01,825442,2.6,0.9,0.0,0,0,0,NA,-2.60E-06,-1.00E-07,-4.03E-07,-1.37E-07,-1.31E-06,0,0,96.7%,98.2%,99.9%
Salem 1,2008-03-01,838924,2.6,0.9,0.0,0,0,0,NA,-2.60E-06,-1.00E-07,-4.03E-07,-1.37E-07,-1.31E-06,0,0,96.7%,98.2%,99.9%
Salem 1,2008-04-01,844147,0.8,0.8,0.0,0,0,0,NA,-1.87E-06,-1.21E-07,-2.87E-07,-6.50E-08,-5.62E-07,0,0,97.0%,94.0%,99.9%
Salem 1,2008-05-01,874438,0.8,0.8,0.0,0,0,0,NA,-1.87E-06,-1.21E-07,-2.87E-07,-6.50E-08,-5.62E-07,0,0,97.0%,94.0%,99.9%
Salem 1,2008-06-01,838918,0.8,0.8,0.0,0,0,0,NA,-1.87E-06,-1.21E-07,-2.87E-07,-6.50E-08,-5.62E-07,0,0,97.0%,94.0%,99.9%
Salem 1,2008-07-01,852442,0.8,0.8,0.0,0,0,0,NA,-2.30E-06,-1.21E-07,-2.77E-07,-6.30E-08,-5.62E-07,0,0,96.6%,99.2%,100.0%
Salem 1,2008-08-01,857218,0.8,0.8,0.0,0,0,0,NA,-2.30E-06,-1.21E-07,-2.77E-07,-6.30E-08,-5.62E-07,0,0,96.6%,99.2%,100.0%
Salem 1,2008-09-01,826932,0.8,0.8,0.0,0,0,0,NA,-2.30E-06,-1.21E-07,-2.77E-07,-6.30E-08,-5.62E-07,0,0,96.6%,99.2%,100.0%
Salem 1,2008-10-01,381228,0,0.9,0.0,0,0,0,NA,-2.50E-06,-1.11E-07,-2.77E-07,-7.20E-08,-5.62E-07,0,NA,96.2%,100.0%,100.0%
Salem 1,2008-11-01,455611,0,0.9,0.0,0,0,0,NA,-2.50E-06,-1.11E-07,-2.77E-07,-7.20E-08,-5.62E-07,0,0,96.2%,100.0%,100.0%
Salem 1,2008-12-01,879033,0,0.9,0.0,0,0,0,NA,-2.50E-06,-1.11E-07,-2.77E-07,-7.20E-08,-5.62E-07,0,0.4,96.2%,100.0%,100.0%
Salem 1,2009-01-01,886849,0,0.9,0.0,0,0,0,NA,-2.30E-06,-2.37E-08,-2.77E-07,-6.90E-08,-5.82E-07,0,0.5,96.1%,100.0%,100.0%
Salem 1,2009-02-01,799384,0,0.9,0.0,0,0,0,NA,-2.30E-06,-2.37E-08,-2.77E-07,-6.90E-08,-5.82E-07,0,0,96.1%,100.0%,100.0%
Salem 1,2009-03-01,802826,0,0.9,0.0,0,0,0,NA,-2.30E-06,-2.37E-08,-2.77E-07,-6.90E-08,-5.82E-07,0,0,96.1%,100.0%,100.0%
Salem 1,2009-04-01,850961,0,0.9,0.0,0,0,0,NA,-2.10E-06,-2.37E-08,-2.77E-07,-7.00E-08,-1.16E-07,0,0,95.9%,100.0%,100.0%
Salem 1,2009-05-01,867338,0,0.9,0.0,0,0,0,NA,-2.10E-06,-2.37E-08,-2.77E-07,-7.00E-08,-1.16E-07,0,0,95.9%,100.0%,100.0%
Salem 1,2009-06-01,834949,0,0.9,0.0,0,0,0,NA,-2.10E-06,-2.37E-08,-2.77E-07,-7.00E-08,-1.16E-07,0,0,95.9%,100.0%,100.0%
Salem 1,2009-07-01,863068,0,0.9,0.0,0,0,0,NA,-2.10E-06,-2.37E-08,-2.77E-07,-7.00E-08,-1.16E-07,0,0,96.1%,99.2%,100.0%
Salem 1,2009-08-01,857139,0,0.9,0.0,0,0,0,NA,-2.10E-06,-2.37E-08,-2.77E-07,-7.00E-08,-1.16E-07,0,0,96.1%,99.2%,100.0%
Salem 1,2009-09-01,836123,0,0.9,0.0,0,0,0,NA,-2.10E-06,-2.37E-08,-2.77E-07,-7.00E-08,-1.16E-07,0,0,96.1%,99.2%,100.0%
Salem 1,2009-10-01,880944,0,0.8,0.0,0,0,0,NA,-2.00E-06,-2.57E-08,-2.77E-07,-7.00E-08,-1.16E-07,0,0,96.4%,100.0%,100.0%
Salem 1,2009-11-01,856998,0,0.8,0.0,0,0,0,NA,-2.00E-06,-2.57E-08,-2.77E-07,-7.00E-08,-1.16E-07,0,0,96.4%,100.0%,100.0%
Salem 1,2009-12-01,885178,0,0.8,0.0,0,0,0,NA,-2.00E-06,-2.57E-08,-2.77E-07,-7.00E-08,-1.16E-07,0,0,96.4%,100.0%,100.0%
Salem 2,2007-01-01,860562,0.8,0,0.0,0,0,0,NA,-9.90E-06,-1.45E-07,-3.30E-07,-1.15E-07,-1.40E-07,0.1,0.9,97.0%,96.4%,99.3%
Salem 2,2007-02-01,776504,0.8,0,0.0,0,0,0,NA,-9.90E-06,-1.45E-07,-3.30E-07,-1.15E-07,-1.40E-07,0.1,0.3,97.0%,96.4%,99.3%
Salem 2,2007-03-01,859205,0.8,0,0.0,0,0,0,NA,-9.90E-06,-1.45E-07,-3.30E-07,-1.15E-07,-1.40E-07,0.1,0,97.0%,96.4%,99.3%
Salem 2,2007-04-01,827037,1.7,0,0.0,0,0,0,NA,-9.70E-06,-1.45E-07,-3.30E-07,-1.07E-07,-1.60E-07,0.1,0,97.4%,97.4%,99.3%
Salem 2,2007-05-01,623217,1.7,0,0.0,0,0,0,NA,-9.70E-06,-1.45E-07,-3.30E-07,-1.07E-07,-1.60E-07,0.1,0,97.4%,97.4%,99.3%
Salem 2,2007-06-01,750906,1.7,0,0.0,0,0,0,NA,-9.70E-06,-1.45E-07,-3.30E-07,-1.07E-07,-1.60E-07,0.1,0,97.4%,97.4%,99.3%
Salem 2,2007-07-01,837797,1.7,0,0.0,0,0,0,NA,-9.40E-06,-1.45E-07,-3.83E-07,-1.08E-07,5.40E-07,0.1,0,97.1%,95.8%,99.9%
Salem 2,2007-08-01,791692,1.7,0,0.0,0,0,0,NA,-9.40E-06,-1.45E-07,-3.83E-07,-1.08E-07,5.40E-07,0.1,0,97.1%,95.8%,99.9%
Salem 2,2007-09-01,806933,1.7,0,0.0,0,0,0,NA,-9.40E-06,-1.45E-07,-3.83E-07,-1.08E-07,5.40E-07,0.1,0,97.1%,95.8%,99.9%
Salem 2,2007-10-01,844959,1.6,0,0.0,0,0,0,NA,-9.90E-06,-1.45E-07,-3.73E-07,-9.90E-08,5.60E-07,0.1,0,97.3%,100.0%,99.9%
Salem 2,2007-11-01,831585,1.6,0,0.0,0,0,0,NA,-9.90E-06,-1.45E-07,-3.73E-07,-9.90E-08,5.60E-07,0.1,0,97.3%,100.0%,99.9%
Salem 2,2007-12-01,858996,1.6,0,0.0,0,0,0,NA,-9.90E-06,-1.45E-07,-3.73E-07,-9.90E-08,5.60E-07,0.1,0,97.3%,100.0%,99.9%
Salem 2,2008-01-01,859116,1.7,0,0.0,0,0,0,NA,-8.60E-06,-1.44E-07,-3.73E-07,-1.56E-07,5.80E-07,0.1,0,96.7%,98.2%,99.9%
Salem 2,2008-02-01,796848,1.7,0,0.0,0,0,0,NA,-8.60E-06,-1.44E-07,-3.73E-07,-1.56E-07,5.80E-07,0.1,0,96.7%,98.2%,99.9%
Salem 2,2008-03-01,257629,1.7,0,0.0,0,0,0,NA,-8.60E-06,-1.44E-07,-3.73E-07,-1.56E-07,5.80E-07,0.1,0.7,96.7%,98.2%,99.9%
Salem 2,2008-04-01,-2471,1.9,1.0,0.0,0,0,0,NA,-5.04E-06,-1.21E-07,-2.77E-07,-7.40E-08,-2.60E-07,0.1,0,97.0%,94.0%,99.9%
Salem 2,2008-05-01,424116,1.9,1.0,0.0,0,0,0,NA,-5.04E-06,-1.21E-07,-2.77E-07,-7.40E-08,-2.60E-07,0.1,0.7,97.0%,94.0%,99.9%
Salem 2,2008-06-01,823341,1.9,1.0,0.0,0,0,0,NA,-5.04E-06,-1.21E-07,-2.77E-07,-7.40E-08,-2.60E-07,0.1,0.5,97.0%,94.0%,99.9%
Salem 2,2008-07-01,848516,1.0,1.0,0.0,0,0,0,NA,-4.94E-06,-1.21E-07,-2.67E-07,-7.40E-08,-3.60E-07,0,0.7,96.1%,99.2%,100.0%
Salem 2,2008-08-01,860334,1.0,1.0,0.0,0,0,0,NA,-4.94E-06,-1.21E-07,-2.67E-07,-7.40E-08,-3.60E-07,0,0,96.1%,99.2%,100.0%
Salem 2,2008-09-01,805667,1.0,1.0,0.0,0,0,0,NA,-4.94E-06,-1.21E-07,-2.67E-07,-7.40E-08,-3.60E-07,0,0,96.1%,99.2%,100.0%
Salem 2,2008-10-01,840534,1.0,1.0,0.0,1,0,0,NA,-4.84E-06,-1.11E-07,-2.67E-07,-7.30E-08,2.75E-07,0,0.7,96.2%,100.0%,100.0%
Salem 2,2008-11-01,817708,1.0,1.0,0.0,1,0,0,NA,-4.84E-06,-1.11E-07,-2.67E-07,-7.30E-08,2.75E-07,0.1,1.4,96.2%,100.0%,100.0%
Salem 2,2008-12-01,879655,1.0,1.0,0.0,1,0,0,NA,-4.84E-06,-1.11E-07,-2.67E-07,-7.30E-08,2.75E-07,0,0.9,96.2%,100.0%,100.0%
Salem 2,2009-01-01,886912,0.9,0.9,0.0,0,0,0,NA,-4.64E-06,-2.58E-08,-2.67E-07,-7.00E-08,1.01E-06,0.1,2.2,96.1%,100.0%,100.0%
Salem 2,2009-02-01,796505,0.9,0.9,0.0,0,0,0,NA,-4.64E-06,-2.58E-08,-2.67E-07,-7.00E-08,1.01E-06,0.1,2.6,96.1%,100.0%,100.0%
Salem 2,2009-03-01,879132,0.9,0.9,0.0,0,0,0,NA,-4.64E-06,-2.58E-08,-2.67E-07,-7.00E-08,1.01E-06,0.1,1.7,96.1%,100.0%,100.0%
Salem 2,2009-04-01,850592,0,0,0.0,0,0,0,NA,-4.84E-06,-2.57E-08,-2.57E-07,-7.00E-08,1.59E-07,0.1,2.3,95.9%,100.0%,100.0%
Salem 2,2009-05-01,866404,0,0,0.0,0,0,0,NA,-4.84E-06,-2.57E-08,-2.57E-07,-7.00E-08,1.59E-07,0.1,2.4,95.9%,100.0%,100.0%
Salem 2,2009-06-01,837680,0,0,0.0,0,0,0,NA,-4.84E-06,-2.57E-08,-2.57E-07,-7.00E-08,1.59E-07,0.1,3.1,95.9%,100.0%,100.0%
Salem 2,2009-07-01,862960,0,0,0.0,0,0,0,NA,-4.74E-06,-2.57E-08,-2.57E-07,-6.90E-08,1.59E-07,0.1,4.4,96.1%,99.2%,100.0%
Salem 2,2009-08-01,859329,0,0,0.0,0,0,0,NA,-4.74E-06,-2.57E-08,-2.57E-07,-6.90E-08,1.59E-07,0.1,4.6,96.1%,99.2%,100.0%
Salem 2,2009-09-01,837062,0,0,0.0,0,0,0,NA,-4.74E-06,-2.57E-08,-2.57E-07,-6.90E-08,1.59E-07,0.1,5.1,96.1%,99.2%,100.0%
Salem 2,2009-10-01,350288,0,0,0.0,0,0,0,NA,-4.84E-06,-2.57E-08,-2.27E-07,1.34E-07,1.61E-07,0.1,4.9,96.4%,100.0%,100.0%
Salem 2,2009-11-01,518973,0,0,0.0,0,0,0,NA,-4.84E-06,-2.57E-08,-2.27E-07,1.34E-07,1.61E-07,0,0,96.4%,100.0%,100.0%
Salem 2,2009-12-01,881663,0,0,0.0,0,0,0,NA,-4.84E-06,-2.57E-08,-2.27E-07,1.34E-07,1.61E-07,0,0,96.4%,100.0%,100.0%
Seabrook 1,2007-01-01,877980,0,1.8,NA,0,0,0,9.65E-07,9.65E-07,-2.01E-08,-1.69E-07,-5.40E-08,-1.30E-07,0,1.0,99.1%,98.7%,99.7%
Seabrook 1,2007-02-01,836094,0,1.8,NA,0,0,0,9.65E-07,9.65E-07,-2.01E-08,-1.69E-07,-5.40E-08,-1.30E-07,0,0.3,99.1%,98.7%,99.7%
Seabrook 1,2007-03-01,871034,0,1.8,NA,0,0,0,9.65E-07,9.65E-07,-2.01E-08,-1.69E-07,-5.40E-08,-1.30E-07,0,0.5,99.1%,98.7%,99.7%
Seabrook 1,2007-04-01,856511,0,1.8,NA,0,0,0,4.20E-07,4.20E-07,-1.73E-08,-1.73E-07,-5.40E-08,-1.30E-07,0,0.5,99.1%,98.7%,99.6%
Seabrook 1,2007-05-01,927331,0,1.8,NA,0,0,0,4.20E-07,4.20E-07,-1.73E-08,-1.73E-07,-5.40E-08,-1.30E-07,0,0.4,99.1%,98.7%,99.6%
Seabrook 1,2007-06-01,897115,0,1.8,NA,0,0,0,4.20E-07,4.20E-07,-1.73E-08,-1.73E-07,-5.40E-08,-1.30E-07,0,0.3,99.1%,98.7%,99.6%
Seabrook 1,2007-07-01,926577,0,0.9,0.0,0,0,0,4.20E-07,4.20E-07,-2.01E-08,-1.79E-07,-5.40E-08,-1.30E-07,0,0.4,99.1%,100.0%,99.8%
Seabrook 1,2007-08-01,925890,0,0.9,0.0,0,0,0,4.20E-07,4.20E-07,-2.01E-08,-1.79E-07,-5.40E-08,-1.30E-07,0,0.4,99.1%,100.0%,99.8%
Seabrook 1,2007-09-01,896620,0,0.9,0.0,0,0,0,4.20E-07,4.20E-07,-2.01E-08,-1.79E-07,-5.40E-08,-1.30E-07,0,0.4,99.1%,100.0%,99.8%
Seabrook 1,2007-10-01,925105,0,0.8,0.0,0,0,0,5.86E-07,5.86E-07,-1.51E-08,-2.14E-07,-5.90E-08,-1.03E-07,0,0.4,99.0%,100.0%,99.8%
Seabrook 1,2007-11-01,897572,0,0.8,0.0,0,0,0,5.86E-07,5.86E-07,-1.51E-08,-2.14E-07,-5.90E-08,-1.03E-07,0,0.4,99.0%,100.0%,99.8%
Seabrook 1,2007-12-01,926055,0,0.8,0.0,0,0,0,5.86E-07,5.86E-07,-1.51E-08,-2.14E-07,-5.90E-08,-1.03E-07,0,0.4,99.0%,100.0%,99.8%
Seabrook 1,2008-01-01,567522,0.8,0.8,0.0,0,0,0,6.46E-07,6.46E-07,-1.09E-08,-2.18E-07,-5.70E-08,-9.28E-08,0,0.5,99.0%,100.0%,99.7%
Seabrook 1,2008-02-01,840007,0.8,0.8,0.0,0,0,0,6.46E-07,6.46E-07,-1.09E-08,-2.18E-07,-5.70E-08,-9.28E-08,0,0.6,99.0%,100.0%,99.7%
Seabrook 1,2008-03-01,922125,0.8,0.8,0.0,0,0,0,6.46E-07,6.46E-07,-1.09E-08,-2.18E-07,-5.70E-08,-9.28E-08,0,0.5,99.0%,100.0%,99.7%
Seabrook 1,2008-04-01,0,0.9,1.8,0.0,0,1.0,0,4.60E-08,4.60E-08,-1.30E-08,-2.18E-07,-5.80E-08,-9.28E-08,NA,0,99.5%,100.0%,99.8%
Seabrook 1,2008-05-01,667538,0.9,1.8,0.0,0,1.0,0,4.60E-08,4.60E-08,-1.30E-08,-2.18E-07,-5.80E-08,-9.28E-08,0,0.4,99.5%,100.0%,99.8%
Seabrook 1,2008-06-01,856165,0.9,1.8,0.0,0,1.0,0,4.60E-08,4.60E-08,-1.30E-08,-2.18E-07,-5.80E-08,-9.28E-08,0,0.2,99.5%,100.0%,99.8%
Seabrook 1,2008-07-01,927107,0.9,1.8,0.0,0,1.0,0,5.31E-07,5.31E-07,-7.60E-09,-1.94E-07,-5.80E-08,-5.80E-09,0,0.2,100.0%,100.0%,99.7%
Seabrook 1,2008-08-01,925640,0.9,1.8,0.0,0,1.0,0,5.31E-07,5.31E-07,-7.60E-09,-1.94E-07,-5.80E-08,-5.80E-09,0,0.2,100.0%,100.0%,99.7%
Seabrook 1,2008-09-01,896541,0.9,1.8,0.0,0,1.0,0,5.31E-07,5.31E-07,-7.60E-09,-1.94E-07,-5.80E-08,-5.80E-09,0,0.1,100.0%,100.0%,99.7%
Seabrook 1,2008-10-01,926492,0.9,1.8,0.0,0,1.0,0,7.90E-07,7.90E-07,-1.48E-08,-1.91E-07,-5.80E-08,8.52E-08,0,0.2,98.5%,100.0%,99.7%
Seabrook 1,2008-11-01,895088,0.9,1.8,0.0,0,1.0,0,7.90E-07,7.90E-07,-1.48E-08,-1.91E-07,-5.80E-08,8.52E-08,0,0.2,98.5%,100.0%,99.7%
Seabrook 1,2008-12-01,926089,0.9,1.8,0.0,0,1.0,0,7.90E-07,7.90E-07,-1.48E-08,-1.91E-07,-5.80E-08,8.52E-08,0,0.2,98.5%,100.0%,99.7%
Seabrook 1,2009-01-01,924993,0,0.9,0.0,0,1.0,0,4.99E-07,4.99E-07,-1.48E-08,-1.88E-07,-5.80E-08,8.62E-08,0,0.2,98.5%,100.0%,99.8%
Seabrook 1,2009-02-01,836579,0,0.9,0.0,0,1.0,0,4.99E-07,4.99E-07,-1.48E-08,-1.88E-07,-5.80E-08,8.62E-08,0,0.2,98.5%,100.0%,99.8%
Seabrook 1,2009-03-01,925103,0,0.9,0.0,0,1.0,0,4.99E-07,4.99E-07,-1.48E-08,-1.88E-07,-5.80E-08,8.62E-08,0,0.1,98.5%,100.0%,99.8%
Seabrook 1,2009-04-01,896458,0,0,0.0,0,0,0,4.99E-07,4.99E-07,-5.80E-09,-1.89E-07,-4.86E-08,8.72E-08,0,0.2,98.5%,100.0%,99.8%
Seabrook 1,2009-05-01,926038,0,0,0.0,0,0,0,4.99E-07,4.99E-07,-5.80E-09,-1.89E-07,-4.86E-08,8.72E-08,0,0.2,98.5%,100.0%,99.8%
Seabrook 1,2009-06-01,896326,0,0,0.0,0,0,0,4.99E-07,4.99E-07,-5.80E-09,-1.89E-07,-4.86E-08,8.72E-08,0,0.2,98.5%,100.0%,99.8%
Seabrook 1,2009-07-01,926131,0,0,0.0,0,0,0,2.82E-07,2.82E-07,-3.49E-09,-6.20E-08,6.00E-09,1.35E-07,0,0.2,98.0%,100.0%,99.9%
Seabrook 1,2009-08-01,926113,0,0,0.0,0,0,0,2.82E-07,2.82E-07,-3.49E-09,-6.20E-08,6.00E-09,1.35E-07,0,0.2,98.0%,100.0%,99.9%
Seabrook 1,2009-09-01,892480,0,0,0.0,0,0,0,2.82E-07,2.82E-07,-3.49E-09,-6.20E-08,6.00E-09,1.35E-07,0,0.2,98.0%,100.0%,99.9%
Seabrook 1,2009-10-01,0,0,0,0.0,0,0,0,2.93E-07,2.93E-07,-7.00E-10,-5.80E-08,6.00E-09,1.35E-07,NA,0,97.9%,100.0%,99.9%
Seabrook 1,2009-11-01,340343,0,0,0.0,0,0,0,2.93E-07,2.93E-07,-7.00E-10,-5.80E-08,6.00E-09,1.35E-07,0,0.4,97.9%,100.0%,99.9%
Seabrook 1,2009-12-01,326109,0,0,0.0,0,0,0,2.93E-07,2.93E-07,-7.00E-10,-5.80E-08,6.00E-09,1.35E-07,0,0.3,97.9%,100.0%,99.9%
Sequoyah 1,2007-01-01,873798,0,0,NA,0,0,0,NA,-1.36E-06,5.36E-07,-8.60E-08,2.18E-07,-1.32E-06,2.0,0.3,94.0%,98.7%,99.2%
Sequoyah 1,2007-02-01,789965,0,0,NA,0,0,0,NA,-1.36E-06,5.36E-07,-8.60E-08,2.18E-07,-1.32E-06,2.1,0.3,94.0%,98.7%,99.2%
Sequoyah 1,2007-03-01,873628,0,0,NA,0,0,0,NA,-1.36E-06,5.36E-07,-8.60E-08,2.18E-07,-1.32E-06,2.2,0.3,94.0%,98.7%,99.2%
Sequoyah 1,2007-04-01,839999,0,0,NA,0,0,0,NA,-2.14E-06,5.62E-07,-8.60E-08,2.80E-07,-1.32E-06,2.3,0.5,93.8%,100.0%,99.0%
Sequoyah 1,2007-05-01,867914,0,0,NA,0,0,0,NA,-2.14E-06,5.62E-07,-8.60E-08,2.80E-07,-1.32E-06,2.3,0.7,93.8%,100.0%,99.0%
Sequoyah 1,2007-06-01,833030,0,0,NA,0,0,0,NA,-2.14E-06,5.62E-07,-8.60E-08,2.80E-07,-1.32E-06,2.2,0.8,93.8%,100.0%,99.0%
Sequoyah 1,2007-07-01,853614,0,0,0.0,0,0,0,NA,-1.25E-06,6.10E-07,-8.60E-08,-1.80E-07,-3.32E-06,2.3,0.8,93.5%,100.0%,96.7%
Sequoyah 1,2007-08-01,846306,0,0,0.0,0,0,0,NA,-1.25E-06,6.10E-07,-8.60E-08,-1.80E-07,-3.32E-06,2.4,0.7,93.5%,100.0%,96.7%
Sequoyah 1,2007-09-01,728409,0,0,0.0,0,0,0,NA,-1.25E-06,6.10E-07,-8.60E-08,-1.80E-07,-3.32E-06,2.5,0.8,93.5%,100.0%,96.7%
Sequoyah 1,2007-10-01,59250,0,0,0.0,0,0,0,NA,-1.23E-06,-6.00E-08,-1.12E-07,-1.80E-07,-3.32E-06,1.9,0.6,95.0%,100.0%,96.8%
Sequoyah 1,2007-11-01,316889,0,0,0.0,0,0,0,NA,-1.23E-06,-6.00E-08,-1.12E-07,-1.80E-07,-3.32E-06,0.6,0.1,95.0%,100.0%,96.8%
Sequoyah 1,2007-12-01,875486,0,0,0.0,0,0,0,NA,-1.23E-06,-6.00E-08,-1.12E-07,-1.80E-07,-3.32E-06,0.5,0.2,95.0%,100.0%,96.8%
Sequoyah 1,2008-01-01,813318,0.9,0,0.0,0,0,0,NA,-1.13E-06,-7.70E-08,-8.60E-08,-1.80E-07,-3.22E-06,1.0,0.1,94.9%,100.0%,97.0%
Sequoyah 1,2008-02-01,818537,0.9,0,0.0,0,0,0,NA,-1.13E-06,-7.70E-08,-8.60E-08,-1.80E-07,-3.22E-06,0.6,0.2,94.9%,100.0%,97.0%
Sequoyah 1,2008-03-01,873506,0.9,0,0.0,0,0,0,NA,-1.13E-06,-7.70E-08,-8.60E-08,-1.80E-07,-3.22E-06,0.6,0.2,94.9%,100.0%,97.0%
Sequoyah 1,2008-04-01,845040,0.9,0,0.0,0,0,0,NA,-1.50E-06,-8.60E-08,-8.40E-08,-1.10E-07,-3.32E-06,0.6,0.2,94.7%,97.3%,97.1%
Sequoyah 1,2008-05-01,862205,0.9,0,0.0,0,0,0,NA,-1.50E-06,-8.60E-08,-8.40E-08,-1.10E-07,-3.32E-06,0.6,0.5,94.7%,97.3%,97.1%
Sequoyah 1,2008-06-01,832788,0.9,0,0.0,0,0,0,NA,-1.50E-06,-8.60E-08,-8.40E-08,-1.10E-07,-3.32E-06,0.7,0.4,94.7%,97.3%,97.1%
Sequoyah 1,2008-07-01,848824,0.9,0,0.0,0,0,0,NA,3.90E-07,-7.80E-08,-8.40E-08,-1.20E-07,-3.32E-06,0.8,0.4,94.3%,100.0%,99.4%
Sequoyah 1,2008-08-01,848284,0.9,0,0.0,0,0,0,NA,3.90E-07,-7.80E-08,-8.40E-08,-1.20E-07,-3.32E-06,0.9,0.3,94.3%,100.0%,99.4%
Sequoyah 1,2008-09-01,845702,0.9,0,0.0,0,0,0,NA,3.90E-07,-7.80E-08,-8.40E-08,-1.20E-07,-3.32E-06,0.8,0.4,94.3%,100.0%,99.4%
Sequoyah 1,2008-10-01,853882,0.8,0,0.0,0,0,0,NA,-2.59E-06,-8.00E-08,-8.40E-08,-1.30E-07,-3.42E-06,1.0,0.3,93.6%,100.0%,99.4%
Sequoyah 1,2008-11-01,845304,0.8,0,0.0,0,0,0,NA,-2.59E-06,-8.00E-08,-8.40E-08,-1.30E-07,-3.42E-06,0.8,0.3,93.6%,100.0%,99.4%
Sequoyah 1,2008-12-01,877411,0.8,0,0.0,0,0,0,NA,-2.59E-06,-8.00E-08,-8.40E-08,-1.30E-07,-3.42E-06,1.0,0.2,93.6%,100.0%,99.4%
Sequoyah 1,2009-01-01,877438,0.8,0,1.0,0,0,0,NA,-2.69E-06,-4.00E-08,-8.60E-08,-2.00E-08,-3.42E-06,0.9,0.3,93.8%,100.0%,98.9%
Sequoyah 1,2009-02-01,792149,0.8,0,1.0,0,0,0,NA,-2.69E-06,-4.00E-08,-8.60E-08,-2.00E-08,-3.42E-06,0.9,0.2,93.8%,100.0%,98.9%
Sequoyah 1,2009-03-01,708181,0.8,0,1.0,0,0,0,NA,-2.69E-06,-4.00E-08,-8.60E-08,-2.00E-08,-3.42E-06,2.0,0.2,93.8%,100.0%,98.9%
Sequoyah 1,2009-04-01,0,2.7,0,1.0,0,0,0,NA,-2.43E-06,-4.00E-08,-8.70E-08,-1.00E-08,-3.42E-06,NA,1.6,95.2%,100.0%,99.0%
Sequoyah 1,2009-05-01,708113,2.7,0,1.0,0,0,0,NA,-2.43E-06,-4.00E-08,-8.70E-08,-1.00E-08,-3.42E-06,0.2,1.7,95.2%,100.0%,99.0%
Sequoyah 1,2009-06-01,813571,2.7,0,1.0,0,0,0,NA,-2.43E-06,-4.00E-08,-8.70E-08,-1.00E-08,-3.42E-06,0.2,1.8,95.2%,100.0%,99.0%
Sequoyah 1,2009-07-01,837311,2.7,0,1.0,0,0,0,NA,-1.96E-06,-5.00E-08,-8.70E-08,-4.00E-08,-3.32E-06,0.2,1.7,95.5%,100.0%,99.0%
Sequoyah 1,2009-08-01,841201,2.7,0,1.0,0,0,0,NA,-1.96E-06,-5.00E-08,-8.70E-08,-4.00E-08,-3.32E-06,0.5,1.8,95.5%,100.0%,99.0%
Sequoyah 1,2009-09-01,819896,2.7,0,1.0,0,0,0,NA,-1.96E-06,-5.00E-08,-8.70E-08,-4.00E-08,-3.32E-06,0.2,1.7,95.5%,100.0%,99.0%
Sequoyah 1,2009-10-01,852205,2.7,0,1.0,0,0,0,NA,-1.91E-06,-6.00E-08,-8.70E-08,-7.00E-08,-3.32E-06,0.2,1.6,96.0%,100.0%,99.2%
Sequoyah 1,2009-11-01,846398,2.7,0,1.0,0,0,0,NA,-1.91E-06,-6.00E-08,-8.70E-08,-7.00E-08,-3.32E-06,0.2,1.5,96.0%,100.0%,99.2%
Sequoyah 1,2009-12-01,865712,2.7,0,1.0,0,0,0,NA,-1.91E-06,-6.00E-08,-8.70E-08,-7.00E-08,-3.32E-06,0.3,1.4,96.0%,100.0%,99.2%
Sequoyah 2,2007-01-01,804057,1.7,0,NA,0,0,0,NA,-1.36E-06,-7.00E-08,-1.18E-07,6.70E-08,-9.70E-07,0.1,0.3,94.0%,98.7%,99.2%
Sequoyah 2,2007-02-01,781245,1.7,0,NA,0,0,0,NA,-1.36E-06,-7.00E-08,-1.18E-07,6.70E-08,-9.70E-07,0.1,0.2,94.0%,98.7%,99.2%
Sequoyah 2,2007-03-01,799822,1.7,0,NA,0,0,0,NA,-1.36E-06,-7.00E-08,-1.18E-07,6.70E-08,-9.70E-07,0.1,0.2,94.0%,98.7%,99.2%
Sequoyah 2,2007-04-01,828097,1.7,0,NA,0,0,0,NA,-1.56E-06,-7.00E-08,-1.19E-07,6.70E-08,-9.70E-07,0.1,0.2,93.8%,100.0%,99.0%
Sequoyah 2,2007-05-01,855223,1.7,0,NA,0,0,0,NA,-1.56E-06,-7.00E-08,-1.19E-07,6.70E-08,-9.70E-07,0.1,0.3,93.8%,100.0%,99.0%
Sequoyah 2,2007-06-01,821029,1.7,0,NA,0,0,0,NA,-1.56E-06,-7.00E-08,-1.19E-07,6.70E-08,-9.70E-07,0.1,0.3,93.8%,100.0%,99.0%
Sequoyah 2,2007-07-01,837947,1.7,0,0.0,0,0,0,NA,-5.30E-07,-6.00E-08,-1.19E-07,-4.07E-07,-2.90E-06,0.1,0.2,93.5%,100.0%,96.7%
Sequoyah 2,2007-08-01,829779,1.7,0,0.0,0,0,0,NA,-5.30E-07,-6.00E-08,-1.19E-07,-4.07E-07,-2.90E-06,0.1,0.3,93.5%,100.0%,96.7%
Sequoyah 2,2007-08-01,829779,0,0.9,0.0,0,0,0,NA,4.30E-07,0.00E+00,-1.04E-07,-2.50E-07,-2.01E-06,0.1,0.3,94.3%,100.0%,99.4%
Sequoyah 2,2007-09-01,805862,1.7,0,0.0,0,0,0,NA,-5.30E-07,-6.00E-08,-1.19E-07,-4.07E-07,-2.90E-06,0.1,0.3,93.5%,100.0%,96.7%
Sequoyah 2,2007-10-01,839258,1.6,0.8,0.0,0,0,0,NA,-1.17E-06,-6.00E-08,-1.19E-07,-4.07E-07,-2.90E-06,0.1,0.2,95.0%,100.0%,96.8%
Sequoyah 2,2007-11-01,826455,1.6,0.8,0.0,0,0,0,NA,-1.17E-06,-6.00E-08,-1.19E-07,-4.07E-07,-2.90E-06,0.1,0.2,95.0%,100.0%,96.8%
Sequoyah 2,2007-12-01,863623,1.6,0.8,0.0,0,0,0,NA,-1.17E-06,-6.00E-08,-1.19E-07,-4.07E-07,-2.90E-06,0.1,0.2,95.0%,100.0%,96.8%
Sequoyah 2,2008-01-01,865852,0,0.8,0.0,0,0,0,NA,-1.08E-06,0.00E+00,-1.18E-07,-4.05E-07,-2.11E-06,0.1,0.2,94.9%,100.0%,97.0%
Sequoyah 2,2008-02-01,808068,0,0.8,0.0,0,0,0,NA,-1.08E-06,0.00E+00,-1.18E-07,-4.05E-07,-2.11E-06,0.1,0.3,94.9%,100.0%,97.0%
Sequoyah 2,2008-03-01,861654,0,0.8,0.0,0,0,0,NA,-1.08E-06,0.00E+00,-1.18E-07,-4.05E-07,-2.11E-06,0.2,0.2,94.9%,100.0%,97.0%
Sequoyah 2,2008-04-01,773355,0,0.9,0.0,0,0,0,NA,-1.55E-06,0.00E+00,-1.04E-07,-2.80E-07,-2.11E-06,0.2,0.3,94.7%,97.3%,97.1%
Sequoyah 2,2008-05-01,85192,0,0.9,0.0,0,0,0,NA,-1.55E-06,0.00E+00,-1.04E-07,-2.80E-07,-2.11E-06,0.1,0.5,94.7%,97.3%,97.1%
Sequoyah 2,2008-06-01,671463,0,0.9,0.0,0,0,0,NA,-1.55E-06,0.00E+00,-1.04E-07,-2.80E-07,-2.11E-06,0.1,0.5,94.7%,97.3%,97.1%
Sequoyah 2,2008-07-01,832792,0,0.9,0.0,0,0,0,NA,4.30E-07,0.00E+00,-1.04E-07,-2.50E-07,-2.01E-06,0.1,0.2,94.3%,100.0%,99.4%
Sequoyah 2,2008-09-01,793745,0,0.9,0.0,0,0,0,NA,4.30E-07,0.00E+00,-1.04E-07,-2.50E-07,-2.01E-06,0.1,0.3,94.3%,100.0%,99.4%
Sequoyah 2,2008-10-01,861163,0.9,0.9,0.0,1,0,0,NA,-2.59E-06,-1.00E-08,-1.06E-07,-2.40E-07,-2.11E-06,0.1,0.7,93.6%,100.0%,99.4%
Sequoyah 2,2008-11-01,525834,0.9,0.9,0.0,1,0,0,NA,-2.59E-06,-1.00E-08,-1.06E-07,-2.40E-07,-2.11E-06,0.1,0.7,93.6%,100.0%,99.4%
Sequoyah 2,2008-12-01,864403,0.9,0.9,0.0,1,0,0,NA,-2.59E-06,-1.00E-08,-1.06E-07,-2.40E-07,-2.11E-06,0.1,0.7,93.6%,100.0%,99.4%
Sequoyah 2,2009-01-01,863074,1.8,0.9,1.0,1,0,0,NA,-2.69E-06,-3.00E-08,-1.06E-07,-2.40E-07,-2.11E-06,0.1,0.7,93.8%,100.0%,98.9%
Sequoyah 2,2009-02-01,777733,1.8,0.9,1.0,1,0,0,NA,-2.69E-06,-3.00E-08,-1.06E-07,-2.40E-07,-2.11E-06,0.1,0.6,93.8%,100.0%,98.9%
Sequoyah 2,2009-03-01,740037,1.8,0.9,1.0,1,0,0,NA,-2.69E-06,-3.00E-08,-1.06E-07,-2.40E-07,-2.11E-06,0.1,0.7,93.8%,100.0%,98.9%
Sequoyah 2,2009-04-01,821378,2.5,0.8,1.0,1,0,0,NA,-2.65E-06,-1.00E-08,-1.03E-07,-2.50E-07,-2.31E-06,0.1,1.0,95.2%,100.0%,99.0%
Sequoyah 2,2009-05-01,742931,2.5,0.8,1.0,1,0,0,NA,-2.65E-06,-1.00E-08,-1.03E-07,-2.50E-07,-2.31E-06,0.1,0.9,95.2%,100.0%,99.0%
Sequoyah 2,2009-06-01,801392,2.5,0.8,1.0,1,0,0,NA,-2.65E-06,-1.00E-08,-1.03E-07,-2.50E-07,-2.31E-06,0.1,0.9,95.2%,100.0%,99.0%
Sequoyah 2,2009-07-01,820792,2.5,0.8,1.0,1,0,0,NA,-2.03E-06,-1.00E-08,-1.02E-07,-1.60E-07,-2.31E-06,0.1,1.1,95.5%,100.0%,99.0%
Sequoyah 2,2009-08-01,825239,2.5,0.8,1.0,1,0,0,NA,-2.03E-06,-1.00E-08,-1.02E-07,-1.60E-07,-2.31E-06,0.1,1.2,95.5%,100.0%,99.0%
Sequoyah 2,2009-09-01,805581,2.5,0.8,1.0,1,0,0,NA,-2.03E-06,-1.00E-08,-1.02E-07,-1.60E-07,-2.31E-06,0.1,1.4,95.5%,100.0%,99.0%
Sequoyah 2,2009-10-01,678295,2.7,0,1.0,0,0,0,NA,-2.01E-06,-5.00E-08,-9.24E-08,-1.60E-07,-2.31E-06,0.2,1.4,96.0%,100.0%,99.2%
Sequoyah 2,2009-11-01,64265,2.7,0,1.0,0,0,0,NA,-2.01E-06,-5.00E-08,-9.24E-08,-1.60E-07,-2.31E-06,NA,0.7,96.0%,100.0%,99.2%
Sequoyah 2,2009-12-01,851644,2.7,0,1.0,0,0,0,NA,-2.01E-06,-5.00E-08,-9.24E-08,-1.60E-07,-2.31E-06,0.1,1.2,96.0%,100.0%,99.2%
Shearon Harris 1,2007-01-01,691771,0.9,0.9,NA,0,0,0,NA,-7.00E-07,-5.06E-09,2.19E-08,-9.33E-08,-3.48E-07,0,0.7,97.3%,100.0%,99.6%
Shearon Harris 1,2007-02-01,626054,0.9,0.9,NA,0,0,0,NA,-7.00E-07,-5.06E-09,2.19E-08,-9.33E-08,-3.48E-07,0,0.6,97.3%,100.0%,99.6%
Shearon Harris 1,2007-03-01,685273,0.9,0.9,NA,0,0,0,NA,-7.00E-07,-5.06E-09,2.19E-08,-9.33E-08,-3.48E-07,0,0.6,97.3%,100.0%,99.6%
Shearon Harris 1,2007-04-01,660878,0.8,0,NA,0,0,0,NA,-7.18E-07,-1.19E-08,-5.10E-09,-8.62E-08,-3.49E-07,0,0.5,97.0%,100.0%,99.6%
Shearon Harris 1,2007-05-01,678022,0.8,0,NA,0,0,0,NA,-7.18E-07,-1.19E-08,-5.10E-09,-8.62E-08,-3.49E-07,0,0.5,97.0%,100.0%,99.6%
Shearon Harris 1,2007-06-01,648431,0.8,0,NA,0,0,0,NA,-7.18E-07,-1.19E-08,-5.10E-09,-8.62E-08,-3.49E-07,0,0.4,97.0%,100.0%,99.6%
Shearon Harris 1,2007-07-01,666547,0.8,0,0.0,0,0,0,NA,-7.37E-07,-1.18E-08,-7.40E-09,-9.04E-08,-3.50E-07,0,0.4,97.1%,95.5%,99.6%
Shearon Harris 1,2007-08-01,661605,0.8,0,0.0,0,0,0,NA,-7.37E-07,-1.18E-08,-7.40E-09,-9.04E-08,-3.50E-07,0,0.5,97.1%,95.5%,99.6%
Shearon Harris 1,2007-09-01,600239,0.8,0,0.0,0,0,0,NA,-7.37E-07,-1.18E-08,-7.40E-09,-9.04E-08,-3.50E-07,0,0.5,97.1%,95.5%,99.6%
Shearon Harris 1,2007-10-01,137065,0.9,0.9,0.0,0,0,0,NA,-7.46E-07,-1.18E-08,-5.10E-09,-9.09E-08,-3.50E-07,0,0.1,96.9%,100.0%,99.5%
Shearon Harris 1,2007-11-01,667641,0.9,0.9,0.0,0,0,0,NA,-7.46E-07,-1.18E-08,-5.10E-09,-9.09E-08,-3.50E-07,0,0.3,96.9%,100.0%,99.5%
Shearon Harris 1,2007-12-01,679524,0.9,0.9,0.0,0,0,0,NA,-7.46E-07,-1.18E-08,-5.10E-09,-9.09E-08,-3.50E-07,0,0.2,96.9%,100.0%,99.5%
Shearon Harris 1,2008-01-01,692158,0.9,0.9,0.0,0,1,0,NA,-8.64E-07,-1.19E-08,-1.03E-07,-9.61E-08,-3.57E-08,0,0.3,96.8%,100.0%,99.3%
Shearon Harris 1,2008-02-01,644233,0.9,0.9,0.0,0,1,0,NA,-8.64E-07,-1.19E-08,-1.03E-07,-9.61E-08,-3.57E-08,0,0.3,96.8%,100.0%,99.3%
Shearon Harris 1,2008-03-01,684058,0.9,0.9,0.0,0,1,0,NA,-8.64E-07,-1.19E-08,-1.03E-07,-9.61E-08,-3.57E-08,0,0.3,96.8%,100.0%,99.3%
Shearon Harris 1,2008-04-01,661179,0.9,0.9,0.0,0,1,0,NA,-8.42E-07,-1.07E-08,-1.04E-07,-8.40E-08,-3.57E-08,0,0.3,96.6%,100.0%,99.3%
Shearon Harris 1,2008-05-01,679592,0.9,0.9,0.0,0,1,0,NA,-8.42E-07,-1.07E-08,-1.04E-07,-8.40E-08,-3.57E-08,0,0.3,96.6%,100.0%,99.3%
Shearon Harris 1,2008-06-01,648293,0.9,0.9,0.0,0,1,0,NA,-8.42E-07,-1.07E-08,-1.04E-07,-8.40E-08,-3.57E-08,0,0.3,96.6%,100.0%,99.3%
Shearon Harris 1,2008-07-01,672513,0.9,0.9,0.0,0,1,0,NA,-3.52E-07,-3.19E-09,-6.90E-08,-5.15E-08,-3.10E-08,0,0.3,95.7%,100.0%,99.4%
Shearon Harris 1,2008-08-01,436426,0.9,0.9,0.0,0,1,0,NA,-3.52E-07,-3.19E-09,-6.90E-08,-5.15E-08,-3.10E-08,0,0.5,95.7%,100.0%,99.4%
Shearon Harris 1,2008-09-01,656281,0.9,0.9,0.0,0,1,0,NA,-3.52E-07,-3.19E-09,-6.90E-08,-5.15E-08,-3.10E-08,0,0.2,95.7%,100.0%,99.4%
Shearon Harris 1,2008-10-01,686147,0.8,0,0.0,0,1,0,NA,5.60E-08,-3.09E-09,-7.00E-08,-5.05E-08,-4.30E-08,0,0.2,96.1%,100.0%,99.5%
Shearon Harris 1,2008-11-01,668900,0.8,0,0.0,0,1,0,NA,5.60E-08,-3.09E-09,-7.00E-08,-5.05E-08,-4.30E-08,0,0.3,96.1%,100.0%,99.5%
Shearon Harris 1,2008-12-01,691631,0.8,0,0.0,0,1,0,NA,5.60E-08,-3.09E-09,-7.00E-08,-5.05E-08,-4.30E-08,0,0.2,96.1%,100.0%,99.5%
Shearon Harris 1,2009-01-01,693809,0.8,0,0.0,0,0,0,NA,5.19E-08,-2.43E-09,-1.18E-07,-5.19E-08,-2.80E-08,0,0.2,96.2%,100.0%,99.6%
Shearon Harris 1,2009-02-01,624890,0.8,0,0.0,0,0,0,NA,5.19E-08,-2.43E-09,-1.18E-07,-5.19E-08,-2.80E-08,0,0.2,96.2%,100.0%,99.6%
Shearon Harris 1,2009-03-01,688165,0.8,0,0.0,0,0,0,NA,5.19E-08,-2.43E-09,-1.18E-07,-5.19E-08,-2.80E-08,0,0.2,96.2%,100.0%,99.6%
Shearon Harris 1,2009-04-01,342241,0.9,0,0.0,0,0,0,NA,4.75E-08,-5.64E-09,-1.01E-07,1.77E-08,-2.10E-08,0,0.4,96.9%,100.0%,99.6%
Shearon Harris 1,2009-05-01,441456,0.9,0,0.0,0,0,0,NA,4.75E-08,-5.64E-09,-1.01E-07,1.77E-08,-2.10E-08,0,0.3,96.9%,100.0%,99.6%
Shearon Harris 1,2009-06-01,659020,0.9,0,0.0,0,0,0,NA,4.75E-08,-5.64E-09,-1.01E-07,1.77E-08,-2.10E-08,0,0.2,96.9%,100.0%,99.6%
Shearon Harris 1,2009-07-01,680311,0,0,0.0,0,0,0,NA,6.28E-08,-5.64E-09,-9.56E-08,2.30E-08,-1.00E-09,0,0.2,97.2%,100.0%,99.9%
Shearon Harris 1,2009-08-01,678090,0,0,0.0,0,0,0,NA,6.28E-08,-5.64E-09,-9.56E-08,2.30E-08,-1.00E-09,0,0.2,97.2%,100.0%,99.9%
Shearon Harris 1,2009-09-01,657569,0,0,0.0,0,0,0,NA,6.28E-08,-5.64E-09,-9.56E-08,2.30E-08,-1.00E-09,0,0.4,97.2%,100.0%,99.9%
Shearon Harris 1,2009-10-01,689492,0.9,0,0.0,1,0,0,NA,5.71E-08,-5.63E-09,-9.61E-08,2.60E-08,-9.00E-09,0,0.2,97.5%,100.0%,100.0%
Shearon Harris 1,2009-11-01,551057,0.9,0,0.0,1,0,0,NA,5.71E-08,-5.63E-09,-9.61E-08,2.60E-08,-9.00E-09,0,0.3,97.5%,100.0%,100.0%
Shearon Harris 1,2009-12-01,697061,0.9,0,0.0,1,0,0,NA,5.71E-08,-5.63E-09,-9.61E-08,2.60E-08,-9.00E-09,0,0.2,97.5%,100.0%,100.0%
South Texas Project 2,2007-01-01,959809,0,0,0.0,0,0,0,NA,-1.13E-06,1.66E-07,-1.70E-07,4.09E-08,-1.10E-08,0,0.5,93.8%,93.9%,99.9%
South Texas Project 2,2007-02-01,849675,0,0,0.0,0,0,0,NA,-1.13E-06,1.66E-07,-1.70E-07,4.09E-08,-1.10E-08,0,0.6,93.8%,93.9%,99.9%
South Texas Project 2,2007-03-01,621684,0,0,0.0,0,0,0,NA,-1.13E-06,1.66E-07,-1.70E-07,4.09E-08,-1.10E-08,0,0.7,93.8%,93.9%,99.9%
South Texas Project 2,2007-04-01,45675,0,0,0.0,0,0,0,NA,-1.15E-06,1.36E-07,-1.98E-07,2.79E-08,-3.40E-08,0,0.5,93.8%,95.7%,99.7%
South Texas Project 2,2007-05-01,998768,0,0,0.0,0,0,0,NA,-1.15E-06,1.36E-07,-1.98E-07,2.79E-08,-3.40E-08,0,0.7,93.8%,95.7%,99.7%
South Texas Project 2,2007-06-01,957439,0,0,0.0,0,0,0,NA,-1.15E-06,1.36E-07,-1.98E-07,2.79E-08,-3.40E-08,0,0.6,93.8%,95.7%,99.7%
South Texas Project 2,2007-07-01,988940,0,0.9,0.0,0,0,0,NA,-1.16E-06,-3.30E-08,-2.14E-07,-7.00E-09,-7.70E-08,0,0.7,94.6%,94.7%,99.7%
South Texas Project 2,2007-08-01,968114,0,0.9,0.0,0,0,0,NA,-1.16E-06,-3.30E-08,-2.14E-07,-7.00E-09,-7.70E-08,0,0.8,94.6%,94.7%,99.7%
South Texas Project 2,2007-09-01,957466,0,0.9,0.0,0,0,0,NA,-1.16E-06,-3.30E-08,-2.14E-07,-7.00E-09,-7.70E-08,0,0.7,94.6%,94.7%,99.7%
South Texas Project 2,2007-10-01,999402,0,0.9,0.0,0,0,0,NA,-5.70E-07,-3.30E-08,-1.93E-07,-8.80E-09,5.50E-08,0,0.7,97.2%,98.3%,99.4%
South Texas Project 2,2007-11-01,978561,0,0.9,0.0,0,0,0,NA,-5.70E-07,-3.30E-08,-1.93E-07,-8.80E-09,5.50E-08,0,0.7,97.2%,98.3%,99.4%
South Texas Project 2,2007-12-01,1013366,0,0.9,0.0,0,0,0,NA,-5.70E-07,-3.30E-08,-1.93E-07,-8.80E-09,5.50E-08,0,0.6,97.2%,98.3%,99.4%
South Texas Project 2,2008-01-01,1014997,0,0.9,0.0,0,0,0,NA,-5.80E-07,-2.18E-08,-2.06E-07,-8.70E-09,4.60E-08,0,0.6,96.9%,94.1%,99.6%
South Texas Project 2,2008-02-01,947698,0,0.9,0.0,0,0,0,NA,-5.80E-07,-2.18E-08,-2.06E-07,-8.70E-09,4.60E-08,0,0.7,96.9%,94.1%,99.6%
South Texas Project 2,2008-03-01,1009014,0,0.9,0.0,0,0,0,NA,-5.80E-07,-2.18E-08,-2.06E-07,-8.70E-09,4.60E-08,0,0.7,96.9%,94.1%,99.6%
South Texas Project 2,2008-04-01,970557,0,0.8,0.0,0,0,0,NA,-9.60E-07,-3.00E-08,-1.99E-07,-8.70E-09,-7.52E-08,0,0.7,97.8%,100.0%,99.8%
South Texas Project 2,2008-05-01,998585,0,0.8,0.0,0,0,0,NA,-9.60E-07,-3.00E-08,-1.99E-07,-8.70E-09,-7.52E-08,0,0.6,97.8%,100.0%,99.8%
South Texas Project 2,2008-06-01,954847,0,0.8,0.0,0,0,0,NA,-9.60E-07,-3.00E-08,-1.99E-07,-8.70E-09,-7.52E-08,0,0.5,97.8%,100.0%,99.8%
South Texas Project 2,2008-07-01,984196,0,0,0.0,0,0,0,NA,-8.90E-07,-4.10E-08,-1.35E-07,-6.90E-09,-9.80E-08,0,0.5,97.2%,100.0%,99.7%
South Texas Project 2,2008-08-01,983724,0,0,0.0,0,0,0,NA,-8.90E-07,-4.10E-08,-1.35E-07,-6.90E-09,-9.80E-08,0,0.6,97.2%,100.0%,99.7%
South Texas Project 2,2008-09-01,923016,0,0,0.0,0,0,0,NA,-8.90E-07,-4.10E-08,-1.35E-07,-6.90E-09,-9.80E-08,0,0.5,97.2%,100.0%,99.7%
South Texas Project 2,2008-10-01,96883,0,0,0.0,1.0,0,0,NA,-1.07E-06,-4.10E-08,-4.00E-08,-6.30E-09,-9.70E-08,0,0.5,97.3%,100.0%,99.9%
South Texas Project 2,2008-11-01,827525,0,0,0.0,1.0,0,0,NA,-1.07E-06,-4.10E-08,-4.00E-08,-6.30E-09,-9.70E-08,0,0.5,97.3%,100.0%,99.9%
South Texas Project 2,2008-12-01,1014971,0,0,0.0,1.0,0,0,NA,-1.07E-06,-4.10E-08,-4.00E-08,-6.30E-09,-9.70E-08,0,0.6,97.3%,100.0%,99.9%
South Texas Project 2,2009-01-01,1013340,0,0,0.0,1.0,0,0,NA,-9.80E-07,-4.10E-08,-8.20E-08,-7.50E-09,-9.50E-08,0,0.6,98.2%,96.5%,99.9%
South Texas Project 2,2009-02-01,906105,0,0,0.0,1.0,0,0,NA,-9.80E-07,-4.10E-08,-8.20E-08,-7.50E-09,-9.50E-08,0,0.4,98.2%,96.5%,99.9%
South Texas Project 2,2009-03-01,999048,0,0,0.0,1.0,0,0,NA,-9.80E-07,-4.10E-08,-8.20E-08,-7.50E-09,-9.50E-08,0,0.5,98.2%,96.5%,99.9%
South Texas Project 2,2009-04-01,965298,0,0,0.0,1.0,0,0,NA,-6.50E-07,-3.10E-08,-3.00E-08,-8.00E-09,-3.40E-08,0,0.5,99.0%,99.2%,99.6%
South Texas Project 2,2009-05-01,986761,0,0,0.0,1.0,0,0,NA,-6.50E-07,-3.10E-08,-3.00E-08,-8.00E-09,-3.40E-08,0,0.4,99.0%,99.2%,99.6%
South Texas Project 2,2009-06-01,945249,0,0,0.0,1.0,0,0,NA,-6.50E-07,-3.10E-08,-3.00E-08,-8.00E-09,-3.40E-08,0,0.5,99.0%,99.2%,99.6%
South Texas Project 2,2009-07-01,972075,0,0,0.0,1.0,0,0,NA,-5.60E-07,6.00E-09,-4.00E-08,4.00E-09,1.89E-07,0,0.4,98.1%,99.2%,99.7%
South Texas Project 2,2009-08-01,971735,0,0,0.0,1.0,0,0,NA,-5.60E-07,6.00E-09,-4.00E-08,4.00E-09,1.89E-07,0,0.4,98.1%,99.2%,99.7%
South Texas Project 2,2009-09-01,568589,0,0,0.0,1.0,0,0,NA,-5.60E-07,6.00E-09,-4.00E-08,4.00E-09,1.89E-07,0,0.5,98.1%,99.2%,99.7%
South Texas Project 2,2009-10-01,987917,0,0,0.0,0,0,0,NA,-3.20E-07,-2.70E-08,-1.20E-08,-8.30E-09,1.36E-07,0,0.4,97.3%,99.2%,99.7%
South Texas Project 2,2009-11-01,973351,0,0,0.0,0,0,0,NA,-3.20E-07,-2.70E-08,-1.20E-08,-8.30E-09,1.36E-07,0,0.5,97.3%,99.2%,99.7%
South Texas Project 2,2009-12-01,1014447,0,0,0.0,0,0,0,NA,-3.20E-07,-2.70E-08,-1.20E-08,-8.30E-09,1.36E-07,0,0.4,97.3%,99.2%,99.7%
St Lucie 2,2007-01-01,623612,0.9,0.9,NA,0,0,0,NA,-3.00E-08,-8.40E-08,-2.28E-07,-2.73E-09,1.18E-07,0.1,0.5,95.8%,99.1%,99.9%
St Lucie 2,2007-02-01,565266,0.9,0.9,NA,0,0,0,NA,-3.00E-08,-8.40E-08,-2.28E-07,-2.73E-09,1.18E-07,0.1,0,95.8%,99.1%,99.9%
St Lucie 2,2007-03-01,622505,0.9,0.9,NA,0,0,0,NA,-3.00E-08,-8.40E-08,-2.28E-07,-2.73E-09,1.18E-07,0.1,0.1,95.8%,99.1%,99.9%
St Lucie 2,2007-04-01,603075,0.0,0.8,0.0,0,1,0,NA,-3.00E-08,-6.70E-08,-2.14E-07,-2.60E-09,1.11E-07,0.1,0.1,95.5%,100.0%,99.8%
St Lucie 2,2007-05-01,619413,0.0,0.8,0.0,0,1,0,NA,-3.00E-08,-6.70E-08,-2.14E-07,-2.60E-09,1.11E-07,0.1,0.1,95.5%,100.0%,99.8%
St Lucie 2,2007-06-01,598187,0.0,0.8,0.0,0,1,0,NA,-3.00E-08,-6.70E-08,-2.14E-07,-2.60E-09,1.11E-07,0.1,0.1,95.5%,100.0%,99.8%
St Lucie 2,2007-07-01,616809,0.0,1.7,0.0,0,0,0,NA,-3.00E-08,-3.20E-08,-2.23E-07,-2.77E-09,1.81E-07,0.1,0.1,96.1%,99.0%,99.6%
St Lucie 2,2007-08-01,346600,0.0,1.7,0.0,0,0,0,NA,-3.00E-08,-3.20E-08,-2.23E-07,-2.77E-09,1.81E-07,0.1,0,96.1%,99.0%,99.6%
St Lucie 2,2007-09-01,574988,0.0,1.7,0.0,0,0,0,NA,-3.00E-08,-3.20E-08,-2.23E-07,-2.77E-09,1.81E-07,0.1,0,96.1%,99.0%,99.6%
St Lucie 2,2007-10-01,-2351,0.0,1.1,0.0,0,0,0,NA,-2.70E-08,-7.60E-08,-2.22E-07,-3.44E-09,1.51E-07,NA,NA,96.2%,99.0%,99.6%
St Lucie 2,2007-11-01,-2235,0.0,1.1,0.0,0,0,0,NA,-2.70E-08,-7.60E-08,-2.22E-07,-3.44E-09,1.51E-07,NA,NA,96.2%,99.0%,99.6%
St Lucie 2,2007-12-01,-12133,0.0,1.1,0.0,0,0,0,NA,-2.70E-08,-7.60E-08,-2.22E-07,-3.44E-09,1.51E-07,NA,NA,96.2%,99.0%,99.6%
St Lucie 2,2008-01-01,472326,0.0,2.4,0.0,0,0,0,NA,-2.60E-08,-8.00E-08,-2.22E-07,-3.50E-09,1.31E-07,0.1,0.1,96.1%,100.0%,99.6%
St Lucie 2,2008-02-01,429137,0.0,2.4,0.0,0,0,0,NA,-2.60E-08,-8.00E-08,-2.22E-07,-3.50E-09,1.31E-07,0.1,0,96.1%,100.0%,99.6%
St Lucie 2,2008-03-01,629882,0.0,2.4,0.0,0,0,0,NA,-2.60E-08,-8.00E-08,-2.22E-07,-3.50E-09,1.31E-07,0.1,0.1,96.1%,100.0%,99.6%
St Lucie 2,2008-04-01,612585,2.4,2.4,0.0,0,0,0,NA,2.40E-08,-1.00E-08,-2.22E-07,-3.14E-09,3.51E-07,0.1,0.2,95.8%,98.0%,99.7%
St Lucie 2,2008-05-01,635213,2.4,2.4,0.0,0,0,0,NA,2.40E-08,-1.00E-08,-2.22E-07,-3.14E-09,3.51E-07,0.1,0,95.8%,98.0%,99.7%
St Lucie 2,2008-06-01,524943,2.4,2.4,0.0,0,0,0,NA,2.40E-08,-1.00E-08,-2.22E-07,-3.14E-09,3.51E-07,0.1,1.8,95.8%,98.0%,99.7%
St Lucie 2,2008-07-01,637515,2.3,1.1,0.0,0,0,0,NA,2.50E-08,-3.50E-08,-2.36E-07,-3.20E-09,1.61E-07,0.1,0,96.9%,100.0%,99.8%
St Lucie 2,2008-08-01,635002,2.3,1.1,0.0,0,0,0,NA,2.50E-08,-3.50E-08,-2.36E-07,-3.20E-09,1.61E-07,0.1,0.4,96.9%,100.0%,99.8%
St Lucie 2,2008-09-01,612128,2.3,1.1,0.0,0,0,0,NA,2.50E-08,-3.50E-08,-2.36E-07,-3.20E-09,1.61E-07,0.1,0.5,96.9%,100.0%,99.8%
St Lucie 2,2008-10-01,635653,1.7,0.8,0.0,0,0,0,NA,2.60E-08,-3.30E-08,-2.36E-07,-3.52E-09,1.60E-07,0.1,0.5,96.7%,100.0%,99.8%
St Lucie 2,2008-11-01,621803,1.7,0.8,0.0,0,0,0,NA,2.60E-08,-3.30E-08,-2.36E-07,-3.52E-09,1.60E-07,0.1,0.6,96.7%,100.0%,99.8%
St Lucie 2,2008-12-01,641104,1.7,0.8,0.0,0,0,0,NA,2.60E-08,-3.30E-08,-2.36E-07,-3.52E-09,1.60E-07,0.1,0.1,96.7%,100.0%,99.8%
St Lucie 2,2009-01-01,642355,1.6,0.8,0.0,0,0,0,NA,7.00E-09,3.00E-08,-2.36E-07,-2.69E-09,2.60E-07,0.1,0.6,96.8%,96.1%,99.7%
St Lucie 2,2009-02-01,581625,1.6,0.8,0.0,0,0,0,NA,7.00E-09,3.00E-08,-2.36E-07,-2.69E-09,2.60E-07,0.1,0.5,96.8%,96.1%,99.7%
St Lucie 2,2009-03-01,616232,1.6,0.8,0.0,0,0,0,NA,7.00E-09,3.00E-08,-2.36E-07,-2.69E-09,2.60E-07,0.1,0,96.8%,96.1%,99.7%
St Lucie 2,2009-04-01,454783,0.9,0.9,0.0,0,0,0,NA,6.00E-09,-1.00E-08,-1.68E-08,-2.74E-09,2.59E-07,0.1,0,97.0%,98.9%,99.6%
St Lucie 2,2009-05-01,-2817,0.9,0.9,0.0,0,0,0,NA,6.00E-09,-1.00E-08,-1.68E-08,-2.74E-09,2.59E-07,NA,NA,97.0%,98.9%,99.6%
St Lucie 2,2009-06-01,307367,0.9,0.9,0.0,0,0,0,NA,6.00E-09,-1.00E-08,-1.68E-08,-2.74E-09,2.59E-07,0.1,0.5,97.0%,98.9%,99.6%
St Lucie 2,2009-07-01,285146,1.0,2.1,0.0,0,0,0,NA,7.00E-09,-5.60E-08,-1.58E-08,-2.94E-09,2.89E-07,0.1,0.1,96.7%,98.9%,99.7%
St Lucie 2,2009-08-01,621478,1.0,2.1,0.0,0,0,0,NA,7.00E-09,-5.60E-08,-1.58E-08,-2.94E-09,2.89E-07,0.1,0.1,96.7%,98.9%,99.7%
St Lucie 2,2009-09-01,194370,1.0,2.1,0.0,0,0,0,NA,7.00E-09,-5.60E-08,-1.58E-08,-2.94E-09,2.89E-07,0.1,0,96.7%,98.9%,99.7%
St Lucie 2,2009-10-01,634217,1.0,2.1,0.0,0,0,0,NA,-9.60E-09,2.00E-08,-3.42E-08,-1.98E-09,5.31E-07,0.1,1.0,97.0%,100.0%,99.7%
St Lucie 2,2009-11-01,617966,1.0,2.1,0.0,0,0,0,NA,-9.60E-09,2.00E-08,-3.42E-08,-1.98E-09,5.31E-07,0.1,1.0,97.0%,100.0%,99.7%
St Lucie 2,2009-12-01,642974,1.0,2.1,0.0,0,0,0,NA,-9.60E-09,2.00E-08,-3.42E-08,-1.98E-09,5.31E-07,0.1,1.4,97.0%,100.0%,99.7%
Summer,2007-01-01,731289,0.9,0.9,NA,0,0,0,NA,-5.47E-07,-3.10E-07,-1.52E-07,2.95E-07,1.00E-09,0.1,0.6,97.4%,97.1%,99.2%
Summer,2007-02-01,596857,0.9,0.9,NA,0,0,0,NA,-5.47E-07,-3.10E-07,-1.52E-07,2.95E-07,1.00E-09,0.1,1.0,97.4%,97.1%,99.2%
Summer,2007-03-01,729464,0.9,0.9,NA,0,0,0,NA,-5.47E-07,-3.10E-07,-1.52E-07,2.95E-07,1.00E-09,0.1,1.1,97.4%,97.1%,99.2%
Summer,2007-04-01,700747,0.9,0,NA,0,0,0,NA,-5.40E-07,-3.10E-07,-1.53E-07,2.95E-07,-2.00E-09,0.1,0.8,97.2%,97.1%,99.3%
Summer,2007-05-01,725676,0.9,0,NA,0,0,0,NA,-5.40E-07,-3.10E-07,-1.53E-07,2.95E-07,-2.00E-09,0.1,0.7,97.2%,97.1%,99.3%
Summer,2007-06-01,694760,0.9,0,NA,0,0,0,NA,-5.40E-07,-3.10E-07,-1.53E-07,2.95E-07,-2.00E-09,0.1,1.0,97.2%,97.1%,99.3%
Summer,2007-07-01,723191,0.9,0,0.0,0,0,0,NA,-3.84E-07,-3.90E-07,-6.60E-08,2.36E-07,5.98E-08,0.1,1.0,97.0%,91.7%,99.4%
Summer,2007-08-01,720030,0.9,0,0.0,0,0,0,NA,-3.84E-07,-3.90E-07,-6.60E-08,2.36E-07,5.98E-08,0.1,0.7,97.0%,91.7%,99.4%
Summer,2007-09-01,698487,0.9,0,0.0,0,0,0,NA,-3.84E-07,-3.90E-07,-6.60E-08,2.36E-07,5.98E-08,0.1,0.8,97.0%,91.7%,99.4%
Summer,2007-10-01,724959,0.8,0,0.0,0,0,0,NA,-3.84E-07,-3.90E-07,-6.70E-08,-2.03E-07,-1.60E-07,0.1,0.5,97.4%,90.1%,99.5%
Summer,2007-11-01,704920,0.8,0,0.0,0,0,0,NA,-3.84E-07,-3.90E-07,-6.70E-08,-2.03E-07,-1.60E-07,0.1,0.3,97.4%,90.1%,99.5%
Summer,2007-12-01,728658,0.8,0,0.0,0,0,0,NA,-3.84E-07,-3.90E-07,-6.70E-08,-2.03E-07,-1.60E-07,0.1,1.2,97.4%,90.1%,99.5%
Summer,2008-01-01,556991,0.8,0,0.0,0,0,0,NA,-3.40E-07,-3.90E-07,-7.60E-08,-2.03E-07,-1.60E-07,0.1,1.3,97.1%,97.1%,99.6%
Summer,2008-02-01,651692,0.8,0,0.0,0,0,0,NA,-3.40E-07,-3.90E-07,-7.60E-08,-2.03E-07,-1.60E-07,0.1,0.3,97.1%,97.1%,99.6%
Summer,2008-03-01,727881,0.8,0,0.0,0,0,0,NA,-3.40E-07,-3.90E-07,-7.60E-08,-2.03E-07,-1.60E-07,0.1,0.4,97.1%,97.1%,99.6%
Summer,2008-04-01,574748,0.9,0,0.0,1,0,0,NA,-3.10E-07,-3.90E-07,-1.24E-07,-1.93E-07,-1.60E-07,0.1,0.8,97.1%,95.7%,99.6%
Summer,2008-05-01,0,0.9,0,0.0,1,0,0,NA,-3.10E-07,-3.90E-07,-1.24E-07,-1.93E-07,-1.60E-07,NA,NA,97.1%,95.7%,99.6%
Summer,2008-06-01,358159,0.9,0,0.0,1,0,0,NA,-3.10E-07,-3.90E-07,-1.24E-07,-1.93E-07,-1.60E-07,0.0,2.3,97.1%,95.7%,99.6%
Summer,2008-07-01,723084,0.9,0,0.0,1,0,0,NA,-2.90E-07,-3.90E-07,-1.25E-07,-2.03E-07,-1.60E-07,0,1.5,96.4%,94.3%,99.6%
Summer,2008-08-01,721789,0.9,0,0.0,1,0,0,NA,-2.90E-07,-3.90E-07,-1.25E-07,-2.03E-07,-1.60E-07,0,1.9,96.4%,94.3%,99.6%
Summer,2008-09-01,700482,0.9,0,0.0,1,0,0,NA,-2.90E-07,-3.90E-07,-1.25E-07,-2.03E-07,-1.60E-07,0,1.4,96.4%,94.3%,99.6%
Summer,2008-10-01,727468,0.9,0,0.0,1,0,0,NA,-3.50E-07,-4.00E-07,-1.22E-07,-2.00E-07,-1.60E-07,0.1,1.3,96.7%,97.3%,99.6%
Summer,2008-11-01,706459,0.9,0,0.0,1,0,0,NA,-3.50E-07,-4.00E-07,-1.22E-07,-2.00E-07,-1.60E-07,0,1.2,96.7%,97.3%,99.6%
Summer,2008-12-01,729348,0.9,0,0.0,1,0,0,NA,-3.50E-07,-4.00E-07,-1.22E-07,-2.00E-07,-1.60E-07,0.1,1.2,96.7%,97.3%,99.6%
Summer,2009-01-01,729027,0,0,0.0,1,0,0,NA,-3.77E-07,-4.00E-07,-1.24E-07,-2.03E-07,-1.60E-07,0.1,1.4,96.3%,97.2%,99.6%
Summer,2009-02-01,658963,0,0,0.0,1,0,0,NA,-3.77E-07,-4.00E-07,-1.24E-07,-2.03E-07,-1.60E-07,0.1,1.6,96.3%,97.2%,99.6%
Summer,2009-03-01,730125,0,0,0.0,1,0,0,NA,-3.77E-07,-4.00E-07,-1.24E-07,-2.03E-07,-1.60E-07,0.1,1.3,96.3%,97.2%,99.6%
Summer,2009-04-01,706936,0,0,0.0,0,0,0,NA,-8.49E-07,-4.20E-07,-1.46E-07,-1.46E-07,-2.80E-07,0.1,1.4,97.5%,97.2%,99.7%
Summer,2009-05-01,727749,0,0,0.0,0,0,0,NA,-8.49E-07,-4.20E-07,-1.46E-07,-1.46E-07,-2.80E-07,0.1,1.4,97.5%,97.2%,99.7%
Summer,2009-06-01,699952,0,0,0.0,0,0,0,NA,-8.49E-07,-4.20E-07,-1.46E-07,-1.46E-07,-2.80E-07,0.1,1.3,97.5%,97.2%,99.7%
Summer,2009-07-01,719799,0,0,0.0,0,0,0,NA,-1.56E-06,-4.20E-07,-1.45E-07,-1.46E-07,-2.80E-07,0.1,1.4,97.5%,93.2%,99.8%
Summer,2009-08-01,718259,0,0,0.0,0,0,0,NA,-1.56E-06,-4.20E-07,-1.45E-07,-1.46E-07,-2.80E-07,0.1,1.3,97.5%,93.2%,99.8%
Summer,2009-09-01,699906,0,0,0.0,0,0,0,NA,-1.56E-06,-4.20E-07,-1.45E-07,-1.46E-07,-2.80E-07,0.1,1.4,97.5%,93.2%,99.8%
Summer,2009-10-01,70076,1.9,0.0,0.0,0,0,0,NA,-1.58E-06,-4.20E-07,-1.46E-07,-1.46E-07,-2.80E-07,0.1,2.0,97.4%,92.0%,99.5%
Summer,2009-11-01,0,1.9,0.0,0.0,0,0,0,NA,-1.58E-06,-4.20E-07,-1.46E-07,-1.46E-07,-2.80E-07,NA,NA,97.4%,92.0%,99.5%
Summer,2009-12-01,411251,1.9,0.0,0.0,0,0,0,NA,-1.58E-06,-4.20E-07,-1.46E-07,-1.46E-07,-2.80E-07,0.0,3.3,97.4%,92.0%,99.5%
Surry 1,2007-01-01,546272,0,1.8,NA,0,0,0,NA,-5.77E-07,-7.37E-09,-1.08E-07,-1.83E-08,-1.17E-07,0.1,0.8,96.6%,94.3%,99.6%
Surry 1,2007-02-01,546260,0,1.8,NA,0,0,0,NA,-5.77E-07,-7.37E-09,-1.08E-07,-1.83E-08,-1.17E-07,0.1,0.9,96.6%,94.3%,99.6%
Surry 1,2007-03-01,605086,0,1.8,NA,0,0,0,NA,-5.77E-07,-7.37E-09,-1.08E-07,-1.83E-08,-1.17E-07,0.1,0.9,96.6%,94.3%,99.6%
Surry 1,2007-04-01,586027,0,1.6,NA,0,0,0,NA,-5.61E-07,-1.09E-08,-6.10E-08,-1.74E-08,-1.25E-07,0.1,2.8,96.2%,91.4%,99.6%
Surry 1,2007-05-01,599898,0,1.6,NA,0,0,0,NA,-5.61E-07,-1.09E-08,-6.10E-08,-1.74E-08,-1.25E-07,0.2,2.2,96.2%,91.4%,99.6%
Surry 1,2007-06-01,580894,0,1.6,NA,0,0,0,NA,-5.61E-07,-1.09E-08,-6.10E-08,-1.74E-08,-1.25E-07,0.2,2.6,96.2%,91.4%,99.6%
Surry 1,2007-07-01,598461,0,1.6,0.0,0,0,0,NA,-5.86E-07,-1.13E-08,-7.00E-08,-1.87E-08,-1.25E-07,0.2,4.2,95.0%,97.0%,99.6%
Surry 1,2007-08-01,597227,0,1.6,0.0,0,0,0,NA,-5.86E-07,-1.13E-08,-7.00E-08,-1.87E-08,-1.25E-07,0.2,4.0,95.0%,97.0%,99.6%
Surry 1,2007-09-01,578839,0,1.6,0.0,0,0,0,NA,-5.86E-07,-1.13E-08,-7.00E-08,-1.87E-08,-1.25E-07,0.2,3.5,95.0%,97.0%,99.6%
Surry 1,2007-10-01,384036,0,0,0.0,0,0,0,NA,-3.40E-07,-2.82E-08,-9.70E-08,-2.18E-08,-5.80E-08,0.2,4.5,94.9%,97.6%,99.6%
Surry 1,2007-11-01,0,0,0,0.0,0,0,0,NA,-3.40E-07,-2.82E-08,-9.70E-08,-2.18E-08,-5.80E-08,NA,NA,94.9%,97.6%,99.6%
Surry 1,2007-12-01,572203,0,0,0.0,0,0,0,NA,-3.40E-07,-2.82E-08,-9.70E-08,-2.18E-08,-5.80E-08,0.1,1.7,94.9%,97.6%,99.6%
Surry 1,2008-01-01,603229,0,0.9,0.0,0,0,0,NA,-3.56E-07,-2.82E-08,-9.50E-08,-2.08E-08,-5.90E-08,0.1,1.3,94.7%,97.0%,99.6%
Surry 1,2008-02-01,563355,0,0.9,0.0,0,0,0,NA,-3.56E-07,-2.82E-08,-9.50E-08,-2.08E-08,-5.90E-08,0.1,1.1,94.7%,97.0%,99.6%
Surry 1,2008-03-01,603070,0,0.9,0.0,0,0,0,NA,-3.56E-07,-2.82E-08,-9.50E-08,-2.08E-08,-5.90E-08,0.1,1.0,94.7%,97.0%,99.6%
Surry 1,2008-04-01,477734,0.9,1.8,0.0,0,0,0,NA,-3.00E-07,-2.78E-08,-9.90E-08,-2.08E-08,-7.20E-08,0.1,1.7,95.1%,97.4%,99.5%
Surry 1,2008-05-01,598486,0.9,1.8,0.0,0,0,0,NA,-3.00E-07,-2.78E-08,-9.90E-08,-2.08E-08,-7.20E-08,0.1,2.3,95.1%,97.4%,99.5%
Surry 1,2008-06-01,577446,0.9,1.8,0.0,0,0,0,NA,-3.00E-07,-2.78E-08,-9.90E-08,-2.08E-08,-7.20E-08,0.1,1.8,95.1%,97.4%,99.5%
Surry 1,2008-07-01,595324,0.9,1.8,0.0,0,0,0,NA,-2.70E-07,-3.58E-08,-8.10E-08,-1.86E-08,-5.00E-08,0.1,1.2,93.2%,95.2%,99.7%
Surry 1,2008-08-01,594756,0.9,1.8,0.0,0,0,0,NA,-2.70E-07,-3.58E-08,-8.10E-08,-1.86E-08,-5.00E-08,0.1,2.5,93.2%,95.2%,99.7%
Surry 1,2008-09-01,577916,0.9,1.8,0.0,0,0,0,NA,-2.70E-07,-3.58E-08,-8.10E-08,-1.86E-08,-5.00E-08,0.1,4.5,93.2%,95.2%,99.7%
Surry 1,2008-10-01,512783,0.8,1.6,0.0,0,0,0,NA,-4.33E-07,-3.60E-08,-8.20E-08,-1.96E-08,-4.20E-08,0.1,4.2,94.1%,98.6%,99.7%
Surry 1,2008-11-01,582880,0.8,1.6,0.0,0,0,0,NA,-4.33E-07,-3.60E-08,-8.20E-08,-1.96E-08,-4.20E-08,NA,1.5,94.1%,98.6%,99.7%
Surry 1,2008-12-01,603523,0.8,1.6,0.0,0,0,0,NA,-4.33E-07,-3.60E-08,-8.20E-08,-1.96E-08,-4.20E-08,0.1,2.0,94.1%,98.6%,99.7%
Surry 1,2009-01-01,602829,0.8,0.8,0.0,0,0,0,NA,-4.10E-07,-3.60E-08,-7.50E-08,-1.77E-08,-3.00E-08,0.2,1.3,94.2%,97.8%,99.7%
Surry 1,2009-02-01,544680,0.8,0.8,0.0,0,0,0,NA,-4.10E-07,-3.60E-08,-7.50E-08,-1.77E-08,-3.00E-08,0.1,2.5,94.2%,97.8%,99.7%
Surry 1,2009-03-01,602783,0.8,0.8,0.0,0,0,0,NA,-4.10E-07,-3.60E-08,-7.50E-08,-1.77E-08,-3.00E-08,0.1,5.0,94.2%,97.8%,99.7%
Surry 1,2009-04-01,348311,0,0,0.0,0,0,0,NA,-7.41E-07,-3.80E-08,-9.40E-08,-1.98E-08,-1.00E-08,0.2,3.8,93.8%,99.3%,99.9%
Surry 1,2009-05-01,369909,0,0,0.0,0,0,0,NA,-7.41E-07,-3.80E-08,-9.40E-08,-1.98E-08,-1.00E-08,0.1,8.1,93.8%,99.3%,99.9%
Surry 1,2009-06-01,578804,0,0,0.0,0,0,0,NA,-7.41E-07,-3.80E-08,-9.40E-08,-1.98E-08,-1.00E-08,0.1,6.9,93.8%,99.3%,99.9%
Surry 1,2009-07-01,596176,0,0,0.0,1,0,0,NA,-1.97E-07,-1.73E-08,-4.00E-09,-1.27E-09,-9.00E-09,0.1,2.9,94.1%,95.6%,99.9%
Surry 1,2009-08-01,593658,0,0,0.0,1,0,0,NA,-1.97E-07,-1.73E-08,-4.00E-09,-1.27E-09,-9.00E-09,0.1,2.6,94.1%,95.6%,99.9%
Surry 1,2009-09-01,577778,0,0,0.0,1,0,0,NA,-1.97E-07,-1.73E-08,-4.00E-09,-1.27E-09,-9.00E-09,0.1,2.9,94.1%,95.6%,99.9%
Surry 1,2009-10-01,600064,0,0,0.0,1,0,0,NA,-1.77E-07,-1.57E-08,-1.00E-09,-1.11E-09,-1.31E-08,0.1,4.8,94.2%,97.1%,99.9%
Surry 1,2009-11-01,581218,0,0,0.0,1,0,0,NA,-1.77E-07,-1.57E-08,-1.00E-09,-1.11E-09,-1.31E-08,NA,6.6,94.2%,97.1%,99.9%
Surry 1,2009-12-01,601137,0,0,0.0,1,0,0,NA,-1.77E-07,-1.57E-08,-1.00E-09,-1.11E-09,-1.31E-08,0.1,6.7,94.2%,97.1%,99.9%
Surry 2,2007-01-01,606134,0.9,0,0.0,1,0,0,-9.08E-07,-9.08E-07,3.47E-08,-9.80E-08,9.50E-08,-1.40E-07,0,4.8,96.6%,94.3%,99.6%
Surry 2,2007-02-01,547627,0.9,0,0.0,1,0,0,-9.08E-07,-9.08E-07,3.47E-08,-9.80E-08,9.50E-08,-1.40E-07,0,1.9,96.6%,94.3%,99.6%
Surry 2,2007-03-01,606895,0.9,0,0.0,1,0,0,-9.08E-07,-9.08E-07,3.47E-08,-9.80E-08,9.50E-08,-1.40E-07,0,2.3,96.6%,94.3%,99.6%
Surry 2,2007-04-01,587033,0.9,0,0.0,1,0,0,-8.97E-07,-8.97E-07,3.38E-08,-6.00E-08,9.60E-08,-1.39E-07,0,3.2,96.2%,91.4%,99.6%
Surry 2,2007-05-01,588169,0.9,0,0.0,1,0,0,-8.97E-07,-8.97E-07,3.38E-08,-6.00E-08,9.60E-08,-1.39E-07,0,4.2,96.2%,91.4%,99.6%
Surry 2,2007-06-01,581792,0.9,0,0.0,1,0,0,-8.97E-07,-8.97E-07,3.38E-08,-6.00E-08,9.60E-08,-1.39E-07,0,3.2,96.2%,91.4%,99.6%
Surry 2,2007-07-01,599273,0.9,0,1.0,0,0,0,-8.77E-07,-8.77E-07,3.39E-08,-7.60E-08,9.70E-08,-1.40E-07,0,6.6,95.0%,97.0%,99.6%
Surry 2,2007-08-01,596637,0.9,0,1.0,0,0,0,-8.77E-07,-8.77E-07,3.39E-08,-7.60E-08,9.70E-08,-1.40E-07,0,7.1,95.0%,97.0%,99.6%
Surry 2,2007-09-01,579818,0.9,0,1.0,0,0,0,-8.77E-07,-8.77E-07,3.39E-08,-7.60E-08,9.70E-08,-1.40E-07,0,8.5,95.0%,97.0%,99.6%
Surry 2,2007-10-01,601327,0,0,0.0,0,0,0,-7.27E-07,-7.27E-07,9.44E-08,-1.38E-07,8.20E-08,-1.56E-07,0,10.7,94.9%,97.6%,99.6%
Surry 2,2007-11-01,586204,0,0,0.0,0,0,0,-7.27E-07,-7.27E-07,9.44E-08,-1.38E-07,8.20E-08,-1.56E-07,0,9.9,94.9%,97.6%,99.6%
Surry 2,2007-12-01,605436,0,0,0.0,0,0,0,-7.27E-07,-7.27E-07,9.44E-08,-1.38E-07,8.20E-08,-1.56E-07,0,3.0,94.9%,97.6%,99.6%
Surry 2,2008-01-01,605791,0,0,0.0,0,0,0,-7.08E-07,-7.08E-07,9.34E-08,-1.59E-07,8.40E-08,-1.65E-07,0,5.2,94.7%,97.0%,99.6%
Surry 2,2008-02-01,565203,0,0,0.0,0,0,0,-7.08E-07,-7.08E-07,9.34E-08,-1.59E-07,8.40E-08,-1.65E-07,0,2.8,94.7%,97.0%,99.6%
Surry 2,2008-03-01,604691,0,0,0.0,0,0,0,-7.08E-07,-7.08E-07,9.34E-08,-1.59E-07,8.40E-08,-1.65E-07,0,7.4,94.7%,97.0%,99.6%
Surry 2,2008-04-01,494845,0,0,0.0,0,0,0,-7.35E-07,-7.35E-07,9.50E-08,-1.69E-07,-2.20E-08,-8.50E-08,0,3.0,95.1%,97.4%,99.5%
Surry 2,2008-05-01,195491,0,0,0.0,0,0,0,-7.35E-07,-7.35E-07,9.50E-08,-1.69E-07,-2.20E-08,-8.50E-08,0,0.4,95.1%,97.4%,99.5%
Surry 2,2008-06-01,579087,0,0,0.0,0,0,0,-7.35E-07,-7.35E-07,9.50E-08,-1.69E-07,-2.20E-08,-8.50E-08,0,0.4,95.1%,97.4%,99.5%
Surry 2,2008-07-01,596924,0,0,0.0,0,0,0,-7.32E-07,-7.32E-07,8.70E-08,-1.63E-07,-2.10E-08,-5.70E-08,0,2.6,93.2%,95.2%,99.7%
Surry 2,2008-08-01,596266,0,0,0.0,0,0,0,-7.32E-07,-7.32E-07,8.70E-08,-1.63E-07,-2.10E-08,-5.70E-08,0,0.5,93.2%,95.2%,99.7%
Surry 2,2008-09-01,576657,0,0,0.0,0,0,0,-7.32E-07,-7.32E-07,8.70E-08,-1.63E-07,-2.10E-08,-5.70E-08,0,1.1,93.2%,95.2%,99.7%
Surry 2,2008-10-01,600649,0,0,0.0,0,0,0,-7.59E-07,-7.59E-07,8.50E-08,-1.52E-07,-2.10E-08,-6.80E-08,0,1.2,94.1%,98.6%,99.7%
Surry 2,2008-11-01,585924,0,0,0.0,0,0,0,-7.59E-07,-7.59E-07,8.50E-08,-1.52E-07,-2.10E-08,-6.80E-08,0,2.3,94.1%,98.6%,99.7%
Surry 2,2008-12-01,605309,0,0,0.0,0,0,0,-7.59E-07,-7.59E-07,8.50E-08,-1.52E-07,-2.10E-08,-6.80E-08,0,2.7,94.1%,98.6%,99.7%
Surry 2,2009-01-01,605116,0,0,0.0,0,0,0,-7.49E-07,-7.49E-07,1.52E-07,-1.51E-07,-2.00E-08,-5.90E-08,0,1.6,94.2%,97.8%,99.7%
Surry 2,2009-02-01,546055,0,0,0.0,0,0,0,-7.49E-07,-7.49E-07,1.52E-07,-1.51E-07,-2.00E-08,-5.90E-08,0,1.6,94.2%,97.8%,99.7%
Surry 2,2009-03-01,604676,0,0,0.0,0,0,0,-7.49E-07,-7.49E-07,1.52E-07,-1.51E-07,-2.00E-08,-5.90E-08,0,0.8,94.2%,97.8%,99.7%
Surry 2,2009-04-01,585025,0,0,0.0,0,0,0,-7.57E-07,-7.57E-07,1.41E-07,-1.58E-07,-1.99E-08,-3.00E-08,0,0.9,93.8%,99.3%,99.9%
Surry 2,2009-05-01,601659,0,0,0.0,0,0,0,-7.57E-07,-7.57E-07,1.41E-07,-1.58E-07,-1.99E-08,-3.00E-08,0,1.9,93.8%,99.3%,99.9%
Surry 2,2009-06-01,579904,0,0,0.0,0,0,0,-7.57E-07,-7.57E-07,1.41E-07,-1.58E-07,-1.99E-08,-3.00E-08,0,1.0,93.8%,99.3%,99.9%
Surry 2,2009-07-01,597292,0,0,0.0,1,0,0,-1.96E-07,-1.96E-07,3.26E-08,-2.28E-08,-1.29E-09,-1.07E-08,0,0.4,94.1%,95.6%,99.9%
Surry 2,2009-08-01,594066,0,0,0.0,1,0,0,-1.96E-07,-1.96E-07,3.26E-08,-2.28E-08,-1.29E-09,-1.07E-08,0.1,1.4,94.1%,95.6%,99.9%
Surry 2,2009-09-01,579603,0,0,0.0,1,0,0,-1.96E-07,-1.96E-07,3.26E-08,-2.28E-08,-1.29E-09,-1.07E-08,0,2.3,94.1%,95.6%,99.9%
Surry 2,2009-10-01,548841,0.9,0,0.0,1,0,0,-1.73E-07,-1.73E-07,2.80E-08,-2.06E-08,-1.36E-09,-1.63E-08,0,3.2,94.2%,97.1%,99.9%
Surry 2,2009-11-01,108,0.9,0,0.0,1,0,0,-1.73E-07,-1.73E-07,2.80E-08,-2.06E-08,-1.36E-09,-1.63E-08,0,1.2,94.2%,97.1%,99.9%
Surry 2,2009-12-01,569950,0.9,0,0.0,1,0,0,-1.73E-07,-1.73E-07,2.80E-08,-2.06E-08,-1.36E-09,-1.63E-08,0.1,2.2,94.2%,97.1%,99.9%
Susquehanna 1,2007-01-01,863399,1.7,0.8,0.0,1,1,0,NA,-6.98E-07,-1.43E-08,-2.98E-08,5.59E-09,-1.60E-07,0,7.5,96.0%,100.0%,98.2%
Susquehanna 1,2007-02-01,772331,1.7,0.8,0.0,1,1,0,NA,-6.98E-07,-1.43E-08,-2.98E-08,5.59E-09,-1.60E-07,0,7.5,96.0%,100.0%,98.2%
Susquehanna 1,2007-03-01,854565,1.7,0.8,0.0,1,1,0,NA,-6.98E-07,-1.43E-08,-2.98E-08,5.59E-09,-1.60E-07,0,7.5,96.0%,100.0%,98.2%
Susquehanna 1,2007-04-01,814843,0.8,0.8,0.0,1,1,0,NA,-9.09E-07,-1.34E-08,-2.88E-08,1.02E-08,-1.61E-07,0,6.5,96.2%,98.7%,98.1%
Susquehanna 1,2007-05-01,846830,0.8,0.8,0.0,1,1,0,NA,-9.09E-07,-1.34E-08,-2.88E-08,1.02E-08,-1.61E-07,0,6.5,96.2%,98.7%,98.1%
Susquehanna 1,2007-06-01,805069,0.8,0.8,0.0,1,1,0,NA,-9.09E-07,-1.34E-08,-2.88E-08,1.02E-08,-1.61E-07,0,6.5,96.2%,98.7%,98.1%
Susquehanna 1,2007-07-01,832596,0.8,0.8,0.0,1,1,0,NA,-1.03E-06,-1.34E-08,-2.83E-08,7.36E-09,-1.01E-08,0,6.5,95.8%,97.3%,97.5%
Susquehanna 1,2007-08-01,830999,0.8,0.8,0.0,1,1,0,NA,-1.03E-06,-1.34E-08,-2.83E-08,7.36E-09,-1.01E-08,0,6.5,95.8%,97.3%,97.5%
Susquehanna 1,2007-09-01,810074,0.8,0.8,0.0,1,1,0,NA,-1.03E-06,-1.34E-08,-2.83E-08,7.36E-09,-1.01E-08,0,6.5,95.8%,97.3%,97.5%
Susquehanna 1,2007-10-01,336031,0.0,0.0,0.0,0,1,0,NA,-1.03E-06,-1.33E-08,-2.82E-08,6.74E-09,-1.01E-08,0,6.4,96.7%,94.7%,97.5%
Susquehanna 1,2007-11-01,828321,0.0,0.0,0.0,0,1,0,NA,-1.03E-06,-1.33E-08,-2.82E-08,6.74E-09,-1.01E-08,0,6.5,96.7%,94.7%,97.5%
Susquehanna 1,2007-12-01,861275,0.0,0.0,0.0,0,1,0,NA,-1.03E-06,-1.33E-08,-2.82E-08,6.74E-09,-1.01E-08,0,6.7,96.7%,94.7%,97.5%
Susquehanna 1,2008-01-01,862093,0.0,0.0,0.0,1,0,0,NA,-1.44E-06,-7.90E-09,-2.62E-08,-7.30E-09,1.35E-07,0,6.5,96.1%,100.0%,97.6%
Susquehanna 1,2008-02-01,799404,0.0,0.0,0.0,1,0,0,NA,-1.44E-06,-7.90E-09,-2.62E-08,-7.30E-09,1.35E-07,0,6.5,96.1%,100.0%,97.6%
Susquehanna 1,2008-03-01,80079,0.0,0.0,0.0,1,0,0,NA,-1.44E-06,-7.90E-09,-2.62E-08,-7.30E-09,1.35E-07,0,6.4,96.1%,100.0%,97.6%
Susquehanna 1,2008-04-01,313259,0.0,0.9,0.0,1,0,0,NA,-5.54E-06,-7.80E-09,-2.61E-08,-1.11E-08,7.02E-08,NA,6.4,97.1%,100.0%,98.0%
Susquehanna 1,2008-05-01,878072,0.0,0.9,0.0,1,0,0,NA,-5.54E-06,-7.80E-09,-2.61E-08,-1.11E-08,7.02E-08,0,6.5,97.1%,100.0%,98.0%
Susquehanna 1,2008-06-01,828297,0.0,0.9,0.0,1,0,0,NA,-5.54E-06,-7.80E-09,-2.61E-08,-1.11E-08,7.02E-08,0,6.6,97.1%,100.0%,98.0%
Susquehanna 1,2008-07-01,868130,0.0,1.9,0.0,1,0,0,NA,-5.53E-06,-7.80E-09,-2.61E-08,-1.09E-08,5.20E-08,0,6.8,98.6%,100.0%,98.7%
Susquehanna 1,2008-08-01,833498,0.0,1.9,0.0,1,0,0,NA,-5.53E-06,-7.80E-09,-2.61E-08,-1.09E-08,5.20E-08,0,7.0,98.6%,100.0%,98.7%
Susquehanna 1,2008-09-01,852863,0.0,1.9,0.0,1,0,0,NA,-5.53E-06,-7.80E-09,-2.61E-08,-1.09E-08,5.20E-08,0,7.0,98.6%,100.0%,98.7%
Susquehanna 1,2008-10-01,895802,0,1.8,0.0,1,0,0,NA,-6.43E-06,-7.40E-09,-2.52E-08,-9.97E-09,4.60E-08,0,7.0,96.8%,100.0%,99.0%
Susquehanna 1,2008-11-01,868584,0,1.8,0.0,1,0,0,NA,-6.43E-06,-7.40E-09,-2.52E-08,-9.97E-09,4.60E-08,0,7.0,96.8%,100.0%,99.0%
Susquehanna 1,2008-12-01,903730,0,1.8,0.0,1,0,0,NA,-6.43E-06,-7.40E-09,-2.52E-08,-9.97E-09,4.60E-08,0,6.9,96.8%,100.0%,99.0%
Susquehanna 1,2009-01-01,904413,0,2.5,0.0,0,0,0,NA,-6.34E-06,-7.70E-09,-2.53E-08,-8.45E-09,4.60E-08,0,6.5,94.4%,100.0%,99.3%
Susquehanna 1,2009-02-01,822545,0,2.5,0.0,0,0,0,NA,-6.34E-06,-7.70E-09,-2.53E-08,-8.45E-09,4.60E-08,0,6.5,94.4%,100.0%,99.3%
Susquehanna 1,2009-03-01,904595,0,2.5,0.0,0,0,0,NA,-6.34E-06,-7.70E-09,-2.53E-08,-8.45E-09,4.60E-08,0,6.5,94.4%,100.0%,99.3%
Susquehanna 1,2009-04-01,859333,0,2.4,0.0,0,0,0,NA,-6.34E-06,-6.20E-09,-2.43E-08,-5.60E-09,3.50E-08,0,6.5,93.8%,100.0%,99.3%
Susquehanna 1,2009-05-01,870602,0,2.4,0.0,0,0,0,NA,-6.34E-06,-6.20E-09,-2.43E-08,-5.60E-09,3.50E-08,0,6.5,93.8%,100.0%,99.3%
Susquehanna 1,2009-06-01,852104,0,2.4,0.0,0,0,0,NA,-6.34E-06,-6.20E-09,-2.43E-08,-5.60E-09,3.50E-08,0,6.5,93.8%,100.0%,99.3%
Susquehanna 1,2009-07-01,878718,0,1.6,0.0,0,0,0,NA,-6.43E-06,-6.00E-09,-2.43E-08,-2.36E-08,2.70E-08,0,6.5,93.8%,100.0%,96.7%
Susquehanna 1,2009-08-01,873751,0,1.6,0.0,0,0,0,NA,-6.43E-06,-6.00E-09,-2.43E-08,-2.36E-08,2.70E-08,0,6.5,93.8%,100.0%,96.7%
Susquehanna 1,2009-09-01,850256,0,1.6,0.0,0,0,0,NA,-6.43E-06,-6.00E-09,-2.43E-08,-2.36E-08,2.70E-08,0,6.6,93.8%,100.0%,96.7%
Susquehanna 1,2009-10-01,893047,0,2.4,0.0,1,0,0,NA,-6.33E-06,-6.10E-09,-2.44E-08,-2.37E-08,7.00E-09,0,6.5,94.0%,100.0%,96.3%
Susquehanna 1,2009-11-01,873873,0,2.4,0.0,1,0,0,NA,-6.33E-06,-6.10E-09,-2.44E-08,-2.37E-08,7.00E-09,0,6.6,94.0%,100.0%,96.3%
Susquehanna 1,2009-12-01,892293,0,2.4,0.0,1,0,0,NA,-6.33E-06,-6.10E-09,-2.44E-08,-2.37E-08,7.00E-09,0,6.5,94.0%,100.0%,96.3%
Susquehanna 2,2007-01-01,860879,0,0,NA,0,1,0,NA,-6.37E-07,-1.87E-08,-2.37E-08,-8.42E-09,-1.43E-09,0,6.3,96.0%,100.0%,98.2%
Susquehanna 2,2007-02-01,784703,0,0,NA,0,1,0,NA,-6.37E-07,-1.87E-08,-2.37E-08,-8.42E-09,-1.43E-09,0,6.2,96.0%,100.0%,98.2%
Susquehanna 2,2007-03-01,55321,0,0,NA,0,1,0,NA,-6.37E-07,-1.87E-08,-2.37E-08,-8.42E-09,-1.43E-09,0,0,96.0%,100.0%,98.2%
Susquehanna 2,2007-04-01,348275,0,0.9,NA,0,1,0,NA,-8.28E-07,-1.87E-08,-2.37E-08,-8.70E-09,-1.27E-09,0,6.3,96.2%,98.7%,98.1%
Susquehanna 2,2007-05-01,856832,0,0.9,NA,0,1,0,NA,-8.28E-07,-1.87E-08,-2.37E-08,-8.70E-09,-1.27E-09,0,6.4,96.2%,98.7%,98.1%
Susquehanna 2,2007-06-01,818470,0,0.9,NA,0,1,0,NA,-8.28E-07,-1.87E-08,-2.37E-08,-8.70E-09,-1.27E-09,0,6.3,96.2%,98.7%,98.1%
Susquehanna 2,2007-07-01,843973,0,0.9,0.0,0,1,0,NA,-9.88E-07,-1.87E-08,-2.27E-08,-8.90E-09,-1.34E-09,0,6.3,95.8%,97.3%,97.5%
Susquehanna 2,2007-08-01,838360,0,0.9,0.0,0,1,0,NA,-9.88E-07,-1.87E-08,-2.27E-08,-8.90E-09,-1.34E-09,0,6.3,95.8%,97.3%,97.5%
Susquehanna 2,2007-09-01,819405,0,0.9,0.0,0,1,0,NA,-9.88E-07,-1.87E-08,-2.27E-08,-8.90E-09,-1.34E-09,0,6.3,95.8%,97.3%,97.5%
Susquehanna 2,2007-10-01,845546,0,0.9,0.0,0,1,0,NA,-9.60E-07,-1.87E-08,-2.27E-08,-8.86E-09,-1.44E-09,0,6.2,96.7%,94.7%,97.5%
Susquehanna 2,2007-11-01,839646,0,0.9,0.0,0,1,0,NA,-9.60E-07,-1.87E-08,-2.27E-08,-8.86E-09,-1.44E-09,0,6.2,96.7%,94.7%,97.5%
Susquehanna 2,2007-12-01,870159,0,0.9,0.0,0,1,0,NA,-9.60E-07,-1.87E-08,-2.27E-08,-8.86E-09,-1.44E-09,0,6.2,96.7%,94.7%,97.5%
Susquehanna 2,2008-01-01,869573,0,0.8,0.0,0,0,0,NA,-1.34E-06,-1.36E-08,-2.24E-08,-1.58E-08,8.92E-08,0,6.2,96.1%,100.0%,97.6%
Susquehanna 2,2008-02-01,810863,0,0.8,0.0,0,0,0,NA,-1.34E-06,-1.36E-08,-2.24E-08,-1.58E-08,8.92E-08,0,6.2,96.1%,100.0%,97.6%
Susquehanna 2,2008-03-01,862551,0,0.8,0.0,0,0,0,NA,-1.34E-06,-1.36E-08,-2.24E-08,-1.58E-08,8.92E-08,0,6.3,96.1%,100.0%,97.6%
Susquehanna 2,2008-04-01,821938,0,0,0.0,0,0,0,NA,-5.44E-06,-1.36E-08,-2.24E-08,-1.59E-08,5.40E-08,0,6.2,97.1%,100.0%,98.0%
Susquehanna 2,2008-05-01,856870,0,0,0.0,0,0,0,NA,-5.44E-06,-1.36E-08,-2.24E-08,-1.59E-08,5.40E-08,0,6.2,97.1%,100.0%,98.0%
Susquehanna 2,2008-06-01,806955,0,0,0.0,0,0,0,NA,-5.44E-06,-1.36E-08,-2.24E-08,-1.59E-08,5.40E-08,0,6.2,97.1%,100.0%,98.0%
Susquehanna 2,2008-07-01,834911,0,0,0.0,0,0,0,NA,-5.43E-06,-1.36E-08,-2.24E-08,-1.57E-08,6.60E-08,0,6.2,98.6%,100.0%,98.7%
Susquehanna 2,2008-08-01,838954,0,0,0.0,0,0,0,NA,-5.43E-06,-1.36E-08,-2.24E-08,-1.57E-08,6.60E-08,0,6.2,98.6%,100.0%,98.7%
Susquehanna 2,2008-09-01,809897,0,0,0.0,0,0,0,NA,-5.43E-06,-1.36E-08,-2.24E-08,-1.57E-08,6.60E-08,0,6.2,98.6%,100.0%,98.7%
Susquehanna 2,2008-10-01,855860,0,1.6,0.0,0,0,0,NA,-6.23E-06,-1.36E-08,-2.21E-08,-1.57E-08,6.10E-08,0,6.2,96.8%,100.0%,99.0%
Susquehanna 2,2008-11-01,825303,0,1.6,0.0,0,0,0,NA,-6.23E-06,-1.36E-08,-2.21E-08,-1.57E-08,6.10E-08,0,6.2,96.8%,100.0%,99.0%
Susquehanna 2,2008-12-01,862328,0,1.6,0.0,0,0,0,NA,-6.23E-06,-1.36E-08,-2.21E-08,-1.57E-08,6.10E-08,0,6.2,96.8%,100.0%,99.0%
Susquehanna 2,2009-01-01,867414,0,1.6,0.0,0,0,0,NA,-6.24E-06,-1.37E-08,-2.21E-08,-1.56E-08,6.10E-08,0,6.2,94.4%,100.0%,99.3%
Susquehanna 2,2009-02-01,780150,0,1.6,0.0,0,0,0,NA,-6.24E-06,-1.37E-08,-2.21E-08,-1.56E-08,6.10E-08,0,6.4,94.4%,100.0%,99.3%
Susquehanna 2,2009-03-01,822094,0,1.6,0.0,0,0,0,NA,-6.24E-06,-1.37E-08,-2.21E-08,-1.56E-08,6.10E-08,0,6.1,94.4%,100.0%,99.3%
Susquehanna 2,2009-04-01,145012,0,1.8,0.0,0,0,0,NA,-6.24E-06,-1.25E-08,-2.20E-08,-1.66E-08,4.70E-08,0,5.9,93.8%,100.0%,99.3%
Susquehanna 2,2009-05-01,317603,0,1.8,0.0,0,0,0,NA,-6.24E-06,-1.25E-08,-2.20E-08,-1.66E-08,4.70E-08,0,6.0,93.8%,100.0%,99.3%
Susquehanna 2,2009-06-01,837670,0,1.8,0.0,0,0,0,NA,-6.24E-06,-1.25E-08,-2.20E-08,-1.66E-08,4.70E-08,0,6.0,93.8%,100.0%,99.3%
Susquehanna 2,2009-07-01,878089,0,1.8,0.0,0,0,0,NA,-6.23E-06,-1.25E-08,-2.21E-08,-1.76E-08,4.50E-08,0,6.0,93.8%,100.0%,96.7%
Susquehanna 2,2009-08-01,871679,0,1.8,0.0,0,0,0,NA,-6.23E-06,-1.25E-08,-2.21E-08,-1.76E-08,4.50E-08,0,6.0,93.8%,100.0%,96.7%
Susquehanna 2,2009-09-01,844134,0,1.8,0.0,0,0,0,NA,-6.23E-06,-1.25E-08,-2.21E-08,-1.76E-08,4.50E-08,0,6.1,93.8%,100.0%,96.7%
Susquehanna 2,2009-10-01,890753,0,0.9,0.0,0,0,0,NA,-6.23E-06,-1.11E-08,-2.50E-08,-1.69E-08,1.80E-08,0,6.0,93.4%,100.0%,96.3%
Susquehanna 2,2009-11-01,865602,0,0.9,0.0,0,0,0,NA,-6.23E-06,-1.11E-08,-2.50E-08,-1.69E-08,1.80E-08,0,6.4,93.4%,100.0%,96.3%
Susquehanna 2,2009-12-01,890927,0,0.9,0.0,0,0,0,NA,-6.23E-06,-1.11E-08,-2.50E-08,-1.69E-08,1.80E-08,0,5.9,93.4%,100.0%,96.3%
Turkey Point 3,2007-01-01,540574,0,0.8,NA,1,0,0,NA,NA,NA,NA,NA,NA,0.1,0.4,96.1%,100.0%,99.7%
Turkey Point 3,2007-02-01,432005,0,0.8,NA,1,0,0,NA,NA,NA,NA,NA,NA,0.1,0.5,96.1%,100.0%,99.7%
Turkey Point 3,2007-03-01,535937,0,0.8,NA,1,0,0,NA,NA,NA,NA,NA,NA,0.1,0.7,96.1%,100.0%,99.7%
Turkey Point 3,2007-04-01,516166,0,0.8,NA,1,0,0,-1.50E-08,-1.50E-08,8.70E-09,1.57E-07,-1.11E-08,6.46E-08,0.1,0.5,95.9%,98.7%,99.6%
Turkey Point 3,2007-05-01,518558,0,0.8,NA,1,0,0,-1.50E-08,-1.50E-08,8.70E-09,1.57E-07,-1.11E-08,6.46E-08,0.1,0.5,95.9%,98.7%,99.6%
Turkey Point 3,2007-06-01,508526,0,0.8,NA,1,0,0,-1.50E-08,-1.50E-08,8.70E-09,1.57E-07,-1.11E-08,6.46E-08,0.1,0.6,95.9%,98.7%,99.6%
Turkey Point 3,2007-07-01,415900,0,0.9,0.0,0,0,0,-1.50E-08,-1.50E-08,8.20E-09,1.57E-07,-1.24E-08,6.57E-08,0.1,0.7,96.3%,100.0%,99.6%
Turkey Point 3,2007-08-01,518164,0,0.9,0.0,0,0,0,-1.50E-08,-1.50E-08,8.20E-09,1.57E-07,-1.24E-08,6.57E-08,0.1,0.5,96.3%,100.0%,99.6%
Turkey Point 3,2007-09-01,502589,0,0.9,0.0,0,0,0,-1.50E-08,-1.50E-08,8.20E-09,1.57E-07,-1.24E-08,6.57E-08,0.1,0.4,96.3%,100.0%,99.6%
Turkey Point 3,2007-10-01,530489,0,0.9,0.0,0,0,0,-1.07E-08,-1.07E-08,1.10E-09,4.01E-08,-2.15E-09,1.16E-09,0.0,1.6,96.2%,100.0%,99.8%
Turkey Point 3,2007-11-01,522538,0,0.9,0.0,0,0,0,-1.07E-08,-1.07E-08,1.10E-09,4.01E-08,-2.15E-09,1.16E-09,0.1,1.6,96.2%,100.0%,99.8%
Turkey Point 3,2007-12-01,536658,0,0.9,0.0,0,0,0,-1.07E-08,-1.07E-08,1.10E-09,4.01E-08,-2.15E-09,1.16E-09,0.2,1.3,96.2%,100.0%,99.8%
Turkey Point 3,2008-01-01,542495,1.0,1.0,0.0,0,0,0,-1.07E-08,-1.07E-08,1.13E-09,4.08E-08,-2.25E-09,2.07E-09,0.2,1.2,93.5%,100.0%,99.8%
Turkey Point 3,2008-02-01,440643,1.0,1.0,0.0,0,0,0,-1.07E-08,-1.07E-08,1.13E-09,4.08E-08,-2.25E-09,2.07E-09,0.2,1.4,93.5%,100.0%,99.8%
Turkey Point 3,2008-03-01,484419,1.0,1.0,0.0,0,0,0,-1.07E-08,-1.07E-08,1.13E-09,4.08E-08,-2.25E-09,2.07E-09,0.2,1.1,93.5%,100.0%,99.8%
Turkey Point 3,2008-04-01,519425,0.9,0,0.0,0,0,0,1.59E-08,1.59E-08,1.06E-09,3.92E-08,-2.15E-09,2.17E-09,0.2,1.4,93.9%,100.0%,99.9%
Turkey Point 3,2008-05-01,527788,0.9,0,0.0,0,0,0,1.59E-08,1.59E-08,1.06E-09,3.92E-08,-2.15E-09,2.17E-09,0.3,1.4,93.9%,100.0%,99.9%
Turkey Point 3,2008-06-01,476244,0.9,0,0.0,0,0,0,1.59E-08,1.59E-08,1.06E-09,3.92E-08,-2.15E-09,2.17E-09,0.2,1.3,93.9%,100.0%,99.9%
Turkey Point 3,2008-07-01,521209,0.8,0,0.0,0,0,0,1.64E-08,1.64E-08,1.51E-09,4.15E-08,-2.31E-09,1.98E-09,0.4,1.9,93.6%,100.0%,99.7%
Turkey Point 3,2008-08-01,521333,0.8,0,0.0,0,0,0,1.64E-08,1.64E-08,1.51E-09,4.15E-08,-2.31E-09,1.98E-09,0.5,5.8,93.6%,100.0%,99.7%
Turkey Point 3,2008-09-01,509882,0.8,0,0.0,0,0,0,1.64E-08,1.64E-08,1.51E-09,4.15E-08,-2.31E-09,1.98E-09,0.5,1.2,93.6%,100.0%,99.7%
Turkey Point 3,2008-10-01,532536,0.8,0,0.0,0,0,0,1.92E-08,1.92E-08,2.40E-09,-9.74E-08,-2.35E-09,1.98E-09,0.7,1.1,93.0%,100.0%,99.4%
Turkey Point 3,2008-11-01,523407,0.8,0,0.0,0,0,0,1.92E-08,1.92E-08,2.40E-09,-9.74E-08,-2.35E-09,1.98E-09,0.7,0.8,93.0%,100.0%,99.4%
Turkey Point 3,2008-12-01,540150,0.8,0,0.0,0,0,0,1.92E-08,1.92E-08,2.40E-09,-9.74E-08,-2.35E-09,1.98E-09,0.7,0.4,93.0%,100.0%,99.4%
Turkey Point 3,2009-01-01,540620,0,0,0.0,0,0,0,2.08E-08,2.08E-08,-2.80E-10,-9.74E-08,-2.27E-09,1.94E-09,0.7,0.7,93.8%,100.0%,99.5%
Turkey Point 3,2009-02-01,487192,0,0,0.0,0,0,0,2.08E-08,2.08E-08,-2.80E-10,-9.74E-08,-2.27E-09,1.94E-09,0.6,0.6,93.8%,100.0%,99.5%
Turkey Point 3,2009-03-01,248366,0,0,0.0,0,0,0,2.08E-08,2.08E-08,-2.80E-10,-9.74E-08,-2.27E-09,1.94E-09,0.6,0.7,93.8%,100.0%,99.5%
Turkey Point 3,2009-04-01,-5106,0.9,0,0.0,0,0,0,2.08E-08,2.08E-08,-3.20E-10,-9.92E-08,-2.27E-09,1.94E-09,NA,0.3,94.3%,95.2%,99.4%
Turkey Point 3,2009-05-01,334517,0.9,0,0.0,0,0,0,2.08E-08,2.08E-08,-3.20E-10,-9.92E-08,-2.27E-09,1.94E-09,0.1,0.4,94.3%,95.2%,99.4%
Turkey Point 3,2009-06-01,506549,0.9,0,0.0,0,0,0,2.08E-08,2.08E-08,-3.20E-10,-9.92E-08,-2.27E-09,1.94E-09,0.1,0.4,94.3%,95.2%,99.4%
Turkey Point 3,2009-07-01,519616,0.9,0,0.0,2,0,0,2.09E-08,2.09E-08,-2.20E-10,-9.85E-08,-2.27E-09,2.14E-09,0.1,1.1,93.7%,97.5%,99.3%
Turkey Point 3,2009-08-01,520395,0.9,0,0.0,2,0,0,2.09E-08,2.09E-08,-2.20E-10,-9.85E-08,-2.27E-09,2.14E-09,0.1,0.4,93.7%,97.5%,99.3%
Turkey Point 3,2009-09-01,506735,0.9,0,0.0,2,0,0,2.09E-08,2.09E-08,-2.20E-10,-9.85E-08,-2.27E-09,2.14E-09,0.2,0.5,93.7%,97.5%,99.3%
Turkey Point 3,2009-10-01,526981,0.9,0,0.0,2,1,0,1.84E-08,1.84E-08,1.00E-11,-9.73E-08,-2.37E-09,2.33E-09,0.1,0.4,94.4%,90.1%,99.2%
Turkey Point 3,2009-11-01,520413,0.9,0,0.0,2,1,0,1.84E-08,1.84E-08,1.00E-11,-9.73E-08,-2.37E-09,2.33E-09,0.2,0.4,94.4%,90.1%,99.2%
Turkey Point 3,2009-12-01,537911,0.9,0,0.0,2,1,0,1.84E-08,1.84E-08,1.00E-11,-9.73E-08,-2.37E-09,2.33E-09,0.2,0.8,94.4%,90.1%,99.2%
Turkey Point 4,2007-01-01,535300,0,1.8,0.0,0,0,0,NA,7.00E-10,2.84E-08,1.70E-07,5.05E-09,8.63E-08,0,0.6,96.1%,100.0%,99.7%
Turkey Point 4,2007-02-01,485786,0,1.8,0.0,0,0,0,NA,7.00E-10,2.84E-08,1.70E-07,5.05E-09,8.63E-08,0,0.6,96.1%,100.0%,99.7%
Turkey Point 4,2007-03-01,524469,0,1.8,0.0,0,0,0,NA,7.00E-10,2.84E-08,1.70E-07,5.05E-09,8.63E-08,0,0.6,96.1%,100.0%,99.7%
Turkey Point 4,2007-04-01,495699,0,0.9,0.0,0,0,0,NA,2.30E-09,2.93E-08,1.71E-07,4.97E-09,6.52E-08,0,0.5,95.9%,98.7%,99.6%
Turkey Point 4,2007-05-01,530455,0,0.9,0.0,0,0,0,NA,2.30E-09,2.93E-08,1.71E-07,4.97E-09,6.52E-08,0,0.5,95.9%,98.7%,99.6%
Turkey Point 4,2007-06-01,223014,0,0.9,0.0,0,0,0,NA,2.30E-09,2.93E-08,1.71E-07,4.97E-09,6.52E-08,0,0.5,95.9%,98.7%,99.6%
Turkey Point 4,2007-07-01,518932,0,1.8,0.0,0,0,0,NA,3.10E-09,3.10E-08,1.71E-07,5.36E-09,5.22E-08,0,0.5,96.3%,100.0%,99.6%
Turkey Point 4,2007-08-01,518646,0,1.8,0.0,0,0,0,NA,3.10E-09,3.10E-08,1.71E-07,5.36E-09,5.22E-08,0,0.4,96.3%,100.0%,99.6%
Turkey Point 4,2007-09-01,23915,0,1.8,0.0,0,0,0,NA,3.10E-09,3.10E-08,1.71E-07,5.36E-09,5.22E-08,0.1,0.4,96.3%,100.0%,99.6%
Turkey Point 4,2007-10-01,230796,0,0.8,0.0,0,0,0,NA,-5.40E-09,1.48E-09,4.36E-08,3.85E-09,6.87E-10,0.1,0.4,96.2%,100.0%,99.8%
Turkey Point 4,2007-11-01,522538,0,0.8,0.0,0,0,0,NA,-5.40E-09,1.48E-09,4.36E-08,3.85E-09,6.87E-10,0.1,0.5,96.2%,100.0%,99.8%
Turkey Point 4,2007-12-01,539250,0,0.8,0.0,0,0,0,NA,-5.40E-09,1.48E-09,4.36E-08,3.85E-09,6.87E-10,0.1,0.8,96.2%,100.0%,99.8%
Turkey Point 4,2008-01-01,539668,1.6,0.8,0.0,0,0,0,NA,-5.50E-09,1.47E-09,3.89E-08,2.67E-09,1.17E-09,0.1,0.8,93.5%,100.0%,99.8%
Turkey Point 4,2008-02-01,437870,1.6,0.8,0.0,0,0,0,NA,-5.50E-09,1.47E-09,3.89E-08,2.67E-09,1.17E-09,0.1,0.6,93.5%,100.0%,99.8%
Turkey Point 4,2008-03-01,494696,1.6,0.8,0.0,0,0,0,NA,-5.50E-09,1.47E-09,3.89E-08,2.67E-09,1.17E-09,0.1,0.6,93.5%,100.0%,99.8%
Turkey Point 4,2008-04-01,-1566,1.8,0.9,0.0,1,0,0,NA,-6.00E-09,1.51E-09,3.85E-08,-2.27E-09,1.05E-09,0,NA,93.9%,100.0%,99.8%
Turkey Point 4,2008-05-01,303076,1.8,0.9,0.0,1,0,0,NA,-6.00E-09,1.51E-09,3.85E-08,-2.27E-09,1.05E-09,0,0.9,93.9%,100.0%,99.8%
Turkey Point 4,2008-06-01,509877,1.8,0.9,0.0,1,0,0,NA,-6.00E-09,1.51E-09,3.85E-08,-2.27E-09,1.05E-09,0,0.5,93.9%,100.0%,99.8%
Turkey Point 4,2008-07-01,522635,1.8,0,0.0,2,0,0,NA,-5.70E-09,1.75E-09,3.83E-08,-2.27E-09,1.02E-09,0,1.6,93.2%,100.0%,99.7%
Turkey Point 4,2008-08-01,378035,1.8,0,0.0,2,0,0,NA,-5.70E-09,1.75E-09,3.83E-08,-2.27E-09,1.02E-09,0,2.2,93.2%,100.0%,99.7%
Turkey Point 4,2008-09-01,510998,1.8,0,0.0,2,0,0,NA,-5.70E-09,1.75E-09,3.83E-08,-2.27E-09,1.02E-09,0,1.4,93.2%,100.0%,99.7%
Turkey Point 4,2008-10-01,469269,1.9,0,0.0,3,0,0,NA,-1.22E-08,1.96E-09,-9.80E-08,-2.27E-09,1.36E-09,0,1.4,93.0%,100.0%,99.4%
Turkey Point 4,2008-11-01,526098,1.9,0,0.0,3,0,0,NA,-1.22E-08,1.96E-09,-9.80E-08,-2.27E-09,1.36E-09,0,1.2,93.0%,100.0%,99.4%
Turkey Point 4,2008-12-01,542678,1.9,0,0.0,3,0,0,NA,-1.22E-08,1.96E-09,-9.80E-08,-2.27E-09,1.36E-09,0,0.5,93.0%,100.0%,99.4%
Turkey Point 4,2009-01-01,542963,0,0.9,0.0,2,0,0,NA,-9.50E-09,-5.60E-10,-9.64E-08,-2.37E-09,1.56E-09,0,0.3,93.8%,100.0%,99.5%
Turkey Point 4,2009-02-01,469846,0,0.9,0.0,2,0,0,NA,-9.50E-09,-5.60E-10,-9.64E-08,-2.37E-09,1.56E-09,0,0.4,93.8%,100.0%,99.5%
Turkey Point 4,2009-03-01,535594,0,0.9,0.0,2,0,0,NA,-9.50E-09,-5.60E-10,-9.64E-08,-2.37E-09,1.56E-09,0,0.6,93.8%,100.0%,99.5%
Turkey Point 4,2009-04-01,512360,0,0.8,0.0,2,0,0,NA,-9.40E-09,-6.20E-10,-9.54E-08,-2.37E-09,1.66E-09,0,0.2,94.3%,95.2%,99.4%
Turkey Point 4,2009-05-01,474143,0,0.8,0.0,2,0,0,NA,-9.40E-09,-6.20E-10,-9.54E-08,-2.37E-09,1.66E-09,0,0.4,94.3%,95.2%,99.4%
Turkey Point 4,2009-06-01,504150,0,0.8,0.0,2,0,0,NA,-9.40E-09,-6.20E-10,-9.54E-08,-2.37E-09,1.66E-09,0,0.2,94.3%,95.2%,99.4%
Turkey Point 4,2009-07-01,516339,0,0.8,0.0,1,0,0,NA,-1.60E-09,-5.50E-10,-9.21E-08,-2.23E-09,1.56E-09,0.1,1.0,93.7%,97.5%,99.3%
Turkey Point 4,2009-08-01,515201,0,0.8,0.0,1,0,0,NA,-1.60E-09,-5.50E-10,-9.21E-08,-2.23E-09,1.56E-09,0.1,0.7,93.7%,97.5%,99.3%
Turkey Point 4,2009-09-01,502404,0,0.8,0.0,1,0,0,NA,-1.60E-09,-5.50E-10,-9.21E-08,-2.23E-09,1.56E-09,0.1,0.4,93.7%,97.5%,99.3%
Turkey Point 4,2009-10-01,409649,0,0.9,0.0,0,1,0,NA,-3.20E-09,-6.30E-10,-1.01E-07,-2.37E-09,1.36E-09,0.1,0.4,94.4%,90.1%,99.2%
Turkey Point 4,2009-11-01,-4161,0,0.9,0.0,0,1,0,NA,-3.20E-09,-6.30E-10,-1.01E-07,-2.37E-09,1.36E-09,NA,0.8,94.4%,90.1%,99.2%
Turkey Point 4,2009-12-01,452705,0,0.9,0.0,0,1,0,NA,-3.20E-09,-6.30E-10,-1.01E-07,-2.37E-09,1.36E-09,0,0.5,94.4%,90.1%,99.2%
Vogtle 1,2007-01-01,862727,0.9,0,0.0,1,0,0,NA,1.02E-07,-6.30E-09,9.10E-08,-3.79E-08,6.90E-07,0,1.2,93.6%,92.0%,100.0%
Vogtle 1,2007-01-01,862727,NA,NA,NA,NA,NA,NA,NA,NA,NA,NA,NA,NA,NA,NA,NA,NA,NA
Vogtle 1,2007-02-01,778697,0.9,0,0.0,1,0,0,NA,1.02E-07,-6.30E-09,9.10E-08,-3.79E-08,6.90E-07,0,0.8,93.6%,92.0%,100.0%
Vogtle 1,2007-03-01,852575,0.9,0,0.0,1,0,0,NA,1.02E-07,-6.30E-09,9.10E-08,-3.79E-08,6.90E-07,0,1.0,93.6%,92.0%,100.0%
Vogtle 1,2007-04-01,824352,0,0,0.0,1,0,0,NA,7.20E-08,-6.80E-09,1.15E-07,-3.77E-08,6.90E-07,0,0.9,93.8%,96.4%,99.9%
Vogtle 1,2007-05-01,848056,0,0,0.0,1,0,0,NA,7.20E-08,-6.80E-09,1.15E-07,-3.77E-08,6.90E-07,0,1.1,93.8%,96.4%,99.9%
Vogtle 1,2007-06-01,812448,0,0,0.0,1,0,0,NA,7.20E-08,-6.80E-09,1.15E-07,-3.77E-08,6.90E-07,0,1.0,93.8%,96.4%,99.9%
Vogtle 1,2007-07-01,837166,0,0,0.0,1,0,0,NA,7.10E-08,-1.19E-08,1.27E-07,-4.10E-08,6.90E-07,0,0.9,93.5%,97.4%,99.8%
Vogtle 1,2007-08-01,832095,0,0,0.0,1,0,0,NA,7.10E-08,-1.19E-08,1.27E-07,-4.10E-08,6.90E-07,0,0.9,93.5%,97.4%,99.8%
Vogtle 1,2007-09-01,784362,0,0,0.0,1,0,0,NA,7.10E-08,-1.19E-08,1.27E-07,-4.10E-08,6.90E-07,0,0.8,93.5%,97.4%,99.8%
Vogtle 1,2007-10-01,846260,0,0,0.0,0,0,0,NA,3.20E-08,-1.12E-08,1.62E-07,-4.02E-08,7.10E-07,0,0.8,93.6%,98.3%,99.8%
Vogtle 1,2007-11-01,827742,0,0,0.0,0,0,0,NA,3.20E-08,-1.12E-08,1.62E-07,-4.02E-08,7.10E-07,0,0.9,93.6%,98.3%,99.8%
Vogtle 1,2007-12-01,853806,0,0,0.0,0,0,0,NA,3.20E-08,-1.12E-08,1.62E-07,-4.02E-08,7.10E-07,0,0.8,93.6%,98.3%,99.8%
Vogtle 1,2008-01-01,856297,0,0,0.0,0,0,0,NA,1.70E-07,-9.74E-09,2.15E-07,-3.73E-08,7.10E-07,0,0.9,94.9%,92.6%,99.8%
Vogtle 1,2008-02-01,798951,0,0,0.0,0,0,0,NA,1.70E-07,-9.74E-09,2.15E-07,-3.73E-08,7.10E-07,0,0.8,94.9%,92.6%,99.8%
Vogtle 1,2008-03-01,383149,0,0,0.0,0,0,0,NA,1.70E-07,-9.74E-09,2.15E-07,-3.73E-08,7.10E-07,0,0.8,94.9%,92.6%,99.8%
Vogtle 1,2008-04-01,123134,0,0,0.0,0,1.0,0,NA,3.34E-07,-7.80E-09,1.75E-07,-3.90E-08,7.10E-07,0,0.9,93.2%,93.9%,99.8%
Vogtle 1,2008-05-01,874910,0,0,0.0,0,1.0,0,NA,3.34E-07,-7.80E-09,1.75E-07,-3.90E-08,7.10E-07,0,1.5,93.2%,93.9%,99.8%
Vogtle 1,2008-06-01,837554,0,0,0.0,0,1.0,0,NA,3.34E-07,-7.80E-09,1.75E-07,-3.90E-08,7.10E-07,0,2.4,93.2%,93.9%,99.8%
Vogtle 1,2008-07-01,864444,0,0,0.0,0,1.0,0,NA,3.35E-07,-6.80E-09,1.75E-07,-3.88E-08,7.10E-07,0,1.1,93.7%,92.6%,99.9%
Vogtle 1,2008-08-01,864190,0,0,0.0,0,1.0,0,NA,3.35E-07,-6.80E-09,1.75E-07,-3.88E-08,7.10E-07,0,1.1,93.7%,92.6%,99.9%
Vogtle 1,2008-09-01,837884,0,0,0.0,0,1.0,0,NA,3.35E-07,-6.80E-09,1.75E-07,-3.88E-08,7.10E-07,0,1.2,93.7%,92.6%,99.9%
Vogtle 1,2008-10-01,874412,0,0,0.0,0,1.0,0,NA,3.38E-07,-5.90E-09,1.35E-07,-3.89E-08,7.10E-07,0,1.3,92.0%,86.6%,99.8%
Vogtle 1,2008-11-01,854385,0,0,0.0,0,1.0,0,NA,3.38E-07,-5.90E-09,1.35E-07,-3.89E-08,7.10E-07,0,1.5,92.0%,86.6%,99.8%
Vogtle 1,2008-12-01,881116,0,0,0.0,0,1.0,0,NA,3.38E-07,-5.90E-09,1.35E-07,-3.89E-08,7.10E-07,0,1.6,92.0%,86.6%,99.8%
Vogtle 1,2009-01-01,884092,0,0,0.0,0,1.0,0,NA,1.73E-07,-6.10E-09,-9.30E-07,-3.90E-08,5.97E-07,0,1.4,93.8%,95.5%,99.9%
Vogtle 1,2009-02-01,797840,0,0,0.0,0,1.0,0,NA,1.73E-07,-6.10E-09,-9.30E-07,-3.90E-08,5.97E-07,0.3,1.3,93.8%,95.5%,99.9%
Vogtle 1,2009-03-01,879839,0,0,0.0,0,1.0,0,NA,1.73E-07,-6.10E-09,-9.30E-07,-3.90E-08,5.97E-07,0.1,1.4,93.8%,95.5%,99.9%
Vogtle 1,2009-04-01,848717,0,0,0.0,0,0,0,NA,1.34E-07,-1.05E-08,1.01E-07,-3.87E-08,5.77E-07,0.1,1.4,94.0%,100.0%,99.9%
Vogtle 1,2009-05-01,870553,0,0,0.0,0,0,0,NA,1.34E-07,-1.05E-08,1.01E-07,-3.87E-08,5.77E-07,0.1,1.4,94.0%,100.0%,99.9%
Vogtle 1,2009-06-01,835966,0,0,0.0,0,0,0,NA,1.34E-07,-1.05E-08,1.01E-07,-3.87E-08,5.77E-07,0,1.3,94.0%,100.0%,99.9%
Vogtle 1,2009-07-01,864597,0,0,0.0,0,0,0,NA,1.36E-07,-1.02E-08,1.05E-07,-4.19E-08,5.77E-07,0,1.2,94.4%,100.0%,99.8%
Vogtle 1,2009-08-01,863616,0,0,0.0,0,0,0,NA,1.36E-07,-1.02E-08,1.05E-07,-4.19E-08,5.77E-07,0,1.7,94.4%,100.0%,99.8%
Vogtle 1,2009-09-01,511485,0,0,0.0,0,0,0,NA,1.36E-07,-1.02E-08,1.05E-07,-4.19E-08,5.77E-07,0,1.4,94.4%,100.0%,99.8%
Vogtle 1,2009-10-01,191644,1.7,0,0.0,0,0,0,NA,3.00E-08,-1.15E-08,9.10E-08,-4.06E-08,5.06E-07,0,1.0,94.2%,99.3%,99.8%
Vogtle 1,2009-11-01,854997,1.7,0,0.0,0,0,0,NA,3.00E-08,-1.15E-08,9.10E-08,-4.06E-08,5.06E-07,0,0.7,94.2%,99.3%,99.8%
Vogtle 1,2009-12-01,731652,1.7,0,0.0,0,0,0,NA,3.00E-08,-1.15E-08,9.10E-08,-4.06E-08,5.06E-07,0.1,1.1,94.2%,99.3%,99.8%
Vogtle 2,2007-01-01,873716,0.9,0.9,0.0,0,0,0,NA,5.60E-07,-5.00E-09,-7.46E-07,1.98E-07,1.06E-06,0,1.3,93.6%,92.0%,100.0%
Vogtle 2,2007-02-01,778759,0.9,0.9,0.0,0,0,0,NA,5.60E-07,-5.00E-09,-7.46E-07,1.98E-07,1.06E-06,0.1,1.4,93.6%,92.0%,100.0%
Vogtle 2,2007-03-01,71355,0.9,0.9,0.0,0,0,0,NA,5.60E-07,-5.00E-09,-7.46E-07,1.98E-07,1.06E-06,N/A,1.2,93.6%,92.0%,100.0%
Vogtle 2,2007-04-01,-10679,1.9,1.0,0.0,0,0,0,NA,6.44E-07,-1.36E-08,-1.00E-06,-4.25E-08,1.06E-06,N/A,1.3,93.8%,96.4%,99.9%
Vogtle 2,2007-05-01,729610,1.9,1.0,0.0,0,0,0,NA,6.44E-07,-1.36E-08,-1.00E-06,-4.25E-08,1.06E-06,0,1.3,93.8%,96.4%,99.9%
Vogtle 2,2007-06-01,823748,1.9,1.0,0.0,0,0,0,NA,6.44E-07,-1.36E-08,-1.00E-06,-4.25E-08,1.06E-06,0,1.4,93.8%,96.4%,99.9%
Vogtle 2,2007-07-01,847961,0.9,0.9,0.0,0,0,0,NA,5.99E-07,-1.40E-08,-8.00E-07,-4.27E-08,5.70E-07,0,1.4,93.5%,97.4%,99.8%
Vogtle 2,2007-08-01,842011,0.9,0.9,0.0,0,0,0,NA,5.99E-07,-1.40E-08,-8.00E-07,-4.27E-08,5.70E-07,0,1.4,93.5%,97.4%,99.8%
Vogtle 2,2007-09-01,821853,0.9,0.9,0.0,0,0,0,NA,5.99E-07,-1.40E-08,-8.00E-07,-4.27E-08,5.70E-07,0,1.6,93.5%,97.4%,99.8%
Vogtle 2,2007-10-01,856773,0.9,0.9,0.0,0,0,0,NA,6.15E-07,-1.25E-08,-8.30E-07,-4.20E-08,5.70E-07,1.1,1.4,93.6%,98.3%,99.8%
Vogtle 2,2007-11-01,837972,0.9,0.9,0.0,0,0,0,NA,6.15E-07,-1.25E-08,-8.30E-07,-4.20E-08,5.70E-07,1.0,1.4,93.6%,98.3%,99.8%
Vogtle 2,2007-12-01,863528,0.9,0.9,0.0,0,0,0,NA,6.15E-07,-1.25E-08,-8.30E-07,-4.20E-08,5.70E-07,0.9,1.6,93.6%,98.3%,99.8%
Vogtle 2,2008-01-01,866254,0.9,0,0.0,0,0,0,NA,6.26E-07,-1.20E-08,-8.10E-07,-4.19E-08,5.70E-07,0.3,1.4,94.9%,92.6%,99.8%
Vogtle 2,2008-02-01,808523,0.9,0,0.0,0,0,0,NA,6.26E-07,-1.20E-08,-8.10E-07,-4.19E-08,5.70E-07,0.1,1.6,94.9%,92.6%,99.8%
Vogtle 2,2008-03-01,859628,0.9,0,0.0,0,0,0,NA,6.26E-07,-1.20E-08,-8.10E-07,-4.19E-08,5.70E-07,0.1,1.7,94.9%,92.6%,99.8%
Vogtle 2,2008-04-01,827374,0,0,0.0,0,1,0,NA,-1.11E-07,-1.14E-08,-8.00E-07,-4.20E-08,5.67E-07,0.1,1.6,93.2%,96.9%,99.8%
Vogtle 2,2008-05-01,850839,0,0,0.0,0,1,0,NA,-1.11E-07,-1.14E-08,-8.00E-07,-4.20E-08,5.67E-07,0.1,1.8,93.2%,96.9%,99.8%
Vogtle 2,2008-06-01,814472,0,0,0.0,0,1,0,NA,-1.11E-07,-1.14E-08,-8.00E-07,-4.20E-08,5.67E-07,0.1,1.8,93.2%,96.9%,99.8%
Vogtle 2,2008-07-01,840223,0,0,0.0,0,1,0,NA,-8.62E-07,-1.51E-08,-7.90E-07,-4.49E-08,5.55E-07,0.1,1.9,93.7%,97.7%,99.9%
Vogtle 2,2008-08-01,840266,0,0,0.0,0,1,0,NA,-8.62E-07,-1.51E-08,-7.90E-07,-4.49E-08,5.55E-07,0.1,2.1,93.7%,97.7%,99.9%
Vogtle 2,2008-09-01,321769,0,0,0.0,0,1,0,NA,-8.62E-07,-1.51E-08,-7.90E-07,-4.49E-08,5.55E-07,0.1,2.1,93.7%,97.7%,99.9%
Vogtle 2,2008-10-01,165615,0,0,0.0,0,1,0,NA,-8.34E-07,-1.51E-08,-7.80E-07,-4.59E-08,-1.53E-07,0,2.5,92.0%,86.6%,99.9%
Vogtle 2,2008-11-01,647311,0,0,0.0,0,1,0,NA,-8.34E-07,-1.51E-08,-7.80E-07,-4.59E-08,-1.53E-07,3.8,3.1,92.0%,86.6%,99.9%
Vogtle 2,2008-12-01,884853,0,0,0.0,0,1,0,NA,-8.34E-07,-1.51E-08,-7.80E-07,-4.59E-08,-1.53E-07,4.9,1.9,92.0%,86.6%,99.9%
Vogtle 2,2009-01-01,887938,0,0,0.0,0,1,0,NA,-6.70E-07,-1.74E-08,-7.60E-07,-4.39E-08,-1.55E-07,1.7,2.1,93.8%,95.5%,99.9%
Vogtle 2,2009-02-01,801367,0,0,0.0,0,1,0,NA,-6.70E-07,-1.74E-08,-7.60E-07,-4.39E-08,-1.55E-07,0.9,2.1,93.8%,95.5%,99.9%
Vogtle 2,2009-03-01,859300,0,0,0.0,0,1,0,NA,-6.70E-07,-1.74E-08,-7.60E-07,-4.39E-08,-1.55E-07,1.1,3.1,93.8%,95.5%,99.9%
Vogtle 2,2009-04-01,852979,0,0,0.0,0,0,0,NA,-6.70E-07,-1.75E-08,-7.90E-07,-4.39E-08,-1.55E-07,0.9,2.1,94.0%,100.0%,99.9%
Vogtle 2,2009-05-01,873444,0,0,0.0,0,0,0,NA,-6.70E-07,-1.75E-08,-7.90E-07,-4.39E-08,-1.55E-07,0.8,2.2,94.0%,100.0%,99.9%
Vogtle 2,2009-06-01,836764,0,0,0.0,0,0,0,NA,-6.70E-07,-1.75E-08,-7.90E-07,-4.39E-08,-1.55E-07,1.2,2.1,94.0%,100.0%,99.9%
Vogtle 2,2009-07-01,865449,0,0,0.0,0,0,0,NA,-6.75E-07,-1.75E-08,-7.60E-07,-3.81E-08,-1.55E-07,0.6,2.0,94.4%,100.0%,99.8%
Vogtle 2,2009-08-01,864160,0,0,0.0,0,0,0,NA,-6.75E-07,-1.75E-08,-7.60E-07,-3.81E-08,-1.55E-07,0.6,2.4,94.4%,100.0%,99.8%
Vogtle 2,2009-09-01,813860,0,0,0.0,0,0,0,NA,-6.75E-07,-1.75E-08,-7.60E-07,-3.81E-08,-1.55E-07,0.6,2.6,94.4%,100.0%,99.8%
Vogtle 2,2009-10-01,875832,0.8,0,0.0,0,0,0,NA,-6.83E-07,-1.77E-08,-7.50E-07,-3.79E-08,-1.53E-07,0.6,2.1,94.2%,99.3%,99.8%
Vogtle 2,2009-11-01,826870,0.8,0,0.0,0,0,0,NA,-6.83E-07,-1.77E-08,-7.50E-07,-3.79E-08,-1.53E-07,0.7,2.2,94.2%,99.3%,99.8%
Vogtle 2,2009-12-01,792963,0.8,0,0.0,0,0,0,NA,-6.83E-07,-1.77E-08,-7.50E-07,-3.79E-08,-1.53E-07,2.1,2.3,94.2%,99.3%,99.8%
Waterford 3,2007-01-01,873838,0,0,NA,0,0,0,NA,-1.13E-06,1.60E-07,-3.17E-07,2.42E-11,4.00E-08,0.2,0.3,96.1%,90.4%,99.9%
Waterford 3,2007-02-01,790494,0,0,NA,0,0,0,NA,-1.13E-06,1.60E-07,-3.17E-07,2.42E-11,4.00E-08,0.1,0.2,96.1%,90.4%,99.9%
Waterford 3,2007-03-01,874510,0,0,NA,0,0,0,NA,-1.13E-06,1.60E-07,-3.17E-07,2.42E-11,4.00E-08,0.1,0.2,96.1%,90.4%,99.9%
Waterford 3,2007-04-01,850120,0,0,NA,0,0,0,NA,-1.13E-06,1.46E-07,-3.43E-07,2.28E-11,2.80E-08,0.1,0.3,96.5%,92.4%,99.8%
Waterford 3,2007-05-01,876268,0,0,NA,0,0,0,NA,-1.13E-06,1.46E-07,-3.43E-07,2.28E-11,2.80E-08,0.1,0.4,96.5%,92.4%,99.8%
Waterford 3,2007-06-01,846647,0,0,NA,0,0,0,NA,-1.13E-06,1.46E-07,-3.43E-07,2.28E-11,2.80E-08,0.2,0.4,96.5%,92.4%,99.8%
Waterford 3,2007-07-01,873150,0,0,0.0,0,0,0,NA,-1.11E-06,-1.54E-07,-3.43E-07,-7.90E-12,1.70E-08,0.2,0.4,96.2%,93.9%,99.9%
Waterford 3,2007-08-01,865538,0,0,0.0,0,0,0,NA,-1.11E-06,-1.54E-07,-3.43E-07,-7.90E-12,1.70E-08,0.2,0.4,96.2%,93.9%,99.9%
Waterford 3,2007-09-01,842467,0,0,0.0,0,0,0,NA,-1.11E-06,-1.54E-07,-3.43E-07,-7.90E-12,1.70E-08,0.3,0.3,96.2%,93.9%,99.9%
Waterford 3,2007-10-01,461856,0,0,0.0,0,0,0,NA,-1.14E-06,-1.54E-07,-3.24E-07,-8.00E-12,1.90E-08,0.7,0.4,96.6%,97.6%,99.9%
Waterford 3,2007-11-01,855618,0,0,0.0,0,0,0,NA,-1.14E-06,-1.54E-07,-3.24E-07,-8.00E-12,1.90E-08,0.2,0.3,96.6%,97.6%,99.9%
Waterford 3,2007-12-01,882497,0,0,0.0,0,0,0,NA,-1.14E-06,-1.54E-07,-3.24E-07,-8.00E-12,1.90E-08,0.2,0.3,96.6%,97.6%,99.9%
Waterford 3,2008-01-01,883274,0,0,0.0,0,0,0,NA,-1.54E-06,-1.46E-07,-3.02E-07,-7.90E-12,4.50E-08,0.2,0.3,96.6%,94.7%,99.9%
Waterford 3,2008-02-01,827583,0,0,0.0,0,0,0,NA,-1.54E-06,-1.46E-07,-3.02E-07,-7.90E-12,4.50E-08,0.2,0.3,96.6%,94.7%,99.9%
Waterford 3,2008-03-01,882461,0,0,0.0,0,0,0,NA,-1.54E-06,-1.46E-07,-3.02E-07,-7.90E-12,4.50E-08,0.2,0.3,96.6%,94.7%,99.9%
Waterford 3,2008-04-01,735144,0,0.9,0.0,0,0,0,NA,-2.15E-06,-1.58E-07,-3.04E-07,-8.00E-12,4.30E-08,0.4,0.3,97.8%,92.6%,99.9%
Waterford 3,2008-05-01,-9574,0,0.9,0.0,0,0,0,NA,-2.15E-06,-1.58E-07,-3.04E-07,-8.00E-12,4.30E-08,N/A,N/A,97.8%,92.6%,99.9%
Waterford 3,2008-06-01,783968,0,0.9,0.0,0,0,0,NA,-2.15E-06,-1.58E-07,-3.04E-07,-8.00E-12,4.30E-08,0.1,0.6,97.8%,92.6%,99.9%
Waterford 3,2008-07-01,876632,0,0.9,0.0,0,0,0,NA,-1.95E-06,-1.62E-07,-3.04E-07,-8.30E-12,-1.65E-08,0.2,0.5,97.5%,95.2%,99.9%
Waterford 3,2008-08-01,870746,0,0.9,0.0,0,0,0,NA,-1.95E-06,-1.62E-07,-3.04E-07,-8.30E-12,-1.65E-08,0.2,0.6,97.5%,95.2%,99.9%
Waterford 3,2008-09-01,564011,0,0.9,0.0,0,0,0,NA,-1.95E-06,-1.62E-07,-3.04E-07,-8.30E-12,-1.65E-08,0.1,1.4,97.5%,95.2%,99.9%
Waterford 3,2008-10-01,882540,0,0.9,0.0,0,0,0,NA,-1.75E-06,-1.70E-07,-3.10E-07,-8.30E-12,-1.65E-08,0.2,1.2,97.2%,96.9%,99.9%
Waterford 3,2008-11-01,856635,0,0.9,0.0,0,0,0,NA,-1.75E-06,-1.70E-07,-3.10E-07,-8.30E-12,-1.65E-08,0.4,1.1,97.2%,96.9%,99.9%
Waterford 3,2008-12-01,883703,0,0.9,0.0,0,0,0,NA,-1.75E-06,-1.70E-07,-3.10E-07,-8.30E-12,-1.65E-08,1.3,1.1,97.2%,96.9%,99.9%
Waterford 3,2009-01-01,882541,0,0.9,0.0,0,0,0,NA,-1.58E-06,-1.80E-07,-3.10E-07,-8.30E-12,-1.68E-08,1.6,1.1,97.9%,96.8%,99.9%
Waterford 3,2009-02-01,797002,0,0.9,0.0,0,0,0,NA,-1.58E-06,-1.80E-07,-3.10E-07,-8.30E-12,-1.68E-08,1.8,1.1,97.9%,96.8%,99.9%
Waterford 3,2009-03-01,877283,0,0.9,0.0,0,0,0,NA,-1.58E-06,-1.80E-07,-3.10E-07,-8.30E-12,-1.68E-08,2.1,1.1,97.9%,96.8%,99.9%
Waterford 3,2009-04-01,848768,0,0,0.0,0,0,0,NA,-1.67E-06,-2.00E-09,-3.10E-07,-8.40E-12,-1.78E-08,2.6,1.4,97.6%,93.2%,99.9%
Waterford 3,2009-05-01,869165,0,0,0.0,0,0,0,NA,-1.67E-06,-2.00E-09,-3.10E-07,-8.40E-12,-1.78E-08,3.1,1.2,97.6%,93.2%,99.9%
Waterford 3,2009-06-01,845074,0,0,0.0,0,0,0,NA,-1.67E-06,-2.00E-09,-3.10E-07,-8.40E-12,-1.78E-08,3.1,1.1,97.6%,93.2%,99.9%
Waterford 3,2009-07-01,869340,0,0,0.0,0,0,0,NA,-1.67E-06,-1.19E-08,-3.10E-07,-8.50E-12,-1.85E-08,2.9,1.5,98.3%,95.4%,99.9%
Waterford 3,2009-08-01,868947,0,0,0.0,0,0,0,NA,-1.67E-06,-1.19E-08,-3.10E-07,-8.50E-12,-1.85E-08,5.1,1.3,98.3%,95.4%,99.9%
Waterford 3,2009-09-01,843897,0,0,0.0,0,0,0,NA,-1.67E-06,-1.19E-08,-3.10E-07,-8.50E-12,-1.85E-08,3.7,1.2,98.3%,95.4%,99.9%
Waterford 3,2009-10-01,511632,0.9,0.9,0.0,0,0,0,NA,-5.62E-07,2.90E-09,-3.10E-07,-1.33E-11,-1.50E-08,2.3,1.3,98.2%,94.7%,99.9%
Waterford 3,2009-11-01,-7361,0.9,0.9,0.0,0,0,0,NA,-5.62E-07,2.90E-09,-3.10E-07,-1.33E-11,-1.50E-08,N/A,N/A,98.2%,94.7%,99.9%
Waterford 3,2009-12-01,742419,0.9,0.9,0.0,0,0,0,NA,-5.62E-07,2.90E-09,-3.10E-07,-1.33E-11,-1.50E-08,0,0.6,98.2%,94.7%,99.9%
Watts Bar 1,2007-01-01,847063,2.3,0,NA,0,0,0,NA,-9.09E-08,-2.35E-07,3.60E-07,-1.40E-07,1.50E-08,4.2,0.1,95.2%,98.5%,99.3%
Watts Bar 1,2007-02-01,794789,2.3,0,NA,0,0,0,NA,-9.09E-08,-2.35E-07,3.60E-07,-1.40E-07,1.50E-08,4.6,0.2,95.2%,98.5%,99.3%
Watts Bar 1,2007-03-01,842491,2.3,0,NA,0,0,0,NA,-9.09E-08,-2.35E-07,3.60E-07,-1.40E-07,1.50E-08,4.9,0.1,95.2%,98.5%,99.3%
Watts Bar 1,2007-04-01,842160,1.0,0,NA,0,0,0,NA,-1.01E-07,-1.88E-07,3.90E-07,-1.40E-07,1.80E-08,8.6,0.1,95.2%,100.0%,99.1%
Watts Bar 1,2007-05-01,860541,1.0,0,NA,0,0,0,NA,-1.01E-07,-1.88E-07,3.90E-07,-1.40E-07,1.80E-08,3.8,0.1,95.2%,100.0%,99.1%
Watts Bar 1,2007-06-01,817964,1.0,0,NA,0,0,0,NA,-1.01E-07,-1.88E-07,3.90E-07,-1.40E-07,1.80E-08,4.1,0.1,95.2%,100.0%,99.1%
Watts Bar 1,2007-07-01,842218,0,0,0.0,0,0,0,NA,-1.11E-07,-1.94E-07,3.70E-07,-1.85E-07,2.00E-08,5.2,0.1,93.7%,97.0%,99.3%
Watts Bar 1,2007-08-01,822564,0,0,0.0,0,0,0,NA,-1.11E-07,-1.94E-07,3.70E-07,-1.85E-07,2.00E-08,5.5,0.3,93.7%,97.0%,99.3%
Watts Bar 1,2007-09-01,813716,0,0,0.0,0,0,0,NA,-1.11E-07,-1.94E-07,3.70E-07,-1.85E-07,2.00E-08,5.7,0.2,93.7%,97.0%,99.3%
Watts Bar 1,2007-10-01,852528,0,0,0.0,0,0,0,NA,-1.12E-07,-1.95E-07,3.80E-07,-1.83E-07,-2.20E-09,5.8,0,93.0%,97.1%,99.3%
Watts Bar 1,2007-11-01,841477,0,0,0.0,0,0,0,NA,-1.12E-07,-1.95E-07,3.80E-07,-1.83E-07,-2.20E-09,6.1,0.2,93.0%,97.1%,99.3%
Watts Bar 1,2007-12-01,872175,0,0,0.0,0,0,0,NA,-1.12E-07,-1.95E-07,3.80E-07,-1.83E-07,-2.20E-09,6.9,0.3,93.0%,97.1%,99.3%
Watts Bar 1,2008-01-01,873261,0,0.9,0.0,0,0,0,NA,-1.11E-07,-1.65E-07,3.80E-07,-2.60E-07,-3.70E-09,6.1,0.3,93.3%,97.0%,99.2%
Watts Bar 1,2008-02-01,261900,0,0.9,0.0,0,0,0,NA,-1.11E-07,-1.65E-07,3.80E-07,-2.60E-07,-3.70E-09,5.9,0.2,93.3%,97.0%,99.2%
Watts Bar 1,2008-03-01,120189,0,0.9,0.0,0,0,0,NA,-1.11E-07,-1.65E-07,3.80E-07,-2.60E-07,-3.70E-09,NA,0.1,93.3%,97.0%,99.2%
Watts Bar 1,2008-04-01,837789,0,2.8,0.0,1,0,0,NA,-1.02E-07,-1.29E-07,-1.30E-07,-2.57E-07,2.75E-09,1.2,0.1,95.2%,96.9%,99.3%
Watts Bar 1,2008-05-01,581768,0,2.8,0.0,1,0,0,NA,-1.02E-07,-1.29E-07,-1.30E-07,-2.57E-07,2.75E-09,1.1,0.1,95.2%,96.9%,99.3%
Watts Bar 1,2008-06-01,790206,0,2.8,0.0,1,0,0,NA,-1.02E-07,-1.29E-07,-1.30E-07,-2.57E-07,2.75E-09,1.1,0.3,95.2%,96.9%,99.3%
Watts Bar 1,2008-07-01,837210,1.9,4.8,0.0,1,0,0,NA,-9.50E-08,-1.41E-07,3.90E-07,-2.54E-07,4.40E-08,1.2,0.3,94.7%,100.0%,99.4%
Watts Bar 1,2008-08-01,563329,1.9,4.8,0.0,1,0,0,NA,-9.50E-08,-1.41E-07,3.90E-07,-2.54E-07,4.40E-08,1.2,0.4,94.7%,100.0%,99.4%
Watts Bar 1,2008-09-01,666098,1.9,4.8,0.0,1,0,0,NA,-9.50E-08,-1.41E-07,3.90E-07,-2.54E-07,4.40E-08,1.2,0.2,94.7%,100.0%,99.4%
Watts Bar 1,2008-10-01,860272,1.9,4.8,0.0,0,0,0,NA,-9.10E-08,-1.52E-07,4.30E-07,-2.69E-07,6.50E-08,1.3,0.4,95.3%,100.0%,99.4%
Watts Bar 1,2008-11-01,844163,1.9,4.8,0.0,0,0,0,NA,-9.10E-08,-1.52E-07,4.30E-07,-2.69E-07,6.50E-08,1.3,1.5,95.3%,100.0%,99.4%
Watts Bar 1,2008-12-01,876124,1.9,4.8,0.0,0,0,0,NA,-9.10E-08,-1.52E-07,4.30E-07,-2.69E-07,6.50E-08,1.4,0.3,95.3%,100.0%,99.4%
Watts Bar 1,2009-01-01,878273,1.7,3.4,0.0,1,0,0,NA,-5.10E-08,-1.43E-07,4.60E-07,-2.72E-07,7.70E-08,1.3,0.4,96.0%,100.0%,99.4%
Watts Bar 1,2009-02-01,791352,1.7,3.4,0.0,1,0,0,NA,-5.10E-08,-1.43E-07,4.60E-07,-2.72E-07,7.70E-08,1.4,0.2,96.0%,100.0%,99.4%
Watts Bar 1,2009-03-01,831643,1.7,3.4,0.0,1,0,0,NA,-5.10E-08,-1.43E-07,4.60E-07,-2.72E-07,7.70E-08,1.4,0.3,96.0%,100.0%,99.4%
Watts Bar 1,2009-04-01,840996,1.7,1.7,0.0,0,0,0,NA,-3.90E-08,-1.56E-07,5.50E-07,-2.58E-07,6.70E-08,0.2,0.3,96.7%,100.0%,99.4%
Watts Bar 1,2009-05-01,857449,1.7,1.7,0.0,0,0,0,NA,-3.90E-08,-1.56E-07,5.50E-07,-2.58E-07,6.70E-08,1.5,0.3,96.7%,100.0%,99.4%
Watts Bar 1,2009-06-01,815615,1.7,1.7,0.0,0,0,0,NA,-3.90E-08,-1.56E-07,5.50E-07,-2.58E-07,6.70E-08,1.4,0.4,96.7%,100.0%,99.4%
Watts Bar 1,2009-07-01,841810,0,0,0.0,2,0,0,NA,-3.80E-08,-1.57E-07,5.20E-07,-2.53E-07,6.40E-08,1.5,0.5,97.5%,100.0%,99.5%
Watts Bar 1,2009-08-01,838200,0,0,0.0,2,0,0,NA,-3.80E-08,-1.57E-07,5.20E-07,-2.53E-07,6.40E-08,1.5,0.4,97.5%,100.0%,99.5%
Watts Bar 1,2009-09-01,534880,0,0,0.0,2,0,0,NA,-3.80E-08,-1.57E-07,5.20E-07,-2.53E-07,6.40E-08,1.7,0.4,97.5%,100.0%,99.5%
Watts Bar 1,2009-10-01,272182,0,0,0.0,2,0,0,NA,-4.30E-08,-1.56E-07,5.10E-07,-2.44E-07,6.20E-08,0.3,0.6,97.7%,100.0%,99.5%
Watts Bar 1,2009-11-01,832706,0,0,0.0,2,0,0,NA,-4.30E-08,-1.56E-07,5.10E-07,-2.44E-07,6.20E-08,0.4,0.2,97.7%,100.0%,99.5%
Watts Bar 1,2009-12-01,872359,0,0,0.0,2,0,0,NA,-4.30E-08,-1.56E-07,5.10E-07,-2.44E-07,6.20E-08,0.4,0.1,97.7%,100.0%,99.5%
Wolf Creek 1,2007-01-01,887999,0,0,0.0,0,0,0,NA,-1.92E-06,-6.20E-08,-1.06E-07,-1.00E-08,-5.20E-07,0,1.0,95.3%,100.0%,96.9%
Wolf Creek 1,2007-02-01,801514,0,0,0.0,0,0,0,NA,-1.92E-06,-6.20E-08,-1.06E-07,-1.00E-08,-5.20E-07,0,1.0,95.3%,100.0%,96.9%
Wolf Creek 1,2007-03-01,881725,0,0,0.0,0,0,0,NA,-1.92E-06,-6.20E-08,-1.06E-07,-1.00E-08,-5.20E-07,0.1,1.0,95.3%,100.0%,96.9%
Wolf Creek 1,2007-04-01,858366,0,0,0.0,0,0,0,NA,-1.50E-06,-6.50E-08,-1.09E-07,1.00E-08,-4.10E-07,0.1,1.0,94.8%,100.0%,97.9%
Wolf Creek 1,2007-05-01,879108,0,0,0.0,0,0,0,NA,-1.50E-06,-6.50E-08,-1.09E-07,1.00E-08,-4.10E-07,0,1.1,94.8%,100.0%,97.9%
Wolf Creek 1,2007-06-01,847151,0,0,0.0,0,0,0,NA,-1.50E-06,-6.50E-08,-1.09E-07,1.00E-08,-4.10E-07,0.1,1.1,94.8%,100.0%,97.9%
Wolf Creek 1,2007-07-01,870017,0,0,0.0,0,0,0,NA,-6.00E-07,-6.40E-08,-8.90E-08,-1.00E-08,-3.60E-07,0.1,1.1,93.7%,100.0%,97.9%
Wolf Creek 1,2007-08-01,866697,0,0,0.0,0,0,0,NA,-6.00E-07,-6.40E-08,-8.90E-08,-1.00E-08,-3.60E-07,0.1,1.2,93.7%,100.0%,97.9%
Wolf Creek 1,2007-09-01,848194,0,0,0.0,0,0,0,NA,-6.00E-07,-6.40E-08,-8.90E-08,-1.00E-08,-3.60E-07,0.1,1.0,93.7%,100.0%,97.9%
Wolf Creek 1,2007-10-01,882895,0,0,0.0,0,1.0,0,NA,0.00E+00,-6.60E-08,-9.40E-08,1.20E-07,-4.80E-07,0.1,1.1,93.3%,100.0%,98.3%
Wolf Creek 1,2007-11-01,859137,0,0,0.0,0,1.0,0,NA,0.00E+00,-6.60E-08,-9.40E-08,1.20E-07,-4.80E-07,0.1,1.0,93.3%,100.0%,98.3%
Wolf Creek 1,2007-12-01,886333,0,0,0.0,0,1.0,0,NA,0.00E+00,-6.60E-08,-9.40E-08,1.20E-07,-4.80E-07,0.1,0.8,93.3%,100.0%,98.3%
Wolf Creek 1,2008-01-01,718760,0.8,0.8,1.0,0,1.0,0,NA,-1.00E-07,-7.00E-08,-1.06E-07,5.00E-08,-6.20E-07,0.1,1.1,93.9%,100.0%,99.0%
Wolf Creek 1,2008-02-01,827848,0.8,0.8,1.0,0,1.0,0,NA,-1.00E-07,-7.00E-08,-1.06E-07,5.00E-08,-6.20E-07,0.1,0.9,93.9%,100.0%,99.0%
Wolf Creek 1,2008-03-01,463799,0.8,0.8,1.0,0,1.0,0,NA,-1.00E-07,-7.00E-08,-1.06E-07,5.00E-08,-6.20E-07,0.1,0.9,93.9%,100.0%,99.0%
Wolf Creek 1,2008-04-01,-8726,1.0,1.0,1.0,0,1.0,0,NA,5.10E-07,-6.80E-08,-1.06E-07,8.00E-08,-1.90E-07,NA,NA,93.5%,100.0%,98.3%
Wolf Creek 1,2008-05-01,437666,1.0,1.0,1.0,0,1.0,0,NA,5.10E-07,-6.80E-08,-1.06E-07,8.00E-08,-1.90E-07,0,1.5,93.5%,100.0%,98.3%
Wolf Creek 1,2008-06-01,846724,1.0,1.0,1.0,0,1.0,0,NA,5.10E-07,-6.80E-08,-1.06E-07,8.00E-08,-1.90E-07,0,1.5,93.5%,100.0%,98.3%
Wolf Creek 1,2008-07-01,870912,1.0,1.0,1.0,1,2.0,0,NA,4.70E-07,-6.90E-08,-1.21E-07,4.00E-08,5.00E-08,0.1,1.5,93.2%,100.0%,98.2%
Wolf Creek 1,2008-08-01,865376,1.0,1.0,1.0,1,2.0,0,NA,4.70E-07,-6.90E-08,-1.21E-07,4.00E-08,5.00E-08,0,1.7,93.2%,100.0%,98.2%
Wolf Creek 1,2008-09-01,847526,1.0,1.0,1.0,1,2.0,0,NA,4.70E-07,-6.90E-08,-1.21E-07,4.00E-08,5.00E-08,0,1.5,93.2%,100.0%,98.2%
Wolf Creek 1,2008-10-01,883317,1.0,1.0,1.0,1,1.0,0,NA,-3.79E-06,-6.60E-08,-1.21E-07,-3.00E-08,7.00E-08,0,1.5,94.2%,100.0%,98.5%
Wolf Creek 1,2008-11-01,858061,1.0,1.0,1.0,1,1.0,0,NA,-3.79E-06,-6.60E-08,-1.21E-07,-3.00E-08,7.00E-08,0.1,1.5,94.2%,100.0%,98.5%
Wolf Creek 1,2008-12-01,885897,1.0,1.0,1.0,1,1.0,0,NA,-3.79E-06,-6.60E-08,-1.21E-07,-3.00E-08,7.00E-08,0,1.4,94.2%,100.0%,98.5%
Wolf Creek 1,2009-01-01,885692,0,0,0.0,2,1.0,0,NA,-2.70E-06,-8.49E-08,-1.48E-07,-3.42E-07,-9.50E-07,0,1.5,94.5%,100.0%,98.9%
Wolf Creek 1,2009-02-01,797548,0,0,0.0,2,1.0,0,NA,-2.70E-06,-8.49E-08,-1.48E-07,-3.42E-07,-9.50E-07,0,1.4,94.5%,100.0%,98.9%
Wolf Creek 1,2009-03-01,872111,0,0,0.0,2,1.0,0,NA,-2.70E-06,-8.49E-08,-1.48E-07,-3.42E-07,-9.50E-07,0.1,1.4,94.5%,100.0%,98.9%
Wolf Creek 1,2009-04-01,786064,0.8,0,1.0,2,1.0,0,NA,-2.50E-06,-8.45E-08,-1.41E-07,-3.35E-07,-9.00E-07,0.1,1.4,94.9%,100.0%,99.7%
Wolf Creek 1,2009-05-01,819918,0.8,0,1.0,2,1.0,0,NA,-2.50E-06,-8.45E-08,-1.41E-07,-3.35E-07,-9.00E-07,0.1,1.5,94.9%,100.0%,99.7%
Wolf Creek 1,2009-06-01,843949,0.8,0,1.0,2,1.0,0,NA,-2.50E-06,-8.45E-08,-1.41E-07,-3.35E-07,-9.00E-07,0.1,1.5,94.9%,100.0%,99.7%
Wolf Creek 1,2009-07-01,869102,1.6,0,2.0,2,0,0,NA,-2.50E-06,-8.11E-08,-1.61E-07,-3.27E-07,-5.10E-07,0.1,1.5,95.5%,100.0%,100.0%
Wolf Creek 1,2009-08-01,700728,1.6,0,2.0,2,0,0,NA,-2.50E-06,-8.11E-08,-1.61E-07,-3.27E-07,-5.10E-07,0.1,1.5,95.5%,100.0%,100.0%
Wolf Creek 1,2009-09-01,848675,1.6,0,2.0,2,0,0,NA,-2.50E-06,-8.11E-08,-1.61E-07,-3.27E-07,-5.10E-07,0.1,1.4,95.5%,100.0%,100.0%
Wolf Creek 1,2009-10-01,242473,1.8,0,0.0,4,1.0,0,NA,-1.80E-07,-4.40E-09,-1.29E-07,-2.46E-07,-1.32E-06,0.1,1.4,95.6%,98.5%,100.0%
Wolf Creek 1,2009-11-01,213432,1.8,0,0.0,4,1.0,0,NA,-1.80E-07,-4.40E-09,-1.29E-07,-2.46E-07,-1.32E-06,NA,0.3,95.6%,98.5%,100.0%
Wolf Creek 1,2009-12-01,888856,1.8,0,0.0,4,1.0,0,NA,-1.80E-07,-4.40E-09,-1.29E-07,-2.46E-07,-1.32E-06,0.1,0.3,95.6%,98.5%,100.0%
