state_of_location,net_capacity,date,power_generated
Arkansas Nuclear 1,843,2007-01-01,642145
Arkansas Nuclear 1,843,2007-02-01,579996
Arkansas Nuclear 1,843,2007-03-01,631611
Arkansas Nuclear 1,843,2007-04-01,425625
Arkansas Nuclear 1,843,2007-05-01,233279
Arkansas Nuclear 1,843,2007-06-01,610804
Arkansas Nuclear 1,843,2007-07-01,629284
Arkansas Nuclear 1,843,2007-08-01,623738
Arkansas Nuclear 1,843,2007-09-01,610379
Arkansas Nuclear 1,843,2007-10-01,634652
Arkansas Nuclear 1,843,2007-11-01,620327
Arkansas Nuclear 1,843,2007-12-01,640967
Arkansas Nuclear 1,843,NA,6882807
Arkansas Nuclear 1,842,2008-01-01,640210
Arkansas Nuclear 1,842,2008-02-01,332640
Arkansas Nuclear 1,842,2008-03-01,639812
Arkansas Nuclear 1,842,2008-04-01,611739
Arkansas Nuclear 1,842,2008-05-01,611473
Arkansas Nuclear 1,842,2008-06-01,610763
Arkansas Nuclear 1,842,2008-07-01,626182
Arkansas Nuclear 1,842,2008-08-01,625966
Arkansas Nuclear 1,842,2008-09-01,612739
Arkansas Nuclear 1,842,2008-10-01,514485
Arkansas Nuclear 1,842,2008-11-01,-3267
Arkansas Nuclear 1,842,2008-12-01,290481
Arkansas Nuclear 1,842,NA,6113223
Arkansas Nuclear 1,842,2009-01-01,640046
Arkansas Nuclear 1,842,2009-02-01,423433
Arkansas Nuclear 1,842,2009-03-01,627953
Arkansas Nuclear 1,842,2009-04-01,602624
Arkansas Nuclear 1,842,2009-05-01,637687
Arkansas Nuclear 1,842,2009-06-01,607732
Arkansas Nuclear 1,842,2009-07-01,626572
Arkansas Nuclear 1,842,2009-08-01,627476
Arkansas Nuclear 1,842,2009-09-01,611643
Arkansas Nuclear 1,842,2009-10-01,637117
Arkansas Nuclear 1,842,2009-11-01,619993
Arkansas Nuclear 1,842,2009-12-01,639821
Arkansas Nuclear 1,842,NA,7302097
Arkansas Nuclear 2,995,2007-01-01,595300
Arkansas Nuclear 2,995,2007-02-01,644844
Arkansas Nuclear 2,995,2007-03-01,749928
Arkansas Nuclear 2,995,2007-04-01,716988
Arkansas Nuclear 2,995,2007-05-01,746214
Arkansas Nuclear 2,995,2007-06-01,720064
Arkansas Nuclear 2,995,2007-07-01,742975
Arkansas Nuclear 2,995,2007-08-01,739436
Arkansas Nuclear 2,995,2007-09-01,717678
Arkansas Nuclear 2,995,2007-10-01,748446
Arkansas Nuclear 2,995,2007-11-01,728510
Arkansas Nuclear 2,995,2007-12-01,752912
Arkansas Nuclear 2,995,NA,8603295
Arkansas Nuclear 2,997,2008-01-01,752554
Arkansas Nuclear 2,997,2008-02-01,617922
Arkansas Nuclear 2,997,2008-03-01,368942
Arkansas Nuclear 2,997,2008-04-01,441150
Arkansas Nuclear 2,997,2008-05-01,747647
Arkansas Nuclear 2,997,2008-06-01,719892
Arkansas Nuclear 2,997,2008-07-01,708464
Arkansas Nuclear 2,997,2008-08-01,743225
Arkansas Nuclear 2,997,2008-09-01,722492
Arkansas Nuclear 2,997,2008-10-01,750125
Arkansas Nuclear 2,997,2008-11-01,729206
Arkansas Nuclear 2,997,2008-12-01,753249
Arkansas Nuclear 2,997,NA,8054868
Arkansas Nuclear 2,993,2009-01-01,659922
Arkansas Nuclear 2,993,2009-02-01,637933
Arkansas Nuclear 2,993,2009-03-01,635241
Arkansas Nuclear 2,993,2009-04-01,725073
Arkansas Nuclear 2,993,2009-05-01,746971
Arkansas Nuclear 2,993,2009-06-01,716538
Arkansas Nuclear 2,993,2009-07-01,741173
Arkansas Nuclear 2,993,2009-08-01,739567
Arkansas Nuclear 2,993,2009-09-01,110710
Arkansas Nuclear 2,993,2009-10-01,749238
Arkansas Nuclear 2,993,2009-11-01,728061
Arkansas Nuclear 2,993,2009-12-01,677442
Arkansas Nuclear 2,993,NA,7867869
Beaver Valley 1,892,2007-01-01,645562
Beaver Valley 1,892,2007-02-01,574535
Beaver Valley 1,892,2007-03-01,633131
Beaver Valley 1,892,2007-04-01,658628
Beaver Valley 1,892,2007-05-01,669428
Beaver Valley 1,892,2007-06-01,612708
Beaver Valley 1,892,2007-07-01,669518
Beaver Valley 1,892,2007-08-01,664333
Beaver Valley 1,892,2007-09-01,466173
Beaver Valley 1,892,2007-10-01,122788
Beaver Valley 1,892,2007-11-01,657835
Beaver Valley 1,892,2007-12-01,683023
Beaver Valley 1,892,NA,7057662
Beaver Valley 1,892,2008-01-01,682171
Beaver Valley 1,892,2008-02-01,606063
Beaver Valley 1,892,2008-03-01,667047
Beaver Valley 1,892,2008-04-01,655921
Beaver Valley 1,892,2008-05-01,677204
Beaver Valley 1,892,2008-06-01,647844
Beaver Valley 1,892,2008-07-01,666932
Beaver Valley 1,892,2008-08-01,671201
Beaver Valley 1,892,2008-09-01,650941
Beaver Valley 1,892,2008-10-01,679029
Beaver Valley 1,892,2008-11-01,658685
Beaver Valley 1,892,2008-12-01,681900
Beaver Valley 1,892,NA,7944938
Beaver Valley 1,892,2009-01-01,682850
Beaver Valley 1,892,2009-02-01,615784
Beaver Valley 1,892,2009-03-01,679973
Beaver Valley 1,892,2009-04-01,387088
Beaver Valley 1,892,2009-05-01,193442
Beaver Valley 1,892,2009-06-01,651093
Beaver Valley 1,892,2009-07-01,671288
Beaver Valley 1,892,2009-08-01,662933
Beaver Valley 1,892,2009-09-01,652547
Beaver Valley 1,892,2009-10-01,679681
Beaver Valley 1,892,2009-11-01,658560
Beaver Valley 1,892,2009-12-01,682245
Beaver Valley 1,892,NA,7217484
Beaver Valley 2,846,2007-01-01,640291
Beaver Valley 2,846,2007-02-01,579519
Beaver Valley 2,846,2007-03-01,628309
Beaver Valley 2,846,2007-04-01,620948
Beaver Valley 2,846,2007-05-01,639344
Beaver Valley 2,846,2007-06-01,612088
Beaver Valley 2,846,2007-07-01,631184
Beaver Valley 2,846,2007-08-01,617218
Beaver Valley 2,846,2007-09-01,608830
Beaver Valley 2,846,2007-10-01,634354
Beaver Valley 2,846,2007-11-01,623607
Beaver Valley 2,846,2007-12-01,647510
Beaver Valley 2,846,NA,7483202
Beaver Valley 2,846,2008-01-01,646210
Beaver Valley 2,846,2008-02-01,605312
Beaver Valley 2,846,2008-03-01,646754
Beaver Valley 2,846,2008-04-01,255348
Beaver Valley 2,846,2008-05-01,115297
Beaver Valley 2,846,2008-06-01,636425
Beaver Valley 2,846,2008-07-01,659645
Beaver Valley 2,846,2008-08-01,662478
Beaver Valley 2,846,2008-09-01,605618
Beaver Valley 2,846,2008-10-01,566832
Beaver Valley 2,846,2008-11-01,652227
Beaver Valley 2,846,2008-12-01,674052
Beaver Valley 2,846,NA,6726198
Beaver Valley 2,885,2009-01-01,675036
Beaver Valley 2,885,2009-02-01,600239
Beaver Valley 2,885,2009-03-01,674613
Beaver Valley 2,885,2009-04-01,650789
Beaver Valley 2,885,2009-05-01,667859
Beaver Valley 2,885,2009-06-01,643556
Beaver Valley 2,885,2009-07-01,663867
Beaver Valley 2,885,2009-08-01,659169
Beaver Valley 2,885,2009-09-01,644847
Beaver Valley 2,885,2009-10-01,221012
Beaver Valley 2,885,2009-11-01,31104
Beaver Valley 2,885,2009-12-01,661870
Beaver Valley 2,885,NA,6793961
Braidwood 1,1178,2007-01-01,898548
Braidwood 1,1178,2007-02-01,810477
Braidwood 1,1178,2007-03-01,893089
Braidwood 1,1178,2007-04-01,865887
Braidwood 1,1178,2007-05-01,887794
Braidwood 1,1178,2007-06-01,783062
Braidwood 1,1178,2007-07-01,875720
Braidwood 1,1178,2007-08-01,872494
Braidwood 1,1178,2007-09-01,837589
Braidwood 1,1178,2007-10-01,88342
Braidwood 1,1178,2007-11-01,815649
Braidwood 1,1178,2007-12-01,898033
Braidwood 1,1178,NA,9526684
Braidwood 1,1178,2008-01-01,857385
Braidwood 1,1178,2008-02-01,822306
Braidwood 1,1178,2008-03-01,898207
Braidwood 1,1178,2008-04-01,867483
Braidwood 1,1178,2008-05-01,894534
Braidwood 1,1178,2008-06-01,853727
Braidwood 1,1178,2008-07-01,877374
Braidwood 1,1178,2008-08-01,877276
Braidwood 1,1178,2008-09-01,854130
Braidwood 1,1178,2008-10-01,894244
Braidwood 1,1178,2008-11-01,869100
Braidwood 1,1178,2008-12-01,897178
Braidwood 1,1178,NA,10462944
Braidwood 1,1178,2009-01-01,897694
Braidwood 1,1178,2009-02-01,811318
Braidwood 1,1178,2009-03-01,830976
Braidwood 1,1178,2009-04-01,274969
Braidwood 1,1178,2009-05-01,886710
Braidwood 1,1178,2009-06-01,852446
Braidwood 1,1178,2009-07-01,880664
Braidwood 1,1178,2009-08-01,880350
Braidwood 1,1178,2009-09-01,851053
Braidwood 1,1178,2009-10-01,895376
Braidwood 1,1178,2009-11-01,867544
Braidwood 1,1178,2009-12-01,897152
Braidwood 1,1178,NA,9826252
Braidwood 2,1152,2007-01-01,877773
Braidwood 2,1152,2007-02-01,793015
Braidwood 2,1152,2007-03-01,873736
Braidwood 2,1152,2007-04-01,848239
Braidwood 2,1152,2007-05-01,860275
Braidwood 2,1152,2007-06-01,830601
Braidwood 2,1152,2007-07-01,855580
Braidwood 2,1152,2007-08-01,767138
Braidwood 2,1152,2007-09-01,831839
Braidwood 2,1152,2007-10-01,871847
Braidwood 2,1152,2007-11-01,847012
Braidwood 2,1152,2007-12-01,874110
Braidwood 2,1152,NA,10131165
Braidwood 2,1152,2008-01-01,873906
Braidwood 2,1152,2008-02-01,791743
Braidwood 2,1152,2008-03-01,874159
Braidwood 2,1152,2008-04-01,539056
Braidwood 2,1152,2008-05-01,358614
Braidwood 2,1152,2008-06-01,831138
Braidwood 2,1152,2008-07-01,854083
Braidwood 2,1152,2008-08-01,852740
Braidwood 2,1152,2008-09-01,830670
Braidwood 2,1152,2008-10-01,868323
Braidwood 2,1152,2008-11-01,847105
Braidwood 2,1152,2008-12-01,801675
Braidwood 2,1152,NA,9323212
Braidwood 2,1152,2009-01-01,876013
Braidwood 2,1152,2009-02-01,790534
Braidwood 2,1152,2009-03-01,872653
Braidwood 2,1152,2009-04-01,791272
Braidwood 2,1152,2009-05-01,865707
Braidwood 2,1152,2009-06-01,829494
Braidwood 2,1152,2009-07-01,827861
Braidwood 2,1152,2009-08-01,723882
Braidwood 2,1152,2009-09-01,833072
Braidwood 2,1152,2009-10-01,295944
Braidwood 2,1152,2009-11-01,817815
Braidwood 2,1152,2009-12-01,877478
Braidwood 2,1152,NA,9401725
Browns Ferry 1,1065,2007-01-01,0
Browns Ferry 1,1065,2007-02-01,0
Browns Ferry 1,1065,2007-03-01,0
Browns Ferry 1,1065,2007-04-01,0
Browns Ferry 1,1065,2007-05-01,0
Browns Ferry 1,1065,2007-06-01,480112
Browns Ferry 1,1065,2007-07-01,769553
Browns Ferry 1,1065,2007-08-01,660191
Browns Ferry 1,1065,2007-09-01,698376
Browns Ferry 1,1065,2007-10-01,621712
Browns Ferry 1,1065,2007-11-01,481990
Browns Ferry 1,1065,2007-12-01,823343
Browns Ferry 1,1065,NA,4535277
Browns Ferry 1,1065,2008-01-01,808012
Browns Ferry 1,1065,2008-02-01,770121
Browns Ferry 1,1065,2008-03-01,818210
Browns Ferry 1,1065,2008-04-01,772102
Browns Ferry 1,1065,2008-05-01,788180
Browns Ferry 1,1065,2008-06-01,763820
Browns Ferry 1,1065,2008-07-01,782506
Browns Ferry 1,1065,2008-08-01,594148
Browns Ferry 1,1065,2008-09-01,770587
Browns Ferry 1,1065,2008-10-01,622624
Browns Ferry 1,1065,2008-11-01,-2412
Browns Ferry 1,1065,2008-12-01,702841
Browns Ferry 1,1065,NA,8190739
Browns Ferry 1,1065.8,2009-01-01,822682
Browns Ferry 1,1065.8,2009-02-01,423815
Browns Ferry 1,1065.8,2009-03-01,409778
Browns Ferry 1,1065.8,2009-04-01,792288
Browns Ferry 1,1065.8,2009-05-01,807259
Browns Ferry 1,1065.8,2009-06-01,762088
Browns Ferry 1,1065.8,2009-07-01,786827
Browns Ferry 1,1065.8,2009-08-01,783852
Browns Ferry 1,1065.8,2009-09-01,768752
Browns Ferry 1,1065.8,2009-10-01,813447
Browns Ferry 1,1065.8,2009-11-01,792328
Browns Ferry 1,1065.8,2009-12-01,795589
Browns Ferry 1,1065.8,NA,8758705
Browns Ferry 2,1103.7,2007-01-01,723254
Browns Ferry 2,1103.7,2007-02-01,396393
Browns Ferry 2,1103.7,2007-03-01,-703
Browns Ferry 2,1103.7,2007-04-01,215345
Browns Ferry 2,1103.7,2007-05-01,826429
Browns Ferry 2,1103.7,2007-06-01,785166
Browns Ferry 2,1103.7,2007-07-01,808707
Browns Ferry 2,1103.7,2007-08-01,588779
Browns Ferry 2,1103.7,2007-09-01,787259
Browns Ferry 2,1103.7,2007-10-01,818190
Browns Ferry 2,1103.7,2007-11-01,813471
Browns Ferry 2,1103.7,2007-12-01,843637
Browns Ferry 2,1103.7,NA,7605927
Browns Ferry 2,1103.7,2008-01-01,829911
Browns Ferry 2,1103.7,2008-02-01,793585
Browns Ferry 2,1103.7,2008-03-01,842203
Browns Ferry 2,1103.7,2008-04-01,807680
Browns Ferry 2,1103.7,2008-05-01,827682
Browns Ferry 2,1103.7,2008-06-01,772732
Browns Ferry 2,1103.7,2008-07-01,803305
Browns Ferry 2,1103.7,2008-08-01,788478
Browns Ferry 2,1103.7,2008-09-01,606560
Browns Ferry 2,1103.7,2008-10-01,700443
Browns Ferry 2,1103.7,2008-11-01,816555
Browns Ferry 2,1103.7,2008-12-01,840783
Browns Ferry 2,1103.7,NA,9429917
Browns Ferry 2,1103.7,2009-01-01,839178
Browns Ferry 2,1103.7,2009-02-01,587430
Browns Ferry 2,1103.7,2009-03-01,839252
Browns Ferry 2,1103.7,2009-04-01,644652
Browns Ferry 2,1103.7,2009-05-01,0
Browns Ferry 2,1103.7,2009-06-01,134728
Browns Ferry 2,1103.7,2009-07-01,800243
Browns Ferry 2,1103.7,2009-08-01,812904
Browns Ferry 2,1103.7,2009-09-01,770502
Browns Ferry 2,1103.7,2009-10-01,715274
Browns Ferry 2,1103.7,2009-11-01,820468
Browns Ferry 2,1103.7,2009-12-01,843878
Browns Ferry 2,1103.7,NA,7808509
Browns Ferry 3,1104.9,2007-01-01,837670
Browns Ferry 3,1104.9,2007-02-01,626543
Browns Ferry 3,1104.9,2007-03-01,832406
Browns Ferry 3,1104.9,2007-04-01,805814
Browns Ferry 3,1104.9,2007-05-01,824451
Browns Ferry 3,1104.9,2007-06-01,780288
Browns Ferry 3,1104.9,2007-07-01,794663
Browns Ferry 3,1104.9,2007-08-01,742522
Browns Ferry 3,1104.9,2007-09-01,602433
Browns Ferry 3,1104.9,2007-10-01,816110
Browns Ferry 3,1104.9,2007-11-01,774919
Browns Ferry 3,1104.9,2007-12-01,648237
Browns Ferry 3,1104.9,NA,9086056
Browns Ferry 3,1104.9,2008-01-01,255798
Browns Ferry 3,1104.9,2008-02-01,760111
Browns Ferry 3,1104.9,2008-03-01,398785
Browns Ferry 3,1104.9,2008-04-01,-1826
Browns Ferry 3,1104.9,2008-05-01,339153
Browns Ferry 3,1104.9,2008-06-01,789755
Browns Ferry 3,1104.9,2008-07-01,726873
Browns Ferry 3,1104.9,2008-08-01,758138
Browns Ferry 3,1104.9,2008-09-01,794211
Browns Ferry 3,1104.9,2008-10-01,828355
Browns Ferry 3,1104.9,2008-11-01,803675
Browns Ferry 3,1104.9,2008-12-01,845732
Browns Ferry 3,1104.9,NA,7298760
Browns Ferry 3,1104.9,2009-01-01,834055
Browns Ferry 3,1104.9,2009-02-01,762132
Browns Ferry 3,1104.9,2009-03-01,836318
Browns Ferry 3,1104.9,2009-04-01,782245
Browns Ferry 3,1104.9,2009-05-01,830566
Browns Ferry 3,1104.9,2009-06-01,768105
Browns Ferry 3,1104.9,2009-07-01,804661
Browns Ferry 3,1104.9,2009-08-01,682438
Browns Ferry 3,1104.9,2009-09-01,567242
Browns Ferry 3,1104.9,2009-10-01,659588
Browns Ferry 3,1104.9,2009-11-01,809748
Browns Ferry 3,1104.9,2009-12-01,838315
Browns Ferry 3,1104.9,NA,9175413
Brunswick 1,938,2007-01-01,717820
Brunswick 1,938,2007-02-01,654219
Brunswick 1,938,2007-03-01,719722
Brunswick 1,938,2007-04-01,549513
Brunswick 1,938,2007-05-01,706345
Brunswick 1,938,2007-06-01,683339
Brunswick 1,938,2007-07-01,710056
Brunswick 1,938,2007-08-01,692078
Brunswick 1,938,2007-09-01,334252
Brunswick 1,938,2007-10-01,715442
Brunswick 1,938,2007-11-01,698196
Brunswick 1,938,2007-12-01,700923
Brunswick 1,938,NA,7881905
Brunswick 1,938,2008-01-01,713800
Brunswick 1,938,2008-02-01,649397
Brunswick 1,938,2008-03-01,286778
Brunswick 1,938,2008-04-01,7406
Brunswick 1,938,2008-05-01,704958
Brunswick 1,938,2008-06-01,686283
Brunswick 1,938,2008-07-01,707636
Brunswick 1,938,2008-08-01,702990
Brunswick 1,938,2008-09-01,689112
Brunswick 1,938,2008-10-01,716845
Brunswick 1,938,2008-11-01,452952
Brunswick 1,938,2008-12-01,712475
Brunswick 1,938,NA,7030632
Brunswick 1,938,2009-01-01,719187
Brunswick 1,938,2009-02-01,630842
Brunswick 1,938,2009-03-01,703593
Brunswick 1,938,2009-04-01,691620
Brunswick 1,938,2009-05-01,703953
Brunswick 1,938,2009-06-01,679293
Brunswick 1,938,2009-07-01,697753
Brunswick 1,938,2009-08-01,679296
Brunswick 1,938,2009-09-01,445366
Brunswick 1,938,2009-10-01,673715
Brunswick 1,938,2009-11-01,687861
Brunswick 1,938,2009-12-01,710188
Brunswick 1,938,NA,8022667
Brunswick 2,937,2007-01-01,697731
Brunswick 2,937,2007-02-01,636309
Brunswick 2,937,2007-03-01,36594
Brunswick 2,937,2007-04-01,255131
Brunswick 2,937,2007-05-01,703179
Brunswick 2,937,2007-06-01,673524
Brunswick 2,937,2007-07-01,698194
Brunswick 2,937,2007-08-01,695545
Brunswick 2,937,2007-09-01,656626
Brunswick 2,937,2007-10-01,701943
Brunswick 2,937,2007-11-01,676160
Brunswick 2,937,2007-12-01,709322
Brunswick 2,937,NA,7140258
Brunswick 2,920,2008-01-01,705183
Brunswick 2,920,2008-02-01,662926
Brunswick 2,920,2008-03-01,638070
Brunswick 2,920,2008-04-01,676182
Brunswick 2,920,2008-05-01,697370
Brunswick 2,920,2008-06-01,662438
Brunswick 2,920,2008-07-01,691106
Brunswick 2,920,2008-08-01,658231
Brunswick 2,920,2008-09-01,566245
Brunswick 2,920,2008-10-01,699951
Brunswick 2,920,2008-11-01,491759
Brunswick 2,920,2008-12-01,704777
Brunswick 2,920,NA,7854238
Brunswick 2,920,2009-01-01,696451
Brunswick 2,920,2009-02-01,604133
Brunswick 2,920,2009-03-01,-3057
Brunswick 2,920,2009-04-01,8812
Brunswick 2,920,2009-05-01,613351
Brunswick 2,920,2009-06-01,611706
Brunswick 2,920,2009-07-01,693644
Brunswick 2,920,2009-08-01,686770
Brunswick 2,920,2009-09-01,449456
Brunswick 2,920,2009-10-01,663363
Brunswick 2,920,2009-11-01,676898
Brunswick 2,920,2009-12-01,705613
Brunswick 2,920,NA,6407140
Byron 1,1164,2007-01-01,890394
Byron 1,1164,2007-02-01,803341
Byron 1,1164,2007-03-01,881896
Byron 1,1164,2007-04-01,857682
Byron 1,1164,2007-05-01,878538
Byron 1,1164,2007-06-01,847411
Byron 1,1164,2007-07-01,874591
Byron 1,1164,2007-08-01,870117
Byron 1,1164,2007-09-01,846823
Byron 1,1164,2007-10-01,536772
Byron 1,1164,2007-11-01,849456
Byron 1,1164,2007-12-01,887143
Byron 1,1164,NA,10024164
Byron 1,1164,2008-01-01,886795
Byron 1,1164,2008-02-01,829923
Byron 1,1164,2008-03-01,649419
Byron 1,1164,2008-04-01,420548
Byron 1,1164,2008-05-01,883691
Byron 1,1164,2008-06-01,847574
Byron 1,1164,2008-07-01,869921
Byron 1,1164,2008-08-01,873407
Byron 1,1164,2008-09-01,848725
Byron 1,1164,2008-10-01,882199
Byron 1,1164,2008-11-01,856052
Byron 1,1164,2008-12-01,885108
Byron 1,1164,NA,9733362
Byron 1,1164,2009-01-01,885746
Byron 1,1164,2009-02-01,785272
Byron 1,1164,2009-03-01,888217
Byron 1,1164,2009-04-01,855433
Byron 1,1164,2009-05-01,877275
Byron 1,1164,2009-06-01,841007
Byron 1,1164,2009-07-01,868307
Byron 1,1164,2009-08-01,870587
Byron 1,1164,2009-09-01,355761
Byron 1,1164,2009-10-01,634399
Byron 1,1164,2009-11-01,859127
Byron 1,1164,2009-12-01,888254
Byron 1,1164,NA,9609385
Byron 2,1136,2007-01-01,866928
Byron 2,1136,2007-02-01,781840
Byron 2,1136,2007-03-01,835334
Byron 2,1136,2007-04-01,12871
Byron 2,1136,2007-05-01,725328
Byron 2,1136,2007-06-01,829980
Byron 2,1136,2007-07-01,855869
Byron 2,1136,2007-08-01,855635
Byron 2,1136,2007-09-01,833558
Byron 2,1136,2007-10-01,531639
Byron 2,1136,2007-11-01,831330
Byron 2,1136,2007-12-01,868291
Byron 2,1136,NA,8828603
Byron 2,1136,2008-01-01,869128
Byron 2,1136,2008-02-01,811702
Byron 2,1136,2008-03-01,865261
Byron 2,1136,2008-04-01,835340
Byron 2,1136,2008-05-01,861084
Byron 2,1136,2008-06-01,828912
Byron 2,1136,2008-07-01,855049
Byron 2,1136,2008-08-01,856110
Byron 2,1136,2008-09-01,829508
Byron 2,1136,2008-10-01,302863
Byron 2,1136,2008-11-01,840801
Byron 2,1136,2008-12-01,868406
Byron 2,1136,NA,9624164
Byron 2,1136,2009-01-01,867877
Byron 2,1136,2009-02-01,782211
Byron 2,1136,2009-03-01,861576
Byron 2,1136,2009-04-01,830108
Byron 2,1136,2009-05-01,859900
Byron 2,1136,2009-06-01,822150
Byron 2,1136,2009-07-01,852578
Byron 2,1136,2009-08-01,852279
Byron 2,1136,2009-09-01,826053
Byron 2,1136,2009-10-01,859418
Byron 2,1136,2009-11-01,831265
Byron 2,1136,2009-12-01,863473
Byron 2,1136,NA,10108888
Callaway,1190,2007-01-01,921372
Callaway,1190,2007-02-01,832148
Callaway,1190,2007-03-01,773355
Callaway,1190,2007-04-01,17380
Callaway,1190,2007-05-01,592863
Callaway,1190,2007-06-01,866741
Callaway,1190,2007-07-01,894646
Callaway,1190,2007-08-01,888978
Callaway,1190,2007-09-01,869464
Callaway,1190,2007-10-01,906068
Callaway,1190,2007-11-01,888687
Callaway,1190,2007-12-01,920253
Callaway,1190,NA,9371955
Callaway,1190,2008-01-01,919838
Callaway,1190,2008-02-01,861555
Callaway,1190,2008-03-01,897258
Callaway,1190,2008-04-01,880210
Callaway,1190,2008-05-01,904505
Callaway,1190,2008-06-01,861545
Callaway,1190,2008-07-01,878976
Callaway,1190,2008-08-01,889454
Callaway,1190,2008-09-01,869370
Callaway,1190,2008-10-01,281840
Callaway,1190,2008-11-01,579384
Callaway,1190,2008-12-01,554694
Callaway,1190,NA,9378629
Callaway,1190,2009-01-01,928441
Callaway,1190,2009-02-01,535798
Callaway,1190,2009-03-01,826689
Callaway,1190,2009-04-01,796254
Callaway,1190,2009-05-01,909950
Callaway,1190,2009-06-01,836422
Callaway,1190,2009-07-01,898752
Callaway,1190,2009-08-01,899588
Callaway,1190,2009-09-01,878322
Callaway,1190,2009-10-01,918753
Callaway,1190,2009-11-01,891471
Callaway,1190,2009-12-01,926676
Callaway,1190,NA,10247116
Calvert Cliffs 1,873,2007-01-01,645996
Calvert Cliffs 1,873,2007-02-01,586474
Calvert Cliffs 1,873,2007-03-01,661313
Calvert Cliffs 1,873,2007-04-01,643783
Calvert Cliffs 1,873,2007-05-01,649923
Calvert Cliffs 1,873,2007-06-01,625294
Calvert Cliffs 1,873,2007-07-01,637887
Calvert Cliffs 1,873,2007-08-01,631196
Calvert Cliffs 1,873,2007-09-01,614691
Calvert Cliffs 1,873,2007-10-01,636405
Calvert Cliffs 1,873,2007-11-01,637788
Calvert Cliffs 1,873,2007-12-01,661483
Calvert Cliffs 1,873,NA,7632233
Calvert Cliffs 1,873,2008-01-01,662589
Calvert Cliffs 1,873,2008-02-01,462340
Calvert Cliffs 1,873,2008-03-01,330767
Calvert Cliffs 1,873,2008-04-01,637893
Calvert Cliffs 1,873,2008-05-01,654157
Calvert Cliffs 1,873,2008-06-01,619566
Calvert Cliffs 1,873,2008-07-01,625190
Calvert Cliffs 1,873,2008-08-01,623427
Calvert Cliffs 1,873,2008-09-01,616853
Calvert Cliffs 1,873,2008-10-01,641248
Calvert Cliffs 1,873,2008-11-01,633940
Calvert Cliffs 1,873,2008-12-01,657301
Calvert Cliffs 1,873,NA,7165271
Calvert Cliffs 1,855,2009-01-01,656629
Calvert Cliffs 1,855,2009-02-01,595852
Calvert Cliffs 1,855,2009-03-01,657793
Calvert Cliffs 1,855,2009-04-01,635824
Calvert Cliffs 1,855,2009-05-01,651578
Calvert Cliffs 1,855,2009-06-01,619088
Calvert Cliffs 1,855,2009-07-01,535933
Calvert Cliffs 1,855,2009-08-01,626807
Calvert Cliffs 1,855,2009-09-01,615991
Calvert Cliffs 1,855,2009-10-01,644182
Calvert Cliffs 1,855,2009-11-01,632102
Calvert Cliffs 1,855,2009-12-01,656791
Calvert Cliffs 1,855,NA,7528570
Calvert Cliffs 2,862,2007-01-01,652001
Calvert Cliffs 2,862,2007-02-01,499602
Calvert Cliffs 2,862,2007-03-01,0
Calvert Cliffs 2,862,2007-04-01,538238
Calvert Cliffs 2,862,2007-05-01,653306
Calvert Cliffs 2,862,2007-06-01,615938
Calvert Cliffs 2,862,2007-07-01,628632
Calvert Cliffs 2,862,2007-08-01,620200
Calvert Cliffs 2,862,2007-09-01,608527
Calvert Cliffs 2,862,2007-10-01,628138
Calvert Cliffs 2,862,2007-11-01,624993
Calvert Cliffs 2,862,2007-12-01,651384
Calvert Cliffs 2,862,NA,6720959
Calvert Cliffs 2,862,2008-01-01,652737
Calvert Cliffs 2,862,2008-02-01,607405
Calvert Cliffs 2,862,2008-03-01,646073
Calvert Cliffs 2,862,2008-04-01,624527
Calvert Cliffs 2,862,2008-05-01,637956
Calvert Cliffs 2,862,2008-06-01,612276
Calvert Cliffs 2,862,2008-07-01,616896
Calvert Cliffs 2,862,2008-08-01,611869
Calvert Cliffs 2,862,2008-09-01,596300
Calvert Cliffs 2,862,2008-10-01,631875
Calvert Cliffs 2,862,2008-11-01,627252
Calvert Cliffs 2,862,2008-12-01,648258
Calvert Cliffs 2,862,NA,7513424
Calvert Cliffs 2,850,2009-01-01,647148
Calvert Cliffs 2,850,2009-02-01,449371
Calvert Cliffs 2,850,2009-03-01,283046
Calvert Cliffs 2,850,2009-04-01,624504
Calvert Cliffs 2,850,2009-05-01,640356
Calvert Cliffs 2,850,2009-06-01,607556
Calvert Cliffs 2,850,2009-07-01,622614
Calvert Cliffs 2,850,2009-08-01,619175
Calvert Cliffs 2,850,2009-09-01,609925
Calvert Cliffs 2,850,2009-10-01,638455
Calvert Cliffs 2,850,2009-11-01,627240
Calvert Cliffs 2,850,2009-12-01,652159
Calvert Cliffs 2,850,NA,7021549
Catawba 1,1129,2007-01-01,827452
Catawba 1,1129,2007-02-01,787557
Catawba 1,1129,2007-03-01,825423
Catawba 1,1129,2007-04-01,839138
Catawba 1,1129,2007-05-01,862918
Catawba 1,1129,2007-06-01,828733
Catawba 1,1129,2007-07-01,854436
Catawba 1,1129,2007-08-01,850175
Catawba 1,1129,2007-09-01,826858
Catawba 1,1129,2007-10-01,860256
Catawba 1,1129,2007-11-01,840399
Catawba 1,1129,2007-12-01,867550
Catawba 1,1129,NA,10070895
Catawba 1,1129,2008-01-01,869260
Catawba 1,1129,2008-02-01,812381
Catawba 1,1129,2008-03-01,864429
Catawba 1,1129,2008-04-01,836867
Catawba 1,1129,2008-05-01,49955
Catawba 1,1129,2008-06-01,230023
Catawba 1,1129,2008-07-01,854146
Catawba 1,1129,2008-08-01,854975
Catawba 1,1129,2008-09-01,828842
Catawba 1,1129,2008-10-01,866423
Catawba 1,1129,2008-11-01,843751
Catawba 1,1129,2008-12-01,862244
Catawba 1,1129,NA,8773296
Catawba 1,1129,2009-01-01,870821
Catawba 1,1129,2009-02-01,784164
Catawba 1,1129,2009-03-01,862972
Catawba 1,1129,2009-04-01,832925
Catawba 1,1129,2009-05-01,857316
Catawba 1,1129,2009-06-01,824524
Catawba 1,1129,2009-07-01,853457
Catawba 1,1129,2009-08-01,849821
Catawba 1,1129,2009-09-01,826771
Catawba 1,1129,2009-10-01,857192
Catawba 1,1129,2009-11-01,149288
Catawba 1,1129,2009-12-01,432789
Catawba 1,1129,NA,9002040
Catawba 2,1129,2007-01-01,870361
Catawba 2,1129,2007-02-01,784869
Catawba 2,1129,2007-03-01,865510
Catawba 2,1129,2007-04-01,838718
Catawba 2,1129,2007-05-01,861839
Catawba 2,1129,2007-06-01,808702
Catawba 2,1129,2007-07-01,856135
Catawba 2,1129,2007-08-01,852483
Catawba 2,1129,2007-09-01,379876
Catawba 2,1129,2007-10-01,-4152
Catawba 2,1129,2007-11-01,361049
Catawba 2,1129,2007-12-01,872018
Catawba 2,1129,NA,8347408
Catawba 2,1129,2008-01-01,873688
Catawba 2,1129,2008-02-01,815149
Catawba 2,1129,2008-03-01,868655
Catawba 2,1129,2008-04-01,838806
Catawba 2,1129,2008-05-01,859549
Catawba 2,1129,2008-06-01,824660
Catawba 2,1129,2008-07-01,856678
Catawba 2,1129,2008-08-01,855660
Catawba 2,1129,2008-09-01,832260
Catawba 2,1129,2008-10-01,865936
Catawba 2,1129,2008-11-01,841931
Catawba 2,1129,2008-12-01,870184
Catawba 2,1129,NA,10203156
Catawba 2,1129,2009-01-01,871835
Catawba 2,1129,2009-02-01,782884
Catawba 2,1129,2009-03-01,154915
Catawba 2,1129,2009-04-01,296037
Catawba 2,1129,2009-05-01,862416
Catawba 2,1129,2009-06-01,830629
Catawba 2,1129,2009-07-01,856398
Catawba 2,1129,2009-08-01,855242
Catawba 2,1129,2009-09-01,831874
Catawba 2,1129,2009-10-01,862837
Catawba 2,1129,2009-11-01,837532
Catawba 2,1129,2009-12-01,867624
Catawba 2,1129,NA,8910223
Clinton,1043,2007-01-01,796303
Clinton,1043,2007-02-01,719640
Clinton,1043,2007-03-01,781718
Clinton,1043,2007-04-01,777209
Clinton,1043,2007-05-01,794186
Clinton,1043,2007-06-01,705543
Clinton,1043,2007-07-01,791374
Clinton,1043,2007-08-01,787282
Clinton,1043,2007-09-01,762709
Clinton,1043,2007-10-01,795073
Clinton,1043,2007-11-01,773891
Clinton,1043,2007-12-01,765508
Clinton,1043,NA,9250436
Clinton,1043,2008-01-01,250571
Clinton,1043,2008-02-01,545163
Clinton,1043,2008-03-01,800267
Clinton,1043,2008-04-01,775024
Clinton,1043,2008-05-01,798451
Clinton,1043,2008-06-01,770414
Clinton,1043,2008-07-01,794643
Clinton,1043,2008-08-01,794021
Clinton,1043,2008-09-01,767565
Clinton,1043,2008-10-01,798612
Clinton,1043,2008-11-01,775841
Clinton,1043,2008-12-01,679331
Clinton,1043,NA,8549903
Clinton,1065,2009-01-01,799748
Clinton,1065,2009-02-01,717787
Clinton,1065,2009-03-01,798222
Clinton,1065,2009-04-01,774484
Clinton,1065,2009-05-01,766014
Clinton,1065,2009-06-01,768172
Clinton,1065,2009-07-01,793462
Clinton,1065,2009-08-01,792113
Clinton,1065,2009-09-01,713349
Clinton,1065,2009-10-01,422334
Clinton,1065,2009-11-01,771859
Clinton,1065,2009-12-01,770370
Clinton,1065,NA,8887914
Columbia Generating Sta.,1131,2007-01-01,838202
Columbia Generating Sta.,1131,2007-02-01,758783
Columbia Generating Sta.,1131,2007-03-01,811071
Columbia Generating Sta.,1131,2007-04-01,619520
Columbia Generating Sta.,1131,2007-05-01,254847
Columbia Generating Sta.,1131,2007-06-01,42400
Columbia Generating Sta.,1131,2007-07-01,768651
Columbia Generating Sta.,1131,2007-08-01,764693
Columbia Generating Sta.,1131,2007-09-01,783552
Columbia Generating Sta.,1131,2007-10-01,831062
Columbia Generating Sta.,1131,2007-11-01,795942
Columbia Generating Sta.,1131,2007-12-01,839837
Columbia Generating Sta.,1131,NA,8108560
Columbia Generating Sta.,1131,2008-01-01,822189
Columbia Generating Sta.,1131,2008-02-01,781476
Columbia Generating Sta.,1131,2008-03-01,805559
Columbia Generating Sta.,1131,2008-04-01,802816
Columbia Generating Sta.,1131,2008-05-01,751934
Columbia Generating Sta.,1131,2008-06-01,712652
Columbia Generating Sta.,1131,2008-07-01,802249
Columbia Generating Sta.,1131,2008-08-01,718798
Columbia Generating Sta.,1131,2008-09-01,789085
Columbia Generating Sta.,1131,2008-10-01,821604
Columbia Generating Sta.,1131,2008-11-01,632563
Columbia Generating Sta.,1131,2008-12-01,828714
Columbia Generating Sta.,1131,NA,9269639
Columbia Generating Sta.,1131,2009-01-01,804901
Columbia Generating Sta.,1131,2009-02-01,593407
Columbia Generating Sta.,1131,2009-03-01,821820
Columbia Generating Sta.,1131,2009-04-01,709683
Columbia Generating Sta.,1131,2009-05-01,167382
Columbia Generating Sta.,1131,2009-06-01,19858
Columbia Generating Sta.,1131,2009-07-01,695488
Columbia Generating Sta.,1131,2009-08-01,105617
Columbia Generating Sta.,1131,2009-09-01,547254
Columbia Generating Sta.,1131,2009-10-01,721340
Columbia Generating Sta.,1131,2009-11-01,612921
Columbia Generating Sta.,1131,2009-12-01,834343
Columbia Generating Sta.,1131,NA,6634014
Comanche Peak 1,1150,2007-01-01,873904
Comanche Peak 1,1150,2007-02-01,653024
Comanche Peak 1,1150,2007-03-01,0
Comanche Peak 1,1150,2007-04-01,237263
Comanche Peak 1,1150,2007-05-01,870669
Comanche Peak 1,1150,2007-06-01,837847
Comanche Peak 1,1150,2007-07-01,861299
Comanche Peak 1,1150,2007-08-01,859079
Comanche Peak 1,1150,2007-09-01,832764
Comanche Peak 1,1150,2007-10-01,866684
Comanche Peak 1,1150,2007-11-01,845155
Comanche Peak 1,1150,2007-12-01,859061
Comanche Peak 1,1150,NA,8596749
Comanche Peak 1,1209,2008-01-01,874729
Comanche Peak 1,1209,2008-02-01,733286
Comanche Peak 1,1209,2008-03-01,872420
Comanche Peak 1,1209,2008-04-01,843447
Comanche Peak 1,1209,2008-05-01,869240
Comanche Peak 1,1209,2008-06-01,836727
Comanche Peak 1,1209,2008-07-01,860005
Comanche Peak 1,1209,2008-08-01,859582
Comanche Peak 1,1209,2008-09-01,719068
Comanche Peak 1,1209,2008-10-01,391493
Comanche Peak 1,1209,2008-11-01,884228
Comanche Peak 1,1209,2008-12-01,914485
Comanche Peak 1,1209,NA,9658710
Comanche Peak 1,1209,2009-01-01,915220
Comanche Peak 1,1209,2009-02-01,826205
Comanche Peak 1,1209,2009-03-01,912646
Comanche Peak 1,1209,2009-04-01,883289
Comanche Peak 1,1209,2009-05-01,854499
Comanche Peak 1,1209,2009-06-01,875500
Comanche Peak 1,1209,2009-07-01,899887
Comanche Peak 1,1209,2009-08-01,900421
Comanche Peak 1,1209,2009-09-01,875294
Comanche Peak 1,1209,2009-10-01,909455
Comanche Peak 1,1209,2009-11-01,875123
Comanche Peak 1,1209,2009-12-01,913327
Comanche Peak 1,1209,NA,10640866
Comanche Peak 2,1150,2007-01-01,878422
Comanche Peak 2,1150,2007-02-01,792832
Comanche Peak 2,1150,2007-03-01,875777
Comanche Peak 2,1150,2007-04-01,846199
Comanche Peak 2,1150,2007-05-01,870405
Comanche Peak 2,1150,2007-06-01,839104
Comanche Peak 2,1150,2007-07-01,862392
Comanche Peak 2,1150,2007-08-01,860132
Comanche Peak 2,1150,2007-09-01,834883
Comanche Peak 2,1150,2007-10-01,867342
Comanche Peak 2,1150,2007-11-01,845752
Comanche Peak 2,1150,2007-12-01,875758
Comanche Peak 2,1150,NA,10248998
Comanche Peak 2,1158,2008-01-01,875910
Comanche Peak 2,1158,2008-02-01,820452
Comanche Peak 2,1158,2008-03-01,747222
Comanche Peak 2,1158,2008-04-01,279814
Comanche Peak 2,1158,2008-05-01,869640
Comanche Peak 2,1158,2008-06-01,837576
Comanche Peak 2,1158,2008-07-01,862323
Comanche Peak 2,1158,2008-08-01,861315
Comanche Peak 2,1158,2008-09-01,835896
Comanche Peak 2,1158,2008-10-01,869450
Comanche Peak 2,1158,2008-11-01,841789
Comanche Peak 2,1158,2008-12-01,874524
Comanche Peak 2,1158,NA,9575911
Comanche Peak 2,1158,2009-01-01,874826
Comanche Peak 2,1158,2009-02-01,790577
Comanche Peak 2,1158,2009-03-01,873107
Comanche Peak 2,1158,2009-04-01,845790
Comanche Peak 2,1158,2009-05-01,816573
Comanche Peak 2,1158,2009-06-01,837024
Comanche Peak 2,1158,2009-07-01,859454
Comanche Peak 2,1158,2009-08-01,861165
Comanche Peak 2,1158,2009-09-01,837172
Comanche Peak 2,1158,2009-10-01,170362
Comanche Peak 2,1158,2009-11-01,824475
Comanche Peak 2,1158,2009-12-01,910078
Comanche Peak 2,1158,NA,9500603
Cooper,758.4,2007-01-01,551175
Cooper,758.4,2007-02-01,528415
Cooper,758.4,2007-03-01,581860
Cooper,758.4,2007-04-01,560976
Cooper,758.4,2007-05-01,497995
Cooper,758.4,2007-06-01,553996
Cooper,758.4,2007-07-01,562389
Cooper,758.4,2007-08-01,556546
Cooper,758.4,2007-09-01,556189
Cooper,758.4,2007-10-01,581260
Cooper,758.4,2007-11-01,556135
Cooper,758.4,2007-12-01,584312
Cooper,758.4,NA,6671248
Cooper,769.8,2008-01-01,581610
Cooper,769.8,2008-02-01,536581
Cooper,769.8,2008-03-01,520326
Cooper,769.8,2008-04-01,171925
Cooper,769.8,2008-05-01,218031
Cooper,769.8,2008-06-01,552091
Cooper,769.8,2008-07-01,565277
Cooper,769.8,2008-08-01,504174
Cooper,769.8,2008-09-01,565840
Cooper,769.8,2008-10-01,590080
Cooper,769.8,2008-11-01,569225
Cooper,769.8,2008-12-01,588920
Cooper,769.8,NA,5964080
Cooper,774.1,2009-01-01,587498
Cooper,774.1,2009-02-01,504938
Cooper,774.1,2009-03-01,435330
Cooper,774.1,2009-04-01,568654
Cooper,774.1,2009-05-01,583854
Cooper,774.1,2009-06-01,561883
Cooper,774.1,2009-07-01,576686
Cooper,774.1,2009-08-01,572285
Cooper,774.1,2009-09-01,435733
Cooper,774.1,2009-10-01,0
Cooper,774.1,2009-11-01,317583
Cooper,774.1,2009-12-01,590135
Cooper,774.1,NA,5734579
Crystal River 3,838,2007-01-01,640692
Crystal River 3,838,2007-02-01,497379
Crystal River 3,838,2007-03-01,639665
Crystal River 3,838,2007-04-01,619406
Crystal River 3,838,2007-05-01,637476
Crystal River 3,838,2007-06-01,611760
Crystal River 3,838,2007-07-01,626878
Crystal River 3,838,2007-08-01,627563
Crystal River 3,838,2007-09-01,613504
Crystal River 3,838,2007-10-01,621924
Crystal River 3,838,2007-11-01,38434
Crystal River 3,838,2007-12-01,498209
Crystal River 3,838,NA,6672890
Crystal River 3,860,2008-01-01,630153
Crystal River 3,860,2008-02-01,607162
Crystal River 3,860,2008-03-01,209500
Crystal River 3,860,2008-04-01,628614
Crystal River 3,860,2008-05-01,607241
Crystal River 3,860,2008-06-01,619994
Crystal River 3,860,2008-07-01,638986
Crystal River 3,860,2008-08-01,539271
Crystal River 3,860,2008-09-01,623226
Crystal River 3,860,2008-10-01,648866
Crystal River 3,860,2008-11-01,629751
Crystal River 3,860,2008-12-01,617315
Crystal River 3,860,NA,7000079
Crystal River 3,860,2009-01-01,584227
Crystal River 3,860,2009-02-01,539566
Crystal River 3,860,2009-03-01,649282
Crystal River 3,860,2009-04-01,623484
Crystal River 3,860,2009-05-01,644394
Crystal River 3,860,2009-06-01,617713
Crystal River 3,860,2009-07-01,639129
Crystal River 3,860,2009-08-01,574115
Crystal River 3,860,2009-09-01,515827
Crystal River 3,860,2009-10-01,0
Crystal River 3,860,2009-11-01,0
Crystal River 3,860,2009-12-01,0
Crystal River 3,860,NA,5387737
D.C. Cook 1,1009,2007-01-01,811718
D.C. Cook 1,1009,2007-02-01,732225
D.C. Cook 1,1009,2007-03-01,812628
D.C. Cook 1,1009,2007-04-01,779810
D.C. Cook 1,1009,2007-05-01,786252
D.C. Cook 1,1009,2007-06-01,748574
D.C. Cook 1,1009,2007-07-01,754048
D.C. Cook 1,1009,2007-08-01,715803
D.C. Cook 1,1009,2007-09-01,746230
D.C. Cook 1,1009,2007-10-01,780852
D.C. Cook 1,1009,2007-11-01,774109
D.C. Cook 1,1009,2007-12-01,810431
D.C. Cook 1,1009,NA,9252680
D.C. Cook 1,1009,2008-01-01,812778
D.C. Cook 1,1009,2008-02-01,652170
D.C. Cook 1,1009,2008-03-01,617827
D.C. Cook 1,1009,2008-04-01,7728
D.C. Cook 1,1009,2008-05-01,792653
D.C. Cook 1,1009,2008-06-01,747647
D.C. Cook 1,1009,2008-07-01,760865
D.C. Cook 1,1009,2008-08-01,757497
D.C. Cook 1,1009,2008-09-01,490521
D.C. Cook 1,1009,2008-10-01,0
D.C. Cook 1,1009,2008-11-01,0
D.C. Cook 1,1009,2008-12-01,0
D.C. Cook 1,1009,NA,5639686
D.C. Cook 1,1009,2009-01-01,0
D.C. Cook 1,1009,2009-02-01,0
D.C. Cook 1,1009,2009-03-01,0
D.C. Cook 1,1009,2009-04-01,0
D.C. Cook 1,1009,2009-05-01,0
D.C. Cook 1,1009,2009-06-01,0
D.C. Cook 1,1009,2009-07-01,0
D.C. Cook 1,1009,2009-08-01,0
D.C. Cook 1,1009,2009-09-01,0
D.C. Cook 1,1009,2009-10-01,0
D.C. Cook 1,1009,2009-11-01,0
D.C. Cook 1,1009,2009-12-01,263428
D.C. Cook 1,1009,NA,263428
D.C. Cook 2,1060,2007-01-01,829988
D.C. Cook 2,1060,2007-02-01,748027
D.C. Cook 2,1060,2007-03-01,824709
D.C. Cook 2,1060,2007-04-01,792554
D.C. Cook 2,1060,2007-05-01,814620
D.C. Cook 2,1060,2007-06-01,775760
D.C. Cook 2,1060,2007-07-01,788824
D.C. Cook 2,1060,2007-08-01,788742
D.C. Cook 2,1060,2007-09-01,325683
D.C. Cook 2,1060,2007-10-01,0
D.C. Cook 2,1060,2007-11-01,601358
D.C. Cook 2,1060,2007-12-01,834211
D.C. Cook 2,1060,NA,8124476
D.C. Cook 2,1060,2008-01-01,811842
D.C. Cook 2,1060,2008-02-01,774072
D.C. Cook 2,1060,2008-03-01,828668
D.C. Cook 2,1060,2008-04-01,792651
D.C. Cook 2,1060,2008-05-01,783744
D.C. Cook 2,1060,2008-06-01,776745
D.C. Cook 2,1060,2008-07-01,784909
D.C. Cook 2,1060,2008-08-01,642370
D.C. Cook 2,1060,2008-09-01,769628
D.C. Cook 2,1060,2008-10-01,811883
D.C. Cook 2,1060,2008-11-01,797760
D.C. Cook 2,1060,2008-12-01,822328
D.C. Cook 2,1060,NA,9396600
D.C. Cook 2,1060,2009-01-01,818864
D.C. Cook 2,1060,2009-02-01,744726
D.C. Cook 2,1060,2009-03-01,615838
D.C. Cook 2,1060,2009-04-01,0
D.C. Cook 2,1060,2009-05-01,635802
D.C. Cook 2,1060,2009-06-01,791142
D.C. Cook 2,1060,2009-07-01,660359
D.C. Cook 2,1060,2009-08-01,580326
D.C. Cook 2,1060,2009-09-01,770762
D.C. Cook 2,1060,2009-10-01,817172
D.C. Cook 2,1060,2009-11-01,799674
D.C. Cook 2,1060,2009-12-01,828298
D.C. Cook 2,1060,NA,8062963
Davis-Besse,879,2007-01-01,668923
Davis-Besse,879,2007-02-01,601820
Davis-Besse,879,2007-03-01,639963
Davis-Besse,879,2007-04-01,643498
Davis-Besse,879,2007-05-01,630043
Davis-Besse,879,2007-06-01,640493
Davis-Besse,879,2007-07-01,661833
Davis-Besse,879,2007-08-01,658993
Davis-Besse,879,2007-09-01,629766
Davis-Besse,879,2007-10-01,663599
Davis-Besse,879,2007-11-01,646539
Davis-Besse,879,2007-12-01,620332
Davis-Besse,879,NA,7705802
Davis-Besse,879,2008-01-01,-6155
Davis-Besse,879,2008-02-01,297934
Davis-Besse,879,2008-03-01,662611
Davis-Besse,879,2008-04-01,637980
Davis-Besse,879,2008-05-01,668821
Davis-Besse,879,2008-06-01,631100
Davis-Besse,879,2008-07-01,667935
Davis-Besse,879,2008-08-01,674678
Davis-Besse,879,2008-09-01,654173
Davis-Besse,879,2008-10-01,682609
Davis-Besse,879,2008-11-01,662497
Davis-Besse,879,2008-12-01,589102
Davis-Besse,879,NA,6823285
Davis-Besse,894,2009-01-01,684652
Davis-Besse,894,2009-02-01,617619
Davis-Besse,894,2009-03-01,680913
Davis-Besse,894,2009-04-01,264381
Davis-Besse,894,2009-05-01,679928
Davis-Besse,894,2009-06-01,652887
Davis-Besse,894,2009-07-01,675845
Davis-Besse,894,2009-08-01,674620
Davis-Besse,894,2009-09-01,654194
Davis-Besse,894,2009-10-01,681912
Davis-Besse,894,2009-11-01,659961
Davis-Besse,894,2009-12-01,682700
Davis-Besse,894,NA,7609612
Diablo Canyon 1,1122,2007-01-01,847999
Diablo Canyon 1,1122,2007-02-01,764285
Diablo Canyon 1,1122,2007-03-01,849331
Diablo Canyon 1,1122,2007-04-01,792255
Diablo Canyon 1,1122,2007-05-01,18774
Diablo Canyon 1,1122,2007-06-01,816177
Diablo Canyon 1,1122,2007-07-01,850688
Diablo Canyon 1,1122,2007-08-01,629542
Diablo Canyon 1,1122,2007-09-01,823812
Diablo Canyon 1,1122,2007-10-01,850197
Diablo Canyon 1,1122,2007-11-01,816087
Diablo Canyon 1,1122,2007-12-01,809202
Diablo Canyon 1,1122,NA,8868349
Diablo Canyon 1,1122,2008-01-01,829773
Diablo Canyon 1,1122,2008-02-01,788126
Diablo Canyon 1,1122,2008-03-01,843116
Diablo Canyon 1,1122,2008-04-01,812093
Diablo Canyon 1,1122,2008-05-01,792870
Diablo Canyon 1,1122,2008-06-01,816888
Diablo Canyon 1,1122,2008-07-01,841323
Diablo Canyon 1,1122,2008-08-01,840916
Diablo Canyon 1,1122,2008-09-01,809462
Diablo Canyon 1,1122,2008-10-01,816790
Diablo Canyon 1,1122,2008-11-01,809953
Diablo Canyon 1,1122,2008-12-01,837332
Diablo Canyon 1,1122,NA,9838642
Diablo Canyon 1,1122,2009-01-01,655568
Diablo Canyon 1,1122,2009-02-01,0
Diablo Canyon 1,1122,2009-03-01,122321
Diablo Canyon 1,1122,2009-04-01,821060
Diablo Canyon 1,1122,2009-05-01,847608
Diablo Canyon 1,1122,2009-06-01,818245
Diablo Canyon 1,1122,2009-07-01,844898
Diablo Canyon 1,1122,2009-08-01,827279
Diablo Canyon 1,1122,2009-09-01,672086
Diablo Canyon 1,1122,2009-10-01,818780
Diablo Canyon 1,1122,2009-11-01,814007
Diablo Canyon 1,1122,2009-12-01,840529
Diablo Canyon 1,1122,NA,8082381
Diablo Canyon 2,1118,2007-01-01,845249
Diablo Canyon 2,1118,2007-02-01,760804
Diablo Canyon 2,1118,2007-03-01,841288
Diablo Canyon 2,1118,2007-04-01,762134
Diablo Canyon 2,1118,2007-05-01,833423
Diablo Canyon 2,1118,2007-06-01,811753
Diablo Canyon 2,1118,2007-07-01,837897
Diablo Canyon 2,1118,2007-08-01,825157
Diablo Canyon 2,1118,2007-09-01,807969
Diablo Canyon 2,1118,2007-10-01,833662
Diablo Canyon 2,1118,2007-11-01,798726
Diablo Canyon 2,1118,2007-12-01,762079
Diablo Canyon 2,1118,NA,9720141
Diablo Canyon 2,1118,2008-01-01,826741
Diablo Canyon 2,1118,2008-02-01,41777
Diablo Canyon 2,1118,2008-03-01,-2903
Diablo Canyon 2,1118,2008-04-01,449048
Diablo Canyon 2,1118,2008-05-01,845735
Diablo Canyon 2,1118,2008-06-01,815407
Diablo Canyon 2,1118,2008-07-01,840889
Diablo Canyon 2,1118,2008-08-01,418326
Diablo Canyon 2,1118,2008-09-01,639595
Diablo Canyon 2,1118,2008-10-01,736073
Diablo Canyon 2,1118,2008-11-01,806165
Diablo Canyon 2,1118,2008-12-01,835032
Diablo Canyon 2,1118,NA,7251885
Diablo Canyon 2,1118,2009-01-01,833311
Diablo Canyon 2,1118,2009-02-01,751745
Diablo Canyon 2,1118,2009-03-01,828509
Diablo Canyon 2,1118,2009-04-01,813859
Diablo Canyon 2,1118,2009-05-01,766587
Diablo Canyon 2,1118,2009-06-01,802953
Diablo Canyon 2,1118,2009-07-01,763510
Diablo Canyon 2,1118,2009-08-01,509285
Diablo Canyon 2,1118,2009-09-01,693606
Diablo Canyon 2,1118,2009-10-01,69867
Diablo Canyon 2,1118,2009-11-01,501991
Diablo Canyon 2,1118,2009-12-01,847254
Diablo Canyon 2,1118,NA,8182477
Dresden 2,867,2007-01-01,644897
Dresden 2,867,2007-02-01,583862
Dresden 2,867,2007-03-01,645540
Dresden 2,867,2007-04-01,626149
Dresden 2,867,2007-05-01,554391
Dresden 2,867,2007-06-01,623644
Dresden 2,867,2007-07-01,646303
Dresden 2,867,2007-08-01,638227
Dresden 2,867,2007-09-01,626450
Dresden 2,867,2007-10-01,582052
Dresden 2,867,2007-11-01,155409
Dresden 2,867,2007-12-01,645771
Dresden 2,867,NA,6972695
Dresden 2,867,2008-01-01,647633
Dresden 2,867,2008-02-01,605725
Dresden 2,867,2008-03-01,643556
Dresden 2,867,2008-04-01,626260
Dresden 2,867,2008-05-01,646604
Dresden 2,867,2008-06-01,623296
Dresden 2,867,2008-07-01,645883
Dresden 2,867,2008-08-01,645837
Dresden 2,867,2008-09-01,475755
Dresden 2,867,2008-10-01,637163
Dresden 2,867,2008-11-01,626746
Dresden 2,867,2008-12-01,643744
Dresden 2,867,NA,7468202
Dresden 2,867,2009-01-01,647173
Dresden 2,867,2009-02-01,584658
Dresden 2,867,2009-03-01,640187
Dresden 2,867,2009-04-01,625403
Dresden 2,867,2009-05-01,641143
Dresden 2,867,2009-06-01,624667
Dresden 2,867,2009-07-01,645808
Dresden 2,867,2009-08-01,644778
Dresden 2,867,2009-09-01,622828
Dresden 2,867,2009-10-01,638120
Dresden 2,867,2009-11-01,16760
Dresden 2,867,2009-12-01,571099
Dresden 2,867,NA,6902624
Dresden 3,867,2007-01-01,649390
Dresden 3,867,2007-02-01,579683
Dresden 3,867,2007-03-01,648033
Dresden 3,867,2007-04-01,627386
Dresden 3,867,2007-05-01,645334
Dresden 3,867,2007-06-01,625293
Dresden 3,867,2007-07-01,645613
Dresden 3,867,2007-08-01,643471
Dresden 3,867,2007-09-01,576353
Dresden 3,867,2007-10-01,646057
Dresden 3,867,2007-11-01,628582
Dresden 3,867,2007-12-01,642891
Dresden 3,867,NA,7558086
Dresden 3,867,2008-01-01,437913
Dresden 3,867,2008-02-01,606120
Dresden 3,867,2008-03-01,646105
Dresden 3,867,2008-04-01,626594
Dresden 3,867,2008-05-01,646155
Dresden 3,867,2008-06-01,625363
Dresden 3,867,2008-07-01,645919
Dresden 3,867,2008-08-01,638026
Dresden 3,867,2008-09-01,617229
Dresden 3,867,2008-10-01,571689
Dresden 3,867,2008-11-01,205297
Dresden 3,867,2008-12-01,650233
Dresden 3,867,NA,6916643
Dresden 3,867,2009-01-01,650010
Dresden 3,867,2009-02-01,576990
Dresden 3,867,2009-03-01,642829
Dresden 3,867,2009-04-01,561272
Dresden 3,867,2009-05-01,641125
Dresden 3,867,2009-06-01,621551
Dresden 3,867,2009-07-01,644003
Dresden 3,867,2009-08-01,641421
Dresden 3,867,2009-09-01,619651
Dresden 3,867,2009-10-01,563725
Dresden 3,867,2009-11-01,561792
Dresden 3,867,2009-12-01,640420
Dresden 3,867,NA,7364789
Duane Arnold,579.9,2007-01-01,447618
Duane Arnold,579.9,2007-02-01,39080
Duane Arnold,579.9,2007-03-01,112431
Duane Arnold,579.9,2007-04-01,389138
Duane Arnold,579.9,2007-05-01,450516
Duane Arnold,579.9,2007-06-01,424532
Duane Arnold,579.9,2007-07-01,446502
Duane Arnold,579.9,2007-08-01,442377
Duane Arnold,579.9,2007-09-01,429795
Duane Arnold,579.9,2007-10-01,445362
Duane Arnold,579.9,2007-11-01,437740
Duane Arnold,579.9,2007-12-01,453784
Duane Arnold,579.9,NA,4518875
Duane Arnold,579.9,2008-01-01,457143
Duane Arnold,579.9,2008-02-01,427569
Duane Arnold,579.9,2008-03-01,452124
Duane Arnold,579.9,2008-04-01,440067
Duane Arnold,579.9,2008-05-01,450927
Duane Arnold,579.9,2008-06-01,425093
Duane Arnold,579.9,2008-07-01,440375
Duane Arnold,579.9,2008-08-01,430578
Duane Arnold,579.9,2008-09-01,431845
Duane Arnold,579.9,2008-10-01,451846
Duane Arnold,579.9,2008-11-01,438708
Duane Arnold,579.9,2008-12-01,435927
Duane Arnold,579.9,NA,5282202
Duane Arnold,601.4,2009-01-01,394244
Duane Arnold,601.4,2009-02-01,5357
Duane Arnold,601.4,2009-03-01,360881
Duane Arnold,601.4,2009-04-01,399821
Duane Arnold,601.4,2009-05-01,452957
Duane Arnold,601.4,2009-06-01,433616
Duane Arnold,601.4,2009-07-01,452271
Duane Arnold,601.4,2009-08-01,451155
Duane Arnold,601.4,2009-09-01,430826
Duane Arnold,601.4,2009-10-01,400789
Duane Arnold,601.4,2009-11-01,444369
Duane Arnold,601.4,2009-12-01,452645
Duane Arnold,601.4,NA,4678931
Edwin I. Hatch 1,876,2007-01-01,519772
Edwin I. Hatch 1,876,2007-02-01,505620
Edwin I. Hatch 1,876,2007-03-01,663978
Edwin I. Hatch 1,876,2007-04-01,641754
Edwin I. Hatch 1,876,2007-05-01,650424
Edwin I. Hatch 1,876,2007-06-01,633369
Edwin I. Hatch 1,876,2007-07-01,654376
Edwin I. Hatch 1,876,2007-08-01,641082
Edwin I. Hatch 1,876,2007-09-01,632985
Edwin I. Hatch 1,876,2007-10-01,657635
Edwin I. Hatch 1,876,2007-11-01,636472
Edwin I. Hatch 1,876,2007-12-01,661610
Edwin I. Hatch 1,876,NA,7499077
Edwin I. Hatch 1,876,2008-01-01,653638
Edwin I. Hatch 1,876,2008-02-01,46372
Edwin I. Hatch 1,876,2008-03-01,145500
Edwin I. Hatch 1,876,2008-04-01,627981
Edwin I. Hatch 1,876,2008-05-01,655584
Edwin I. Hatch 1,876,2008-06-01,623382
Edwin I. Hatch 1,876,2008-07-01,550904
Edwin I. Hatch 1,876,2008-08-01,654025
Edwin I. Hatch 1,876,2008-09-01,599591
Edwin I. Hatch 1,876,2008-10-01,655031
Edwin I. Hatch 1,876,2008-11-01,558015
Edwin I. Hatch 1,876,2008-12-01,663719
Edwin I. Hatch 1,876,NA,6433742
Edwin I. Hatch 1,876,2009-01-01,656285
Edwin I. Hatch 1,876,2009-02-01,600110
Edwin I. Hatch 1,876,2009-03-01,661698
Edwin I. Hatch 1,876,2009-04-01,632721
Edwin I. Hatch 1,876,2009-05-01,205290
Edwin I. Hatch 1,876,2009-06-01,629706
Edwin I. Hatch 1,876,2009-07-01,645274
Edwin I. Hatch 1,876,2009-08-01,649886
Edwin I. Hatch 1,876,2009-09-01,630803
Edwin I. Hatch 1,876,2009-10-01,586291
Edwin I. Hatch 1,876,2009-11-01,640180
Edwin I. Hatch 1,876,2009-12-01,651768
Edwin I. Hatch 1,876,NA,7190012
Edwin I. Hatch 2,883,2007-01-01,663938
Edwin I. Hatch 2,883,2007-02-01,94546
Edwin I. Hatch 2,883,2007-03-01,247265
Edwin I. Hatch 2,883,2007-04-01,642967
Edwin I. Hatch 2,883,2007-05-01,661147
Edwin I. Hatch 2,883,2007-06-01,629462
Edwin I. Hatch 2,883,2007-07-01,654785
Edwin I. Hatch 2,883,2007-08-01,589388
Edwin I. Hatch 2,883,2007-09-01,629829
Edwin I. Hatch 2,883,2007-10-01,655782
Edwin I. Hatch 2,883,2007-11-01,619470
Edwin I. Hatch 2,883,2007-12-01,660449
Edwin I. Hatch 2,883,NA,6749028
Edwin I. Hatch 2,883,2008-01-01,668404
Edwin I. Hatch 2,883,2008-02-01,625016
Edwin I. Hatch 2,883,2008-03-01,574386
Edwin I. Hatch 2,883,2008-04-01,641351
Edwin I. Hatch 2,883,2008-05-01,452200
Edwin I. Hatch 2,883,2008-06-01,629534
Edwin I. Hatch 2,883,2008-07-01,654679
Edwin I. Hatch 2,883,2008-08-01,652779
Edwin I. Hatch 2,883,2008-09-01,625879
Edwin I. Hatch 2,883,2008-10-01,653785
Edwin I. Hatch 2,883,2008-11-01,644347
Edwin I. Hatch 2,883,2008-12-01,657440
Edwin I. Hatch 2,883,NA,7479800
Edwin I. Hatch 2,883,2009-01-01,660050
Edwin I. Hatch 2,883,2009-02-01,152506
Edwin I. Hatch 2,883,2009-03-01,-5728
Edwin I. Hatch 2,883,2009-04-01,-6143
Edwin I. Hatch 2,883,2009-05-01,76410
Edwin I. Hatch 2,883,2009-06-01,524335
Edwin I. Hatch 2,883,2009-07-01,614030
Edwin I. Hatch 2,883,2009-08-01,650084
Edwin I. Hatch 2,883,2009-09-01,637613
Edwin I. Hatch 2,883,2009-10-01,664076
Edwin I. Hatch 2,883,2009-11-01,571114
Edwin I. Hatch 2,883,2009-12-01,668296
Edwin I. Hatch 2,883,NA,5206643
Fermi 2,1122,2007-01-01,834917
Fermi 2,1122,2007-02-01,758801
Fermi 2,1122,2007-03-01,833841
Fermi 2,1122,2007-04-01,803087
Fermi 2,1122,2007-05-01,824781
Fermi 2,1122,2007-06-01,787187
Fermi 2,1122,2007-07-01,809717
Fermi 2,1122,2007-08-01,808869
Fermi 2,1122,2007-09-01,733362
Fermi 2,1122,2007-10-01,-4585
Fermi 2,1122,2007-11-01,295391
Fermi 2,1122,2007-12-01,828414
Fermi 2,1122,NA,8313782
Fermi 2,1122,2008-01-01,824333
Fermi 2,1122,2008-02-01,686950
Fermi 2,1122,2008-03-01,832186
Fermi 2,1122,2008-04-01,801333
Fermi 2,1122,2008-05-01,823695
Fermi 2,1122,2008-06-01,782492
Fermi 2,1122,2008-07-01,808543
Fermi 2,1122,2008-08-01,812034
Fermi 2,1122,2008-09-01,783971
Fermi 2,1122,2008-10-01,825617
Fermi 2,1122,2008-11-01,803232
Fermi 2,1122,2008-12-01,829020
Fermi 2,1122,NA,9613406
Fermi 2,1106,2009-01-01,831971
Fermi 2,1106,2009-02-01,738853
Fermi 2,1106,2009-03-01,683436
Fermi 2,1106,2009-04-01,-6333
Fermi 2,1106,2009-05-01,790316
Fermi 2,1106,2009-06-01,701690
Fermi 2,1106,2009-07-01,808089
Fermi 2,1106,2009-08-01,804660
Fermi 2,1106,2009-09-01,753809
Fermi 2,1106,2009-10-01,-12439
Fermi 2,1106,2009-11-01,482400
Fermi 2,1106,2009-12-01,829456
Fermi 2,1106,NA,7405908
Fort Calhoun,482,2007-01-01,378986
Fort Calhoun,482,2007-02-01,342389
Fort Calhoun,482,2007-03-01,375428
Fort Calhoun,482,2007-04-01,363640
Fort Calhoun,482,2007-05-01,360655
Fort Calhoun,482,2007-06-01,354213
Fort Calhoun,482,2007-07-01,360108
Fort Calhoun,482,2007-08-01,361302
Fort Calhoun,482,2007-09-01,356631
Fort Calhoun,482,2007-10-01,371973
Fort Calhoun,482,2007-11-01,366355
Fort Calhoun,482,2007-12-01,378604
Fort Calhoun,482,NA,4370284
Fort Calhoun,482,2008-01-01,377615
Fort Calhoun,482,2008-02-01,352566
Fort Calhoun,482,2008-03-01,257523
Fort Calhoun,482,2008-04-01,219354
Fort Calhoun,482,2008-05-01,-1452
Fort Calhoun,482,2008-06-01,123486
Fort Calhoun,482,2008-07-01,360745
Fort Calhoun,482,2008-08-01,348843
Fort Calhoun,482,2008-09-01,357691
Fort Calhoun,482,2008-10-01,374712
Fort Calhoun,482,2008-11-01,365207
Fort Calhoun,482,2008-12-01,378669
Fort Calhoun,482,NA,3514959
Fort Calhoun,478,2009-01-01,378165
Fort Calhoun,478,2009-02-01,338419
Fort Calhoun,478,2009-03-01,371484
Fort Calhoun,478,2009-04-01,355119
Fort Calhoun,478,2009-05-01,373855
Fort Calhoun,478,2009-06-01,354275
Fort Calhoun,478,2009-07-01,361695
Fort Calhoun,478,2009-08-01,361642
Fort Calhoun,478,2009-09-01,354519
Fort Calhoun,478,2009-10-01,371047
Fort Calhoun,478,2009-11-01,-1780
Fort Calhoun,478,2009-12-01,82123
Fort Calhoun,478,NA,3700563
Ginna,497.7,2007-01-01,391257
Ginna,497.7,2007-02-01,387834
Ginna,497.7,2007-03-01,401525
Ginna,497.7,2007-04-01,418284
Ginna,497.7,2007-05-01,423302
Ginna,497.7,2007-06-01,409952
Ginna,497.7,2007-07-01,409867
Ginna,497.7,2007-08-01,419625
Ginna,497.7,2007-09-01,408689
Ginna,497.7,2007-10-01,411515
Ginna,497.7,2007-11-01,417479
Ginna,497.7,2007-12-01,431199
Ginna,497.7,NA,4930528
Ginna,580.5,2008-01-01,431274
Ginna,580.5,2008-02-01,403434
Ginna,580.5,2008-03-01,430630
Ginna,580.5,2008-04-01,274251
Ginna,580.5,2008-05-01,261037
Ginna,580.5,2008-06-01,413782
Ginna,580.5,2008-07-01,419771
Ginna,580.5,2008-08-01,418979
Ginna,580.5,2008-09-01,410902
Ginna,580.5,2008-10-01,428998
Ginna,580.5,2008-11-01,417387
Ginna,580.5,2008-12-01,432381
Ginna,580.5,NA,4742826
Ginna,580.5,2009-01-01,432130
Ginna,580.5,2009-02-01,390108
Ginna,580.5,2009-03-01,431376
Ginna,580.5,2009-04-01,413772
Ginna,580.5,2009-05-01,336937
Ginna,580.5,2009-06-01,415529
Ginna,580.5,2009-07-01,422912
Ginna,580.5,2009-08-01,417308
Ginna,580.5,2009-09-01,174390
Ginna,580.5,2009-10-01,375579
Ginna,580.5,2009-11-01,413995
Ginna,580.5,2009-12-01,406867
Ginna,580.5,NA,4630903
Grand Gulf 1,1268,2007-01-01,949348
Grand Gulf 1,1268,2007-02-01,853823
Grand Gulf 1,1268,2007-03-01,470576
Grand Gulf 1,1268,2007-04-01,478499
Grand Gulf 1,1268,2007-05-01,740277
Grand Gulf 1,1268,2007-06-01,908575
Grand Gulf 1,1268,2007-07-01,945593
Grand Gulf 1,1268,2007-08-01,770366
Grand Gulf 1,1268,2007-09-01,434552
Grand Gulf 1,1268,2007-10-01,946499
Grand Gulf 1,1268,2007-11-01,916109
Grand Gulf 1,1268,2007-12-01,944567
Grand Gulf 1,1268,NA,9358784
Grand Gulf 1,1259,2008-01-01,792280
Grand Gulf 1,1259,2008-02-01,708874
Grand Gulf 1,1259,2008-03-01,811788
Grand Gulf 1,1259,2008-04-01,904539
Grand Gulf 1,1259,2008-05-01,944431
Grand Gulf 1,1259,2008-06-01,904995
Grand Gulf 1,1259,2008-07-01,938324
Grand Gulf 1,1259,2008-08-01,927518
Grand Gulf 1,1259,2008-09-01,617447
Grand Gulf 1,1259,2008-10-01,13971
Grand Gulf 1,1259,2008-11-01,880470
Grand Gulf 1,1259,2008-12-01,952153
Grand Gulf 1,1259,NA,9396790
Grand Gulf 1,1251,2009-01-01,947301
Grand Gulf 1,1251,2009-02-01,859709
Grand Gulf 1,1251,2009-03-01,937261
Grand Gulf 1,1251,2009-04-01,903564
Grand Gulf 1,1251,2009-05-01,935134
Grand Gulf 1,1251,2009-06-01,897343
Grand Gulf 1,1251,2009-07-01,925096
Grand Gulf 1,1251,2009-08-01,925987
Grand Gulf 1,1251,2009-09-01,891679
Grand Gulf 1,1251,2009-10-01,935897
Grand Gulf 1,1251,2009-11-01,912378
Grand Gulf 1,1251,2009-12-01,927166
Grand Gulf 1,1251,NA,10998515
H.B. Robinson 2,710,2007-01-01,560132
H.B. Robinson 2,710,2007-02-01,508107
H.B. Robinson 2,710,2007-03-01,549343
H.B. Robinson 2,710,2007-04-01,92159
H.B. Robinson 2,710,2007-05-01,257258
H.B. Robinson 2,710,2007-06-01,525429
H.B. Robinson 2,710,2007-07-01,525101
H.B. Robinson 2,710,2007-08-01,535744
H.B. Robinson 2,710,2007-09-01,525693
H.B. Robinson 2,710,2007-10-01,550437
H.B. Robinson 2,710,2007-11-01,544248
H.B. Robinson 2,710,2007-12-01,564272
H.B. Robinson 2,710,NA,5737923
H.B. Robinson 2,710,2008-01-01,564514
H.B. Robinson 2,710,2008-02-01,528053
H.B. Robinson 2,710,2008-03-01,552687
H.B. Robinson 2,710,2008-04-01,541202
H.B. Robinson 2,710,2008-05-01,554155
H.B. Robinson 2,710,2008-06-01,524773
H.B. Robinson 2,710,2008-07-01,538858
H.B. Robinson 2,710,2008-08-01,536268
H.B. Robinson 2,710,2008-09-01,423082
H.B. Robinson 2,710,2008-10-01,-1964
H.B. Robinson 2,710,2008-11-01,141211
H.B. Robinson 2,710,2008-12-01,524457
H.B. Robinson 2,710,NA,5427296
H.B. Robinson 2,724,2009-01-01,568589
H.B. Robinson 2,724,2009-02-01,513513
H.B. Robinson 2,724,2009-03-01,566438
H.B. Robinson 2,724,2009-04-01,504260
H.B. Robinson 2,724,2009-05-01,555017
H.B. Robinson 2,724,2009-06-01,526657
H.B. Robinson 2,724,2009-07-01,543523
H.B. Robinson 2,724,2009-08-01,542487
H.B. Robinson 2,724,2009-09-01,530671
H.B. Robinson 2,724,2009-10-01,552952
H.B. Robinson 2,724,2009-11-01,503638
H.B. Robinson 2,724,2009-12-01,565446
H.B. Robinson 2,724,NA,6473191
Hope Creek 1,1061,2007-01-01,671526
Hope Creek 1,1061,2007-02-01,721771
Hope Creek 1,1061,2007-03-01,813052
Hope Creek 1,1061,2007-04-01,783583
Hope Creek 1,1061,2007-05-01,730587
Hope Creek 1,1061,2007-06-01,737500
Hope Creek 1,1061,2007-07-01,778000
Hope Creek 1,1061,2007-08-01,773888
Hope Creek 1,1061,2007-09-01,729209
Hope Creek 1,1061,2007-10-01,257055
Hope Creek 1,1061,2007-11-01,308886
Hope Creek 1,1061,2007-12-01,799486
Hope Creek 1,1061,NA,8104543
Hope Creek 1,1161,2008-01-01,757807
Hope Creek 1,1161,2008-02-01,743262
Hope Creek 1,1161,2008-03-01,800446
Hope Creek 1,1161,2008-04-01,770955
Hope Creek 1,1161,2008-05-01,799700
Hope Creek 1,1161,2008-06-01,832578
Hope Creek 1,1161,2008-07-01,862659
Hope Creek 1,1161,2008-08-01,871601
Hope Creek 1,1161,2008-09-01,860030
Hope Creek 1,1161,2008-10-01,902398
Hope Creek 1,1161,2008-11-01,869708
Hope Creek 1,1161,2008-12-01,921243
Hope Creek 1,1161,NA,9992387
Hope Creek 1,1161,2009-01-01,855022
Hope Creek 1,1161,2009-02-01,825367
Hope Creek 1,1161,2009-03-01,911077
Hope Creek 1,1161,2009-04-01,263684
Hope Creek 1,1161,2009-05-01,679837
Hope Creek 1,1161,2009-06-01,862526
Hope Creek 1,1161,2009-07-01,885863
Hope Creek 1,1161,2009-08-01,878842
Hope Creek 1,1161,2009-09-01,853536
Hope Creek 1,1161,2009-10-01,891235
Hope Creek 1,1161,2009-11-01,879025
Hope Creek 1,1161,2009-12-01,914282
Hope Creek 1,1161,NA,9700296
Indian Point 2,1019.6,2007-01-01,767275
Indian Point 2,1019.6,2007-02-01,675867
Indian Point 2,1019.6,2007-03-01,759840
Indian Point 2,1019.6,2007-04-01,739580
Indian Point 2,1019.6,2007-05-01,686915
Indian Point 2,1019.6,2007-06-01,731296
Indian Point 2,1019.6,2007-07-01,748923
Indian Point 2,1019.6,2007-08-01,745699
Indian Point 2,1019.6,2007-09-01,726151
Indian Point 2,1019.6,2007-10-01,757090
Indian Point 2,1019.6,2007-11-01,741399
Indian Point 2,1019.6,2007-12-01,762606
Indian Point 2,1019.6,NA,8842641
Indian Point 2,1025,2008-01-01,769778
Indian Point 2,1025,2008-02-01,718103
Indian Point 2,1025,2008-03-01,559224
Indian Point 2,1025,2008-04-01,195816
Indian Point 2,1025,2008-05-01,765000
Indian Point 2,1025,2008-06-01,711959
Indian Point 2,1025,2008-07-01,747091
Indian Point 2,1025,2008-08-01,747250
Indian Point 2,1025,2008-09-01,728214
Indian Point 2,1025,2008-10-01,759799
Indian Point 2,1025,2008-11-01,740915
Indian Point 2,1025,2008-12-01,768892
Indian Point 2,1025,NA,8212041
Indian Point 2,1022.2,2009-01-01,770044
Indian Point 2,1022.2,2009-02-01,695795
Indian Point 2,1022.2,2009-03-01,768841
Indian Point 2,1022.2,2009-04-01,706722
Indian Point 2,1022.2,2009-05-01,765321
Indian Point 2,1022.2,2009-06-01,734896
Indian Point 2,1022.2,2009-07-01,751733
Indian Point 2,1022.2,2009-08-01,746968
Indian Point 2,1022.2,2009-09-01,727741
Indian Point 2,1022.2,2009-10-01,763114
Indian Point 2,1022.2,2009-11-01,641671
Indian Point 2,1022.2,2009-12-01,764597
Indian Point 2,1022.2,NA,8837443
Indian Point 3,1025,2007-01-01,770640
Indian Point 3,1025,2007-02-01,695899
Indian Point 3,1025,2007-03-01,149191
Indian Point 3,1025,2007-04-01,89214
Indian Point 3,1025,2007-05-01,736641
Indian Point 3,1025,2007-06-01,751112
Indian Point 3,1025,2007-07-01,772474
Indian Point 3,1025,2007-08-01,770123
Indian Point 3,1025,2007-09-01,748811
Indian Point 3,1025,2007-10-01,776950
Indian Point 3,1025,2007-11-01,755930
Indian Point 3,1025,2007-12-01,780326
Indian Point 3,1025,NA,7797311
Indian Point 3,1040.4,2008-01-01,779280
Indian Point 3,1040.4,2008-02-01,729875
Indian Point 3,1040.4,2008-03-01,779280
Indian Point 3,1040.4,2008-04-01,755097
Indian Point 3,1040.4,2008-05-01,779142
Indian Point 3,1040.4,2008-06-01,751116
Indian Point 3,1040.4,2008-07-01,769752
Indian Point 3,1040.4,2008-08-01,770458
Indian Point 3,1040.4,2008-09-01,749070
Indian Point 3,1040.4,2008-10-01,777770
Indian Point 3,1040.4,2008-11-01,755864
Indian Point 3,1040.4,2008-12-01,778972
Indian Point 3,1040.4,NA,9175676
Indian Point 3,1040.4,2009-01-01,778666
Indian Point 3,1040.4,2009-02-01,703950
Indian Point 3,1040.4,2009-03-01,248425
Indian Point 3,1040.4,2009-04-01,356378
Indian Point 3,1040.4,2009-05-01,669673
Indian Point 3,1040.4,2009-06-01,427728
Indian Point 3,1040.4,2009-07-01,776227
Indian Point 3,1040.4,2009-08-01,676596
Indian Point 3,1040.4,2009-09-01,751640
Indian Point 3,1040.4,2009-10-01,779477
Indian Point 3,1040.4,2009-11-01,755968
Indian Point 3,1040.4,2009-12-01,778970
Indian Point 3,1040.4,NA,7703698
James Fitzpatrick,852.2,2007-01-01,639284
James Fitzpatrick,852.2,2007-02-01,542849
James Fitzpatrick,852.2,2007-03-01,637738
James Fitzpatrick,852.2,2007-04-01,617189
James Fitzpatrick,852.2,2007-05-01,584379
James Fitzpatrick,852.2,2007-06-01,615692
James Fitzpatrick,852.2,2007-07-01,630361
James Fitzpatrick,852.2,2007-08-01,561609
James Fitzpatrick,852.2,2007-09-01,542769
James Fitzpatrick,852.2,2007-10-01,477499
James Fitzpatrick,852.2,2007-11-01,430705
James Fitzpatrick,852.2,2007-12-01,638276
James Fitzpatrick,852.2,NA,6918350
James Fitzpatrick,854.4,2008-01-01,611178
James Fitzpatrick,854.4,2008-02-01,596709
James Fitzpatrick,854.4,2008-03-01,635678
James Fitzpatrick,854.4,2008-04-01,523100
James Fitzpatrick,854.4,2008-05-01,599707
James Fitzpatrick,854.4,2008-06-01,604352
James Fitzpatrick,854.4,2008-07-01,584963
James Fitzpatrick,854.4,2008-08-01,606886
James Fitzpatrick,854.4,2008-09-01,250801
James Fitzpatrick,854.4,2008-10-01,422111
James Fitzpatrick,854.4,2008-11-01,618103
James Fitzpatrick,854.4,2008-12-01,637317
James Fitzpatrick,854.4,NA,6690905
James Fitzpatrick,854.9,2009-01-01,623093
James Fitzpatrick,854.9,2009-02-01,571825
James Fitzpatrick,854.9,2009-03-01,636975
James Fitzpatrick,854.9,2009-04-01,591987
James Fitzpatrick,854.9,2009-05-01,635258
James Fitzpatrick,854.9,2009-06-01,612763
James Fitzpatrick,854.9,2009-07-01,628418
James Fitzpatrick,854.9,2009-08-01,621154
James Fitzpatrick,854.9,2009-09-01,604523
James Fitzpatrick,854.9,2009-10-01,634498
James Fitzpatrick,854.9,2009-11-01,616268
James Fitzpatrick,854.9,2009-12-01,621312
James Fitzpatrick,854.9,NA,7398074
Joseph M. Farley 1,851,2007-01-01,642173
Joseph M. Farley 1,851,2007-02-01,581498
Joseph M. Farley 1,851,2007-03-01,640724
Joseph M. Farley 1,851,2007-04-01,607833
Joseph M. Farley 1,851,2007-05-01,640224
Joseph M. Farley 1,851,2007-06-01,618194
Joseph M. Farley 1,851,2007-07-01,636332
Joseph M. Farley 1,851,2007-08-01,629418
Joseph M. Farley 1,851,2007-09-01,572004
Joseph M. Farley 1,851,2007-10-01,-4992
Joseph M. Farley 1,851,2007-11-01,319559
Joseph M. Farley 1,851,2007-12-01,642814
Joseph M. Farley 1,851,NA,6525781
Joseph M. Farley 1,851,2008-01-01,642641
Joseph M. Farley 1,851,2008-02-01,601157
Joseph M. Farley 1,851,2008-03-01,642641
Joseph M. Farley 1,851,2008-04-01,621428
Joseph M. Farley 1,851,2008-05-01,638016
Joseph M. Farley 1,851,2008-06-01,616414
Joseph M. Farley 1,851,2008-07-01,444537
Joseph M. Farley 1,851,2008-08-01,590665
Joseph M. Farley 1,851,2008-09-01,616115
Joseph M. Farley 1,851,2008-10-01,639192
Joseph M. Farley 1,851,2008-11-01,582741
Joseph M. Farley 1,851,2008-12-01,643442
Joseph M. Farley 1,851,NA,7278989
Joseph M. Farley 1,851,2009-01-01,643275
Joseph M. Farley 1,851,2009-02-01,581505
Joseph M. Farley 1,851,2009-03-01,634209
Joseph M. Farley 1,851,2009-04-01,18073
Joseph M. Farley 1,851,2009-05-01,454734
Joseph M. Farley 1,851,2009-06-01,603266
Joseph M. Farley 1,851,2009-07-01,633389
Joseph M. Farley 1,851,2009-08-01,632870
Joseph M. Farley 1,851,2009-09-01,613575
Joseph M. Farley 1,851,2009-10-01,635777
Joseph M. Farley 1,851,2009-11-01,618168
Joseph M. Farley 1,851,2009-12-01,642283
Joseph M. Farley 1,851,NA,6711124
Joseph M. Farley 2,860,2007-01-01,651934
Joseph M. Farley 2,860,2007-02-01,587814
Joseph M. Farley 2,860,2007-03-01,646099
Joseph M. Farley 2,860,2007-04-01,146398
Joseph M. Farley 2,860,2007-05-01,151999
Joseph M. Farley 2,860,2007-06-01,625144
Joseph M. Farley 2,860,2007-07-01,644006
Joseph M. Farley 2,860,2007-08-01,634059
Joseph M. Farley 2,860,2007-09-01,623086
Joseph M. Farley 2,860,2007-10-01,582325
Joseph M. Farley 2,860,2007-11-01,629395
Joseph M. Farley 2,860,2007-12-01,649827
Joseph M. Farley 2,860,NA,6572086
Joseph M. Farley 2,860,2008-01-01,648193
Joseph M. Farley 2,860,2008-02-01,608048
Joseph M. Farley 2,860,2008-03-01,648193
Joseph M. Farley 2,860,2008-04-01,600555
Joseph M. Farley 2,860,2008-05-01,645890
Joseph M. Farley 2,860,2008-06-01,621764
Joseph M. Farley 2,860,2008-07-01,640011
Joseph M. Farley 2,860,2008-08-01,640111
Joseph M. Farley 2,860,2008-09-01,621355
Joseph M. Farley 2,860,2008-10-01,346724
Joseph M. Farley 2,860,2008-11-01,120658
Joseph M. Farley 2,860,2008-12-01,652734
Joseph M. Farley 2,860,NA,6794236
Joseph M. Farley 2,860,2009-01-01,654044
Joseph M. Farley 2,860,2009-02-01,590829
Joseph M. Farley 2,860,2009-03-01,446949
Joseph M. Farley 2,860,2009-04-01,590329
Joseph M. Farley 2,860,2009-05-01,642694
Joseph M. Farley 2,860,2009-06-01,607260
Joseph M. Farley 2,860,2009-07-01,640647
Joseph M. Farley 2,860,2009-08-01,640382
Joseph M. Farley 2,860,2009-09-01,617013
Joseph M. Farley 2,860,2009-10-01,643991
Joseph M. Farley 2,860,2009-11-01,541156
Joseph M. Farley 2,860,2009-12-01,647159
Joseph M. Farley 2,860,NA,7262453
Kewaunee,556,2007-01-01,359049
Kewaunee,556,2007-02-01,364390
Kewaunee,556,2007-03-01,288658
Kewaunee,556,2007-04-01,411105
Kewaunee,556,2007-05-01,421239
Kewaunee,556,2007-06-01,391752
Kewaunee,556,2007-07-01,421962
Kewaunee,556,2007-08-01,419489
Kewaunee,556,2007-09-01,411002
Kewaunee,556,2007-10-01,300318
Kewaunee,556,2007-11-01,411499
Kewaunee,556,2007-12-01,425343
Kewaunee,556,NA,4625806
Kewaunee,556,2008-01-01,423644
Kewaunee,556,2008-02-01,397908
Kewaunee,556,2008-03-01,379119
Kewaunee,556,2008-04-01,0
Kewaunee,556,2008-05-01,283772
Kewaunee,556,2008-06-01,410671
Kewaunee,556,2008-07-01,424505
Kewaunee,556,2008-08-01,398938
Kewaunee,556,2008-09-01,408761
Kewaunee,556,2008-10-01,422952
Kewaunee,556,2008-11-01,412246
Kewaunee,556,2008-12-01,424779
Kewaunee,556,NA,4387295
Kewaunee,556,2009-01-01,421371
Kewaunee,556,2009-02-01,382128
Kewaunee,556,2009-03-01,421620
Kewaunee,556,2009-04-01,355910
Kewaunee,556,2009-05-01,421430
Kewaunee,556,2009-06-01,406604
Kewaunee,556,2009-07-01,418141
Kewaunee,556,2009-08-01,417259
Kewaunee,556,2009-09-01,328290
Kewaunee,556,2009-10-01,105496
Kewaunee,556,2009-11-01,411078
Kewaunee,556,2009-12-01,425991
Kewaunee,556,NA,4515318
LaSalle County 1,1118,2007-01-01,849445
LaSalle County 1,1118,2007-02-01,766352
LaSalle County 1,1118,2007-03-01,852222
LaSalle County 1,1118,2007-04-01,823731
LaSalle County 1,1118,2007-05-01,835518
LaSalle County 1,1118,2007-06-01,770036
LaSalle County 1,1118,2007-07-01,829252
LaSalle County 1,1118,2007-08-01,824775
LaSalle County 1,1118,2007-09-01,803796
LaSalle County 1,1118,2007-10-01,837486
LaSalle County 1,1118,2007-11-01,754294
LaSalle County 1,1118,2007-12-01,717720
LaSalle County 1,1118,NA,9664627
LaSalle County 1,1118,2008-01-01,623340
LaSalle County 1,1118,2008-02-01,58609
LaSalle County 1,1118,2008-03-01,803833
LaSalle County 1,1118,2008-04-01,829546
LaSalle County 1,1118,2008-05-01,851860
LaSalle County 1,1118,2008-06-01,817084
LaSalle County 1,1118,2008-07-01,835054
LaSalle County 1,1118,2008-08-01,836059
LaSalle County 1,1118,2008-09-01,756485
LaSalle County 1,1118,2008-10-01,781824
LaSalle County 1,1118,2008-11-01,832845
LaSalle County 1,1118,2008-12-01,857363
LaSalle County 1,1118,NA,8883902
LaSalle County 1,1118,2009-01-01,860168
LaSalle County 1,1118,2009-02-01,776657
LaSalle County 1,1118,2009-03-01,851531
LaSalle County 1,1118,2009-04-01,828785
LaSalle County 1,1118,2009-05-01,715344
LaSalle County 1,1118,2009-06-01,794313
LaSalle County 1,1118,2009-07-01,705254
LaSalle County 1,1118,2009-08-01,834889
LaSalle County 1,1118,2009-09-01,803418
LaSalle County 1,1118,2009-10-01,853394
LaSalle County 1,1118,2009-11-01,820363
LaSalle County 1,1118,2009-12-01,856596
LaSalle County 1,1118,NA,9700712
LaSalle County 2,1120,2007-01-01,839857
LaSalle County 2,1120,2007-02-01,619537
LaSalle County 2,1120,2007-03-01,360398
LaSalle County 2,1120,2007-04-01,827997
LaSalle County 2,1120,2007-05-01,848954
LaSalle County 2,1120,2007-06-01,813874
LaSalle County 2,1120,2007-07-01,828309
LaSalle County 2,1120,2007-08-01,827464
LaSalle County 2,1120,2007-09-01,809404
LaSalle County 2,1120,2007-10-01,852128
LaSalle County 2,1120,2007-11-01,831705
LaSalle County 2,1120,2007-12-01,855882
LaSalle County 2,1120,NA,9315509
LaSalle County 2,1120,2008-01-01,858114
LaSalle County 2,1120,2008-02-01,804196
LaSalle County 2,1120,2008-03-01,850076
LaSalle County 2,1120,2008-04-01,827746
LaSalle County 2,1120,2008-05-01,841694
LaSalle County 2,1120,2008-06-01,815416
LaSalle County 2,1120,2008-07-01,833458
LaSalle County 2,1120,2008-08-01,828408
LaSalle County 2,1120,2008-09-01,792991
LaSalle County 2,1120,2008-10-01,849985
LaSalle County 2,1120,2008-11-01,829877
LaSalle County 2,1120,2008-12-01,832701
LaSalle County 2,1120,NA,9964662
LaSalle County 2,1120,2009-01-01,493024
LaSalle County 2,1120,2009-02-01,480995
LaSalle County 2,1120,2009-03-01,853036
LaSalle County 2,1120,2009-04-01,829542
LaSalle County 2,1120,2009-05-01,844202
LaSalle County 2,1120,2009-06-01,814262
LaSalle County 2,1120,2009-07-01,840979
LaSalle County 2,1120,2009-08-01,712141
LaSalle County 2,1120,2009-09-01,808198
LaSalle County 2,1120,2009-10-01,746483
LaSalle County 2,1120,2009-11-01,829781
LaSalle County 2,1120,2009-12-01,855393
LaSalle County 2,1120,NA,9108036
Limerick 1,1134,2007-01-01,864781
Limerick 1,1134,2007-02-01,786803
Limerick 1,1134,2007-03-01,861010
Limerick 1,1134,2007-04-01,831555
Limerick 1,1134,2007-05-01,837143
Limerick 1,1134,2007-06-01,814110
Limerick 1,1134,2007-07-01,837415
Limerick 1,1134,2007-08-01,800678
Limerick 1,1134,2007-09-01,813819
Limerick 1,1134,2007-10-01,847539
Limerick 1,1134,2007-11-01,836411
Limerick 1,1134,2007-12-01,863101
Limerick 1,1134,NA,9994365
Limerick 1,1130,2008-01-01,841958
Limerick 1,1130,2008-02-01,726754
Limerick 1,1130,2008-03-01,201221
Limerick 1,1130,2008-04-01,829554
Limerick 1,1130,2008-05-01,883691
Limerick 1,1130,2008-06-01,811086
Limerick 1,1130,2008-07-01,834924
Limerick 1,1130,2008-08-01,840925
Limerick 1,1130,2008-09-01,813597
Limerick 1,1130,2008-10-01,857535
Limerick 1,1130,2008-11-01,837081
Limerick 1,1130,2008-12-01,867168
Limerick 1,1130,NA,9345494
Limerick 1,1130,2009-01-01,869939
Limerick 1,1130,2009-02-01,784062
Limerick 1,1130,2009-03-01,860034
Limerick 1,1130,2009-04-01,827350
Limerick 1,1130,2009-05-01,844311
Limerick 1,1130,2009-06-01,814769
Limerick 1,1130,2009-07-01,838238
Limerick 1,1130,2009-08-01,831110
Limerick 1,1130,2009-09-01,797038
Limerick 1,1130,2009-10-01,854827
Limerick 1,1130,2009-11-01,831797
Limerick 1,1130,2009-12-01,865968
Limerick 1,1130,NA,10019443
Limerick 2,1134,2007-01-01,865716
Limerick 2,1134,2007-02-01,770149
Limerick 2,1134,2007-03-01,235423
Limerick 2,1134,2007-04-01,484720
Limerick 2,1134,2007-05-01,846942
Limerick 2,1134,2007-06-01,813904
Limerick 2,1134,2007-07-01,838335
Limerick 2,1134,2007-08-01,833712
Limerick 2,1134,2007-09-01,812155
Limerick 2,1134,2007-10-01,849731
Limerick 2,1134,2007-11-01,838390
Limerick 2,1134,2007-12-01,869992
Limerick 2,1134,NA,9059169
Limerick 2,1134,2008-01-01,868024
Limerick 2,1134,2008-02-01,462199
Limerick 2,1134,2008-03-01,864062
Limerick 2,1134,2008-04-01,819990
Limerick 2,1134,2008-05-01,861084
Limerick 2,1134,2008-06-01,808647
Limerick 2,1134,2008-07-01,833060
Limerick 2,1134,2008-08-01,840862
Limerick 2,1134,2008-09-01,795587
Limerick 2,1134,2008-10-01,845440
Limerick 2,1134,2008-11-01,836249
Limerick 2,1134,2008-12-01,866564
Limerick 2,1134,NA,9701768
Limerick 2,1134,2009-01-01,861778
Limerick 2,1134,2009-02-01,747877
Limerick 2,1134,2009-03-01,536456
Limerick 2,1134,2009-04-01,454785
Limerick 2,1134,2009-05-01,848201
Limerick 2,1134,2009-06-01,816110
Limerick 2,1134,2009-07-01,839813
Limerick 2,1134,2009-08-01,835008
Limerick 2,1134,2009-09-01,810298
Limerick 2,1134,2009-10-01,856492
Limerick 2,1134,2009-11-01,835092
Limerick 2,1134,2009-12-01,869493
Limerick 2,1134,NA,9311403
McGuire 1,1100,2007-01-01,860514
McGuire 1,1100,2007-02-01,775797
McGuire 1,1100,2007-03-01,249488
McGuire 1,1100,2007-04-01,-4161
McGuire 1,1100,2007-05-01,14180
McGuire 1,1100,2007-06-01,763272
McGuire 1,1100,2007-07-01,831194
McGuire 1,1100,2007-08-01,830319
McGuire 1,1100,2007-09-01,802800
McGuire 1,1100,2007-10-01,840504
McGuire 1,1100,2007-11-01,828415
McGuire 1,1100,2007-12-01,859595
McGuire 1,1100,NA,7651917
McGuire 1,1100,2008-01-01,857923
McGuire 1,1100,2008-02-01,805167
McGuire 1,1100,2008-03-01,856305
McGuire 1,1100,2008-04-01,826387
McGuire 1,1100,2008-05-01,849045
McGuire 1,1100,2008-06-01,700289
McGuire 1,1100,2008-07-01,823347
McGuire 1,1100,2008-08-01,827576
McGuire 1,1100,2008-09-01,507017
McGuire 1,1100,2008-10-01,-7673
McGuire 1,1100,2008-11-01,449236
McGuire 1,1100,2008-12-01,862111
McGuire 1,1100,NA,8356730
McGuire 1,1100,2009-01-01,862450
McGuire 1,1100,2009-02-01,776066
McGuire 1,1100,2009-03-01,859540
McGuire 1,1100,2009-04-01,832272
McGuire 1,1100,2009-05-01,852705
McGuire 1,1100,2009-06-01,816675
McGuire 1,1100,2009-07-01,834861
McGuire 1,1100,2009-08-01,828801
McGuire 1,1100,2009-09-01,806015
McGuire 1,1100,2009-10-01,846623
McGuire 1,1100,2009-11-01,826107
McGuire 1,1100,2009-12-01,856963
McGuire 1,1100,NA,9999078
McGuire 2,1100,2007-01-01,864858
McGuire 2,1100,2007-02-01,781056
McGuire 2,1100,2007-03-01,805300
McGuire 2,1100,2007-04-01,834583
McGuire 2,1100,2007-05-01,854921
McGuire 2,1100,2007-06-01,820482
McGuire 2,1100,2007-07-01,836968
McGuire 2,1100,2007-08-01,829919
McGuire 2,1100,2007-09-01,806068
McGuire 2,1100,2007-10-01,843179
McGuire 2,1100,2007-11-01,829082
McGuire 2,1100,2007-12-01,861159
McGuire 2,1100,NA,9967575
McGuire 2,1100,2008-01-01,862860
McGuire 2,1100,2008-02-01,807867
McGuire 2,1100,2008-03-01,27
McGuire 2,1100,2008-04-01,325923
McGuire 2,1100,2008-05-01,858777
McGuire 2,1100,2008-06-01,820731
McGuire 2,1100,2008-07-01,838765
McGuire 2,1100,2008-08-01,834978
McGuire 2,1100,2008-09-01,814072
McGuire 2,1100,2008-10-01,852934
McGuire 2,1100,2008-11-01,832377
McGuire 2,1100,2008-12-01,863958
McGuire 2,1100,NA,8713269
McGuire 2,1100,2009-01-01,864612
McGuire 2,1100,2009-02-01,780625
McGuire 2,1100,2009-03-01,862756
McGuire 2,1100,2009-04-01,833523
McGuire 2,1100,2009-05-01,856381
McGuire 2,1100,2009-06-01,822348
McGuire 2,1100,2009-07-01,840845
McGuire 2,1100,2009-08-01,814635
McGuire 2,1100,2009-09-01,96360
McGuire 2,1100,2009-10-01,545014
McGuire 2,1100,2009-11-01,834863
McGuire 2,1100,2009-12-01,863703
McGuire 2,1100,NA,9015665
Millstone 2,877,2007-01-01,655199
Millstone 2,877,2007-02-01,592070
Millstone 2,877,2007-03-01,654393
Millstone 2,877,2007-04-01,633828
Millstone 2,877,2007-05-01,651981
Millstone 2,877,2007-06-01,631264
Millstone 2,877,2007-07-01,651264
Millstone 2,877,2007-08-01,650432
Millstone 2,877,2007-09-01,631128
Millstone 2,877,2007-10-01,652059
Millstone 2,877,2007-11-01,633419
Millstone 2,877,2007-12-01,649723
Millstone 2,877,NA,7686760
Millstone 2,877,2008-01-01,653697
Millstone 2,877,2008-02-01,610441
Millstone 2,877,2008-03-01,651695
Millstone 2,877,2008-04-01,101255
Millstone 2,877,2008-05-01,182207
Millstone 2,877,2008-06-01,578049
Millstone 2,877,2008-07-01,627809
Millstone 2,877,2008-08-01,648817
Millstone 2,877,2008-09-01,626666
Millstone 2,877,2008-10-01,646257
Millstone 2,877,2008-11-01,629599
Millstone 2,877,2008-12-01,646674
Millstone 2,877,NA,6603166
Millstone 2,869.1,2009-01-01,648504
Millstone 2,869.1,2009-02-01,585712
Millstone 2,869.1,2009-03-01,647603
Millstone 2,869.1,2009-04-01,627318
Millstone 2,869.1,2009-05-01,647847
Millstone 2,869.1,2009-06-01,625676
Millstone 2,869.1,2009-07-01,175273
Millstone 2,869.1,2009-08-01,643450
Millstone 2,869.1,2009-09-01,623572
Millstone 2,869.1,2009-10-01,117892
Millstone 2,869.1,2009-11-01,243568
Millstone 2,869.1,2009-12-01,652748
Millstone 2,869.1,NA,6239163
Millstone 3,1144.9,2007-01-01,758044
Millstone 3,1144.9,2007-02-01,773166
Millstone 3,1144.9,2007-03-01,855994
Millstone 3,1144.9,2007-04-01,156302
Millstone 3,1144.9,2007-05-01,307057
Millstone 3,1144.9,2007-06-01,823284
Millstone 3,1144.9,2007-07-01,847548
Millstone 3,1144.9,2007-08-01,842680
Millstone 3,1144.9,2007-09-01,815395
Millstone 3,1144.9,2007-10-01,845252
Millstone 3,1144.9,2007-11-01,822972
Millstone 3,1144.9,2007-12-01,851688
Millstone 3,1144.9,NA,8699382
Millstone 3,1137.5,2008-01-01,853158
Millstone 3,1137.5,2008-02-01,797477
Millstone 3,1137.5,2008-03-01,851971
Millstone 3,1137.5,2008-04-01,822276
Millstone 3,1137.5,2008-05-01,849887
Millstone 3,1137.5,2008-06-01,816024
Millstone 3,1137.5,2008-07-01,835548
Millstone 3,1137.5,2008-08-01,835368
Millstone 3,1137.5,2008-09-01,813699
Millstone 3,1137.5,2008-10-01,294541
Millstone 3,1137.5,2008-11-01,141759
Millstone 3,1137.5,2008-12-01,918072
Millstone 3,1137.5,NA,8829780
Millstone 3,1233.4,2009-01-01,919998
Millstone 3,1233.4,2009-02-01,831064
Millstone 3,1233.4,2009-03-01,912954
Millstone 3,1233.4,2009-04-01,891192
Millstone 3,1233.4,2009-05-01,918953
Millstone 3,1233.4,2009-06-01,887281
Millstone 3,1233.4,2009-07-01,911656
Millstone 3,1233.4,2009-08-01,903494
Millstone 3,1233.4,2009-09-01,878584
Millstone 3,1233.4,2009-10-01,916324
Millstone 3,1233.4,2009-11-01,887294
Millstone 3,1233.4,2009-12-01,559425
Millstone 3,1233.4,NA,10418219
Monticello,572,2007-01-01,232813
Monticello,572,2007-02-01,391535
Monticello,572,2007-03-01,173046
Monticello,572,2007-04-01,6240
Monticello,572,2007-05-01,420460
Monticello,572,2007-06-01,414784
Monticello,572,2007-07-01,424641
Monticello,572,2007-08-01,425406
Monticello,572,2007-09-01,420682
Monticello,572,2007-10-01,439692
Monticello,572,2007-11-01,407935
Monticello,572,2007-12-01,435035
Monticello,572,NA,4192269
Monticello,572,2008-01-01,440240
Monticello,572,2008-02-01,411395
Monticello,572,2008-03-01,439697
Monticello,572,2008-04-01,425502
Monticello,572,2008-05-01,436396
Monticello,572,2008-06-01,415071
Monticello,572,2008-07-01,422351
Monticello,572,2008-08-01,421789
Monticello,572,2008-09-01,170136
Monticello,572,2008-10-01,436652
Monticello,572,2008-11-01,423091
Monticello,572,2008-12-01,435696
Monticello,572,NA,4878016
Monticello,572,2009-01-01,400966
Monticello,572,2009-02-01,390162
Monticello,572,2009-03-01,168280
Monticello,572,2009-04-01,-2230
Monticello,572,2009-05-01,247583
Monticello,572,2009-06-01,413210
Monticello,572,2009-07-01,421814
Monticello,572,2009-08-01,420893
Monticello,572,2009-09-01,410568
Monticello,572,2009-10-01,420808
Monticello,572,2009-11-01,418648
Monticello,572,2009-12-01,431762
Monticello,572,NA,4142464
Nine Mile Point 1,621,2007-01-01,466148
Nine Mile Point 1,621,2007-02-01,392886
Nine Mile Point 1,621,2007-03-01,203054
Nine Mile Point 1,621,2007-04-01,213719
Nine Mile Point 1,621,2007-05-01,376484
Nine Mile Point 1,621,2007-06-01,444934
Nine Mile Point 1,621,2007-07-01,448195
Nine Mile Point 1,621,2007-08-01,444866
Nine Mile Point 1,621,2007-09-01,404436
Nine Mile Point 1,621,2007-10-01,454953
Nine Mile Point 1,621,2007-11-01,444919
Nine Mile Point 1,621,2007-12-01,468287
Nine Mile Point 1,621,NA,4762881
Nine Mile Point 1,621.2,2008-01-01,468389
Nine Mile Point 1,621.2,2008-02-01,435164
Nine Mile Point 1,621.2,2008-03-01,467168
Nine Mile Point 1,621.2,2008-04-01,451342
Nine Mile Point 1,621.2,2008-05-01,456259
Nine Mile Point 1,621.2,2008-06-01,433743
Nine Mile Point 1,621.2,2008-07-01,446308
Nine Mile Point 1,621.2,2008-08-01,445719
Nine Mile Point 1,621.2,2008-09-01,435846
Nine Mile Point 1,621.2,2008-10-01,393461
Nine Mile Point 1,621.2,2008-11-01,448132
Nine Mile Point 1,621.2,2008-12-01,465168
Nine Mile Point 1,621.2,NA,5346699
Nine Mile Point 1,621.2,2009-01-01,464916
Nine Mile Point 1,621.2,2009-02-01,413884
Nine Mile Point 1,621.2,2009-03-01,281279
Nine Mile Point 1,621.2,2009-04-01,260886
Nine Mile Point 1,621.2,2009-05-01,465194
Nine Mile Point 1,621.2,2009-06-01,448657
Nine Mile Point 1,621.2,2009-07-01,452757
Nine Mile Point 1,621.2,2009-08-01,445497
Nine Mile Point 1,621.2,2009-09-01,439596
Nine Mile Point 1,621.2,2009-10-01,406748
Nine Mile Point 1,621.2,2009-11-01,448711
Nine Mile Point 1,621.2,2009-12-01,464454
Nine Mile Point 1,621.2,NA,4992579
Nine Mile Point 2,1140,2007-01-01,851271
Nine Mile Point 2,1140,2007-02-01,760791
Nine Mile Point 2,1140,2007-03-01,623184
Nine Mile Point 2,1140,2007-04-01,819140
Nine Mile Point 2,1140,2007-05-01,842290
Nine Mile Point 2,1140,2007-06-01,801492
Nine Mile Point 2,1140,2007-07-01,828544
Nine Mile Point 2,1140,2007-08-01,799652
Nine Mile Point 2,1140,2007-09-01,804231
Nine Mile Point 2,1140,2007-10-01,836775
Nine Mile Point 2,1140,2007-11-01,402930
Nine Mile Point 2,1140,2007-12-01,830843
Nine Mile Point 2,1140,NA,9201143
Nine Mile Point 2,1142.7,2008-01-01,848180
Nine Mile Point 2,1142.7,2008-02-01,790535
Nine Mile Point 2,1142.7,2008-03-01,570544
Nine Mile Point 2,1142.7,2008-04-01,336485
Nine Mile Point 2,1142.7,2008-05-01,841545
Nine Mile Point 2,1142.7,2008-06-01,803897
Nine Mile Point 2,1142.7,2008-07-01,822133
Nine Mile Point 2,1142.7,2008-08-01,833636
Nine Mile Point 2,1142.7,2008-09-01,807523
Nine Mile Point 2,1142.7,2008-10-01,839450
Nine Mile Point 2,1142.7,2008-11-01,702495
Nine Mile Point 2,1142.7,2008-12-01,844601
Nine Mile Point 2,1142.7,NA,9041024
Nine Mile Point 2,1142.7,2009-01-01,851757
Nine Mile Point 2,1142.7,2009-02-01,755621
Nine Mile Point 2,1142.7,2009-03-01,848209
Nine Mile Point 2,1142.7,2009-04-01,822860
Nine Mile Point 2,1142.7,2009-05-01,844152
Nine Mile Point 2,1142.7,2009-06-01,806565
Nine Mile Point 2,1142.7,2009-07-01,833458
Nine Mile Point 2,1142.7,2009-08-01,832245
Nine Mile Point 2,1142.7,2009-09-01,810057
Nine Mile Point 2,1142.7,2009-10-01,846996
Nine Mile Point 2,1142.7,2009-11-01,819439
Nine Mile Point 2,1142.7,2009-12-01,850558
Nine Mile Point 2,1142.7,NA,9921917
North Anna 1,903,2007-01-01,662445
North Anna 1,903,2007-02-01,625296
North Anna 1,903,2007-03-01,689973
North Anna 1,903,2007-04-01,667274
North Anna 1,903,2007-05-01,688046
North Anna 1,903,2007-06-01,664719
North Anna 1,903,2007-07-01,685060
North Anna 1,903,2007-08-01,683482
North Anna 1,903,2007-09-01,168866
North Anna 1,903,2007-10-01,339491
North Anna 1,903,2007-11-01,659873
North Anna 1,903,2007-12-01,680613
North Anna 1,903,NA,7215138
North Anna 1,903,2008-01-01,681457
North Anna 1,903,2008-02-01,636729
North Anna 1,903,2008-03-01,680832
North Anna 1,903,2008-04-01,659998
North Anna 1,903,2008-05-01,680321
North Anna 1,903,2008-06-01,653717
North Anna 1,903,2008-07-01,672655
North Anna 1,903,2008-08-01,674130
North Anna 1,903,2008-09-01,654123
North Anna 1,903,2008-10-01,672744
North Anna 1,903,2008-11-01,639410
North Anna 1,903,2008-12-01,680713
North Anna 1,903,NA,7986829
North Anna 1,903,2009-01-01,681901
North Anna 1,903,2009-02-01,616048
North Anna 1,903,2009-03-01,152142
North Anna 1,903,2009-04-01,616351
North Anna 1,903,2009-05-01,682837
North Anna 1,903,2009-06-01,656542
North Anna 1,903,2009-07-01,675142
North Anna 1,903,2009-08-01,673279
North Anna 1,903,2009-09-01,656170
North Anna 1,903,2009-10-01,548106
North Anna 1,903,2009-11-01,662230
North Anna 1,903,2009-12-01,681751
North Anna 1,903,NA,7302499
North Anna 2,903,2007-01-01,679389
North Anna 2,903,2007-02-01,600181
North Anna 2,903,2007-03-01,363568
North Anna 2,903,2007-04-01,120518
North Anna 2,903,2007-05-01,677909
North Anna 2,903,2007-06-01,626001
North Anna 2,903,2007-07-01,494487
North Anna 2,903,2007-08-01,672482
North Anna 2,903,2007-09-01,654880
North Anna 2,903,2007-10-01,677782
North Anna 2,903,2007-11-01,659145
North Anna 2,903,2007-12-01,545447
North Anna 2,903,NA,6771789
North Anna 2,903,2008-01-01,635709
North Anna 2,903,2008-02-01,467203
North Anna 2,903,2008-03-01,678272
North Anna 2,903,2008-04-01,656689
North Anna 2,903,2008-05-01,677571
North Anna 2,903,2008-06-01,650413
North Anna 2,903,2008-07-01,669956
North Anna 2,903,2008-08-01,671566
North Anna 2,903,2008-09-01,280661
North Anna 2,903,2008-10-01,0
North Anna 2,903,2008-11-01,376056
North Anna 2,903,2008-12-01,682500
North Anna 2,903,NA,6446596
North Anna 2,903,2009-01-01,680897
North Anna 2,903,2009-02-01,615159
North Anna 2,903,2009-03-01,680946
North Anna 2,903,2009-04-01,658423
North Anna 2,903,2009-05-01,664331
North Anna 2,903,2009-06-01,654001
North Anna 2,903,2009-07-01,673775
North Anna 2,903,2009-08-01,672309
North Anna 2,903,2009-09-01,653968
North Anna 2,903,2009-10-01,678778
North Anna 2,903,2009-11-01,659110
North Anna 2,903,2009-12-01,608414
North Anna 2,903,NA,7900111
Oconee 1,846,2007-01-01,645103
Oconee 1,846,2007-02-01,398701
Oconee 1,846,2007-03-01,645201
Oconee 1,846,2007-04-01,623435
Oconee 1,846,2007-05-01,641438
Oconee 1,846,2007-06-01,620141
Oconee 1,846,2007-07-01,636339
Oconee 1,846,2007-08-01,630489
Oconee 1,846,2007-09-01,606468
Oconee 1,846,2007-10-01,625775
Oconee 1,846,2007-11-01,619988
Oconee 1,846,2007-12-01,642646
Oconee 1,846,NA,7335724
Oconee 1,846,2008-01-01,643529
Oconee 1,846,2008-02-01,599994
Oconee 1,846,2008-03-01,470874
Oconee 1,846,2008-04-01,164345
Oconee 1,846,2008-05-01,-7373
Oconee 1,846,2008-06-01,578828
Oconee 1,846,2008-07-01,632744
Oconee 1,846,2008-08-01,626744
Oconee 1,846,2008-09-01,607983
Oconee 1,846,2008-10-01,634128
Oconee 1,846,2008-11-01,619758
Oconee 1,846,2008-12-01,643872
Oconee 1,846,NA,6215426
Oconee 1,846,2009-01-01,644728
Oconee 1,846,2009-02-01,582232
Oconee 1,846,2009-03-01,643180
Oconee 1,846,2009-04-01,621702
Oconee 1,846,2009-05-01,641011
Oconee 1,846,2009-06-01,617255
Oconee 1,846,2009-07-01,632539
Oconee 1,846,2009-08-01,626103
Oconee 1,846,2009-09-01,559974
Oconee 1,846,2009-10-01,180371
Oconee 1,846,2009-11-01,-6093
Oconee 1,846,2009-12-01,567553
Oconee 1,846,NA,6310555
Oconee 2,846,2007-01-01,649554
Oconee 2,846,2007-02-01,499712
Oconee 2,846,2007-03-01,647915
Oconee 2,846,2007-04-01,545909
Oconee 2,846,2007-05-01,4586
Oconee 2,846,2007-06-01,623510
Oconee 2,846,2007-07-01,645972
Oconee 2,846,2007-08-01,628376
Oconee 2,846,2007-09-01,606967
Oconee 2,846,2007-10-01,641098
Oconee 2,846,2007-11-01,627477
Oconee 2,846,2007-12-01,647913
Oconee 2,846,NA,6768989
Oconee 2,846,2008-01-01,651945
Oconee 2,846,2008-02-01,608596
Oconee 2,846,2008-03-01,640543
Oconee 2,846,2008-04-01,583085
Oconee 2,846,2008-05-01,643825
Oconee 2,846,2008-06-01,623299
Oconee 2,846,2008-07-01,637092
Oconee 2,846,2008-08-01,631066
Oconee 2,846,2008-09-01,514880
Oconee 2,846,2008-10-01,491326
Oconee 2,846,2008-11-01,-1949
Oconee 2,846,2008-12-01,366859
Oconee 2,846,NA,6390567
Oconee 2,846,2009-01-01,654829
Oconee 2,846,2009-02-01,592179
Oconee 2,846,2009-03-01,653674
Oconee 2,846,2009-04-01,632191
Oconee 2,846,2009-05-01,649715
Oconee 2,846,2009-06-01,627383
Oconee 2,846,2009-07-01,641918
Oconee 2,846,2009-08-01,635219
Oconee 2,846,2009-09-01,612950
Oconee 2,846,2009-10-01,641030
Oconee 2,846,2009-11-01,619565
Oconee 2,846,2009-12-01,646335
Oconee 2,846,NA,7606988
Oconee 3,846,2007-01-01,653910
Oconee 3,846,2007-02-01,589773
Oconee 3,846,2007-03-01,653463
Oconee 3,846,2007-04-01,632038
Oconee 3,846,2007-05-01,651359
Oconee 3,846,2007-06-01,628795
Oconee 3,846,2007-07-01,644828
Oconee 3,846,2007-08-01,638496
Oconee 3,846,2007-09-01,614843
Oconee 3,846,2007-10-01,518837
Oconee 3,846,2007-11-01,-1943
Oconee 3,846,2007-12-01,235538
Oconee 3,846,NA,6459937
Oconee 3,846,2008-01-01,651436
Oconee 3,846,2008-02-01,611313
Oconee 3,846,2008-03-01,652309
Oconee 3,846,2008-04-01,631889
Oconee 3,846,2008-05-01,651664
Oconee 3,846,2008-06-01,627213
Oconee 3,846,2008-07-01,642061
Oconee 3,846,2008-08-01,635900
Oconee 3,846,2008-09-01,616380
Oconee 3,846,2008-10-01,643873
Oconee 3,846,2008-11-01,561702
Oconee 3,846,2008-12-01,649368
Oconee 3,846,NA,7575108
Oconee 3,846,2009-01-01,652107
Oconee 3,846,2009-02-01,589129
Oconee 3,846,2009-03-01,650280
Oconee 3,846,2009-04-01,502708
Oconee 3,846,2009-05-01,131433
Oconee 3,846,2009-06-01,625776
Oconee 3,846,2009-07-01,643633
Oconee 3,846,2009-08-01,637838
Oconee 3,846,2009-09-01,617836
Oconee 3,846,2009-10-01,644223
Oconee 3,846,2009-11-01,629113
Oconee 3,846,2009-12-01,650618
Oconee 3,846,NA,6974694
Oyster Creek 1,619,2007-01-01,470588
Oyster Creek 1,619,2007-02-01,426143
Oyster Creek 1,619,2007-03-01,408508
Oyster Creek 1,619,2007-04-01,411225
Oyster Creek 1,619,2007-05-01,402088
Oyster Creek 1,619,2007-06-01,441324
Oyster Creek 1,619,2007-07-01,322411
Oyster Creek 1,619,2007-08-01,441765
Oyster Creek 1,619,2007-09-01,437113
Oyster Creek 1,619,2007-10-01,461624
Oyster Creek 1,619,2007-11-01,455744
Oyster Creek 1,619,2007-12-01,399399
Oyster Creek 1,619,NA,5077932
Oyster Creek 1,614.5,2008-01-01,424201
Oyster Creek 1,614.5,2008-02-01,400430
Oyster Creek 1,614.5,2008-03-01,422238
Oyster Creek 1,614.5,2008-04-01,356828
Oyster Creek 1,614.5,2008-05-01,459296
Oyster Creek 1,614.5,2008-06-01,434294
Oyster Creek 1,614.5,2008-07-01,442550
Oyster Creek 1,614.5,2008-08-01,449651
Oyster Creek 1,614.5,2008-09-01,437727
Oyster Creek 1,614.5,2008-10-01,326548
Oyster Creek 1,614.5,2008-11-01,121372
Oyster Creek 1,614.5,2008-12-01,388870
Oyster Creek 1,614.5,NA,4664005
Oyster Creek 1,614.5,2009-01-01,473879
Oyster Creek 1,614.5,2009-02-01,191784
Oyster Creek 1,614.5,2009-03-01,469082
Oyster Creek 1,614.5,2009-04-01,375920
Oyster Creek 1,614.5,2009-05-01,406739
Oyster Creek 1,614.5,2009-06-01,445612
Oyster Creek 1,614.5,2009-07-01,352978
Oyster Creek 1,614.5,2009-08-01,422406
Oyster Creek 1,614.5,2009-09-01,447749
Oyster Creek 1,614.5,2009-10-01,464990
Oyster Creek 1,614.5,2009-11-01,455890
Oyster Creek 1,614.5,2009-12-01,471372
Oyster Creek 1,614.5,NA,4978401
Palisades,778,2007-01-01,603143
Palisades,778,2007-02-01,497774
Palisades,778,2007-03-01,485071
Palisades,778,2007-04-01,583991
Palisades,778,2007-05-01,465196
Palisades,778,2007-06-01,569217
Palisades,778,2007-07-01,585433
Palisades,778,2007-08-01,582322
Palisades,778,2007-09-01,149115
Palisades,778,2007-10-01,118585
Palisades,778,2007-11-01,581425
Palisades,778,2007-12-01,604743
Palisades,778,NA,5826015
Palisades,778,2008-01-01,541751
Palisades,778,2008-02-01,566389
Palisades,778,2008-03-01,607111
Palisades,778,2008-04-01,579786
Palisades,778,2008-05-01,556350
Palisades,778,2008-06-01,567071
Palisades,778,2008-07-01,582065
Palisades,778,2008-08-01,486670
Palisades,778,2008-09-01,567326
Palisades,778,2008-10-01,595073
Palisades,778,2008-11-01,581797
Palisades,778,2008-12-01,603347
Palisades,778,NA,6834736
Palisades,778,2009-01-01,602883
Palisades,778,2009-02-01,456765
Palisades,778,2009-03-01,408921
Palisades,778,2009-04-01,0
Palisades,778,2009-05-01,556099
Palisades,778,2009-06-01,572986
Palisades,778,2009-07-01,586004
Palisades,778,2009-08-01,584081
Palisades,778,2009-09-01,569329
Palisades,778,2009-10-01,596345
Palisades,778,2009-11-01,580914
Palisades,778,2009-12-01,604383
Palisades,778,NA,6118710
Palo Verde 1,1311,2007-01-01,990150
Palo Verde 1,1311,2007-02-01,892571
Palo Verde 1,1311,2007-03-01,986662
Palo Verde 1,1311,2007-04-01,953146
Palo Verde 1,1311,2007-05-01,566763
Palo Verde 1,1311,2007-06-01,-3770
Palo Verde 1,1311,2007-07-01,300795
Palo Verde 1,1311,2007-08-01,972286
Palo Verde 1,1311,2007-09-01,943805
Palo Verde 1,1311,2007-10-01,660136
Palo Verde 1,1311,2007-11-01,611179
Palo Verde 1,1311,2007-12-01,967410
Palo Verde 1,1311,NA,8841133
Palo Verde 1,1311,2008-01-01,986703
Palo Verde 1,1311,2008-02-01,924311
Palo Verde 1,1311,2008-03-01,986355
Palo Verde 1,1311,2008-04-01,950539
Palo Verde 1,1311,2008-05-01,984720
Palo Verde 1,1311,2008-06-01,834819
Palo Verde 1,1311,2008-07-01,972884
Palo Verde 1,1311,2008-08-01,974559
Palo Verde 1,1311,2008-09-01,933474
Palo Verde 1,1311,2008-10-01,89135
Palo Verde 1,1311,2008-11-01,320109
Palo Verde 1,1311,2008-12-01,995572
Palo Verde 1,1311,NA,9953180
Palo Verde 1,1311,2009-01-01,998545
Palo Verde 1,1311,2009-02-01,901206
Palo Verde 1,1311,2009-03-01,904899
Palo Verde 1,1311,2009-04-01,962845
Palo Verde 1,1311,2009-05-01,990045
Palo Verde 1,1311,2009-06-01,957733
Palo Verde 1,1311,2009-07-01,981658
Palo Verde 1,1311,2009-08-01,984002
Palo Verde 1,1311,2009-09-01,953934
Palo Verde 1,1311,2009-10-01,992649
Palo Verde 1,1311,2009-11-01,964575
Palo Verde 1,1311,2009-12-01,997633
Palo Verde 1,1311,NA,11589724
Palo Verde 2,1314,2007-01-01,993644
Palo Verde 2,1314,2007-02-01,564835
Palo Verde 2,1314,2007-03-01,981175
Palo Verde 2,1314,2007-04-01,960397
Palo Verde 2,1314,2007-05-01,975296
Palo Verde 2,1314,2007-06-01,939052
Palo Verde 2,1314,2007-07-01,930033
Palo Verde 2,1314,2007-08-01,976448
Palo Verde 2,1314,2007-09-01,949988
Palo Verde 2,1314,2007-10-01,733817
Palo Verde 2,1314,2007-11-01,958434
Palo Verde 2,1314,2007-12-01,994476
Palo Verde 2,1314,NA,10957595
Palo Verde 2,1314,2008-01-01,996897
Palo Verde 2,1314,2008-02-01,933958
Palo Verde 2,1314,2008-03-01,897540
Palo Verde 2,1314,2008-04-01,-3681
Palo Verde 2,1314,2008-05-01,-15958
Palo Verde 2,1314,2008-06-01,733463
Palo Verde 2,1314,2008-07-01,980646
Palo Verde 2,1314,2008-08-01,980770
Palo Verde 2,1314,2008-09-01,953041
Palo Verde 2,1314,2008-10-01,992783
Palo Verde 2,1314,2008-11-01,671168
Palo Verde 2,1314,2008-12-01,503455
Palo Verde 2,1314,NA,8624082
Palo Verde 2,1314,2009-01-01,993266
Palo Verde 2,1314,2009-02-01,902662
Palo Verde 2,1314,2009-03-01,998040
Palo Verde 2,1314,2009-04-01,963492
Palo Verde 2,1314,2009-05-01,991197
Palo Verde 2,1314,2009-06-01,957986
Palo Verde 2,1314,2009-07-01,981216
Palo Verde 2,1314,2009-08-01,983965
Palo Verde 2,1314,2009-09-01,953558
Palo Verde 2,1314,2009-10-01,56275
Palo Verde 2,1314,2009-11-01,-12029
Palo Verde 2,1314,2009-12-01,739893
Palo Verde 2,1314,NA,9509521
Palo Verde 3,1247,2007-01-01,766275
Palo Verde 3,1247,2007-02-01,809076
Palo Verde 3,1247,2007-03-01,916797
Palo Verde 3,1247,2007-04-01,310775
Palo Verde 3,1247,2007-05-01,791014
Palo Verde 3,1247,2007-06-01,850142
Palo Verde 3,1247,2007-07-01,884234
Palo Verde 3,1247,2007-08-01,893359
Palo Verde 3,1247,2007-09-01,772018
Palo Verde 3,1247,2007-10-01,-3246
Palo Verde 3,1247,2007-11-01,-3130
Palo Verde 3,1247,2007-12-01,-3651
Palo Verde 3,1247,NA,6983663
Palo Verde 3,1317,2008-01-01,316964
Palo Verde 3,1317,2008-02-01,924616
Palo Verde 3,1317,2008-03-01,987648
Palo Verde 3,1317,2008-04-01,957681
Palo Verde 3,1317,2008-05-01,986139
Palo Verde 3,1317,2008-06-01,950615
Palo Verde 3,1317,2008-07-01,973758
Palo Verde 3,1317,2008-08-01,975419
Palo Verde 3,1317,2008-09-01,690166
Palo Verde 3,1317,2008-10-01,965301
Palo Verde 3,1317,2008-11-01,953963
Palo Verde 3,1317,2008-12-01,990964
Palo Verde 3,1317,NA,10673234
Palo Verde 3,1317,2009-01-01,989545
Palo Verde 3,1317,2009-02-01,890857
Palo Verde 3,1317,2009-03-01,986519
Palo Verde 3,1317,2009-04-01,89628
Palo Verde 3,1317,2009-05-01,55823
Palo Verde 3,1317,2009-06-01,951763
Palo Verde 3,1317,2009-07-01,975801
Palo Verde 3,1317,2009-08-01,978939
Palo Verde 3,1317,2009-09-01,948443
Palo Verde 3,1317,2009-10-01,986607
Palo Verde 3,1317,2009-11-01,956078
Palo Verde 3,1317,2009-12-01,752603
Palo Verde 3,1317,NA,9562606
Peach Bottom 2,1112,2007-01-01,849428
Peach Bottom 2,1112,2007-02-01,759606
Peach Bottom 2,1112,2007-03-01,847606
Peach Bottom 2,1112,2007-04-01,813344
Peach Bottom 2,1112,2007-05-01,845135
Peach Bottom 2,1112,2007-06-01,810870
Peach Bottom 2,1112,2007-07-01,834018
Peach Bottom 2,1112,2007-08-01,833701
Peach Bottom 2,1112,2007-09-01,759255
Peach Bottom 2,1112,2007-10-01,842531
Peach Bottom 2,1112,2007-11-01,823885
Peach Bottom 2,1112,2007-12-01,848525
Peach Bottom 2,1112,NA,9867904
Peach Bottom 2,1112,2008-01-01,838126
Peach Bottom 2,1112,2008-02-01,795478
Peach Bottom 2,1112,2008-03-01,848627
Peach Bottom 2,1112,2008-04-01,815994
Peach Bottom 2,1112,2008-05-01,831812
Peach Bottom 2,1112,2008-06-01,802010
Peach Bottom 2,1112,2008-07-01,798970
Peach Bottom 2,1112,2008-08-01,732760
Peach Bottom 2,1112,2008-09-01,293636
Peach Bottom 2,1112,2008-10-01,276638
Peach Bottom 2,1112,2008-11-01,828290
Peach Bottom 2,1112,2008-12-01,854267
Peach Bottom 2,1112,NA,8716608
Peach Bottom 2,1122,2009-01-01,851210
Peach Bottom 2,1122,2009-02-01,755890
Peach Bottom 2,1122,2009-03-01,853156
Peach Bottom 2,1122,2009-04-01,810347
Peach Bottom 2,1122,2009-05-01,851322
Peach Bottom 2,1122,2009-06-01,818545
Peach Bottom 2,1122,2009-07-01,840468
Peach Bottom 2,1122,2009-08-01,836039
Peach Bottom 2,1122,2009-09-01,804673
Peach Bottom 2,1122,2009-10-01,849892
Peach Bottom 2,1122,2009-11-01,826529
Peach Bottom 2,1122,2009-12-01,843665
Peach Bottom 2,1122,NA,9941736
Peach Bottom 3,1112,2007-01-01,840460
Peach Bottom 3,1112,2007-02-01,752285
Peach Bottom 3,1112,2007-03-01,840630
Peach Bottom 3,1112,2007-04-01,810893
Peach Bottom 3,1112,2007-05-01,828507
Peach Bottom 3,1112,2007-06-01,800648
Peach Bottom 3,1112,2007-07-01,817370
Peach Bottom 3,1112,2007-08-01,773508
Peach Bottom 3,1112,2007-09-01,512505
Peach Bottom 3,1112,2007-10-01,382422
Peach Bottom 3,1112,2007-11-01,821820
Peach Bottom 3,1112,2007-12-01,849770
Peach Bottom 3,1112,NA,9030818
Peach Bottom 3,1112,2008-01-01,849405
Peach Bottom 3,1112,2008-02-01,678096
Peach Bottom 3,1112,2008-03-01,848230
Peach Bottom 3,1112,2008-04-01,820086
Peach Bottom 3,1112,2008-05-01,836121
Peach Bottom 3,1112,2008-06-01,810521
Peach Bottom 3,1112,2008-07-01,832342
Peach Bottom 3,1112,2008-08-01,834972
Peach Bottom 3,1112,2008-09-01,803089
Peach Bottom 3,1112,2008-10-01,840186
Peach Bottom 3,1112,2008-11-01,819131
Peach Bottom 3,1112,2008-12-01,845996
Peach Bottom 3,1112,NA,9818175
Peach Bottom 3,1112,2009-01-01,624651
Peach Bottom 3,1112,2009-02-01,765426
Peach Bottom 3,1112,2009-03-01,806759
Peach Bottom 3,1112,2009-04-01,816555
Peach Bottom 3,1112,2009-05-01,818468
Peach Bottom 3,1112,2009-06-01,800346
Peach Bottom 3,1112,2009-07-01,819743
Peach Bottom 3,1112,2009-08-01,774471
Peach Bottom 3,1112,2009-09-01,290581
Peach Bottom 3,1112,2009-10-01,471796
Peach Bottom 3,1112,2009-11-01,825982
Peach Bottom 3,1112,2009-12-01,853315
Peach Bottom 3,1112,NA,8668093
Perry 1,1245,2007-01-01,925628
Perry 1,1245,2007-02-01,841117
Perry 1,1245,2007-03-01,906738
Perry 1,1245,2007-04-01,8911
Perry 1,1245,2007-05-01,294340
Perry 1,1245,2007-06-01,684060
Perry 1,1245,2007-07-01,168786
Perry 1,1245,2007-08-01,931004
Perry 1,1245,2007-09-01,898058
Perry 1,1245,2007-10-01,929063
Perry 1,1245,2007-11-01,837810
Perry 1,1245,2007-12-01,632732
Perry 1,1245,NA,8058247
Perry 1,1245,2008-01-01,951553
Perry 1,1245,2008-02-01,891180
Perry 1,1245,2008-03-01,886866
Perry 1,1245,2008-04-01,598092
Perry 1,1245,2008-05-01,940362
Perry 1,1245,2008-06-01,880150
Perry 1,1245,2008-07-01,921451
Perry 1,1245,2008-08-01,928586
Perry 1,1245,2008-09-01,890697
Perry 1,1245,2008-10-01,950446
Perry 1,1245,2008-11-01,914227
Perry 1,1245,2008-12-01,936983
Perry 1,1245,NA,10690593
Perry 1,1240,2009-01-01,944877
Perry 1,1240,2009-02-01,657957
Perry 1,1240,2009-03-01,-6802
Perry 1,1240,2009-04-01,-10609
Perry 1,1240,2009-05-01,392649
Perry 1,1240,2009-06-01,676761
Perry 1,1240,2009-07-01,907675
Perry 1,1240,2009-08-01,928035
Perry 1,1240,2009-09-01,904217
Perry 1,1240,2009-10-01,440263
Perry 1,1240,2009-11-01,812520
Perry 1,1240,2009-12-01,948929
Perry 1,1240,NA,7596472
Pilgrim 1,684.7,2007-01-01,496378
Pilgrim 1,684.7,2007-02-01,434146
Pilgrim 1,684.7,2007-03-01,382851
Pilgrim 1,684.7,2007-04-01,73456
Pilgrim 1,684.7,2007-05-01,345315
Pilgrim 1,684.7,2007-06-01,491401
Pilgrim 1,684.7,2007-07-01,443982
Pilgrim 1,684.7,2007-08-01,500238
Pilgrim 1,684.7,2007-09-01,487024
Pilgrim 1,684.7,2007-10-01,503198
Pilgrim 1,684.7,2007-11-01,494987
Pilgrim 1,684.7,2007-12-01,466813
Pilgrim 1,684.7,NA,5119789
Pilgrim 1,684.7,2008-01-01,511679
Pilgrim 1,684.7,2008-02-01,478576
Pilgrim 1,684.7,2008-03-01,510487
Pilgrim 1,684.7,2008-04-01,448398
Pilgrim 1,684.7,2008-05-01,506841
Pilgrim 1,684.7,2008-06-01,484157
Pilgrim 1,684.7,2008-07-01,507534
Pilgrim 1,684.7,2008-08-01,496811
Pilgrim 1,684.7,2008-09-01,487785
Pilgrim 1,684.7,2008-10-01,502739
Pilgrim 1,684.7,2008-11-01,492357
Pilgrim 1,684.7,2008-12-01,441275
Pilgrim 1,684.7,NA,5868639
Pilgrim 1,684.7,2009-01-01,510067
Pilgrim 1,684.7,2009-02-01,451656
Pilgrim 1,684.7,2009-03-01,507752
Pilgrim 1,684.7,2009-04-01,263007
Pilgrim 1,684.7,2009-05-01,185075
Pilgrim 1,684.7,2009-06-01,488015
Pilgrim 1,684.7,2009-07-01,499073
Pilgrim 1,684.7,2009-08-01,499942
Pilgrim 1,684.7,2009-09-01,487629
Pilgrim 1,684.7,2009-10-01,503203
Pilgrim 1,684.7,2009-11-01,491784
Pilgrim 1,684.7,2009-12-01,508818
Pilgrim 1,684.7,NA,5396021
Point Beach 1,512,2007-01-01,378251
Point Beach 1,512,2007-02-01,345506
Point Beach 1,512,2007-03-01,377853
Point Beach 1,512,2007-04-01,0
Point Beach 1,512,2007-05-01,294647
Point Beach 1,512,2007-06-01,207716
Point Beach 1,512,2007-07-01,377647
Point Beach 1,512,2007-08-01,372665
Point Beach 1,512,2007-09-01,330715
Point Beach 1,512,2007-10-01,382305
Point Beach 1,512,2007-11-01,371891
Point Beach 1,512,2007-12-01,383108
Point Beach 1,512,NA,3822304
Point Beach 1,510,2008-01-01,192381
Point Beach 1,510,2008-02-01,305014
Point Beach 1,510,2008-03-01,382532
Point Beach 1,510,2008-04-01,369419
Point Beach 1,510,2008-05-01,374653
Point Beach 1,510,2008-06-01,366701
Point Beach 1,510,2008-07-01,378364
Point Beach 1,510,2008-08-01,369764
Point Beach 1,510,2008-09-01,363320
Point Beach 1,510,2008-10-01,46224
Point Beach 1,510,2008-11-01,193702
Point Beach 1,510,2008-12-01,381508
Point Beach 1,510,NA,3723582
Point Beach 1,512.2,2009-01-01,381373
Point Beach 1,512.2,2009-02-01,345921
Point Beach 1,512.2,2009-03-01,383076
Point Beach 1,512.2,2009-04-01,371130
Point Beach 1,512.2,2009-05-01,332816
Point Beach 1,512.2,2009-06-01,368530
Point Beach 1,512.2,2009-07-01,379202
Point Beach 1,512.2,2009-08-01,379491
Point Beach 1,512.2,2009-09-01,357522
Point Beach 1,512.2,2009-10-01,376841
Point Beach 1,512.2,2009-11-01,327645
Point Beach 1,512.2,2009-12-01,381835
Point Beach 1,512.2,NA,4385382
Point Beach 2,514,2007-01-01,387663
Point Beach 2,514,2007-02-01,348620
Point Beach 2,514,2007-03-01,387954
Point Beach 2,514,2007-04-01,370255
Point Beach 2,514,2007-05-01,373977
Point Beach 2,514,2007-06-01,369010
Point Beach 2,514,2007-07-01,380757
Point Beach 2,514,2007-08-01,375278
Point Beach 2,514,2007-09-01,326128
Point Beach 2,514,2007-10-01,381738
Point Beach 2,514,2007-11-01,378197
Point Beach 2,514,2007-12-01,382632
Point Beach 2,514,NA,4462209
Point Beach 2,516,2008-01-01,387786
Point Beach 2,516,2008-02-01,362746
Point Beach 2,516,2008-03-01,387502
Point Beach 2,516,2008-04-01,57578
Point Beach 2,516,2008-05-01,222633
Point Beach 2,516,2008-06-01,371916
Point Beach 2,516,2008-07-01,381269
Point Beach 2,516,2008-08-01,372178
Point Beach 2,516,2008-09-01,364776
Point Beach 2,516,2008-10-01,381703
Point Beach 2,516,2008-11-01,372601
Point Beach 2,516,2008-12-01,380945
Point Beach 2,516,NA,4043633
Point Beach 2,514.7,2009-01-01,381875
Point Beach 2,514.7,2009-02-01,345100
Point Beach 2,514.7,2009-03-01,382267
Point Beach 2,514.7,2009-04-01,370950
Point Beach 2,514.7,2009-05-01,364101
Point Beach 2,514.7,2009-06-01,367971
Point Beach 2,514.7,2009-07-01,378343
Point Beach 2,514.7,2009-08-01,379008
Point Beach 2,514.7,2009-09-01,356748
Point Beach 2,514.7,2009-10-01,166754
Point Beach 2,514.7,2009-11-01,0
Point Beach 2,514.7,2009-12-01,289334
Point Beach 2,514.7,NA,3782451
Prairie Island 1,551,2007-01-01,407570
Prairie Island 1,551,2007-02-01,367936
Prairie Island 1,551,2007-03-01,406143
Prairie Island 1,551,2007-04-01,355186
Prairie Island 1,551,2007-05-01,205372
Prairie Island 1,551,2007-06-01,373571
Prairie Island 1,551,2007-07-01,389599
Prairie Island 1,551,2007-08-01,391511
Prairie Island 1,551,2007-09-01,382919
Prairie Island 1,551,2007-10-01,421936
Prairie Island 1,551,2007-11-01,395971
Prairie Island 1,551,2007-12-01,356378
Prairie Island 1,551,NA,4454092
Prairie Island 1,551,2008-01-01,406183
Prairie Island 1,551,2008-02-01,136801
Prairie Island 1,551,2008-03-01,74310
Prairie Island 1,551,2008-04-01,381922
Prairie Island 1,551,2008-05-01,386128
Prairie Island 1,551,2008-06-01,370060
Prairie Island 1,551,2008-07-01,372171
Prairie Island 1,551,2008-08-01,357498
Prairie Island 1,551,2008-09-01,380298
Prairie Island 1,551,2008-10-01,399754
Prairie Island 1,551,2008-11-01,390597
Prairie Island 1,551,2008-12-01,403735
Prairie Island 1,551,NA,4059457
Prairie Island 1,551,2009-01-01,403461
Prairie Island 1,551,2009-02-01,361572
Prairie Island 1,551,2009-03-01,402938
Prairie Island 1,551,2009-04-01,380782
Prairie Island 1,551,2009-05-01,300615
Prairie Island 1,551,2009-06-01,371873
Prairie Island 1,551,2009-07-01,389571
Prairie Island 1,551,2009-08-01,388039
Prairie Island 1,551,2009-09-01,127730
Prairie Island 1,551,2009-10-01,-2537
Prairie Island 1,551,2009-11-01,68733
Prairie Island 1,551,2009-12-01,404836
Prairie Island 1,551,NA,3597613
Prairie Island 2,545,2007-01-01,403384
Prairie Island 2,545,2007-02-01,364113
Prairie Island 2,545,2007-03-01,271748
Prairie Island 2,545,2007-04-01,332818
Prairie Island 2,545,2007-05-01,388982
Prairie Island 2,545,2007-06-01,372143
Prairie Island 2,545,2007-07-01,386086
Prairie Island 2,545,2007-08-01,388385
Prairie Island 2,545,2007-09-01,359655
Prairie Island 2,545,2007-10-01,393368
Prairie Island 2,545,2007-11-01,391828
Prairie Island 2,545,2007-12-01,404129
Prairie Island 2,545,NA,4456639
Prairie Island 2,545,2008-01-01,404313
Prairie Island 2,545,2008-02-01,378285
Prairie Island 2,545,2008-03-01,394759
Prairie Island 2,545,2008-04-01,380470
Prairie Island 2,545,2008-05-01,386630
Prairie Island 2,545,2008-06-01,373176
Prairie Island 2,545,2008-07-01,384652
Prairie Island 2,545,2008-08-01,385795
Prairie Island 2,545,2008-09-01,229380
Prairie Island 2,545,2008-10-01,0
Prairie Island 2,545,2008-11-01,338349
Prairie Island 2,545,2008-12-01,403556
Prairie Island 2,545,NA,4059365
Prairie Island 2,545,2009-01-01,403735
Prairie Island 2,545,2009-02-01,364629
Prairie Island 2,545,2009-03-01,402467
Prairie Island 2,545,2009-04-01,382100
Prairie Island 2,545,2009-05-01,379906
Prairie Island 2,545,2009-06-01,373994
Prairie Island 2,545,2009-07-01,390007
Prairie Island 2,545,2009-08-01,386448
Prairie Island 2,545,2009-09-01,378416
Prairie Island 2,545,2009-10-01,401654
Prairie Island 2,545,2009-11-01,388687
Prairie Island 2,545,2009-12-01,401305
Prairie Island 2,545,NA,4653348
Quad Cities 1,867,2007-01-01,649380
Quad Cities 1,867,2007-02-01,585796
Quad Cities 1,867,2007-03-01,624761
Quad Cities 1,867,2007-04-01,529505
Quad Cities 1,867,2007-05-01,191677
Quad Cities 1,867,2007-06-01,624249
Quad Cities 1,867,2007-07-01,645875
Quad Cities 1,867,2007-08-01,645855
Quad Cities 1,867,2007-09-01,532940
Quad Cities 1,867,2007-10-01,646808
Quad Cities 1,867,2007-11-01,627190
Quad Cities 1,867,2007-12-01,647004
Quad Cities 1,867,NA,6951040
Quad Cities 1,867,2008-01-01,645459
Quad Cities 1,867,2008-02-01,565343
Quad Cities 1,867,2008-03-01,643473
Quad Cities 1,867,2008-04-01,595308
Quad Cities 1,867,2008-05-01,640598
Quad Cities 1,867,2008-06-01,621035
Quad Cities 1,867,2008-07-01,644466
Quad Cities 1,867,2008-08-01,644869
Quad Cities 1,867,2008-09-01,621789
Quad Cities 1,867,2008-10-01,645401
Quad Cities 1,867,2008-11-01,580055
Quad Cities 1,867,2008-12-01,642313
Quad Cities 1,867,NA,7490109
Quad Cities 1,882,2009-01-01,644153
Quad Cities 1,882,2009-02-01,581900
Quad Cities 1,882,2009-03-01,638925
Quad Cities 1,882,2009-04-01,531625
Quad Cities 1,882,2009-05-01,899
Quad Cities 1,882,2009-06-01,617485
Quad Cities 1,882,2009-07-01,656331
Quad Cities 1,882,2009-08-01,654916
Quad Cities 1,882,2009-09-01,554798
Quad Cities 1,882,2009-10-01,664028
Quad Cities 1,882,2009-11-01,641652
Quad Cities 1,882,2009-12-01,663443
Quad Cities 1,882,NA,6850155
Quad Cities 2,867,2007-01-01,644687
Quad Cities 2,867,2007-02-01,562562
Quad Cities 2,867,2007-03-01,620661
Quad Cities 2,867,2007-04-01,593317
Quad Cities 2,867,2007-05-01,640515
Quad Cities 2,867,2007-06-01,622918
Quad Cities 2,867,2007-07-01,643777
Quad Cities 2,867,2007-08-01,644056
Quad Cities 2,867,2007-09-01,622872
Quad Cities 2,867,2007-10-01,641233
Quad Cities 2,867,2007-11-01,625075
Quad Cities 2,867,2007-12-01,644163
Quad Cities 2,867,NA,7505836
Quad Cities 2,867,2008-01-01,644076
Quad Cities 2,867,2008-02-01,590039
Quad Cities 2,867,2008-03-01,36294
Quad Cities 2,867,2008-04-01,614073
Quad Cities 2,867,2008-05-01,646588
Quad Cities 2,867,2008-06-01,626776
Quad Cities 2,867,2008-07-01,646035
Quad Cities 2,867,2008-08-01,639910
Quad Cities 2,867,2008-09-01,621339
Quad Cities 2,867,2008-10-01,639461
Quad Cities 2,867,2008-11-01,627068
Quad Cities 2,867,2008-12-01,402932
Quad Cities 2,867,NA,6734591
Quad Cities 2,892,2009-01-01,649194
Quad Cities 2,892,2009-02-01,582841
Quad Cities 2,892,2009-03-01,644086
Quad Cities 2,892,2009-04-01,590110
Quad Cities 2,892,2009-05-01,664155
Quad Cities 2,892,2009-06-01,638223
Quad Cities 2,892,2009-07-01,660275
Quad Cities 2,892,2009-08-01,659578
Quad Cities 2,892,2009-09-01,638033
Quad Cities 2,892,2009-10-01,668637
Quad Cities 2,892,2009-11-01,648497
Quad Cities 2,892,2009-12-01,669811
Quad Cities 2,892,NA,7713440
River Bend 1,970,2007-01-01,725147
River Bend 1,970,2007-02-01,661186
River Bend 1,970,2007-03-01,711238
River Bend 1,970,2007-04-01,549766
River Bend 1,970,2007-05-01,418966
River Bend 1,970,2007-06-01,426290
River Bend 1,970,2007-07-01,723145
River Bend 1,970,2007-08-01,716879
River Bend 1,970,2007-09-01,598654
River Bend 1,970,2007-10-01,579550
River Bend 1,970,2007-11-01,422760
River Bend 1,970,2007-12-01,650988
River Bend 1,970,NA,7184569
River Bend 1,978,2008-01-01,110735
River Bend 1,978,2008-02-01,-8132
River Bend 1,978,2008-03-01,342423
River Bend 1,978,2008-04-01,712110
River Bend 1,978,2008-05-01,720704
River Bend 1,978,2008-06-01,671406
River Bend 1,978,2008-07-01,727695
River Bend 1,978,2008-08-01,718214
River Bend 1,978,2008-09-01,153794
River Bend 1,978,2008-10-01,735665
River Bend 1,978,2008-11-01,716106
River Bend 1,978,2008-12-01,733145
River Bend 1,978,NA,6333865
River Bend 1,974,2009-01-01,739478
River Bend 1,974,2009-02-01,661218
River Bend 1,974,2009-03-01,732687
River Bend 1,974,2009-04-01,709686
River Bend 1,974,2009-05-01,725329
River Bend 1,974,2009-06-01,696111
River Bend 1,974,2009-07-01,723627
River Bend 1,974,2009-08-01,715246
River Bend 1,974,2009-09-01,422217
River Bend 1,974,2009-10-01,270360
River Bend 1,974,2009-11-01,703396
River Bend 1,974,2009-12-01,734015
River Bend 1,974,NA,7833370
Salem 1,1174,2007-01-01,881780
Salem 1,1174,2007-02-01,796138
Salem 1,1174,2007-03-01,710450
Salem 1,1174,2007-04-01,109114
Salem 1,1174,2007-05-01,769769
Salem 1,1174,2007-06-01,842543
Salem 1,1174,2007-07-01,860262
Salem 1,1174,2007-08-01,855700
Salem 1,1174,2007-09-01,832619
Salem 1,1174,2007-10-01,873109
Salem 1,1174,2007-11-01,854429
Salem 1,1174,2007-12-01,772595
Salem 1,1174,NA,9158508
Salem 1,1174,2008-01-01,853080
Salem 1,1174,2008-02-01,825442
Salem 1,1174,2008-03-01,838924
Salem 1,1174,2008-04-01,844147
Salem 1,1174,2008-05-01,874438
Salem 1,1174,2008-06-01,838918
Salem 1,1174,2008-07-01,852442
Salem 1,1174,2008-08-01,857218
Salem 1,1174,2008-09-01,826932
Salem 1,1174,2008-10-01,381228
Salem 1,1174,2008-11-01,455611
Salem 1,1174,2008-12-01,879033
Salem 1,1174,NA,9327413
Salem 1,1174,2009-01-01,886849
Salem 1,1174,2009-02-01,799384
Salem 1,1174,2009-03-01,802826
Salem 1,1174,2009-04-01,850961
Salem 1,1174,2009-05-01,867338
Salem 1,1174,2009-06-01,834949
Salem 1,1174,2009-07-01,863068
Salem 1,1174,2009-08-01,857139
Salem 1,1174,2009-09-01,836123
Salem 1,1174,2009-10-01,880944
Salem 1,1174,2009-11-01,856998
Salem 1,1174,2009-12-01,885178
Salem 1,1174,NA,10221757
Salem 2,1130,2007-01-01,860562
Salem 2,1130,2007-02-01,776504
Salem 2,1130,2007-03-01,859205
Salem 2,1130,2007-04-01,827037
Salem 2,1130,2007-05-01,623217
Salem 2,1130,2007-06-01,750906
Salem 2,1130,2007-07-01,837797
Salem 2,1130,2007-08-01,791692
Salem 2,1130,2007-09-01,806933
Salem 2,1130,2007-10-01,844959
Salem 2,1130,2007-11-01,831585
Salem 2,1130,2007-12-01,858996
Salem 2,1130,NA,9669393
Salem 2,1158,2008-01-01,859116
Salem 2,1158,2008-02-01,796848
Salem 2,1158,2008-03-01,257629
Salem 2,1158,2008-04-01,-2471
Salem 2,1158,2008-05-01,424116
Salem 2,1158,2008-06-01,823341
Salem 2,1158,2008-07-01,848516
Salem 2,1158,2008-08-01,860334
Salem 2,1158,2008-09-01,805667
Salem 2,1158,2008-10-01,840534
Salem 2,1158,2008-11-01,817708
Salem 2,1158,2008-12-01,879655
Salem 2,1158,NA,8210993
Salem 2,1158,2009-01-01,886912
Salem 2,1158,2009-02-01,796505
Salem 2,1158,2009-03-01,879132
Salem 2,1158,2009-04-01,850592
Salem 2,1158,2009-05-01,866404
Salem 2,1158,2009-06-01,837680
Salem 2,1158,2009-07-01,862960
Salem 2,1158,2009-08-01,859329
Salem 2,1158,2009-09-01,837062
Salem 2,1158,2009-10-01,350288
Salem 2,1158,2009-11-01,518973
Salem 2,1158,2009-12-01,881663
Salem 2,1158,NA,9427500
San Onofre 2,1070,2007-01-01,829290
San Onofre 2,1070,2007-02-01,757406
San Onofre 2,1070,2007-03-01,839354
San Onofre 2,1070,2007-04-01,812414
San Onofre 2,1070,2007-05-01,833622
San Onofre 2,1070,2007-06-01,483259
San Onofre 2,1070,2007-07-01,807062
San Onofre 2,1070,2007-08-01,821143
San Onofre 2,1070,2007-09-01,803817
San Onofre 2,1070,2007-10-01,649922
San Onofre 2,1070,2007-11-01,666774
San Onofre 2,1070,2007-12-01,-5634
San Onofre 2,1070,NA,8298429
San Onofre 2,1070,2008-01-01,279469
San Onofre 2,1070,2008-02-01,774549
San Onofre 2,1070,2008-03-01,836115
San Onofre 2,1070,2008-04-01,771719
San Onofre 2,1070,2008-05-01,832160
San Onofre 2,1070,2008-06-01,568025
San Onofre 2,1070,2008-07-01,825170
San Onofre 2,1070,2008-08-01,830768
San Onofre 2,1070,2008-09-01,777218
San Onofre 2,1070,2008-10-01,834558
San Onofre 2,1070,2008-11-01,806269
San Onofre 2,1070,2008-12-01,720793
San Onofre 2,1070,NA,8856813
San Onofre 2,1070,2009-01-01,-22232
San Onofre 2,1070,2009-02-01,240087
San Onofre 2,1070,2009-03-01,819649
San Onofre 2,1070,2009-04-01,803692
San Onofre 2,1070,2009-05-01,822560
San Onofre 2,1070,2009-06-01,804298
San Onofre 2,1070,2009-07-01,808307
San Onofre 2,1070,2009-08-01,828409
San Onofre 2,1070,2009-09-01,582845
San Onofre 2,1070,2009-10-01,-6022
San Onofre 2,1070,2009-11-01,-8875
San Onofre 2,1070,2009-12-01,-8336
San Onofre 2,1070,NA,5664382
San Onofre 3,1080,2007-01-01,814290
San Onofre 3,1080,2007-02-01,762276
San Onofre 3,1080,2007-03-01,842384
San Onofre 3,1080,2007-04-01,813741
San Onofre 3,1080,2007-05-01,770388
San Onofre 3,1080,2007-06-01,809469
San Onofre 3,1080,2007-07-01,837432
San Onofre 3,1080,2007-08-01,833146
San Onofre 3,1080,2007-09-01,812519
San Onofre 3,1080,2007-10-01,218649
San Onofre 3,1080,2007-11-01,551381
San Onofre 3,1080,2007-12-01,839896
San Onofre 3,1080,NA,8905571
San Onofre 3,1080,2008-01-01,841069
San Onofre 3,1080,2008-02-01,745227
San Onofre 3,1080,2008-03-01,842513
San Onofre 3,1080,2008-04-01,403042
San Onofre 3,1080,2008-05-01,380725
San Onofre 3,1080,2008-06-01,805917
San Onofre 3,1080,2008-07-01,837056
San Onofre 3,1080,2008-08-01,802786
San Onofre 3,1080,2008-09-01,399030
San Onofre 3,1080,2008-10-01,219043
San Onofre 3,1080,2008-11-01,-6282
San Onofre 3,1080,2008-12-01,264885
San Onofre 3,1080,NA,6535011
San Onofre 3,1080,2009-01-01,841913
San Onofre 3,1080,2009-02-01,759344
San Onofre 3,1080,2009-03-01,840502
San Onofre 3,1080,2009-04-01,812766
San Onofre 3,1080,2009-05-01,826399
San Onofre 3,1080,2009-06-01,813689
San Onofre 3,1080,2009-07-01,832748
San Onofre 3,1080,2009-08-01,838362
San Onofre 3,1080,2009-09-01,802565
San Onofre 3,1080,2009-10-01,834424
San Onofre 3,1080,2009-11-01,810492
San Onofre 3,1080,2009-12-01,821360
San Onofre 3,1080,NA,9834564
Seabrook 1,1245.4,2007-01-01,877980
Seabrook 1,1245.4,2007-02-01,836094
Seabrook 1,1245.4,2007-03-01,871034
Seabrook 1,1245.4,2007-04-01,856511
Seabrook 1,1245.4,2007-05-01,927331
Seabrook 1,1245.4,2007-06-01,897115
Seabrook 1,1245.4,2007-07-01,926577
Seabrook 1,1245.4,2007-08-01,925890
Seabrook 1,1245.4,2007-09-01,896620
Seabrook 1,1245.4,2007-10-01,925105
Seabrook 1,1245.4,2007-11-01,897572
Seabrook 1,1245.4,2007-12-01,926055
Seabrook 1,1245.4,NA,10763884
Seabrook 1,1245.4,2008-01-01,567522
Seabrook 1,1245.4,2008-02-01,840007
Seabrook 1,1245.4,2008-03-01,922125
Seabrook 1,1245.4,2008-04-01,0
Seabrook 1,1245.4,2008-05-01,667538
Seabrook 1,1245.4,2008-06-01,856165
Seabrook 1,1245.4,2008-07-01,927107
Seabrook 1,1245.4,2008-08-01,925640
Seabrook 1,1245.4,2008-09-01,896541
Seabrook 1,1245.4,2008-10-01,926492
Seabrook 1,1245.4,2008-11-01,895088
Seabrook 1,1245.4,2008-12-01,926089
Seabrook 1,1245.4,NA,9350314
Seabrook 1,1247.3,2009-01-01,924993
Seabrook 1,1247.3,2009-02-01,836579
Seabrook 1,1247.3,2009-03-01,925103
Seabrook 1,1247.3,2009-04-01,896458
Seabrook 1,1247.3,2009-05-01,926038
Seabrook 1,1247.3,2009-06-01,896326
Seabrook 1,1247.3,2009-07-01,926131
Seabrook 1,1247.3,2009-08-01,926113
Seabrook 1,1247.3,2009-09-01,892480
Seabrook 1,1247.3,2009-10-01,0
Seabrook 1,1247.3,2009-11-01,340343
Seabrook 1,1247.3,2009-12-01,326109
Seabrook 1,1247.3,NA,8816673
Sequoyah 1,1148,2007-01-01,873798
Sequoyah 1,1148,2007-02-01,789965
Sequoyah 1,1148,2007-03-01,873628
Sequoyah 1,1148,2007-04-01,839999
Sequoyah 1,1148,2007-05-01,867914
Sequoyah 1,1148,2007-06-01,833030
Sequoyah 1,1148,2007-07-01,853614
Sequoyah 1,1148,2007-08-01,846306
Sequoyah 1,1148,2007-09-01,728409
Sequoyah 1,1148,2007-10-01,59250
Sequoyah 1,1148,2007-11-01,316889
Sequoyah 1,1148,2007-12-01,875486
Sequoyah 1,1148,NA,8758288
Sequoyah 1,1148,2008-01-01,813318
Sequoyah 1,1148,2008-02-01,818537
Sequoyah 1,1148,2008-03-01,873506
Sequoyah 1,1148,2008-04-01,845040
Sequoyah 1,1148,2008-05-01,862205
Sequoyah 1,1148,2008-06-01,832788
Sequoyah 1,1148,2008-07-01,848824
Sequoyah 1,1148,2008-08-01,848284
Sequoyah 1,1148,2008-09-01,845702
Sequoyah 1,1148,2008-10-01,853882
Sequoyah 1,1148,2008-11-01,845304
Sequoyah 1,1148,2008-12-01,877411
Sequoyah 1,1148,NA,10164801
Sequoyah 1,1152,2009-01-01,877438
Sequoyah 1,1152,2009-02-01,792149
Sequoyah 1,1152,2009-03-01,708181
Sequoyah 1,1152,2009-04-01,0
Sequoyah 1,1152,2009-05-01,708113
Sequoyah 1,1152,2009-06-01,813571
Sequoyah 1,1152,2009-07-01,837311
Sequoyah 1,1152,2009-08-01,841201
Sequoyah 1,1152,2009-09-01,819896
Sequoyah 1,1152,2009-10-01,852205
Sequoyah 1,1152,2009-11-01,846398
Sequoyah 1,1152,2009-12-01,865712
Sequoyah 1,1152,NA,8962175
Sequoyah 2,1126,2007-01-01,804057
Sequoyah 2,1126,2007-02-01,781245
Sequoyah 2,1126,2007-03-01,799822
Sequoyah 2,1126,2007-04-01,828097
Sequoyah 2,1126,2007-05-01,855223
Sequoyah 2,1126,2007-06-01,821029
Sequoyah 2,1126,2007-07-01,837947
Sequoyah 2,1126,2007-08-01,829779
Sequoyah 2,1126,2007-09-01,805862
Sequoyah 2,1126,2007-10-01,839258
Sequoyah 2,1126,2007-11-01,826455
Sequoyah 2,1126,2007-12-01,863623
Sequoyah 2,1126,NA,9892397
Sequoyah 2,1126,2008-01-01,865852
Sequoyah 2,1126,2008-02-01,808068
Sequoyah 2,1126,2008-03-01,861654
Sequoyah 2,1126,2008-04-01,773355
Sequoyah 2,1126,2008-05-01,85192
Sequoyah 2,1126,2008-06-01,671463
Sequoyah 2,1126,2008-07-01,832792
Sequoyah 2,1126,2008-08-01,808986
Sequoyah 2,1126,2008-09-01,793745
Sequoyah 2,1126,2008-10-01,861163
Sequoyah 2,1126,2008-11-01,525834
Sequoyah 2,1126,2008-12-01,864403
Sequoyah 2,1126,NA,8752507
Sequoyah 2,1125.7,2009-01-01,863074
Sequoyah 2,1125.7,2009-02-01,777733
Sequoyah 2,1125.7,2009-03-01,740037
Sequoyah 2,1125.7,2009-04-01,821378
Sequoyah 2,1125.7,2009-05-01,742931
Sequoyah 2,1125.7,2009-06-01,801392
Sequoyah 2,1125.7,2009-07-01,820792
Sequoyah 2,1125.7,2009-08-01,825239
Sequoyah 2,1125.7,2009-09-01,805581
Sequoyah 2,1125.7,2009-10-01,678295
Sequoyah 2,1125.7,2009-11-01,64265
Sequoyah 2,1125.7,2009-12-01,851644
Sequoyah 2,1125.7,NA,8792361
Shearon Harris 1,900,2007-01-01,691771
Shearon Harris 1,900,2007-02-01,626054
Shearon Harris 1,900,2007-03-01,685273
Shearon Harris 1,900,2007-04-01,660878
Shearon Harris 1,900,2007-05-01,678022
Shearon Harris 1,900,2007-06-01,648431
Shearon Harris 1,900,2007-07-01,666547
Shearon Harris 1,900,2007-08-01,661605
Shearon Harris 1,900,2007-09-01,600239
Shearon Harris 1,900,2007-10-01,137065
Shearon Harris 1,900,2007-11-01,667641
Shearon Harris 1,900,2007-12-01,679524
Shearon Harris 1,900,NA,7403050
Shearon Harris 1,900,2008-01-01,692158
Shearon Harris 1,900,2008-02-01,644233
Shearon Harris 1,900,2008-03-01,684058
Shearon Harris 1,900,2008-04-01,661179
Shearon Harris 1,900,2008-05-01,679592
Shearon Harris 1,900,2008-06-01,648293
Shearon Harris 1,900,2008-07-01,672513
Shearon Harris 1,900,2008-08-01,436426
Shearon Harris 1,900,2008-09-01,656281
Shearon Harris 1,900,2008-10-01,686147
Shearon Harris 1,900,2008-11-01,668900
Shearon Harris 1,900,2008-12-01,691631
Shearon Harris 1,900,NA,7821411
Shearon Harris 1,900,2009-01-01,693809
Shearon Harris 1,900,2009-02-01,624890
Shearon Harris 1,900,2009-03-01,688165
Shearon Harris 1,900,2009-04-01,342241
Shearon Harris 1,900,2009-05-01,441456
Shearon Harris 1,900,2009-06-01,659020
Shearon Harris 1,900,2009-07-01,680311
Shearon Harris 1,900,2009-08-01,678090
Shearon Harris 1,900,2009-09-01,657569
Shearon Harris 1,900,2009-10-01,689492
Shearon Harris 1,900,2009-11-01,551057
Shearon Harris 1,900,2009-12-01,697061
Shearon Harris 1,900,NA,7403161
South Texas Project 1,1280,2007-01-01,1018714
South Texas Project 1,1280,2007-02-01,920077
South Texas Project 1,1280,2007-03-01,1010035
South Texas Project 1,1280,2007-04-01,975315
South Texas Project 1,1280,2007-05-01,998439
South Texas Project 1,1280,2007-06-01,955644
South Texas Project 1,1280,2007-07-01,985351
South Texas Project 1,1280,2007-08-01,977013
South Texas Project 1,1280,2007-09-01,953720
South Texas Project 1,1280,2007-10-01,995382
South Texas Project 1,1280,2007-11-01,973137
South Texas Project 1,1280,2007-12-01,1007557
South Texas Project 1,1280,NA,11770384
South Texas Project 1,1280,2008-01-01,1012752
South Texas Project 1,1280,2008-02-01,946554
South Texas Project 1,1280,2008-03-01,848366
South Texas Project 1,1280,2008-04-01,89087
South Texas Project 1,1280,2008-05-01,998223
South Texas Project 1,1280,2008-06-01,956224
South Texas Project 1,1280,2008-07-01,985812
South Texas Project 1,1280,2008-08-01,985019
South Texas Project 1,1280,2008-09-01,960002
South Texas Project 1,1280,2008-10-01,994192
South Texas Project 1,1280,2008-11-01,977155
South Texas Project 1,1280,2008-12-01,1013350
South Texas Project 1,1280,NA,10766736
South Texas Project 1,1280,2009-01-01,1012769
South Texas Project 1,1280,2009-02-01,910676
South Texas Project 1,1280,2009-03-01,1002865
South Texas Project 1,1280,2009-04-01,968344
South Texas Project 1,1280,2009-05-01,989681
South Texas Project 1,1280,2009-06-01,948011
South Texas Project 1,1280,2009-07-01,973325
South Texas Project 1,1280,2009-08-01,973938
South Texas Project 1,1280,2009-09-01,923315
South Texas Project 1,1280,2009-10-01,0
South Texas Project 1,1280,2009-11-01,340693
South Texas Project 1,1280,2009-12-01,1008616
South Texas Project 1,1280,NA,10052233
South Texas Project 2,1280,2007-01-01,959809
South Texas Project 2,1280,2007-02-01,849675
South Texas Project 2,1280,2007-03-01,621684
South Texas Project 2,1280,2007-04-01,45675
South Texas Project 2,1280,2007-05-01,998768
South Texas Project 2,1280,2007-06-01,957439
South Texas Project 2,1280,2007-07-01,988940
South Texas Project 2,1280,2007-08-01,968114
South Texas Project 2,1280,2007-09-01,957466
South Texas Project 2,1280,2007-10-01,999402
South Texas Project 2,1280,2007-11-01,978561
South Texas Project 2,1280,2007-12-01,1013366
South Texas Project 2,1280,NA,10338899
South Texas Project 2,1280,2008-01-01,1014997
South Texas Project 2,1280,2008-02-01,947698
South Texas Project 2,1280,2008-03-01,1009014
South Texas Project 2,1280,2008-04-01,970557
South Texas Project 2,1280,2008-05-01,998585
South Texas Project 2,1280,2008-06-01,954847
South Texas Project 2,1280,2008-07-01,984196
South Texas Project 2,1280,2008-08-01,983724
South Texas Project 2,1280,2008-09-01,923016
South Texas Project 2,1280,2008-10-01,96883
South Texas Project 2,1280,2008-11-01,827525
South Texas Project 2,1280,2008-12-01,1014971
South Texas Project 2,1280,NA,10726013
South Texas Project 2,1280,2009-01-01,1013340
South Texas Project 2,1280,2009-02-01,906105
South Texas Project 2,1280,2009-03-01,999048
South Texas Project 2,1280,2009-04-01,965298
South Texas Project 2,1280,2009-05-01,986761
South Texas Project 2,1280,2009-06-01,945249
South Texas Project 2,1280,2009-07-01,972075
South Texas Project 2,1280,2009-08-01,971735
South Texas Project 2,1280,2009-09-01,568589
South Texas Project 2,1280,2009-10-01,987917
South Texas Project 2,1280,2009-11-01,973351
South Texas Project 2,1280,2009-12-01,1014447
South Texas Project 2,1280,NA,11303915
St Lucie 1,839,2007-01-01,638041
St Lucie 1,839,2007-02-01,578287
St Lucie 1,839,2007-03-01,636635
St Lucie 1,839,2007-04-01,6275
St Lucie 1,839,2007-05-01,57160
St Lucie 1,839,2007-06-01,612686
St Lucie 1,839,2007-07-01,631227
St Lucie 1,839,2007-08-01,597068
St Lucie 1,839,2007-09-01,593016
St Lucie 1,839,2007-10-01,629070
St Lucie 1,839,2007-11-01,618407
St Lucie 1,839,2007-12-01,637887
St Lucie 1,839,NA,6235759
St Lucie 1,839,2008-01-01,639025
St Lucie 1,839,2008-02-01,597843
St Lucie 1,839,2008-03-01,624481
St Lucie 1,839,2008-04-01,617437
St Lucie 1,839,2008-05-01,636954
St Lucie 1,839,2008-06-01,615573
St Lucie 1,839,2008-07-01,637220
St Lucie 1,839,2008-08-01,504402
St Lucie 1,839,2008-09-01,608095
St Lucie 1,839,2008-10-01,372359
St Lucie 1,839,2008-11-01,178894
St Lucie 1,839,2008-12-01,640758
St Lucie 1,839,NA,6673041
St Lucie 1,839,2009-01-01,641679
St Lucie 1,839,2009-02-01,580639
St Lucie 1,839,2009-03-01,640560
St Lucie 1,839,2009-04-01,619746
St Lucie 1,839,2009-05-01,641742
St Lucie 1,839,2009-06-01,616548
St Lucie 1,839,2009-07-01,633692
St Lucie 1,839,2009-08-01,634208
St Lucie 1,839,2009-09-01,596587
St Lucie 1,839,2009-10-01,611360
St Lucie 1,839,2009-11-01,604418
St Lucie 1,839,2009-12-01,637883
St Lucie 1,839,NA,7459062
St Lucie 2,839,2007-01-01,623612
St Lucie 2,839,2007-02-01,565266
St Lucie 2,839,2007-03-01,622505
St Lucie 2,839,2007-04-01,603075
St Lucie 2,839,2007-05-01,619413
St Lucie 2,839,2007-06-01,598187
St Lucie 2,839,2007-07-01,616809
St Lucie 2,839,2007-08-01,346600
St Lucie 2,839,2007-09-01,574988
St Lucie 2,839,2007-10-01,-2351
St Lucie 2,839,2007-11-01,-2235
St Lucie 2,839,2007-12-01,-12133
St Lucie 2,839,NA,5153736
St Lucie 2,839,2008-01-01,472326
St Lucie 2,839,2008-02-01,429137
St Lucie 2,839,2008-03-01,629882
St Lucie 2,839,2008-04-01,612585
St Lucie 2,839,2008-05-01,635213
St Lucie 2,839,2008-06-01,524943
St Lucie 2,839,2008-07-01,637515
St Lucie 2,839,2008-08-01,635002
St Lucie 2,839,2008-09-01,612128
St Lucie 2,839,2008-10-01,635653
St Lucie 2,839,2008-11-01,621803
St Lucie 2,839,2008-12-01,641104
St Lucie 2,839,NA,7087291
St Lucie 2,839,2009-01-01,642355
St Lucie 2,839,2009-02-01,581625
St Lucie 2,839,2009-03-01,616232
St Lucie 2,839,2009-04-01,454783
St Lucie 2,839,2009-05-01,-2817
St Lucie 2,839,2009-06-01,307367
St Lucie 2,839,2009-07-01,285146
St Lucie 2,839,2009-08-01,621478
St Lucie 2,839,2009-09-01,194370
St Lucie 2,839,2009-10-01,634217
St Lucie 2,839,2009-11-01,617966
St Lucie 2,839,2009-12-01,642974
St Lucie 2,839,NA,5595696
Summer,966,2007-01-01,731289
Summer,966,2007-02-01,596857
Summer,966,2007-03-01,729464
Summer,966,2007-04-01,700747
Summer,966,2007-05-01,725676
Summer,966,2007-06-01,694760
Summer,966,2007-07-01,723191
Summer,966,2007-08-01,720030
Summer,966,2007-09-01,698487
Summer,966,2007-10-01,724959
Summer,966,2007-11-01,704920
Summer,966,2007-12-01,728658
Summer,966,NA,8479038
Summer,966,2008-01-01,556991
Summer,966,2008-02-01,651692
Summer,966,2008-03-01,727881
Summer,966,2008-04-01,574748
Summer,966,2008-05-01,0
Summer,966,2008-06-01,358159
Summer,966,2008-07-01,723084
Summer,966,2008-08-01,721789
Summer,966,2008-09-01,700482
Summer,966,2008-10-01,727468
Summer,966,2008-11-01,706459
Summer,966,2008-12-01,729348
Summer,966,NA,7178101
Summer,966,2009-01-01,729027
Summer,966,2009-02-01,658963
Summer,966,2009-03-01,730125
Summer,966,2009-04-01,706936
Summer,966,2009-05-01,727749
Summer,966,2009-06-01,699952
Summer,966,2009-07-01,719799
Summer,966,2009-08-01,718259
Summer,966,2009-09-01,699906
Summer,966,2009-10-01,70076
Summer,966,2009-11-01,0
Summer,966,2009-12-01,411251
Summer,966,NA,6872043
Surry 1,799,2007-01-01,546272
Surry 1,799,2007-02-01,546260
Surry 1,799,2007-03-01,605086
Surry 1,799,2007-04-01,586027
Surry 1,799,2007-05-01,599898
Surry 1,799,2007-06-01,580894
Surry 1,799,2007-07-01,598461
Surry 1,799,2007-08-01,597227
Surry 1,799,2007-09-01,578839
Surry 1,799,2007-10-01,384036
Surry 1,799,2007-11-01,0
Surry 1,799,2007-12-01,572203
Surry 1,799,NA,6195203
Surry 1,799,2008-01-01,603229
Surry 1,799,2008-02-01,563355
Surry 1,799,2008-03-01,603070
Surry 1,799,2008-04-01,477734
Surry 1,799,2008-05-01,598486
Surry 1,799,2008-06-01,577446
Surry 1,799,2008-07-01,595324
Surry 1,799,2008-08-01,594756
Surry 1,799,2008-09-01,577916
Surry 1,799,2008-10-01,512783
Surry 1,799,2008-11-01,582880
Surry 1,799,2008-12-01,603523
Surry 1,799,NA,6890502
Surry 1,799,2009-01-01,602829
Surry 1,799,2009-02-01,544680
Surry 1,799,2009-03-01,602783
Surry 1,799,2009-04-01,348311
Surry 1,799,2009-05-01,369909
Surry 1,799,2009-06-01,578804
Surry 1,799,2009-07-01,596176
Surry 1,799,2009-08-01,593658
Surry 1,799,2009-09-01,577778
Surry 1,799,2009-10-01,600064
Surry 1,799,2009-11-01,581218
Surry 1,799,2009-12-01,601137
Surry 1,799,NA,6597347
Surry 2,799,2007-01-01,606134
Surry 2,799,2007-02-01,547627
Surry 2,799,2007-03-01,606895
Surry 2,799,2007-04-01,587033
Surry 2,799,2007-05-01,588169
Surry 2,799,2007-06-01,581792
Surry 2,799,2007-07-01,599273
Surry 2,799,2007-08-01,596637
Surry 2,799,2007-09-01,579818
Surry 2,799,2007-10-01,601327
Surry 2,799,2007-11-01,586204
Surry 2,799,2007-12-01,605436
Surry 2,799,NA,7086345
Surry 2,799,2008-01-01,605791
Surry 2,799,2008-02-01,565203
Surry 2,799,2008-03-01,604691
Surry 2,799,2008-04-01,494845
Surry 2,799,2008-05-01,195491
Surry 2,799,2008-06-01,579087
Surry 2,799,2008-07-01,596924
Surry 2,799,2008-08-01,596266
Surry 2,799,2008-09-01,576657
Surry 2,799,2008-10-01,600649
Surry 2,799,2008-11-01,585924
Surry 2,799,2008-12-01,605309
Surry 2,799,NA,6606837
Surry 2,799,2009-01-01,605116
Surry 2,799,2009-02-01,546055
Surry 2,799,2009-03-01,604676
Surry 2,799,2009-04-01,585025
Surry 2,799,2009-05-01,601659
Surry 2,799,2009-06-01,579904
Surry 2,799,2009-07-01,597292
Surry 2,799,2009-08-01,594066
Surry 2,799,2009-09-01,579603
Surry 2,799,2009-10-01,548841
Surry 2,799,2009-11-01,108
Surry 2,799,2009-12-01,569950
Surry 2,799,NA,6412295
Susquehanna 1,1149,2007-01-01,863399
Susquehanna 1,1149,2007-02-01,772331
Susquehanna 1,1149,2007-03-01,854565
Susquehanna 1,1149,2007-04-01,814843
Susquehanna 1,1149,2007-05-01,846830
Susquehanna 1,1149,2007-06-01,805069
Susquehanna 1,1149,2007-07-01,832596
Susquehanna 1,1149,2007-08-01,830999
Susquehanna 1,1149,2007-09-01,810074
Susquehanna 1,1149,2007-10-01,336031
Susquehanna 1,1149,2007-11-01,828321
Susquehanna 1,1149,2007-12-01,861275
Susquehanna 1,1149,NA,9456333
Susquehanna 1,1185,2008-01-01,862093
Susquehanna 1,1185,2008-02-01,799404
Susquehanna 1,1185,2008-03-01,80079
Susquehanna 1,1185,2008-04-01,313259
Susquehanna 1,1185,2008-05-01,878072
Susquehanna 1,1185,2008-06-01,828297
Susquehanna 1,1185,2008-07-01,868130
Susquehanna 1,1185,2008-08-01,833498
Susquehanna 1,1185,2008-09-01,852863
Susquehanna 1,1185,2008-10-01,895802
Susquehanna 1,1185,2008-11-01,868584
Susquehanna 1,1185,2008-12-01,903730
Susquehanna 1,1185,NA,8983811
Susquehanna 1,1185,2009-01-01,904413
Susquehanna 1,1185,2009-02-01,822545
Susquehanna 1,1185,2009-03-01,904595
Susquehanna 1,1185,2009-04-01,859333
Susquehanna 1,1185,2009-05-01,870602
Susquehanna 1,1185,2009-06-01,852104
Susquehanna 1,1185,2009-07-01,878718
Susquehanna 1,1185,2009-08-01,873751
Susquehanna 1,1185,2009-09-01,850256
Susquehanna 1,1185,2009-10-01,893047
Susquehanna 1,1185,2009-11-01,873873
Susquehanna 1,1185,2009-12-01,892293
Susquehanna 1,1185,NA,10475530
Susquehanna 2,1140,2007-01-01,860879
Susquehanna 2,1140,2007-02-01,784703
Susquehanna 2,1140,2007-03-01,55321
Susquehanna 2,1140,2007-04-01,348275
Susquehanna 2,1140,2007-05-01,856832
Susquehanna 2,1140,2007-06-01,818470
Susquehanna 2,1140,2007-07-01,843973
Susquehanna 2,1140,2007-08-01,838360
Susquehanna 2,1140,2007-09-01,819405
Susquehanna 2,1140,2007-10-01,845546
Susquehanna 2,1140,2007-11-01,839646
Susquehanna 2,1140,2007-12-01,870159
Susquehanna 2,1140,NA,8781569
Susquehanna 2,1140,2008-01-01,869573
Susquehanna 2,1140,2008-02-01,810863
Susquehanna 2,1140,2008-03-01,862551
Susquehanna 2,1140,2008-04-01,821938
Susquehanna 2,1140,2008-05-01,856870
Susquehanna 2,1140,2008-06-01,806955
Susquehanna 2,1140,2008-07-01,834911
Susquehanna 2,1140,2008-08-01,838954
Susquehanna 2,1140,2008-09-01,809897
Susquehanna 2,1140,2008-10-01,855860
Susquehanna 2,1140,2008-11-01,825303
Susquehanna 2,1140,2008-12-01,862328
Susquehanna 2,1140,NA,10056003
Susquehanna 2,1190,2009-01-01,867414
Susquehanna 2,1190,2009-02-01,780150
Susquehanna 2,1190,2009-03-01,822094
Susquehanna 2,1190,2009-04-01,145012
Susquehanna 2,1190,2009-05-01,317603
Susquehanna 2,1190,2009-06-01,837670
Susquehanna 2,1190,2009-07-01,878089
Susquehanna 2,1190,2009-08-01,871679
Susquehanna 2,1190,2009-09-01,844134
Susquehanna 2,1190,2009-10-01,890753
Susquehanna 2,1190,2009-11-01,865602
Susquehanna 2,1190,2009-12-01,890927
Susquehanna 2,1190,NA,9011127
Three Mile Island 1,786,2007-01-01,633504
Three Mile Island 1,786,2007-02-01,571450
Three Mile Island 1,786,2007-03-01,628411
Three Mile Island 1,786,2007-04-01,604807
Three Mile Island 1,786,2007-05-01,616716
Three Mile Island 1,786,2007-06-01,591972
Three Mile Island 1,786,2007-07-01,610453
Three Mile Island 1,786,2007-08-01,608744
Three Mile Island 1,786,2007-09-01,591535
Three Mile Island 1,786,2007-10-01,387453
Three Mile Island 1,786,2007-11-01,173525
Three Mile Island 1,786,2007-12-01,626724
Three Mile Island 1,786,NA,6645294
Three Mile Island 1,786,2008-01-01,634479
Three Mile Island 1,786,2008-02-01,593989
Three Mile Island 1,786,2008-03-01,631886
Three Mile Island 1,786,2008-04-01,606166
Three Mile Island 1,786,2008-05-01,622685
Three Mile Island 1,786,2008-06-01,593699
Three Mile Island 1,786,2008-07-01,611785
Three Mile Island 1,786,2008-08-01,615991
Three Mile Island 1,786,2008-09-01,591191
Three Mile Island 1,786,2008-10-01,620414
Three Mile Island 1,786,2008-11-01,610566
Three Mile Island 1,786,2008-12-01,632247
Three Mile Island 1,786,NA,7365098
Three Mile Island 1,805,2009-01-01,632599
Three Mile Island 1,805,2009-02-01,571398
Three Mile Island 1,805,2009-03-01,627785
Three Mile Island 1,805,2009-04-01,601665
Three Mile Island 1,805,2009-05-01,613866
Three Mile Island 1,805,2009-06-01,593159
Three Mile Island 1,805,2009-07-01,610822
Three Mile Island 1,805,2009-08-01,607848
Three Mile Island 1,805,2009-09-01,593508
Three Mile Island 1,805,2009-10-01,438962
Three Mile Island 1,805,2009-11-01,-2703
Three Mile Island 1,805,2009-12-01,0
Three Mile Island 1,805,NA,5888909
Turkey Point 3,693,2007-01-01,540574
Turkey Point 3,693,2007-02-01,432005
Turkey Point 3,693,2007-03-01,535937
Turkey Point 3,693,2007-04-01,516166
Turkey Point 3,693,2007-05-01,518558
Turkey Point 3,693,2007-06-01,508526
Turkey Point 3,693,2007-07-01,415900
Turkey Point 3,693,2007-08-01,518164
Turkey Point 3,693,2007-09-01,502589
Turkey Point 3,693,2007-10-01,530489
Turkey Point 3,693,2007-11-01,522538
Turkey Point 3,693,2007-12-01,536658
Turkey Point 3,693,NA,6078104
Turkey Point 3,693,2008-01-01,542495
Turkey Point 3,693,2008-02-01,440643
Turkey Point 3,693,2008-03-01,484419
Turkey Point 3,693,2008-04-01,519425
Turkey Point 3,693,2008-05-01,527788
Turkey Point 3,693,2008-06-01,476244
Turkey Point 3,693,2008-07-01,521209
Turkey Point 3,693,2008-08-01,521333
Turkey Point 3,693,2008-09-01,509882
Turkey Point 3,693,2008-10-01,532536
Turkey Point 3,693,2008-11-01,523407
Turkey Point 3,693,2008-12-01,540150
Turkey Point 3,693,NA,6139531
Turkey Point 3,693,2009-01-01,540620
Turkey Point 3,693,2009-02-01,487192
Turkey Point 3,693,2009-03-01,248366
Turkey Point 3,693,2009-04-01,-5106
Turkey Point 3,693,2009-05-01,334517
Turkey Point 3,693,2009-06-01,506549
Turkey Point 3,693,2009-07-01,519616
Turkey Point 3,693,2009-08-01,520395
Turkey Point 3,693,2009-09-01,506735
Turkey Point 3,693,2009-10-01,526981
Turkey Point 3,693,2009-11-01,520413
Turkey Point 3,693,2009-12-01,537911
Turkey Point 3,693,NA,5244189
Turkey Point 4,693,2007-01-01,535300
Turkey Point 4,693,2007-02-01,485786
Turkey Point 4,693,2007-03-01,524469
Turkey Point 4,693,2007-04-01,495699
Turkey Point 4,693,2007-05-01,530455
Turkey Point 4,693,2007-06-01,223014
Turkey Point 4,693,2007-07-01,518932
Turkey Point 4,693,2007-08-01,518646
Turkey Point 4,693,2007-09-01,23915
Turkey Point 4,693,2007-10-01,230796
Turkey Point 4,693,2007-11-01,522538
Turkey Point 4,693,2007-12-01,539250
Turkey Point 4,693,NA,5148800
Turkey Point 4,693,2008-01-01,539668
Turkey Point 4,693,2008-02-01,437870
Turkey Point 4,693,2008-03-01,494696
Turkey Point 4,693,2008-04-01,-1566
Turkey Point 4,693,2008-05-01,303076
Turkey Point 4,693,2008-06-01,509877
Turkey Point 4,693,2008-07-01,522635
Turkey Point 4,693,2008-08-01,378035
Turkey Point 4,693,2008-09-01,510998
Turkey Point 4,693,2008-10-01,469269
Turkey Point 4,693,2008-11-01,526098
Turkey Point 4,693,2008-12-01,542678
Turkey Point 4,693,NA,5233334
Turkey Point 4,693,2009-01-01,542963
Turkey Point 4,693,2009-02-01,469846
Turkey Point 4,693,2009-03-01,535594
Turkey Point 4,693,2009-04-01,512360
Turkey Point 4,693,2009-05-01,474143
Turkey Point 4,693,2009-06-01,504150
Turkey Point 4,693,2009-07-01,516339
Turkey Point 4,693,2009-08-01,515201
Turkey Point 4,693,2009-09-01,502404
Turkey Point 4,693,2009-10-01,409649
Turkey Point 4,693,2009-11-01,-4161
Turkey Point 4,693,2009-12-01,452705
Turkey Point 4,693,NA,5431193
U.S. TOTAL,100265.7,2007-01-01,74006184
U.S. TOTAL,100265.7,2007-02-01,65224794
U.S. TOTAL,100265.7,2007-03-01,64305153
U.S. TOTAL,100265.7,2007-04-01,57301424
U.S. TOTAL,100265.7,2007-05-01,65024555
U.S. TOTAL,100265.7,2007-06-01,68923074
U.S. TOTAL,100265.7,2007-07-01,72738535
U.S. TOTAL,100265.7,2007-08-01,72750910
U.S. TOTAL,100265.7,2007-09-01,67578578
U.S. TOTAL,100265.7,2007-10-01,61689542
U.S. TOTAL,100265.7,2007-11-01,64899278
U.S. TOTAL,100265.7,2007-12-01,71982726
U.S. TOTAL,100265.7,NA,806424753
U.S. TOTAL,100754.9,2008-01-01,70734570
U.S. TOTAL,100754.9,2008-02-01,65130385
U.S. TOTAL,100754.9,2008-03-01,64716468
U.S. TOTAL,100754.9,2008-04-01,57332716
U.S. TOTAL,100754.9,2008-05-01,64825901
U.S. TOTAL,100754.9,2008-06-01,70319366
U.S. TOTAL,100754.9,2008-07-01,74318270
U.S. TOTAL,100754.9,2008-08-01,72617066
U.S. TOTAL,100754.9,2008-09-01,67053867
U.S. TOTAL,100754.9,2008-10-01,62820353
U.S. TOTAL,100754.9,2008-11-01,63408145
U.S. TOTAL,100754.9,2008-12-01,72931328
U.S. TOTAL,100754.9,NA,806208435
U.S. TOTAL,101003.7,2009-01-01,74102489
U.S. TOTAL,101003.7,2009-02-01,64227211
U.S. TOTAL,101003.7,2009-03-01,67240567
U.S. TOTAL,101003.7,2009-04-01,59408407
U.S. TOTAL,101003.7,2009-05-01,65395452
U.S. TOTAL,101003.7,2009-06-01,69734736
U.S. TOTAL,101003.7,2009-07-01,72948979
U.S. TOTAL,101003.7,2009-08-01,72244597
U.S. TOTAL,101003.7,2009-09-01,65751794
U.S. TOTAL,101003.7,2009-10-01,58020927
U.S. TOTAL,101003.7,2009-11-01,59069208
U.S. TOTAL,101003.7,2009-12-01,70710218
U.S. TOTAL,101003.7,NA,798854585
Vermont Yankee 1,620.3,2007-01-01,463654
Vermont Yankee 1,620.3,2007-02-01,414710
Vermont Yankee 1,620.3,2007-03-01,458386
Vermont Yankee 1,620.3,2007-04-01,412847
Vermont Yankee 1,620.3,2007-05-01,171302
Vermont Yankee 1,620.3,2007-06-01,337130
Vermont Yankee 1,620.3,2007-07-01,449454
Vermont Yankee 1,620.3,2007-08-01,346130
Vermont Yankee 1,620.3,2007-09-01,302751
Vermont Yankee 1,620.3,2007-10-01,432845
Vermont Yankee 1,620.3,2007-11-01,450832
Vermont Yankee 1,620.3,2007-12-01,463687
Vermont Yankee 1,620.3,NA,4703728
Vermont Yankee 1,620.3,2008-01-01,466966
Vermont Yankee 1,620.3,2008-02-01,435128
Vermont Yankee 1,620.3,2008-03-01,457370
Vermont Yankee 1,620.3,2008-04-01,421705
Vermont Yankee 1,620.3,2008-05-01,454881
Vermont Yankee 1,620.3,2008-06-01,426840
Vermont Yankee 1,620.3,2008-07-01,353682
Vermont Yankee 1,620.3,2008-08-01,450462
Vermont Yankee 1,620.3,2008-09-01,416093
Vermont Yankee 1,620.3,2008-10-01,254854
Vermont Yankee 1,620.3,2008-11-01,296627
Vermont Yankee 1,620.3,2008-12-01,460445
Vermont Yankee 1,620.3,NA,4895053
Vermont Yankee 1,620.3,2009-01-01,449448
Vermont Yankee 1,620.3,2009-02-01,419364
Vermont Yankee 1,620.3,2009-03-01,466954
Vermont Yankee 1,620.3,2009-04-01,452122
Vermont Yankee 1,620.3,2009-05-01,456763
Vermont Yankee 1,620.3,2009-06-01,414275
Vermont Yankee 1,620.3,2009-07-01,453608
Vermont Yankee 1,620.3,2009-08-01,444490
Vermont Yankee 1,620.3,2009-09-01,439241
Vermont Yankee 1,620.3,2009-10-01,463967
Vermont Yankee 1,620.3,2009-11-01,433515
Vermont Yankee 1,620.3,2009-12-01,466861
Vermont Yankee 1,620.3,NA,5360608
Vogtle 1,1109,2007-01-01,862727
Vogtle 1,1109,2007-02-01,778697
Vogtle 1,1109,2007-03-01,852575
Vogtle 1,1109,2007-04-01,824352
Vogtle 1,1109,2007-05-01,848056
Vogtle 1,1109,2007-06-01,812448
Vogtle 1,1109,2007-07-01,837166
Vogtle 1,1109,2007-08-01,832095
Vogtle 1,1109,2007-09-01,784362
Vogtle 1,1109,2007-10-01,846260
Vogtle 1,1109,2007-11-01,827742
Vogtle 1,1109,2007-12-01,853806
Vogtle 1,1109,NA,9960286
Vogtle 1,1150,2008-01-01,856297
Vogtle 1,1150,2008-02-01,798951
Vogtle 1,1150,2008-03-01,383149
Vogtle 1,1150,2008-04-01,123134
Vogtle 1,1150,2008-05-01,874910
Vogtle 1,1150,2008-06-01,837554
Vogtle 1,1150,2008-07-01,864444
Vogtle 1,1150,2008-08-01,864190
Vogtle 1,1150,2008-09-01,837884
Vogtle 1,1150,2008-10-01,874412
Vogtle 1,1150,2008-11-01,854385
Vogtle 1,1150,2008-12-01,881116
Vogtle 1,1150,NA,9050426
Vogtle 1,1150,2009-01-01,884092
Vogtle 1,1150,2009-02-01,797840
Vogtle 1,1150,2009-03-01,879839
Vogtle 1,1150,2009-04-01,848717
Vogtle 1,1150,2009-05-01,870553
Vogtle 1,1150,2009-06-01,835966
Vogtle 1,1150,2009-07-01,864597
Vogtle 1,1150,2009-08-01,863616
Vogtle 1,1150,2009-09-01,511485
Vogtle 1,1150,2009-10-01,191644
Vogtle 1,1150,2009-11-01,854997
Vogtle 1,1150,2009-12-01,731652
Vogtle 1,1150,NA,9134998
Vogtle 2,1127,2007-01-01,873716
Vogtle 2,1127,2007-02-01,778759
Vogtle 2,1127,2007-03-01,71355
Vogtle 2,1127,2007-04-01,-10679
Vogtle 2,1127,2007-05-01,729610
Vogtle 2,1127,2007-06-01,823748
Vogtle 2,1127,2007-07-01,847961
Vogtle 2,1127,2007-08-01,842011
Vogtle 2,1127,2007-09-01,821853
Vogtle 2,1127,2007-10-01,856773
Vogtle 2,1127,2007-11-01,837972
Vogtle 2,1127,2007-12-01,863528
Vogtle 2,1127,NA,8336607
Vogtle 2,1152,2008-01-01,866254
Vogtle 2,1152,2008-02-01,808523
Vogtle 2,1152,2008-03-01,859628
Vogtle 2,1152,2008-04-01,827374
Vogtle 2,1152,2008-05-01,850839
Vogtle 2,1152,2008-06-01,814472
Vogtle 2,1152,2008-07-01,840223
Vogtle 2,1152,2008-08-01,840266
Vogtle 2,1152,2008-09-01,321769
Vogtle 2,1152,2008-10-01,165615
Vogtle 2,1152,2008-11-01,647311
Vogtle 2,1152,2008-12-01,884853
Vogtle 2,1152,NA,8727127
Vogtle 2,1152,2009-01-01,887938
Vogtle 2,1152,2009-02-01,801367
Vogtle 2,1152,2009-03-01,859300
Vogtle 2,1152,2009-04-01,852979
Vogtle 2,1152,2009-05-01,873444
Vogtle 2,1152,2009-06-01,836764
Vogtle 2,1152,2009-07-01,865449
Vogtle 2,1152,2009-08-01,864160
Vogtle 2,1152,2009-09-01,813860
Vogtle 2,1152,2009-10-01,875832
Vogtle 2,1152,2009-11-01,826870
Vogtle 2,1152,2009-12-01,792963
Vogtle 2,1152,NA,10150926
Waterford 3,1157,2007-01-01,873838
Waterford 3,1157,2007-02-01,790494
Waterford 3,1157,2007-03-01,874510
Waterford 3,1157,2007-04-01,850120
Waterford 3,1157,2007-05-01,876268
Waterford 3,1157,2007-06-01,846647
Waterford 3,1157,2007-07-01,873150
Waterford 3,1157,2007-08-01,865538
Waterford 3,1157,2007-09-01,842467
Waterford 3,1157,2007-10-01,461856
Waterford 3,1157,2007-11-01,855618
Waterford 3,1157,2007-12-01,882497
Waterford 3,1157,NA,9893003
Waterford 3,1176,2008-01-01,883274
Waterford 3,1176,2008-02-01,827583
Waterford 3,1176,2008-03-01,882461
Waterford 3,1176,2008-04-01,735144
Waterford 3,1176,2008-05-01,-9574
Waterford 3,1176,2008-06-01,783968
Waterford 3,1176,2008-07-01,876632
Waterford 3,1176,2008-08-01,870746
Waterford 3,1176,2008-09-01,564011
Waterford 3,1176,2008-10-01,882540
Waterford 3,1176,2008-11-01,856635
Waterford 3,1176,2008-12-01,883703
Waterford 3,1176,NA,9037123
Waterford 3,1168,2009-01-01,882541
Waterford 3,1168,2009-02-01,797002
Waterford 3,1168,2009-03-01,877283
Waterford 3,1168,2009-04-01,848768
Waterford 3,1168,2009-05-01,869165
Waterford 3,1168,2009-06-01,845074
Waterford 3,1168,2009-07-01,869340
Waterford 3,1168,2009-08-01,868947
Waterford 3,1168,2009-09-01,843897
Waterford 3,1168,2009-10-01,511632
Waterford 3,1168,2009-11-01,-7361
Waterford 3,1168,2009-12-01,742419
Waterford 3,1168,NA,8948707
Watts Bar 1,1123,2007-01-01,847063
Watts Bar 1,1123,2007-02-01,794789
Watts Bar 1,1123,2007-03-01,842491
Watts Bar 1,1123,2007-04-01,842160
Watts Bar 1,1123,2007-05-01,860541
Watts Bar 1,1123,2007-06-01,817964
Watts Bar 1,1123,2007-07-01,842218
Watts Bar 1,1123,2007-08-01,822564
Watts Bar 1,1123,2007-09-01,813716
Watts Bar 1,1123,2007-10-01,852528
Watts Bar 1,1123,2007-11-01,841477
Watts Bar 1,1123,2007-12-01,872175
Watts Bar 1,1123,NA,10049686
Watts Bar 1,1123,2008-01-01,873261
Watts Bar 1,1123,2008-02-01,261900
Watts Bar 1,1123,2008-03-01,120189
Watts Bar 1,1123,2008-04-01,837789
Watts Bar 1,1123,2008-05-01,581768
Watts Bar 1,1123,2008-06-01,790206
Watts Bar 1,1123,2008-07-01,837210
Watts Bar 1,1123,2008-08-01,563329
Watts Bar 1,1123,2008-09-01,666098
Watts Bar 1,1123,2008-10-01,860272
Watts Bar 1,1123,2008-11-01,844163
Watts Bar 1,1123,2008-12-01,876124
Watts Bar 1,1123,NA,8112309
Watts Bar 1,1123,2009-01-01,878273
Watts Bar 1,1123,2009-02-01,791352
Watts Bar 1,1123,2009-03-01,831643
Watts Bar 1,1123,2009-04-01,840996
Watts Bar 1,1123,2009-05-01,857449
Watts Bar 1,1123,2009-06-01,815615
Watts Bar 1,1123,2009-07-01,841810
Watts Bar 1,1123,2009-08-01,838200
Watts Bar 1,1123,2009-09-01,534880
Watts Bar 1,1123,2009-10-01,272182
Watts Bar 1,1123,2009-11-01,832706
Watts Bar 1,1123,2009-12-01,872359
Watts Bar 1,1123,NA,9207465
Wolf Creek 1,1166,2007-01-01,887999
Wolf Creek 1,1166,2007-02-01,801514
Wolf Creek 1,1166,2007-03-01,881725
Wolf Creek 1,1166,2007-04-01,858366
Wolf Creek 1,1166,2007-05-01,879108
Wolf Creek 1,1166,2007-06-01,847151
Wolf Creek 1,1166,2007-07-01,870017
Wolf Creek 1,1166,2007-08-01,866697
Wolf Creek 1,1166,2007-09-01,848194
Wolf Creek 1,1166,2007-10-01,882895
Wolf Creek 1,1166,2007-11-01,859137
Wolf Creek 1,1166,2007-12-01,886333
Wolf Creek 1,1166,NA,10369136
Wolf Creek 1,1160,2008-01-01,718760
Wolf Creek 1,1160,2008-02-01,827848
Wolf Creek 1,1160,2008-03-01,463799
Wolf Creek 1,1160,2008-04-01,-8726
Wolf Creek 1,1160,2008-05-01,437666
Wolf Creek 1,1160,2008-06-01,846724
Wolf Creek 1,1160,2008-07-01,870912
Wolf Creek 1,1160,2008-08-01,865376
Wolf Creek 1,1160,2008-09-01,847526
Wolf Creek 1,1160,2008-10-01,883317
Wolf Creek 1,1160,2008-11-01,858061
Wolf Creek 1,1160,2008-12-01,885897
Wolf Creek 1,1160,NA,8497160
Wolf Creek 1,1160,2009-01-01,885692
Wolf Creek 1,1160,2009-02-01,797548
Wolf Creek 1,1160,2009-03-01,872111
Wolf Creek 1,1160,2009-04-01,786064
Wolf Creek 1,1160,2009-05-01,819918
Wolf Creek 1,1160,2009-06-01,843949
Wolf Creek 1,1160,2009-07-01,869102
Wolf Creek 1,1160,2009-08-01,700728
Wolf Creek 1,1160,2009-09-01,848675
Wolf Creek 1,1160,2009-10-01,242473
Wolf Creek 1,1160,2009-11-01,213432
Wolf Creek 1,1160,2009-12-01,888856
Wolf Creek 1,1160,NA,8768548
