reactor_name,date,unplanned_scrams_per_7000_critical_hours,unplanned_power_changes_per_7000_critical_hrs,unplanned_scrams_with_complications,safety_system_functional_failures_pwr,occupational_exposure_control_effectiveness,rets_odcm_radiological_effluent,mitigating_systems_performance_index,emergency_ac_power_system,mitigating_systems_performance_index_high_pressure_injection_system,mitigating_systems_performance_index_heat_removal_system,mitigating_systems_performance_index_residual_heat_removal_system,mitigating_systems_performance_index_cooling_water_systems,reactor_coolant_system_activity,reactor_coolant_system_leakage,drill_exercise_performance,ero_drill_participation,alert_notification_system,source,mitigating_systems_performance_index_emergency_ac_power_system
Arkansas Nuclear 1,2007-07-01,0,1.7,0.0,0,0,0,NA,-1.99E-08,3.90E-09,1.31E-07,-1.26E-07,1.60E-09,0,1.2,98.6%,100.0%,99.8%,21,NA
Arkansas Nuclear 1,2007-08-01,0,1.7,0.0,0,0,0,NA,-1.99E-08,3.90E-09,1.31E-07,-1.26E-07,1.60E-09,0,1.1,98.6%,100.0%,99.8%,21,NA
Arkansas Nuclear 1,2007-09-01,0,1.7,0.0,0,0,0,NA,-1.99E-08,3.90E-09,1.31E-07,-1.26E-07,1.60E-09,0,1.0,98.6%,100.0%,99.8%,21,NA
Arkansas Nuclear 1,2007-10-01,0,0.8,0.0,0,0,0,NA,-9.30E-09,7.20E-08,9.10E-08,-1.15E-07,1.60E-09,0,1.0,98.6%,98.1%,99.8%,21,NA
Arkansas Nuclear 1,2007-11-01,0,0.8,0.0,0,0,0,NA,-9.30E-09,7.20E-08,9.10E-08,-1.15E-07,1.60E-09,0,1.3,98.6%,98.1%,99.8%,21,NA
Arkansas Nuclear 1,2007-12-01,0,0.8,0.0,0,0,0,NA,-9.30E-09,7.20E-08,9.10E-08,-1.15E-07,1.60E-09,0,1.7,98.6%,98.1%,99.8%,21,NA
Arkansas Nuclear 1,2008-01-01,0,0.8,0.0,0,0,0,NA,-1.27E-08,5.20E-08,1.55E-07,-1.15E-07,1.50E-09,0,1.4,96.7%,98.1%,99.5%,21,NA
Arkansas Nuclear 1,2008-02-01,0,0.8,0.0,0,0,0,NA,-1.27E-08,5.20E-08,1.55E-07,-1.15E-07,1.50E-09,0.1,2.1,96.7%,98.1%,99.5%,21,NA
Arkansas Nuclear 1,2008-03-01,0,0.8,0.0,0,0,0,NA,-1.27E-08,5.20E-08,1.55E-07,-1.15E-07,1.50E-09,0,1.1,96.7%,98.1%,99.5%,21,NA
Arkansas Nuclear 1,2008-04-01,0,0.8,0.0,0,0,0,NA,-1.14E-08,5.30E-08,1.33E-07,-1.15E-07,1.20E-09,0.1,1.3,95.5%,97.1%,99.7%,21,NA
Arkansas Nuclear 1,2008-05-01,0,0.8,0.0,0,0,0,NA,-1.14E-08,5.30E-08,1.33E-07,-1.15E-07,1.20E-09,0,1.4,95.5%,97.1%,99.7%,21,NA
Arkansas Nuclear 1,2008-06-01,0,0.8,0.0,0,0,0,NA,-1.14E-08,5.30E-08,1.33E-07,-1.15E-07,1.20E-09,0,1.2,95.5%,97.1%,99.7%,21,NA
Arkansas Nuclear 1,2008-07-01,0,0.8,0.0,0,0,0,NA,-1.13E-08,5.30E-08,1.35E-07,-1.25E-07,1.40E-09,0,1.3,96.0%,100.0%,99.7%,21,NA
Arkansas Nuclear 1,2008-08-01,0,0.8,0.0,0,0,0,NA,-1.13E-08,5.30E-08,1.35E-07,-1.25E-07,1.40E-09,0,1.4,96.0%,100.0%,99.7%,21,NA
Arkansas Nuclear 1,2008-09-01,0,0.8,0.0,0,0,0,NA,-1.13E-08,5.30E-08,1.35E-07,-1.25E-07,1.40E-09,0,1.4,96.0%,100.0%,99.7%,21,NA
Arkansas Nuclear 1,2008-10-01,1.8,0.9,0.0,0,0,0,NA,-1.12E-08,1.70E-08,1.49E-07,-1.12E-07,1.50E-09,0.5,1.5,95.6%,98.0%,99.7%,21,NA
Arkansas Nuclear 1,2008-12-01,1.8,0.9,0.0,0,0,0,NA,-1.12E-08,1.70E-08,1.49E-07,-1.12E-07,1.50E-09,0,2.1,95.6%,98.0%,99.7%,21,NA
Arkansas Nuclear 1,2009-01-01,3.7,0.9,0.0,0,0,0,NA,-1.15E-08,1.00E-08,1.49E-07,-1.19E-07,1.30E-09,0,2.1,95.9%,97.2%,100.0%,21,NA
Arkansas Nuclear 1,2009-02-01,3.7,0.9,0.0,0,0,0,NA,-1.15E-08,1.00E-08,1.49E-07,-1.19E-07,1.30E-09,0,1.4,95.9%,97.2%,100.0%,21,NA
Arkansas Nuclear 1,2009-03-01,3.7,0.9,0.0,0,0,0,NA,-1.15E-08,1.00E-08,1.49E-07,-1.19E-07,1.30E-09,0,1.0,95.9%,97.2%,100.0%,21,NA
Arkansas Nuclear 1,2009-04-01,3.7,0.9,0.0,0,0,0,NA,-7.77E-09,1.30E-08,1.52E-07,-9.23E-08,1.70E-09,0,2.2,95.1%,99.1%,99.8%,21,NA
Arkansas Nuclear 1,2009-05-01,3.7,0.9,0.0,0,0,0,NA,-7.77E-09,1.30E-08,1.52E-07,-9.23E-08,1.70E-09,0,2.1,95.1%,99.1%,99.8%,21,NA
Arkansas Nuclear 1,2009-06-01,3.7,0.9,0.0,0,0,0,NA,-7.77E-09,1.30E-08,1.52E-07,-9.23E-08,1.70E-09,0,2.6,95.1%,99.1%,99.8%,21,NA
Arkansas Nuclear 1,2009-07-01,3.7,0.9,0.0,0,1.0,0,NA,-8.36E-09,1.30E-08,1.55E-07,-9.74E-08,1.80E-09,0,2.4,95.5%,100.0%,99.5%,21,NA
Arkansas Nuclear 1,2009-08-01,3.7,0.9,0.0,0,1.0,0,NA,-8.36E-09,1.30E-08,1.55E-07,-9.74E-08,1.80E-09,0,1.0,95.5%,100.0%,99.5%,21,NA
Arkansas Nuclear 1,2009-09-01,3.7,0.9,0.0,0,1.0,0,NA,-8.36E-09,1.30E-08,1.55E-07,-9.74E-08,1.80E-09,0,0.8,95.5%,100.0%,99.5%,21,NA
Arkansas Nuclear 1,2009-10-01,1.6,0.8,0.0,1,1.0,0,NA,-8.10E-09,1.30E-08,1.53E-07,-1.03E-07,1.80E-09,0,2.7,94.9%,100.0%,99.5%,21,NA
Arkansas Nuclear 1,2009-11-01,1.6,0.8,0.0,1,1.0,0,NA,-8.10E-09,1.30E-08,1.53E-07,-1.03E-07,1.80E-09,0,0.9,94.9%,100.0%,99.5%,21,NA
Arkansas Nuclear 1,2009-12-01,1.6,0.8,0.0,1,1.0,0,NA,-8.10E-09,1.30E-08,1.53E-07,-1.03E-07,1.80E-09,0,2.2,94.9%,100.0%,99.5%,21,NA
Arkansas Nuclear 1,2007-01-01,0,0.8,NA,0,0,0,NA,2.15E-08,6.40E-09,-3.80E-08,-1.15E-07,-1.29E-08,0.1,1.3,97.7%,100.0%,100.0%,21,NA
Arkansas Nuclear 1,2007-02-01,0,0.8,NA,0,0,0,NA,2.15E-08,6.40E-09,-3.80E-08,-1.15E-07,-1.29E-08,0.1,1.2,97.7%,100.0%,100.0%,21,NA
Arkansas Nuclear 1,2007-03-01,0,0.8,NA,0,0,0,NA,2.15E-08,6.40E-09,-3.80E-08,-1.15E-07,-1.29E-08,0.1,1.5,97.7%,100.0%,100.0%,21,NA
Arkansas Nuclear 1,2007-04-01,0,1.7,NA,0,0,0,NA,2.34E-08,4.90E-09,1.35E-07,-1.26E-07,1.80E-09,0.2,1.4,98.7%,99.1%,99.8%,21,NA
Arkansas Nuclear 1,2007-05-01,0,1.7,NA,0,0,0,NA,2.34E-08,4.90E-09,1.35E-07,-1.26E-07,1.80E-09,0,2.5,98.7%,99.1%,99.8%,21,NA
Arkansas Nuclear 1,2007-06-01,0,1.7,NA,0,0,0,NA,2.34E-08,4.90E-09,1.35E-07,-1.26E-07,1.80E-09,0,2.2,98.7%,99.1%,99.8%,21,NA
Arkansas Nuclear 1,2008-11-01,1.8,0.9,0.0,0,0,0,NA,-1.12E-08,1.70E-08,1.49E-07,-1.12E-07,1.50E-09,0,NA,95.6%,98.0%,99.7%,21,NA
Arkansas Nuclear 2,2007-04-01,0,1.8,0.0,0,0,0,NA,-2.61E-07,-6.00E-08,6.80E-08,1.05E-09,-4.20E-08,0.2,1.7,98.7%,99.1%,99.8%,38,NA
Arkansas Nuclear 2,2007-05-01,0,1.8,0.0,0,0,0,NA,-2.61E-07,-6.00E-08,6.80E-08,1.05E-09,-4.20E-08,0.2,1.7,98.7%,99.1%,99.8%,38,NA
Arkansas Nuclear 2,2007-06-01,0,1.8,0.0,0,0,0,NA,-2.61E-07,-6.00E-08,6.80E-08,1.05E-09,-4.20E-08,0.2,1.7,98.7%,99.1%,99.8%,38,NA
Arkansas Nuclear 2,2007-07-01,0,1.8,0.0,0,0,0,NA,-2.52E-07,-6.10E-08,6.80E-08,1.05E-09,-4.10E-08,0.1,1.1,98.6%,100.0%,99.8%,38,NA
Arkansas Nuclear 2,2007-08-01,0,1.8,0.0,0,0,0,NA,-2.52E-07,-6.10E-08,6.80E-08,1.05E-09,-4.10E-08,0.1,1.1,98.6%,100.0%,99.8%,38,NA
Arkansas Nuclear 2,2007-09-01,0,1.8,0.0,0,0,0,NA,-2.52E-07,-6.10E-08,6.80E-08,1.05E-09,-4.10E-08,0.1,1.1,98.6%,100.0%,99.8%,38,NA
Arkansas Nuclear 2,2007-10-01,0,0.8,0.0,0,0,0,NA,-2.51E-07,-6.00E-08,5.71E-08,1.80E-09,6.90E-10,0.3,1.9,98.6%,98.1%,99.8%,38,NA
Arkansas Nuclear 2,2007-11-01,0,0.8,0.0,0,0,0,NA,-2.51E-07,-6.00E-08,5.71E-08,1.80E-09,6.90E-10,0.3,1.9,98.6%,98.1%,99.8%,38,NA
Arkansas Nuclear 2,2007-12-01,0,0.8,0.0,0,0,0,NA,-2.51E-07,-6.00E-08,5.71E-08,1.80E-09,6.90E-10,0.3,1.9,98.6%,98.1%,99.8%,38,NA
Arkansas Nuclear 2,2008-01-01,0,0,0.0,0,0,0,NA,-2.52E-07,-7.50E-08,5.70E-08,1.65E-09,9.30E-10,0.5,1.7,96.7%,98.1%,99.5%,38,NA
Arkansas Nuclear 2,2008-02-01,0,0,0.0,0,0,0,NA,-2.52E-07,-7.50E-08,5.70E-08,1.65E-09,9.30E-10,0.5,1.7,96.7%,98.1%,99.5%,38,NA
Arkansas Nuclear 2,2008-03-01,0,0,0.0,0,0,0,NA,-2.52E-07,-7.50E-08,5.70E-08,1.65E-09,9.30E-10,0.5,1.7,96.7%,98.1%,99.5%,38,NA
Arkansas Nuclear 2,2008-04-01,0,0,0.0,0,0,0,NA,-1.88E-07,-7.40E-08,-9.00E-10,1.40E-09,2.02E-09,0.2,0.8,95.5%,97.1%,99.7%,38,NA
Arkansas Nuclear 2,2008-05-01,0,0,0.0,0,0,0,NA,-1.88E-07,-7.40E-08,-9.00E-10,1.40E-09,2.02E-09,0.2,0.8,95.5%,97.1%,99.7%,38,NA
Arkansas Nuclear 2,2008-06-01,0,0,0.0,0,0,0,NA,-1.88E-07,-7.40E-08,-9.00E-10,1.40E-09,2.02E-09,0.2,0.8,95.5%,97.1%,99.7%,38,NA
Arkansas Nuclear 2,2008-07-01,0,0.9,0.0,0,0,0,NA,-1.33E-07,7.20E-08,1.80E-09,8.00E-11,4.52E-09,0.1,1.2,96.0%,100.0%,99.7%,38,NA
Arkansas Nuclear 2,2008-08-01,0,0.9,0.0,0,0,0,NA,-1.33E-07,7.20E-08,1.80E-09,8.00E-11,4.52E-09,0.1,1.2,96.0%,100.0%,99.7%,38,NA
Arkansas Nuclear 2,2008-09-01,0,0.9,0.0,0,0,0,NA,-1.33E-07,7.20E-08,1.80E-09,8.00E-11,4.52E-09,0.1,1.2,96.0%,100.0%,99.7%,38,NA
Arkansas Nuclear 2,2008-10-01,0,0.9,0.0,0,0,0,NA,-1.22E-07,7.40E-08,5.40E-09,8.00E-11,-7.39E-08,0.3,1.0,95.6%,98.0%,99.7%,38,NA
Arkansas Nuclear 2,2008-11-01,0,0.9,0.0,0,0,0,NA,-1.22E-07,7.40E-08,5.40E-09,8.00E-11,-7.39E-08,0.3,1.0,95.6%,98.0%,99.7%,38,NA
Arkansas Nuclear 2,2008-12-01,0,0.9,0.0,0,0,0,NA,-1.22E-07,7.40E-08,5.40E-09,8.00E-11,-7.39E-08,0.4,1.0,95.6%,98.0%,99.7%,38,NA
Arkansas Nuclear 2,2009-01-01,0.8,1.7,0.0,0,0,0,NA,-3.50E-08,1.15E-08,6.84E-09,2.80E-12,-8.09E-08,1.8,0.7,95.9%,97.2%,100.0%,38,NA
Arkansas Nuclear 2,2009-02-01,0.8,1.7,0.0,0,0,0,NA,-3.50E-08,1.15E-08,6.84E-09,2.80E-12,-8.09E-08,1.0,0.7,95.9%,97.2%,100.0%,38,NA
Arkansas Nuclear 2,2009-03-01,0.8,1.7,0.0,0,0,0,NA,-3.50E-08,1.15E-08,6.84E-09,2.80E-12,-8.09E-08,2.3,0.9,95.9%,97.2%,100.0%,38,NA
Arkansas Nuclear 2,2009-04-01,0.8,1.6,0.0,0,0,0,NA,-5.43E-08,1.15E-08,7.22E-09,5.80E-12,-7.79E-08,1.0,0.7,95.1%,99.1%,99.8%,38,NA
Arkansas Nuclear 2,2009-05-01,0.8,1.6,0.0,0,0,0,NA,-5.43E-08,1.15E-08,7.22E-09,5.80E-12,-7.79E-08,1.2,0.8,95.1%,99.1%,99.8%,38,NA
Arkansas Nuclear 2,2009-06-01,0.8,1.6,0.0,0,0,0,NA,-5.43E-08,1.15E-08,7.22E-09,5.80E-12,-7.79E-08,1.5,0.8,95.1%,99.1%,99.8%,38,NA
Arkansas Nuclear 2,2009-07-01,0.9,0.9,0.0,0,1,0,NA,-5.77E-08,1.25E-08,-1.45E-08,6.00E-12,-6.99E-08,1.5,0.8,95.5%,100.0%,99.5%,38,NA
Arkansas Nuclear 2,2009-08-01,0.9,0.9,0.0,0,1,0,NA,-5.77E-08,1.25E-08,-1.45E-08,6.00E-12,-6.99E-08,1.8,0.8,95.5%,100.0%,99.5%,38,NA
Arkansas Nuclear 2,2009-10-01,1.7,0.9,0.0,0,1,0,NA,-5.59E-08,1.24E-08,-1.53E-08,7.00E-12,-6.49E-08,0.4,1.0,94.9%,100.0%,99.5%,38,NA
Arkansas Nuclear 2,2009-11-01,1.7,0.9,0.0,0,1,0,NA,-5.59E-08,1.24E-08,-1.53E-08,7.00E-12,-6.49E-08,0.4,0.9,94.9%,100.0%,99.5%,38,NA
Arkansas Nuclear 2,2009-12-01,1.7,0.9,0.0,0,1,0,NA,-5.59E-08,1.24E-08,-1.53E-08,7.00E-12,-6.49E-08,0.4,0.9,94.9%,100.0%,99.5%,38,NA
Arkansas Nuclear 2,2007-01-01,0,1.8,NA,0,0,0,NA,-2.35E-07,-6.30E-08,6.80E-08,2.36E-09,-4.20E-08,1.6,1.5,97.7%,100.0%,100.0%,38,NA
Arkansas Nuclear 2,2007-02-01,0,1.8,NA,0,0,0,NA,-2.35E-07,-6.30E-08,6.80E-08,2.36E-09,-4.20E-08,1.6,1.5,97.7%,100.0%,100.0%,38,NA
Arkansas Nuclear 2,2007-03-01,0,1.8,NA,0,0,0,NA,-2.35E-07,-6.30E-08,6.80E-08,2.36E-09,-4.20E-08,1.6,1.5,97.7%,100.0%,100.0%,38,NA
Arkansas Nuclear 2,2009-09-01,0.9,0.9,0.0,0,1,0,NA,-5.77E-08,1.25E-08,-1.45E-08,6.00E-12,-6.99E-08,NA,1.1,95.5%,100.0%,99.5%,38,NA
Beaver Valley 1,2007-07-01,0,0,0.0,1,0,0,NA,-1.62E-07,-3.13E-09,1.20E-09,5.20E-09,-2.55E-08,0.1,0.1,95.1%,100.0%,99.3%,24,NA
Beaver Valley 1,2007-08-01,0,0,0.0,1,0,0,NA,-1.62E-07,-3.13E-09,1.20E-09,5.20E-09,-2.55E-08,0.1,0.4,95.1%,100.0%,99.3%,24,NA
Beaver Valley 1,2007-09-01,0,0,0.0,1,0,0,NA,-1.62E-07,-3.13E-09,1.20E-09,5.20E-09,-2.55E-08,0.1,0.1,95.1%,100.0%,99.3%,24,NA
Beaver Valley 1,2007-10-01,0,0,0.0,1,0,0,NA,-1.60E-07,-3.19E-09,1.10E-09,3.70E-09,-2.15E-08,0,0.3,94.9%,100.0%,99.3%,24,NA
Beaver Valley 1,2007-11-01,0,0,0.0,1,0,0,NA,-1.60E-07,-3.19E-09,1.10E-09,3.70E-09,-2.15E-08,0,0.2,94.9%,100.0%,99.3%,24,NA
Beaver Valley 1,2007-12-01,0,0,0.0,1,0,0,NA,-1.60E-07,-3.19E-09,1.10E-09,3.70E-09,-2.15E-08,0,0.2,94.9%,100.0%,99.3%,24,NA
Beaver Valley 1,2008-01-01,0,0,0.0,1,0,0,NA,-1.70E-07,-3.26E-09,1.10E-09,2.50E-09,-3.34E-08,0.1,0.2,94.5%,100.0%,99.5%,24,NA
Beaver Valley 1,2008-02-01,0,0,0.0,1,0,0,NA,-1.70E-07,-3.26E-09,1.10E-09,2.50E-09,-3.34E-08,0,0.1,94.5%,100.0%,99.5%,24,NA
Beaver Valley 1,2008-03-01,0,0,0.0,1,0,0,NA,-1.70E-07,-3.26E-09,1.10E-09,2.50E-09,-3.34E-08,0.1,0.3,94.5%,100.0%,99.5%,24,NA
Beaver Valley 1,2008-04-01,0,0,0.0,1,0,0,NA,-1.75E-07,-3.10E-09,1.80E-09,2.70E-09,-3.34E-08,0.1,1.7,92.5%,100.0%,99.5%,24,NA
Beaver Valley 1,2008-05-01,0,0,0.0,1,0,0,NA,-1.75E-07,-3.10E-09,1.80E-09,2.70E-09,-3.34E-08,0.1,0.4,92.5%,100.0%,99.5%,24,NA
Beaver Valley 1,2008-06-01,0,0,0.0,1,0,0,NA,-1.75E-07,-3.10E-09,1.80E-09,2.70E-09,-3.34E-08,0.1,1.2,92.5%,100.0%,99.5%,24,NA
Beaver Valley 1,2008-07-01,0,0,0.0,0,0,0,NA,-1.71E-07,-3.17E-09,1.70E-09,2.10E-09,-3.34E-08,0.1,1.0,92.7%,100.0%,99.8%,24,NA
Beaver Valley 1,2008-08-01,0,0,0.0,0,0,0,NA,-1.71E-07,-3.17E-09,1.70E-09,2.10E-09,-3.34E-08,0.1,0.3,92.7%,100.0%,99.8%,24,NA
Beaver Valley 1,2008-09-01,0,0,0.0,0,0,0,NA,-1.71E-07,-3.17E-09,1.70E-09,2.10E-09,-3.34E-08,0.1,0.2,92.7%,100.0%,99.8%,24,NA
Beaver Valley 1,2008-10-01,0,0,0.0,0,0,0,NA,-1.71E-07,-3.30E-09,2.20E-09,1.60E-09,-3.34E-08,0.1,0.2,93.7%,100.0%,99.7%,24,NA
Beaver Valley 1,2008-11-01,0,0,0.0,0,0,0,NA,-1.71E-07,-3.30E-09,2.20E-09,1.60E-09,-3.34E-08,0.1,0.3,93.7%,100.0%,99.7%,24,NA
Beaver Valley 1,2008-12-01,0,0,0.0,0,0,0,NA,-1.71E-07,-3.30E-09,2.20E-09,1.60E-09,-3.34E-08,0.1,0.1,93.7%,100.0%,99.7%,24,NA
Beaver Valley 1,2009-01-01,0,0,0.0,0,0,0,NA,-1.71E-07,-3.60E-09,1.70E-09,7.80E-09,-3.04E-08,0.1,0.2,94.8%,100.0%,99.5%,24,NA
Beaver Valley 1,2009-02-01,0,0,0.0,0,0,0,NA,-1.71E-07,-3.60E-09,1.70E-09,7.80E-09,-3.04E-08,0,0.2,94.8%,100.0%,99.5%,24,NA
Beaver Valley 1,2009-03-01,0,0,0.0,0,0,0,NA,-1.71E-07,-3.60E-09,1.70E-09,7.80E-09,-3.04E-08,0.1,0.2,94.8%,100.0%,99.5%,24,NA
Beaver Valley 1,2009-04-01,0,0,0.0,0,0,0,NA,-1.70E-07,-3.90E-09,1.90E-09,7.10E-09,-3.04E-08,0.1,0.1,94.8%,100.0%,99.5%,24,NA
Beaver Valley 1,2009-05-01,0,0,0.0,0,0,0,NA,-1.70E-07,-3.90E-09,1.90E-09,7.10E-09,-3.04E-08,0,11.8,94.8%,100.0%,99.5%,24,NA
Beaver Valley 1,2009-06-01,0,0,0.0,0,0,0,NA,-1.70E-07,-3.90E-09,1.90E-09,7.10E-09,-3.04E-08,0,0.1,94.8%,100.0%,99.5%,24,NA
Beaver Valley 1,2009-07-01,0,0,0.0,0,0,0,NA,-1.60E-07,-3.90E-09,-5.90E-09,8.80E-09,-3.04E-08,0,0.1,95.4%,100.0%,99.5%,24,NA
Beaver Valley 1,2009-08-01,0,0,0.0,0,0,0,NA,-1.60E-07,-3.90E-09,-5.90E-09,8.80E-09,-3.04E-08,0,0.2,95.4%,100.0%,99.5%,24,NA
Beaver Valley 1,2009-09-01,0,0,0.0,0,0,0,NA,-1.60E-07,-3.90E-09,-5.90E-09,8.80E-09,-3.04E-08,0,0.4,95.4%,100.0%,99.5%,24,NA
Beaver Valley 1,2009-10-01,0,0,0.0,0,0,0,NA,-1.58E-07,-3.90E-09,-3.70E-09,3.00E-10,-3.24E-08,0,0.2,94.9%,100.0%,99.3%,24,NA
Beaver Valley 1,2009-11-01,0,0,0.0,0,0,0,NA,-1.58E-07,-3.90E-09,-3.70E-09,3.00E-10,-3.24E-08,0,0.3,94.9%,100.0%,99.3%,24,NA
Beaver Valley 1,2009-12-01,0,0,0.0,0,0,0,NA,-1.58E-07,-3.90E-09,-3.70E-09,3.00E-10,-3.24E-08,0,0.2,94.9%,100.0%,99.3%,24,NA
Beaver Valley 1,2007-01-01,0.9,0.9,NA,0,0,0,NA,-1.60E-07,-3.36E-09,1.00E-09,3.90E-09,-2.85E-08,0.1,0.4,96.8%,100.0%,99.0%,24,NA
Beaver Valley 1,2007-02-01,0.9,0.9,NA,0,0,0,NA,-1.60E-07,-3.36E-09,1.00E-09,3.90E-09,-2.85E-08,0.1,0.4,96.8%,100.0%,99.0%,24,NA
Beaver Valley 1,2007-03-01,0.9,0.9,NA,0,0,0,NA,-1.60E-07,-3.36E-09,1.00E-09,3.90E-09,-2.85E-08,0.1,1.2,96.8%,100.0%,99.0%,24,NA
Beaver Valley 1,2007-04-01,0.8,0,NA,0,0,0,NA,-1.60E-07,-3.32E-09,1.00E-09,4.80E-09,-2.55E-08,0.1,0.3,96.6%,100.0%,99.2%,24,NA
Beaver Valley 1,2007-05-01,0.8,0,NA,0,0,0,NA,-1.60E-07,-3.32E-09,1.00E-09,4.80E-09,-2.55E-08,0.1,0.2,96.6%,100.0%,99.2%,24,NA
Beaver Valley 1,2007-06-01,0.8,0,NA,0,0,0,NA,-1.60E-07,-3.32E-09,1.00E-09,4.80E-09,-2.55E-08,0.1,0.1,96.6%,100.0%,99.2%,24,NA
Beaver Valley 2,2007-01-01,0.9,1.8,0.0,2,0,0,NA,-5.20E-07,-6.14E-08,3.02E-07,5.80E-08,3.90E-08,0,0.8,96.8%,100.0%,99.0%,25,NA
Beaver Valley 2,2007-02-01,0.9,1.8,0.0,2,0,0,NA,-5.20E-07,-6.14E-08,3.02E-07,5.80E-08,3.90E-08,0,1.2,96.8%,100.0%,99.0%,25,NA
Beaver Valley 2,2007-03-01,0.9,1.8,0.0,2,0,0,NA,-5.20E-07,-6.14E-08,3.02E-07,5.80E-08,3.90E-08,0,0.8,96.8%,100.0%,99.0%,25,NA
Beaver Valley 2,2007-04-01,0,0.9,0.0,1,0,0,NA,-6.13E-07,-6.74E-08,3.00E-07,6.10E-08,3.90E-08,0,0.7,96.6%,100.0%,99.2%,25,NA
Beaver Valley 2,2007-05-01,0,0.9,0.0,1,0,0,NA,-6.13E-07,-6.74E-08,3.00E-07,6.10E-08,3.90E-08,0,0.8,96.6%,100.0%,99.2%,25,NA
Beaver Valley 2,2007-06-01,0,0.9,0.0,1,0,0,NA,-6.13E-07,-6.74E-08,3.00E-07,6.10E-08,3.90E-08,0,0.8,96.6%,100.0%,99.2%,25,NA
Beaver Valley 2,2007-07-01,0,0.9,0.0,1,0,0,NA,-4.42E-07,-2.62E-08,2.28E-07,4.43E-08,6.10E-08,0,0.8,95.1%,100.0%,99.3%,25,NA
Beaver Valley 2,2007-08-01,0,0.9,0.0,1,0,0,NA,-4.42E-07,-2.62E-08,2.28E-07,4.43E-08,6.10E-08,0,0.8,95.1%,100.0%,99.3%,25,NA
Beaver Valley 2,2007-09-01,0,0.9,0.0,1,0,0,NA,-4.42E-07,-2.62E-08,2.28E-07,4.43E-08,6.10E-08,0,0.7,95.1%,100.0%,99.3%,25,NA
Beaver Valley 2,2007-10-01,0,0,0.0,0,0,0,NA,4.00E-08,-2.70E-08,2.55E-07,4.43E-08,6.10E-08,0,0.9,94.9%,100.0%,99.3%,25,NA
Beaver Valley 2,2007-11-01,0,0,0.0,0,0,0,NA,4.00E-08,-2.70E-08,2.55E-07,4.43E-08,6.10E-08,0,0.8,94.9%,100.0%,99.3%,25,NA
Beaver Valley 2,2007-12-01,0,0,0.0,0,0,0,NA,4.00E-08,-2.70E-08,2.55E-07,4.43E-08,6.10E-08,0,0.9,94.9%,100.0%,99.3%,25,NA
Beaver Valley 2,2008-01-01,0,0,0.0,0,0,0,NA,1.00E-08,-2.76E-08,2.59E-07,2.73E-08,7.70E-08,0,0.8,94.5%,100.0%,99.5%,25,NA
Beaver Valley 2,2008-02-01,0,0,0.0,0,0,0,NA,1.00E-08,-2.76E-08,2.59E-07,2.73E-08,7.70E-08,0,1.2,94.5%,100.0%,99.5%,25,NA
Beaver Valley 2,2008-03-01,0,0,0.0,0,0,0,NA,1.00E-08,-2.76E-08,2.59E-07,2.73E-08,7.70E-08,0,0.8,94.5%,100.0%,99.5%,25,NA
Beaver Valley 2,2008-04-01,0,0,0.0,0,0,0,NA,-1.59E-07,-2.72E-08,2.59E-07,-9.10E-09,1.09E-07,0.1,0.8,92.5%,100.0%,99.5%,25,NA
Beaver Valley 2,2008-05-01,0,0,0.0,0,0,0,NA,-1.59E-07,-2.72E-08,2.59E-07,-9.10E-09,1.09E-07,0,0.7,92.5%,100.0%,99.5%,25,NA
Beaver Valley 2,2008-06-01,0,0,0.0,0,0,0,NA,-1.59E-07,-2.72E-08,2.59E-07,-9.10E-09,1.09E-07,0,0.7,92.5%,100.0%,99.5%,25,NA
Beaver Valley 2,2008-07-01,0,0,0.0,0,0,0,NA,9.56E-08,-2.82E-08,2.99E-07,-1.08E-08,9.60E-08,0,0.7,92.7%,100.0%,99.8%,25,NA
Beaver Valley 2,2008-08-01,0,0,0.0,0,0,0,NA,9.56E-08,-2.82E-08,2.99E-07,-1.08E-08,9.60E-08,0,0.6,92.7%,100.0%,99.8%,25,NA
Beaver Valley 2,2008-09-01,0,0,0.0,0,0,0,NA,9.56E-08,-2.82E-08,2.99E-07,-1.08E-08,9.60E-08,0,0.6,92.7%,100.0%,99.8%,25,NA
Beaver Valley 2,2008-10-01,0,0.9,0.0,0,0,0,NA,6.25E-07,-2.73E-08,3.07E-07,-1.26E-08,9.10E-08,0,0.7,93.7%,100.0%,99.7%,25,NA
Beaver Valley 2,2008-11-01,0,0.9,0.0,0,0,0,NA,6.25E-07,-2.73E-08,3.07E-07,-1.26E-08,9.10E-08,0,0.7,93.7%,100.0%,99.7%,25,NA
Beaver Valley 2,2008-12-01,0,0.9,0.0,0,0,0,NA,6.25E-07,-2.73E-08,3.07E-07,-1.26E-08,9.10E-08,0,0.6,93.7%,100.0%,99.7%,25,NA
Beaver Valley 2,2009-01-01,0,0.9,0.0,0,0,0,NA,6.25E-07,-2.88E-08,2.99E-07,-1.26E-08,9.10E-08,0,0.6,94.8%,100.0%,99.5%,25,NA
Beaver Valley 2,2009-02-01,0,0.9,0.0,0,0,0,NA,6.25E-07,-2.88E-08,2.99E-07,-1.26E-08,9.10E-08,0,0.5,94.8%,100.0%,99.5%,25,NA
Beaver Valley 2,2009-03-01,0,0.9,0.0,0,0,0,NA,6.25E-07,-2.88E-08,2.99E-07,-1.26E-08,9.10E-08,0,0.7,94.8%,100.0%,99.5%,25,NA
Beaver Valley 2,2009-04-01,0,0.8,0.0,0,0,0,NA,6.35E-07,-2.88E-08,-4.39E-08,-1.26E-08,9.00E-08,0,0.7,95.2%,100.0%,99.5%,25,NA
Beaver Valley 2,2009-05-01,0,0.8,0.0,0,0,0,NA,6.35E-07,-2.88E-08,-4.39E-08,-1.26E-08,9.00E-08,0,0.8,95.2%,100.0%,99.5%,25,NA
Beaver Valley 2,2009-06-01,0,0.8,0.0,0,0,0,NA,6.35E-07,-2.88E-08,-4.39E-08,-1.26E-08,9.00E-08,0,0.7,95.2%,100.0%,99.5%,25,NA
Beaver Valley 2,2009-07-01,0,0.8,0.0,0,0,0,NA,6.35E-07,-2.90E-08,-8.80E-08,-1.26E-08,9.40E-08,0.1,0.7,95.4%,100.0%,99.5%,25,NA
Beaver Valley 2,2009-08-01,0,0.8,0.0,0,0,0,NA,6.35E-07,-2.90E-08,-8.80E-08,-1.26E-08,9.40E-08,0,0.8,95.4%,100.0%,99.5%,25,NA
Beaver Valley 2,2009-09-01,0,0.8,0.0,0,0,0,NA,6.35E-07,-2.90E-08,-8.80E-08,-1.26E-08,9.40E-08,0,0.7,95.4%,100.0%,99.5%,25,NA
Beaver Valley 2,2009-10-01,0,0,0.0,1,0,0,NA,6.05E-07,-2.89E-08,-1.02E-07,-1.26E-08,9.40E-08,0.1,0.6,94.9%,100.0%,99.3%,25,NA
Beaver Valley 2,2009-12-01,0,0,0.0,1,0,0,NA,6.05E-07,-2.89E-08,-1.02E-07,-1.26E-08,9.40E-08,0,0.7,94.9%,100.0%,99.3%,25,NA
Beaver Valley 2,2009-11-01,0,0,0.0,1,0,0,NA,6.05E-07,-2.89E-08,-1.02E-07,-1.26E-08,9.40E-08,0,NA,94.9%,100.0%,99.3%,25,NA
Braidwood 1,2007-01-01,0,0,0.0,0,0,0,NA,-3.17E-07,-7.30E-08,-1.66E-06,-1.88E-07,-4.56E-06,0.6,2.6,98.9%,100.0%,99.7%,20,NA
Braidwood 1,2007-02-01,0,0,0.0,0,0,0,NA,-3.17E-07,-7.30E-08,-1.66E-06,-1.88E-07,-4.56E-06,0.6,2.6,98.9%,100.0%,99.7%,20,NA
Braidwood 1,2007-03-01,0,0,0.0,0,0,0,NA,-3.17E-07,-7.30E-08,-1.66E-06,-1.88E-07,-4.56E-06,0.6,2.6,98.9%,100.0%,99.7%,20,NA
Braidwood 1,2007-04-01,0.8,0,0.0,0,0,0,NA,-5.50E-08,-7.30E-08,-1.78E-06,-1.88E-07,-4.72E-06,0.6,2.5,99.0%,94.7%,99.7%,20,NA
Braidwood 1,2007-05-01,0.8,0,0.0,0,0,0,NA,-5.50E-08,-7.30E-08,-1.78E-06,-1.88E-07,-4.72E-06,0.6,2.5,99.0%,94.7%,99.7%,20,NA
Braidwood 1,2007-06-01,0.8,0,0.0,0,0,0,NA,-5.50E-08,-7.30E-08,-1.78E-06,-1.88E-07,-4.72E-06,0.6,2.5,99.0%,94.7%,99.7%,20,NA
Braidwood 1,2007-07-01,0.8,0,0.0,0,0,0,NA,-4.40E-08,-7.30E-08,-1.78E-06,-1.88E-07,-4.74E-06,0.8,1.3,98.9%,97.3%,99.6%,20,NA
Braidwood 1,2007-08-01,0.8,0,0.0,0,0,0,NA,-4.40E-08,-7.30E-08,-1.78E-06,-1.88E-07,-4.74E-06,0.8,1.3,98.9%,97.3%,99.6%,20,NA
Braidwood 1,2007-09-01,0.8,0,0.0,0,0,0,NA,-4.40E-08,-7.30E-08,-1.78E-06,-1.88E-07,-4.74E-06,0.8,1.3,98.9%,97.3%,99.6%,20,NA
Braidwood 1,2007-10-01,0.9,0,0.0,0,0,0,NA,-1.58E-06,-7.30E-08,-1.78E-06,-7.60E-08,-4.89E-06,N/A,0.8,98.7%,100.0%,99.7%,20,NA
Braidwood 1,2007-11-01,0.9,0,0.0,0,0,0,NA,-1.58E-06,-7.30E-08,-1.78E-06,-7.60E-08,-4.89E-06,N/A,0.8,98.7%,100.0%,99.7%,20,NA
Braidwood 1,2007-12-01,0.9,0,0.0,0,0,0,NA,-1.58E-06,-7.30E-08,-1.78E-06,-7.60E-08,-4.89E-06,N/A,0.8,98.7%,100.0%,99.7%,20,NA
Braidwood 1,2008-01-01,0.9,0.9,0.0,0,0,0,NA,-1.58E-06,-7.30E-08,-1.78E-06,-7.00E-08,-4.88E-06,0.1,0.7,98.4%,100.0%,99.7%,20,NA
Braidwood 1,2008-02-01,0.9,0.9,0.0,0,0,0,NA,-1.58E-06,-7.30E-08,-1.78E-06,-7.00E-08,-4.88E-06,0.1,0.7,98.4%,100.0%,99.7%,20,NA
Braidwood 1,2008-03-01,0.9,0.9,0.0,0,0,0,NA,-1.58E-06,-7.30E-08,-1.78E-06,-7.00E-08,-4.88E-06,0.1,0.7,98.4%,100.0%,99.7%,20,NA
Braidwood 1,2008-04-01,0,0.9,0.0,0,0,0,NA,-1.21E-06,-7.30E-08,-3.21E-07,-7.80E-08,-4.22E-06,0.2,0.6,98.4%,100.0%,99.7%,20,NA
Braidwood 1,2008-05-01,0,0.9,0.0,0,0,0,NA,-1.21E-06,-7.30E-08,-3.21E-07,-7.80E-08,-4.22E-06,0.2,0.6,98.4%,100.0%,99.7%,20,NA
Braidwood 1,2008-06-01,0,0.9,0.0,0,0,0,NA,-1.21E-06,-7.30E-08,-3.21E-07,-7.80E-08,-4.22E-06,0.2,0.6,98.4%,100.0%,99.7%,20,NA
Braidwood 1,2008-07-01,0,0.9,0.0,0,0,0,NA,-3.15E-07,-6.02E-08,6.18E-08,-9.73E-08,-4.23E-06,0.2,0.7,98.6%,100.0%,99.7%,20,NA
Braidwood 1,2008-08-01,0,0.9,0.0,0,0,0,NA,-3.15E-07,-6.02E-08,6.18E-08,-9.73E-08,-4.23E-06,0.2,0.7,98.6%,100.0%,99.7%,20,NA
Braidwood 1,2008-09-01,0,0.9,0.0,0,0,0,NA,-3.15E-07,-6.02E-08,6.18E-08,-9.73E-08,-4.23E-06,0.2,0.7,98.6%,100.0%,99.7%,20,NA
Braidwood 1,2008-10-01,0,0.8,0.0,0,0,0,NA,-3.14E-07,-6.02E-08,4.30E-08,-7.30E-08,-4.23E-06,0.2,0.7,98.5%,100.0%,99.5%,20,NA
Braidwood 1,2008-11-01,0,0.8,0.0,0,0,0,NA,-3.14E-07,-6.02E-08,4.30E-08,-7.30E-08,-4.23E-06,0.2,0.7,98.5%,100.0%,99.5%,20,NA
Braidwood 1,2008-12-01,0,0.8,0.0,0,0,0,NA,-3.14E-07,-6.02E-08,4.30E-08,-7.30E-08,-4.23E-06,0.2,0.7,98.5%,100.0%,99.5%,20,NA
Braidwood 1,2009-01-01,0,0,0.0,0,0,0,NA,-5.55E-07,-1.07E-07,4.10E-08,-1.99E-07,-7.10E-07,0.3,0.5,98.5%,100.0%,99.5%,20,NA
Braidwood 1,2009-02-01,0,0,0.0,0,0,0,NA,-5.55E-07,-1.07E-07,4.10E-08,-1.99E-07,-7.10E-07,0.3,0.5,98.5%,100.0%,99.5%,20,NA
Braidwood 1,2009-03-01,0,0,0.0,0,0,0,NA,-5.55E-07,-1.07E-07,4.10E-08,-1.99E-07,-7.10E-07,0.3,0.5,98.5%,100.0%,99.5%,20,NA
Braidwood 1,2009-04-01,0,0,0.0,0,0,0,NA,-4.05E-07,-1.07E-07,8.00E-09,1.93E-07,-8.20E-07,0.3,0.5,98.3%,100.0%,99.5%,20,NA
Braidwood 1,2009-05-01,0,0,0.0,0,0,0,NA,-4.05E-07,-1.07E-07,8.00E-09,1.93E-07,-8.20E-07,0.3,0.5,98.3%,100.0%,99.5%,20,NA
Braidwood 1,2009-06-01,0,0,0.0,0,0,0,NA,-4.05E-07,-1.07E-07,8.00E-09,1.93E-07,-8.20E-07,0.3,0.5,98.3%,100.0%,99.5%,20,NA
Braidwood 1,2009-07-01,0,0,0.0,1,0,0,NA,-4.35E-07,-1.07E-07,8.00E-09,2.04E-07,-8.20E-07,0.1,1.3,98.2%,100.0%,99.6%,20,NA
Braidwood 1,2009-08-01,0,0,0.0,1,0,0,NA,-4.35E-07,-1.07E-07,8.00E-09,2.04E-07,-8.20E-07,0.1,1.3,98.2%,100.0%,99.6%,20,NA
Braidwood 1,2009-09-01,0,0,0.0,1,0,0,NA,-4.35E-07,-1.07E-07,8.00E-09,2.04E-07,-8.20E-07,0.1,1.3,98.2%,100.0%,99.6%,20,NA
Braidwood 1,2009-10-01,0,0,0.0,0,0,0,NA,-2.30E-08,1.66E-07,3.90E-08,7.40E-07,-8.20E-07,0.1,0.7,98.3%,100.0%,99.8%,20,NA
Braidwood 1,2009-11-01,0,0,0.0,0,0,0,NA,-2.30E-08,1.66E-07,3.90E-08,7.40E-07,-8.20E-07,0.1,0.7,98.3%,100.0%,99.8%,20,NA
Braidwood 1,2009-12-01,0,0,0.0,0,0,0,NA,-2.30E-08,1.66E-07,3.90E-08,7.40E-07,-8.20E-07,0.1,0.7,98.3%,100.0%,99.8%,20,NA
Browns Ferry 1,2008-04-01,2.5,1.7,0.0,NA,0,0,NA,-6.29E-08,1.04E-06,-1.27E-08,-1.10E-07,-1.08E-07,0,9.2,98.7%,91.8%,99.7%,39,NA
Browns Ferry 1,2008-05-01,2.5,1.7,0.0,NA,0,0,NA,-6.29E-08,1.04E-06,-1.27E-08,-1.10E-07,-1.08E-07,0,9.6,98.7%,91.8%,99.7%,39,NA
Browns Ferry 1,2008-06-01,2.5,1.7,0.0,NA,0,0,NA,-6.29E-08,1.04E-06,-1.27E-08,-1.10E-07,-1.08E-07,0,10.4,98.7%,91.8%,99.7%,39,NA
Browns Ferry 1,2008-07-01,0.8,2.5,0.0,NA,0,0,NA,-6.29E-08,5.00E-07,2.28E-07,-1.15E-07,-5.10E-08,0,10.1,98.2%,98.4%,99.6%,39,NA
Browns Ferry 1,2008-08-01,0.8,2.5,0.0,NA,0,0,NA,-6.29E-08,5.00E-07,2.28E-07,-1.15E-07,-5.10E-08,0,10.2,98.2%,98.4%,99.6%,39,NA
Browns Ferry 1,2008-09-01,0.8,2.5,0.0,NA,0,0,NA,-6.29E-08,5.00E-07,2.28E-07,-1.15E-07,-5.10E-08,0,14.3,98.2%,98.4%,99.6%,39,NA
Browns Ferry 1,2008-10-01,0,2.7,0.0,NA,0,0,NA,-4.68E-08,1.40E-07,1.01E-07,4.60E-08,-7.50E-08,0,10.3,98.5%,100.0%,99.6%,39,NA
Browns Ferry 1,2008-11-01,0,2.7,0.0,NA,0,0,NA,-4.68E-08,1.40E-07,1.01E-07,4.60E-08,-7.50E-08,N/A,2.1,98.5%,100.0%,99.6%,39,NA
Browns Ferry 1,2008-12-01,0,2.7,0.0,NA,0,0,NA,-4.68E-08,1.40E-07,1.01E-07,4.60E-08,-7.50E-08,0,6.8,98.5%,100.0%,99.6%,39,NA
Browns Ferry 1,2009-01-01,1.9,2.9,0.0,NA,0,0,NA,-4.07E-08,-5.00E-08,1.80E-08,-3.60E-08,-8.70E-08,0,7.9,97.9%,100.0%,99.4%,39,NA
Browns Ferry 1,2009-02-01,1.9,2.9,0.0,NA,0,0,NA,-4.07E-08,-5.00E-08,1.80E-08,-3.60E-08,-8.70E-08,0,6.1,97.9%,100.0%,99.4%,39,NA
Browns Ferry 1,2009-03-01,1.9,2.9,0.0,NA,0,0,NA,-4.07E-08,-5.00E-08,1.80E-08,-3.60E-08,-8.70E-08,0,6.5,97.9%,100.0%,99.4%,39,NA
Browns Ferry 1,2009-04-01,1.9,2.9,0.0,NA,0,0,NA,-8.83E-08,5.00E-08,1.90E-08,-6.79E-08,-8.50E-08,0,6.3,98.6%,97.1%,99.5%,39,NA
Browns Ferry 1,2009-05-01,1.9,2.9,0.0,NA,0,0,NA,-8.83E-08,5.00E-08,1.90E-08,-6.79E-08,-8.50E-08,0,6.4,98.6%,97.1%,99.5%,39,NA
Browns Ferry 1,2009-06-01,1.9,2.9,0.0,NA,0,0,NA,-8.83E-08,5.00E-08,1.90E-08,-6.79E-08,-8.50E-08,0,6.5,98.6%,97.1%,99.5%,39,NA
Browns Ferry 1,2009-07-01,1.0,1.0,0.0,NA,0,0,NA,-8.83E-08,6.40E-07,-3.50E-08,3.00E-08,-1.07E-07,0,6.7,98.6%,97.0%,99.5%,39,NA
Browns Ferry 1,2009-08-01,1.0,1.0,0.0,NA,0,0,NA,-8.83E-08,6.40E-07,-3.50E-08,3.00E-08,-1.07E-07,0,7.0,98.6%,97.0%,99.5%,39,NA
Browns Ferry 1,2009-09-01,1.0,1.0,0.0,NA,0,0,NA,-8.83E-08,6.40E-07,-3.50E-08,3.00E-08,-1.07E-07,0,6.4,98.6%,97.0%,99.5%,39,NA
Browns Ferry 1,2009-10-01,0.9,0,0.0,NA,0,0,NA,-7.30E-08,4.10E-07,5.90E-07,2.10E-08,-1.18E-07,0,6.7,98.7%,100.0%,99.7%,39,NA
Browns Ferry 1,2009-11-01,0.9,0,0.0,NA,0,0,NA,-7.30E-08,4.10E-07,5.90E-07,2.10E-08,-1.18E-07,0,6.4,98.7%,100.0%,99.7%,39,NA
Browns Ferry 1,2009-12-01,0.9,0,0.0,NA,0,0,NA,-7.30E-08,4.10E-07,5.90E-07,2.10E-08,-1.18E-07,0,8.4,98.7%,100.0%,99.7%,39,NA
Browns Ferry 1,2007-07-01,9.6,0,0.0,NA,0,0,NA,NA,NA,NA,NA,NA,0,8.1,98.3%,98.5%,99.6%,39,NA
Browns Ferry 1,2007-08-01,9.6,0,0.0,NA,0,0,NA,NA,NA,NA,NA,NA,0,7.5,98.3%,98.5%,99.6%,39,NA
Browns Ferry 1,2007-09-01,9.6,0,0.0,NA,0,0,NA,NA,NA,NA,NA,NA,0,7.8,98.3%,98.5%,99.6%,39,NA
Browns Ferry 1,2007-10-01,7.3,1.5,0.0,NA,0,0,NA,NA,NA,NA,NA,NA,0,8.5,98.1%,100.0%,99.6%,39,NA
Browns Ferry 1,2007-11-01,7.3,1.5,0.0,NA,0,0,NA,NA,NA,NA,NA,NA,0,8.4,98.1%,100.0%,99.6%,39,NA
Browns Ferry 1,2007-12-01,7.3,1.5,0.0,NA,0,0,NA,NA,NA,NA,NA,NA,0,9.3,98.1%,100.0%,99.6%,39,NA
Browns Ferry 1,2008-01-01,5.0,1.0,0.0,NA,0,0,NA,NA,NA,NA,NA,NA,0,12.9,98.1%,96.9%,99.7%,39,NA
Browns Ferry 1,2008-02-01,5.0,1.0,0.0,NA,0,0,NA,NA,NA,NA,NA,NA,0,8.9,98.1%,96.9%,99.7%,39,NA
Browns Ferry 1,2008-03-01,5.0,1.0,0.0,NA,0,0,NA,NA,NA,NA,NA,NA,0,9.2,98.1%,96.9%,99.7%,39,NA
Browns Ferry 1,2007-01-01,N/A,N/A,NA,NA,0,0,NA,NA,NA,NA,NA,NA,0,NA,NA,96.9%,99.5%,39,NA
Browns Ferry 1,2007-02-01,N/A,N/A,NA,NA,0,0,NA,NA,NA,NA,NA,NA,0,NA,NA,96.9%,99.5%,39,NA
Browns Ferry 1,2007-03-01,N/A,N/A,NA,NA,0,0,NA,NA,NA,NA,NA,NA,0,NA,NA,96.9%,99.5%,39,NA
Browns Ferry 1,2007-06-01,NA,NA,NA,NA,0,0,NA,NA,NA,NA,NA,NA,0,6.9,98.3%,98.5%,99.5%,39,NA
Browns Ferry 1,2007-05-01,NA,NA,NA,NA,0,0,NA,NA,NA,NA,NA,NA,NA,6.3,98.3%,98.5%,99.5%,39,NA
Browns Ferry 1,2007-04-01,NA,NA,NA,NA,0,0,NA,NA,NA,NA,NA,NA,NA,NA,98.3%,98.5%,99.5%,39,NA
Browns Ferry 2,2007-07-01,1.0,3.0,0.0,0,0,0,NA,-4.49E-07,-9.20E-09,-1.31E-08,2.72E-07,2.60E-07,0,5.8,98.3%,98.5%,99.6%,10,NA
Browns Ferry 2,2007-08-01,1.0,3.0,0.0,0,0,0,NA,-4.49E-07,-9.20E-09,-1.31E-08,2.72E-07,2.60E-07,0,6.1,98.3%,98.5%,99.6%,10,NA
Browns Ferry 2,2007-09-01,1.0,3.0,0.0,0,0,0,NA,-4.49E-07,-9.20E-09,-1.31E-08,2.72E-07,2.60E-07,0,5.8,98.3%,98.5%,99.6%,10,NA
Browns Ferry 2,2007-10-01,1.0,2.9,0.0,0,0,0,NA,-5.95E-07,-9.20E-09,-5.70E-08,1.82E-07,2.60E-07,0,5.5,98.1%,100.0%,99.6%,10,NA
Browns Ferry 2,2007-11-01,1.0,2.9,0.0,0,0,0,NA,-5.95E-07,-9.20E-09,-5.70E-08,1.82E-07,2.60E-07,0,5.5,98.1%,100.0%,99.6%,10,NA
Browns Ferry 2,2007-12-01,1.0,2.9,0.0,0,0,0,NA,-5.95E-07,-9.20E-09,-5.70E-08,1.82E-07,2.60E-07,0,5.4,98.1%,100.0%,99.6%,10,NA
Browns Ferry 2,2008-01-01,0,2.5,0.0,0,0,0,NA,-4.59E-07,4.18E-08,-5.80E-08,1.87E-07,2.60E-07,0,5.3,98.1%,96.9%,99.7%,10,NA
Browns Ferry 2,2008-02-01,0,2.5,0.0,0,0,0,NA,-4.59E-07,4.18E-08,-5.80E-08,1.87E-07,2.60E-07,0,5.3,98.1%,96.9%,99.7%,10,NA
Browns Ferry 2,2008-03-01,0,2.5,0.0,0,0,0,NA,-4.59E-07,4.18E-08,-5.80E-08,1.87E-07,2.60E-07,0,5.3,98.1%,96.9%,99.7%,10,NA
Browns Ferry 2,2008-04-01,0,0,0.0,0,0,0,NA,-4.53E-07,1.03E-07,-4.65E-08,-1.02E-07,2.40E-07,0,5.1,98.7%,91.8%,99.7%,10,NA
Browns Ferry 2,2008-05-01,0,0,0.0,0,0,0,NA,-4.53E-07,1.03E-07,-4.65E-08,-1.02E-07,2.40E-07,0,5.1,98.7%,91.8%,99.7%,10,NA
Browns Ferry 2,2008-06-01,0,0,0.0,0,0,0,NA,-4.53E-07,1.03E-07,-4.65E-08,-1.02E-07,2.40E-07,0,5.2,98.7%,91.8%,99.7%,10,NA
Browns Ferry 2,2008-07-01,0,1.6,0.0,0,0,0,NA,-4.21E-07,1.14E-07,-4.52E-08,-1.02E-07,2.07E-07,0,5.1,98.2%,98.4%,99.6%,10,NA
Browns Ferry 2,2008-08-01,0,1.6,0.0,0,0,0,NA,-4.21E-07,1.14E-07,-4.52E-08,-1.02E-07,2.07E-07,0,5.2,98.2%,98.4%,99.6%,10,NA
Browns Ferry 2,2008-09-01,0,1.6,0.0,0,0,0,NA,-4.21E-07,1.14E-07,-4.52E-08,-1.02E-07,2.07E-07,0,5.1,98.2%,98.4%,99.6%,10,NA
Browns Ferry 2,2008-10-01,0.8,1.6,0.0,0,0,0,NA,-4.02E-07,6.10E-08,-6.20E-08,-6.00E-08,1.47E-07,0,5.4,97.8%,100.0%,99.6%,10,NA
Browns Ferry 2,2008-11-01,0.8,1.6,0.0,0,0,0,NA,-4.02E-07,6.10E-08,-6.20E-08,-6.00E-08,1.47E-07,0,5.4,97.8%,100.0%,99.6%,10,NA
Browns Ferry 2,2008-12-01,0.8,1.6,0.0,0,0,0,NA,-4.02E-07,6.10E-08,-6.20E-08,-6.00E-08,1.47E-07,0,6.4,97.8%,100.0%,99.6%,10,NA
Browns Ferry 2,2009-01-01,1.7,1.7,0.0,0,0,0,NA,-3.84E-07,1.11E-07,-6.20E-08,-1.00E-07,2.31E-07,0,10.3,97.9%,100.0%,99.4%,10,NA
Browns Ferry 2,2009-02-01,1.7,1.7,0.0,0,0,0,NA,-3.84E-07,1.11E-07,-6.20E-08,-1.00E-07,2.31E-07,0,5.1,97.9%,100.0%,99.4%,10,NA
Browns Ferry 2,2009-03-01,1.7,1.7,0.0,0,0,0,NA,-3.84E-07,1.11E-07,-6.20E-08,-1.00E-07,2.31E-07,0,5.2,97.9%,100.0%,99.4%,10,NA
Browns Ferry 2,2009-04-01,1.9,2.9,0.0,0,0,0,NA,-3.89E-07,1.11E-07,-6.20E-08,-3.70E-08,2.21E-07,0,5.2,98.6%,97.1%,99.5%,10,NA
Browns Ferry 2,2009-05-01,1.9,2.9,0.0,0,0,0,NA,-3.89E-07,1.11E-07,-6.20E-08,-3.70E-08,2.21E-07,N/A,0,98.6%,97.1%,99.5%,10,NA
Browns Ferry 2,2009-06-01,1.9,2.9,0.0,0,0,0,NA,-3.89E-07,1.11E-07,-6.20E-08,-3.70E-08,2.21E-07,N/A,9.8,98.6%,97.1%,99.5%,10,NA
Browns Ferry 2,2009-07-01,2.9,1.0,0.0,0,0,0,NA,-3.61E-07,1.10E-07,3.27E-07,6.90E-08,1.50E-07,0,5.8,98.6%,97.0%,99.6%,10,NA
Browns Ferry 2,2009-08-01,2.9,1.0,0.0,0,0,0,NA,-3.61E-07,1.10E-07,3.27E-07,6.90E-08,1.50E-07,0,5.9,98.6%,97.0%,99.6%,10,NA
Browns Ferry 2,2009-09-01,2.9,1.0,0.0,0,0,0,NA,-3.61E-07,1.10E-07,3.27E-07,6.90E-08,1.50E-07,0,5.5,98.6%,97.0%,99.6%,10,NA
Browns Ferry 2,2009-10-01,1.9,1.0,0.0,0,0,0,NA,-3.50E-07,1.10E-07,3.27E-07,5.10E-08,1.50E-07,0,4.9,98.7%,100.0%,99.7%,10,NA
Browns Ferry 2,2009-11-01,1.9,1.0,0.0,0,0,0,NA,-3.50E-07,1.10E-07,3.27E-07,5.10E-08,1.50E-07,0,5.1,98.7%,100.0%,99.7%,10,NA
Browns Ferry 2,2009-12-01,1.9,1.0,0.0,0,0,0,NA,-3.50E-07,1.10E-07,3.27E-07,5.10E-08,1.50E-07,0,5.2,98.7%,100.0%,99.7%,10,NA
Browns Ferry 2,2007-01-01,0.9,0,NA,0,0,0,NA,-3.38E-07,-9.20E-09,-1.19E-08,2.46E-07,2.40E-07,0,7.2,98.9%,96.9%,99.5%,10,NA
Browns Ferry 2,2007-02-01,0.9,0,NA,0,0,0,NA,-3.38E-07,-9.20E-09,-1.19E-08,2.46E-07,2.40E-07,0,6.4,98.9%,96.9%,99.5%,10,NA
Browns Ferry 2,2007-03-01,0.9,0,NA,0,0,0,NA,-3.38E-07,-9.20E-09,-1.19E-08,2.46E-07,2.40E-07,N/A,0,98.9%,96.9%,99.5%,10,NA
Browns Ferry 2,2007-04-01,1.0,2.9,NA,0,0,0,NA,-4.49E-07,-9.20E-09,-1.32E-08,2.33E-07,2.30E-07,N/A,4.4,98.3%,98.5%,99.5%,10,NA
Browns Ferry 2,2007-05-01,1.0,2.9,NA,0,0,0,NA,-4.49E-07,-9.20E-09,-1.32E-08,2.33E-07,2.30E-07,0,5.7,98.3%,98.5%,99.5%,10,NA
Browns Ferry 2,2007-06-01,1.0,2.9,NA,0,0,0,NA,-4.49E-07,-9.20E-09,-1.32E-08,2.33E-07,2.30E-07,0,6.1,98.3%,98.5%,99.5%,10,NA
Browns Ferry 3,2007-07-01,0.8,0.8,0.0,1,0,0,-1.00E-08,-1.00E-08,-6.90E-08,-2.10E-08,2.05E-07,4.30E-07,0,11.1,98.3%,98.5%,99.6%,1,NA
Browns Ferry 3,2007-08-01,0.8,0.8,0.0,1,0,0,-1.00E-08,-1.00E-08,-6.90E-08,-2.10E-08,2.05E-07,4.30E-07,0,11.1,98.3%,98.5%,99.6%,1,NA
Browns Ferry 3,2007-09-01,0.8,0.8,0.0,1,0,0,-1.00E-08,-1.00E-08,-6.90E-08,-2.10E-08,2.05E-07,4.30E-07,0,11.1,98.3%,98.5%,99.6%,1,NA
Browns Ferry 3,2007-10-01,1.7,0,0.0,1,0,0,-1.00E-08,-1.00E-08,-6.90E-08,3.00E-09,1.83E-07,4.30E-07,0,13.5,98.1%,100.0%,99.6%,1,NA
Browns Ferry 3,2007-11-01,1.7,0,0.0,1,0,0,-1.00E-08,-1.00E-08,-6.90E-08,3.00E-09,1.83E-07,4.30E-07,0,13.5,98.1%,100.0%,99.6%,1,NA
Browns Ferry 3,2007-12-01,1.7,0,0.0,1,0,0,-1.00E-08,-1.00E-08,-6.90E-08,3.00E-09,1.83E-07,4.30E-07,0,13.5,98.1%,100.0%,99.6%,1,NA
Browns Ferry 3,2008-01-01,0.9,0,0.0,2,0,0,5.19E-07,5.19E-07,-6.80E-08,6.00E-09,2.54E-07,4.40E-07,0,13.7,98.1%,96.9%,99.7%,1,NA
Browns Ferry 3,2008-02-01,0.9,0,0.0,2,0,0,5.19E-07,5.19E-07,-6.80E-08,6.00E-09,2.54E-07,4.40E-07,0,13.7,98.1%,96.9%,99.7%,1,NA
Browns Ferry 3,2008-03-01,0.9,0,0.0,2,0,0,5.19E-07,5.19E-07,-6.80E-08,6.00E-09,2.54E-07,4.40E-07,0,13.7,98.1%,96.9%,99.7%,1,NA
Browns Ferry 3,2008-05-01,1.0,0,0.0,2,0,0,5.80E-07,5.80E-07,-6.90E-08,1.78E-07,2.19E-07,5.00E-07,0,6.2,98.7%,91.8%,99.7%,1,NA
Browns Ferry 3,2008-06-01,1.0,0,0.0,2,0,0,5.80E-07,5.80E-07,-6.90E-08,1.78E-07,2.19E-07,5.00E-07,0,6.2,98.7%,91.8%,99.7%,1,NA
Browns Ferry 3,2008-07-01,1.0,2.1,0.0,1,0,0,6.60E-07,6.60E-07,-6.90E-08,1.83E-07,2.32E-07,3.30E-07,0,5.6,98.2%,98.4%,99.6%,1,NA
Browns Ferry 3,2008-08-01,1.0,2.1,0.0,1,0,0,6.60E-07,6.60E-07,-6.90E-08,1.83E-07,2.32E-07,3.30E-07,0,5.6,98.2%,98.4%,99.6%,1,NA
Browns Ferry 3,2008-09-01,1.0,2.1,0.0,1,0,0,6.60E-07,6.60E-07,-6.90E-08,1.83E-07,2.32E-07,3.30E-07,0,5.6,98.2%,98.4%,99.6%,1,NA
Browns Ferry 3,2008-10-01,0,2.0,0.0,1,0,0,6.80E-07,6.80E-07,-6.90E-08,1.64E-07,1.66E-07,2.70E-07,0,5.9,97.8%,100.0%,99.6%,1,NA
Browns Ferry 3,2008-11-01,0,2.0,0.0,1,0,0,6.80E-07,6.80E-07,-6.90E-08,1.64E-07,1.66E-07,2.70E-07,0,5.9,97.8%,100.0%,99.6%,1,NA
Browns Ferry 3,2008-12-01,0,2.0,0.0,1,0,0,6.80E-07,6.80E-07,-6.90E-08,1.64E-07,1.66E-07,2.70E-07,0,5.9,97.8%,100.0%,99.6%,1,NA
Browns Ferry 3,2009-01-01,0,1.8,0.0,0,0,0,6.50E-07,6.50E-07,-6.90E-08,1.62E-07,-3.80E-08,2.60E-07,0,5.4,97.9%,100.0%,99.4%,1,NA
Browns Ferry 3,2009-02-01,0,1.8,0.0,0,0,0,6.50E-07,6.50E-07,-6.90E-08,1.62E-07,-3.80E-08,2.60E-07,0,5.4,97.9%,100.0%,99.4%,1,NA
Browns Ferry 3,2009-03-01,0,1.8,0.0,0,0,0,6.50E-07,6.50E-07,-6.90E-08,1.62E-07,-3.80E-08,2.60E-07,0,5.4,97.9%,100.0%,99.4%,1,NA
Browns Ferry 3,2009-04-01,0,1.6,0.0,0,0,0,5.30E-07,5.30E-07,-6.90E-08,1.71E-07,-4.00E-08,2.47E-07,0,5.3,98.6%,97.1%,99.5%,1,NA
Browns Ferry 3,2009-05-01,0,1.6,0.0,0,0,0,5.30E-07,5.30E-07,-6.90E-08,1.71E-07,-4.00E-08,2.47E-07,0,5.4,98.6%,97.1%,99.5%,1,NA
Browns Ferry 3,2009-06-01,0,1.6,0.0,0,0,0,5.30E-07,5.30E-07,-6.90E-08,1.71E-07,-4.00E-08,2.47E-07,0,5.3,98.6%,97.1%,99.5%,1,NA
Browns Ferry 3,2009-07-01,0.8,0.8,0.0,0,0,0,5.30E-07,5.30E-07,-7.00E-08,3.53E-07,-5.38E-08,1.16E-07,0,5.3,98.6%,97.0%,99.6%,1,NA
Browns Ferry 3,2009-08-01,0.8,0.8,0.0,0,0,0,5.30E-07,5.30E-07,-7.00E-08,3.53E-07,-5.38E-08,1.16E-07,0,5.3,98.6%,97.0%,99.6%,1,NA
Browns Ferry 3,2009-09-01,0.8,0.8,0.0,0,0,0,5.30E-07,5.30E-07,-7.00E-08,3.53E-07,-5.38E-08,1.16E-07,0,5.6,98.6%,97.0%,99.6%,1,NA
Browns Ferry 3,2009-10-01,1.7,0.8,0.0,1,0,0,5.80E-07,5.80E-07,-4.53E-08,5.34E-07,-8.00E-09,1.47E-07,0,19.7,98.7%,100.0%,99.7%,1,NA
Browns Ferry 3,2009-11-01,1.7,0.8,0.0,1,0,0,5.80E-07,5.80E-07,-4.53E-08,5.34E-07,-8.00E-09,1.47E-07,0,5.9,98.7%,100.0%,99.7%,1,NA
Browns Ferry 3,2009-12-01,1.7,0.8,0.0,1,0,0,5.80E-07,5.80E-07,-4.53E-08,5.34E-07,-8.00E-09,1.47E-07,0,5.9,98.7%,100.0%,99.7%,1,NA
Browns Ferry 3,2007-01-01,2.4,0.8,NA,0,0,0,-8.97E-07,-8.97E-07,-6.40E-08,-4.30E-08,2.35E-07,3.10E-07,0,7.4,98.9%,96.9%,99.5%,1,NA
Browns Ferry 3,2007-02-01,2.4,0.8,NA,0,0,0,-8.97E-07,-8.97E-07,-6.40E-08,-4.30E-08,2.35E-07,3.10E-07,0,7.4,98.9%,96.9%,99.5%,1,NA
Browns Ferry 3,2007-03-01,2.4,0.8,NA,0,0,0,-8.97E-07,-8.97E-07,-6.40E-08,-4.30E-08,2.35E-07,3.10E-07,0,7.4,98.9%,96.9%,99.5%,1,NA
Browns Ferry 3,2007-04-01,2.4,0.8,NA,0,0,0,4.54E-07,4.54E-07,-6.70E-08,-1.90E-08,1.65E-07,3.20E-07,0,8.0,98.3%,98.5%,99.5%,1,NA
Browns Ferry 3,2007-05-01,2.4,0.8,NA,0,0,0,4.54E-07,4.54E-07,-6.70E-08,-1.90E-08,1.65E-07,3.20E-07,0,8.0,98.3%,98.5%,99.5%,1,NA
Browns Ferry 3,2007-06-01,2.4,0.8,NA,0,0,0,4.54E-07,4.54E-07,-6.70E-08,-1.90E-08,1.65E-07,3.20E-07,0,8.0,98.3%,98.5%,99.5%,1,NA
Browns Ferry 3,2008-04-01,1.0,0,0.0,2,0,0,5.80E-07,5.80E-07,-6.90E-08,1.78E-07,2.19E-07,5.00E-07,NA,0,98.7%,91.8%,99.7%,1,NA
Brunswick 1,2007-01-01,0,0.8,0.0,2,0,0,3.70E-06,3.70E-06,-5.95E-08,-4.06E-08,-1.26E-06,-2.41E-07,0,10.4,95.7%,97.2%,100.0%,1,NA
Brunswick 1,2007-02-01,0,0.8,0.0,2,0,0,3.70E-06,3.70E-06,-5.95E-08,-4.06E-08,-1.26E-06,-2.41E-07,0,10.4,95.7%,97.2%,100.0%,1,NA
Brunswick 1,2007-03-01,0,0.8,0.0,2,0,0,3.70E-06,3.70E-06,-5.95E-08,-4.06E-08,-1.26E-06,-2.41E-07,0,11.2,95.7%,97.2%,100.0%,1,NA
Brunswick 1,2007-04-01,0,1.7,0.0,1,0,0,3.40E-06,3.40E-06,-5.73E-08,-4.07E-08,-1.27E-06,4.20E-07,0,10.8,95.7%,98.1%,100.0%,1,NA
Brunswick 1,2007-05-01,0,1.7,0.0,1,0,0,3.40E-06,3.40E-06,-5.73E-08,-4.07E-08,-1.27E-06,4.20E-07,0,11.2,95.7%,98.1%,100.0%,1,NA
Brunswick 1,2007-06-01,0,1.7,0.0,1,0,0,3.40E-06,3.40E-06,-5.73E-08,-4.07E-08,-1.27E-06,4.20E-07,0.1,11.2,95.7%,98.1%,100.0%,1,NA
Brunswick 1,2007-07-01,0,2.5,0.0,1,0,0,3.20E-06,3.20E-06,-5.44E-08,-3.72E-08,-1.39E-06,2.95E-06,0.1,10.8,95.3%,93.5%,100.0%,1,NA
Brunswick 1,2007-08-01,0,2.5,0.0,1,0,0,3.20E-06,3.20E-06,-5.44E-08,-3.72E-08,-1.39E-06,2.95E-06,0.1,10.8,95.3%,93.5%,100.0%,1,NA
Brunswick 1,2007-09-01,0,2.5,0.0,1,0,0,3.20E-06,3.20E-06,-5.44E-08,-3.72E-08,-1.39E-06,2.95E-06,0.1,11.6,95.3%,93.5%,100.0%,1,NA
Brunswick 1,2007-10-01,0,2.5,0.0,0,0,0,1.57E-07,1.57E-07,-6.39E-08,-2.83E-08,-3.60E-07,3.51E-07,0,11.2,97.1%,100.0%,100.0%,1,NA
Brunswick 1,2007-11-01,0,2.5,0.0,0,0,0,1.57E-07,1.57E-07,-6.39E-08,-2.83E-08,-3.60E-07,3.51E-07,0,11.2,97.1%,100.0%,100.0%,1,NA
Brunswick 1,2007-12-01,0,2.5,0.0,0,0,0,1.57E-07,1.57E-07,-6.39E-08,-2.83E-08,-3.60E-07,3.51E-07,0,8.1,97.1%,100.0%,100.0%,1,NA
Brunswick 1,2008-01-01,0,2.6,0.0,0,0,0,1.59E-07,1.59E-07,-4.60E-08,-2.81E-08,-5.69E-07,3.61E-07,0.1,10.8,98.2%,100.0%,100.0%,1,NA
Brunswick 1,2008-02-01,0,2.6,0.0,0,0,0,1.59E-07,1.59E-07,-4.60E-08,-2.81E-08,-5.69E-07,3.61E-07,0.1,11.2,98.2%,100.0%,100.0%,1,NA
Brunswick 1,2008-03-01,0,2.6,0.0,0,0,0,1.59E-07,1.59E-07,-4.60E-08,-2.81E-08,-5.69E-07,3.61E-07,0,10.9,98.2%,100.0%,100.0%,1,NA
Brunswick 1,2008-05-01,0,1.9,0.0,1,0,0,1.60E-07,1.60E-07,6.40E-08,-2.75E-08,-5.59E-07,3.61E-07,0,13.2,97.5%,100.0%,99.9%,1,NA
Brunswick 1,2008-06-01,0,1.9,0.0,1,0,0,1.60E-07,1.60E-07,6.40E-08,-2.75E-08,-5.59E-07,3.61E-07,0,12.0,97.5%,100.0%,99.9%,1,NA
Brunswick 1,2008-07-01,0,0,0.0,2,0,0,9.70E-08,9.70E-08,2.84E-07,-3.63E-08,-5.59E-07,3.70E-07,0,13.6,97.0%,100.0%,99.9%,1,NA
Brunswick 1,2008-08-01,0,0,0.0,2,0,0,9.70E-08,9.70E-08,2.84E-07,-3.63E-08,-5.59E-07,3.70E-07,0,13.2,97.0%,100.0%,99.9%,1,NA
Brunswick 1,2008-09-01,0,0,0.0,2,0,0,9.70E-08,9.70E-08,2.84E-07,-3.63E-08,-5.59E-07,3.70E-07,0,14.0,97.0%,100.0%,99.9%,1,NA
Brunswick 1,2008-10-01,0.9,0,1.0,2,0,0,1.02E-07,1.02E-07,2.84E-07,-3.62E-08,-5.49E-07,3.70E-07,0,14.4,97.6%,100.0%,100.0%,1,NA
Brunswick 1,2008-11-01,0.9,0,1.0,2,0,0,1.02E-07,1.02E-07,2.84E-07,-3.62E-08,-5.49E-07,3.70E-07,0,14.8,97.6%,100.0%,100.0%,1,NA
Brunswick 1,2008-12-01,0.9,0,1.0,2,0,0,1.02E-07,1.02E-07,2.84E-07,-3.62E-08,-5.49E-07,3.70E-07,0,13.6,97.6%,100.0%,100.0%,1,NA
Brunswick 1,2009-01-01,0.9,0.9,1.0,3,0,0,1.00E-07,1.00E-07,2.34E-07,-3.64E-08,-5.49E-07,3.50E-07,0,14.4,97.6%,100.0%,100.0%,1,NA
Brunswick 1,2009-02-01,0.9,0.9,1.0,3,0,0,1.00E-07,1.00E-07,2.34E-07,-3.64E-08,-5.49E-07,3.50E-07,0,14.4,97.6%,100.0%,100.0%,1,NA
Brunswick 1,2009-03-01,0.9,0.9,1.0,3,0,0,1.00E-07,1.00E-07,2.34E-07,-3.64E-08,-5.49E-07,3.50E-07,0,14.8,97.6%,100.0%,100.0%,1,NA
Brunswick 1,2009-04-01,0.8,0.8,1.0,3,0,0,1.55E-07,1.55E-07,2.35E-07,-2.79E-08,-5.39E-07,3.50E-07,0,14.0,97.8%,100.0%,100.0%,1,NA
Brunswick 1,2009-05-01,0.8,0.8,1.0,3,0,0,1.55E-07,1.55E-07,2.35E-07,-2.79E-08,-5.39E-07,3.50E-07,0,14.0,97.8%,100.0%,100.0%,1,NA
Brunswick 1,2009-06-01,0.8,0.8,1.0,3,0,0,1.55E-07,1.55E-07,2.35E-07,-2.79E-08,-5.39E-07,3.50E-07,0,14.4,97.8%,100.0%,100.0%,1,NA
Brunswick 1,2009-07-01,0.8,2.5,0.0,1,0,0,1.29E-07,1.29E-07,2.55E-07,-2.64E-08,-5.29E-07,4.39E-07,0.1,14.4,97.7%,100.0%,100.0%,1,NA
Brunswick 1,2009-08-01,0.8,2.5,0.0,1,0,0,1.29E-07,1.29E-07,2.55E-07,-2.64E-08,-5.29E-07,4.39E-07,0,15.6,97.7%,100.0%,100.0%,1,NA
Brunswick 1,2009-09-01,0.8,2.5,0.0,1,0,0,1.29E-07,1.29E-07,2.55E-07,-2.64E-08,-5.29E-07,4.39E-07,0,15.6,97.7%,100.0%,100.0%,1,NA
Brunswick 1,2008-04-01,0,1.9,0.0,1,0,0,1.60E-07,1.60E-07,6.40E-08,-2.75E-08,-5.59E-07,3.61E-07,NA,10.8,97.5%,100.0%,99.9%,1,NA
Brunswick 1,2009-10-01,0.8,2.5,0.0,2,0,0,NA,NA,NA,NA,NA,NA,0,15.2,97.8%,100.0%,100.0%,1,NA
Brunswick 1,2009-11-01,0.8,2.5,0.0,2,0,0,NA,NA,NA,NA,NA,NA,0,16.0,97.8%,100.0%,100.0%,1,NA
Brunswick 1,2009-12-01,0.8,2.5,0.0,2,0,0,NA,NA,NA,NA,NA,NA,0,16.4,97.8%,100.0%,100.0%,1,NA
Brunswick 2,2007-01-01,2.9,0,0.0,NA,0,0,NA,1.88E-06,-8.20E-08,-4.65E-08,-5.20E-07,-3.17E-07,3.2,12.4,95.7%,97.2%,100.0%,1,NA
Brunswick 2,2007-02-01,2.9,0,0.0,NA,0,0,NA,1.88E-06,-8.20E-08,-4.65E-08,-5.20E-07,-3.17E-07,3.3,12.4,95.7%,97.2%,100.0%,1,NA
Brunswick 2,2007-03-01,2.9,0,0.0,NA,0,0,NA,1.88E-06,-8.20E-08,-4.65E-08,-5.20E-07,-3.17E-07,3.1,12.0,95.7%,97.2%,100.0%,1,NA
Brunswick 2,2007-04-01,2.9,0,0.0,NA,0,0,NA,1.70E-06,-9.40E-08,-4.10E-09,-5.20E-07,-3.22E-07,1.7,8.8,95.7%,98.1%,100.0%,1,NA
Brunswick 2,2007-05-01,2.9,0,0.0,NA,0,0,NA,1.70E-06,-9.40E-08,-4.10E-09,-5.20E-07,-3.22E-07,1.7,8.8,95.7%,98.1%,100.0%,1,NA
Brunswick 2,2007-06-01,2.9,0,0.0,NA,0,0,NA,1.70E-06,-9.40E-08,-4.10E-09,-5.20E-07,-3.22E-07,2.0,8.8,95.7%,98.1%,100.0%,1,NA
Brunswick 2,2007-07-01,2.9,0,1.0,NA,0,0,NA,1.51E-06,-9.40E-08,-4.10E-09,-2.35E-06,1.40E-07,1.6,8.8,95.3%,93.5%,100.0%,1,NA
Brunswick 2,2007-08-01,2.9,0,1.0,NA,0,0,NA,1.51E-06,-9.40E-08,-4.10E-09,-2.35E-06,1.40E-07,1.8,8.4,95.3%,93.5%,100.0%,1,NA
Brunswick 2,2007-09-01,2.9,0,1.0,NA,0,0,NA,1.51E-06,-9.40E-08,-4.10E-09,-2.35E-06,1.40E-07,1.7,8.4,95.3%,93.5%,100.0%,1,NA
Brunswick 2,2007-10-01,0,0,0.0,NA,0,0,NA,9.44E-08,1.67E-07,3.74E-09,-4.65E-07,-5.80E-08,1.8,8.8,97.1%,100.0%,100.0%,1,NA
Brunswick 2,2007-11-01,0,0,0.0,NA,0,0,NA,9.44E-08,1.67E-07,3.74E-09,-4.65E-07,-5.80E-08,1.7,8.4,97.1%,100.0%,100.0%,1,NA
Brunswick 2,2007-12-01,0,0,0.0,NA,0,0,NA,9.44E-08,1.67E-07,3.74E-09,-4.65E-07,-5.80E-08,1.7,8.8,97.1%,100.0%,100.0%,1,NA
Brunswick 2,2008-01-01,0,0.8,0.0,NA,0,0,NA,9.38E-08,1.63E-07,2.21E-09,-4.71E-07,-1.44E-07,1.7,8.8,98.2%,100.0%,100.0%,1,NA
Brunswick 2,2008-02-01,0,0.8,0.0,NA,0,0,NA,9.38E-08,1.63E-07,2.21E-09,-4.71E-07,-1.44E-07,1.5,9.2,98.2%,100.0%,100.0%,1,NA
Brunswick 2,2008-03-01,0,0.8,0.0,NA,0,0,NA,9.38E-08,1.63E-07,2.21E-09,-4.71E-07,-1.44E-07,1.6,9.2,98.2%,100.0%,100.0%,1,NA
Brunswick 2,2008-04-01,0,0.8,0.0,NA,0,0,NA,9.39E-08,1.71E-07,-1.10E-09,-4.73E-07,-1.34E-07,1.8,9.2,97.5%,100.0%,99.9%,1,NA
Brunswick 2,2008-05-01,0,0.8,0.0,NA,0,0,NA,9.39E-08,1.71E-07,-1.10E-09,-4.73E-07,-1.34E-07,1.5,9.2,97.5%,100.0%,99.9%,1,NA
Brunswick 2,2008-06-01,0,0.8,0.0,NA,0,0,NA,9.39E-08,1.71E-07,-1.10E-09,-4.73E-07,-1.34E-07,1.8,8.8,97.5%,100.0%,99.9%,1,NA
Brunswick 2,2008-07-01,0.8,0.8,0.0,NA,0,0,NA,7.00E-08,1.70E-07,-2.00E-09,-4.39E-07,-1.44E-07,1.8,8.8,97.0%,100.0%,99.9%,1,NA
Brunswick 2,2008-08-01,0.8,0.8,0.0,NA,0,0,NA,7.00E-08,1.70E-07,-2.00E-09,-4.39E-07,-1.44E-07,1.7,10.4,97.0%,100.0%,99.9%,1,NA
Brunswick 2,2008-09-01,0.8,0.8,0.0,NA,0,0,NA,7.00E-08,1.70E-07,-2.00E-09,-4.39E-07,-1.44E-07,1.7,10.0,97.0%,100.0%,99.9%,1,NA
Brunswick 2,2008-10-01,1.6,0.8,0.0,NA,0,0,NA,8.28E-08,2.10E-07,-1.55E-09,-4.40E-07,-7.00E-08,1.8,10.4,97.6%,100.0%,100.0%,1,NA
Brunswick 2,2008-11-01,1.6,0.8,0.0,NA,0,0,NA,8.28E-08,2.10E-07,-1.55E-09,-4.40E-07,-7.00E-08,1.5,10.4,97.6%,100.0%,100.0%,1,NA
Brunswick 2,2008-12-01,1.6,0.8,0.0,NA,0,0,NA,8.28E-08,2.10E-07,-1.55E-09,-4.40E-07,-7.00E-08,1.4,9.2,97.6%,100.0%,100.0%,1,NA
Brunswick 2,2009-01-01,1.8,0,0.0,NA,0,0,NA,9.30E-08,3.50E-07,-3.37E-09,-4.15E-07,-2.70E-08,1.4,10.0,97.6%,100.0%,100.0%,1,NA
Brunswick 2,2009-02-01,1.8,0,0.0,NA,0,0,NA,9.30E-08,3.50E-07,-3.37E-09,-4.15E-07,-2.70E-08,1.4,9.6,97.6%,100.0%,100.0%,1,NA
Brunswick 2,2009-03-01,1.8,0,0.0,NA,0,0,NA,9.30E-08,3.50E-07,-3.37E-09,-4.15E-07,-2.70E-08,NA,NA,97.6%,100.0%,100.0%,1,NA
Brunswick 2,2009-04-01,2.0,1.0,0.0,NA,0,0,NA,1.35E-07,3.60E-07,7.00E-10,-3.88E-07,-2.04E-08,NA,10.4,97.8%,100.0%,100.0%,1,NA
Brunswick 2,2009-05-01,2.0,1.0,0.0,NA,0,0,NA,1.35E-07,3.60E-07,7.00E-10,-3.88E-07,-2.04E-08,0.4,12.4,97.8%,100.0%,100.0%,1,NA
Brunswick 2,2009-06-01,2.0,1.0,0.0,NA,0,0,NA,1.35E-07,3.60E-07,7.00E-10,-3.88E-07,-2.04E-08,0.5,12.0,97.8%,100.0%,100.0%,1,NA
Brunswick 2,2009-07-01,1.0,2.0,0.0,NA,0,0,NA,1.41E-07,3.80E-07,-1.55E-09,-2.90E-07,-1.61E-08,0.5,9.6,97.7%,100.0%,100.0%,1,NA
Brunswick 2,2009-08-01,1.0,2.0,0.0,NA,0,0,NA,1.41E-07,3.80E-07,-1.55E-09,-2.90E-07,-1.61E-08,0.4,9.6,97.7%,100.0%,100.0%,1,NA
Brunswick 2,2009-09-01,1.0,2.0,0.0,NA,0,0,NA,1.41E-07,3.80E-07,-1.55E-09,-2.90E-07,-1.61E-08,0.4,9.6,97.7%,100.0%,100.0%,1,NA
Brunswick 2,2009-10-01,0,3.9,0.0,NA,0,0,NA,2.40E-08,3.80E-07,8.22E-09,-2.80E-07,-5.20E-08,0.5,12.0,97.8%,100.0%,100.0%,1,NA
Brunswick 2,2009-11-01,0,3.9,0.0,NA,0,0,NA,2.40E-08,3.80E-07,8.22E-09,-2.80E-07,-5.20E-08,0.5,10.4,97.8%,100.0%,100.0%,1,NA
Brunswick 2,2009-12-01,0,3.9,0.0,NA,0,0,NA,2.40E-08,3.80E-07,8.22E-09,-2.80E-07,-5.20E-08,0.5,10.4,97.8%,100.0%,100.0%,1,NA
Byron 1,2007-07-01,0,0,0.0,0,0,0,NA,-2.52E-06,4.40E-08,-1.01E-06,-1.56E-07,-7.35E-07,0.8,1.2,97.6%,100.0%,99.8%,18,NA
Byron 1,2007-08-01,0,0,0.0,0,0,0,NA,-2.52E-06,4.40E-08,-1.01E-06,-1.56E-07,-7.35E-07,0.8,1.2,97.6%,100.0%,99.8%,18,NA
Byron 1,2007-09-01,0,0,0.0,0,0,0,NA,-2.52E-06,4.40E-08,-1.01E-06,-1.56E-07,-7.35E-07,0.7,1.1,97.6%,100.0%,99.8%,18,NA
Byron 1,2007-10-01,0,0.8,0.0,0,0,0,NA,-2.53E-06,4.50E-08,-1.02E-06,-9.30E-08,-7.33E-07,0.8,1.3,97.5%,100.0%,99.8%,18,NA
Byron 1,2007-11-01,0,0.8,0.0,0,0,0,NA,-2.53E-06,4.50E-08,-1.02E-06,-9.30E-08,-7.33E-07,1.0,1.6,97.5%,100.0%,99.8%,18,NA
Byron 1,2007-12-01,0,0.8,0.0,0,0,0,NA,-2.53E-06,4.50E-08,-1.02E-06,-9.30E-08,-7.33E-07,0.9,1.3,97.5%,100.0%,99.8%,18,NA
Byron 1,2008-01-01,0,0.8,0.0,0,1.0,0,NA,-2.59E-06,3.00E-08,8.20E-07,4.00E-08,-7.34E-07,0.9,1.3,97.4%,100.0%,99.7%,18,NA
Byron 1,2008-02-01,0,0.8,0.0,0,1.0,0,NA,-2.59E-06,3.00E-08,8.20E-07,4.00E-08,-7.34E-07,0.9,1.3,97.4%,100.0%,99.7%,18,NA
Byron 1,2008-03-01,0,0.8,0.0,0,1.0,0,NA,-2.59E-06,3.00E-08,8.20E-07,4.00E-08,-7.34E-07,1.1,1.4,97.4%,100.0%,99.7%,18,NA
Byron 1,2008-04-01,0,0.9,0.0,0,1.0,0,NA,-2.65E-06,6.00E-09,6.70E-07,6.00E-08,-7.32E-07,0.2,1.4,97.3%,100.0%,99.8%,18,NA
Byron 1,2008-05-01,0,0.9,0.0,0,1.0,0,NA,-2.65E-06,6.00E-09,6.70E-07,6.00E-08,-7.32E-07,0.2,1.2,97.3%,100.0%,99.8%,18,NA
Byron 1,2008-06-01,0,0.9,0.0,0,1.0,0,NA,-2.65E-06,6.00E-09,6.70E-07,6.00E-08,-7.32E-07,0.2,1.3,97.3%,100.0%,99.8%,18,NA
Byron 1,2008-07-01,0,0.9,0.0,0,1.0,0,NA,-1.43E-06,2.00E-08,3.00E-07,1.00E-07,-5.10E-07,0.2,1.1,97.0%,100.0%,99.4%,18,NA
Byron 1,2008-08-01,0,0.9,0.0,0,1.0,0,NA,-1.43E-06,2.00E-08,3.00E-07,1.00E-07,-5.10E-07,0.2,1.7,97.0%,100.0%,99.4%,18,NA
Byron 1,2008-09-01,0,0.9,0.0,0,1.0,0,NA,-1.43E-06,2.00E-08,3.00E-07,1.00E-07,-5.10E-07,0.2,1.2,97.0%,100.0%,99.4%,18,NA
Byron 1,2008-10-01,0,0,0.0,0,1.0,0,NA,-1.42E-06,3.60E-08,2.90E-07,1.10E-07,-3.60E-07,0.2,1.1,96.5%,100.0%,99.4%,18,NA
Byron 1,2008-11-01,0,0,0.0,0,1.0,0,NA,-1.42E-06,3.60E-08,2.90E-07,1.10E-07,-3.60E-07,0.2,1.1,96.5%,100.0%,99.4%,18,NA
Byron 1,2008-12-01,0,0,0.0,0,1.0,0,NA,-1.42E-06,3.60E-08,2.90E-07,1.10E-07,-3.60E-07,0.2,1.1,96.5%,100.0%,99.4%,18,NA
Byron 1,2009-01-01,0,0,0.0,0,0.0,0,NA,-1.25E-06,1.10E-08,3.50E-07,1.00E-07,-1.34E-06,0.3,1.1,96.7%,100.0%,99.4%,18,NA
Byron 1,2009-02-01,0,0,0.0,0,0.0,0,NA,-1.25E-06,1.10E-08,3.50E-07,1.00E-07,-1.34E-06,0.3,1.2,96.7%,100.0%,99.4%,18,NA
Byron 1,2009-03-01,0,0,0.0,0,0.0,0,NA,-1.25E-06,1.10E-08,3.50E-07,1.00E-07,-1.34E-06,0.3,1.1,96.7%,100.0%,99.4%,18,NA
Byron 1,2009-04-01,0,0,0.0,0,0.0,0,NA,-1.21E-06,-9.80E-09,3.40E-07,1.40E-07,-1.31E-06,0.3,1.1,97.9%,100.0%,99.4%,18,NA
Byron 1,2009-05-01,0,0,0.0,0,0.0,0,NA,-1.21E-06,-9.80E-09,3.40E-07,1.40E-07,-1.31E-06,0.3,1.1,97.9%,100.0%,99.4%,18,NA
Byron 1,2009-06-01,0,0,0.0,0,0.0,0,NA,-1.21E-06,-9.80E-09,3.40E-07,1.40E-07,-1.31E-06,0.3,1.1,97.9%,100.0%,99.4%,18,NA
Byron 1,2009-07-01,0,0,0.0,0,0.0,0,NA,-5.08E-07,-1.83E-09,2.47E-07,-1.00E-08,-7.40E-07,0.3,1.0,97.6%,100.0%,99.8%,18,NA
Byron 1,2009-08-01,0,0,0.0,0,0.0,0,NA,-5.08E-07,-1.83E-09,2.47E-07,-1.00E-08,-7.40E-07,0.3,1.0,97.6%,100.0%,99.8%,18,NA
Byron 1,2009-09-01,0,0,0.0,0,0.0,0,NA,-5.08E-07,-1.83E-09,2.47E-07,-1.00E-08,-7.40E-07,0.3,1.0,97.6%,100.0%,99.8%,18,NA
Byron 1,2009-10-01,0,0,0.0,0,0.0,0,NA,-5.23E-07,6.30E-09,1.36E-07,-9.00E-09,-7.60E-07,0.1,1.2,97.7%,100.0%,99.8%,18,NA
Byron 1,2009-11-01,0,0,0.0,0,0.0,0,NA,-5.23E-07,6.30E-09,1.36E-07,-9.00E-09,-7.60E-07,0.1,1.2,97.7%,100.0%,99.8%,18,NA
Byron 1,2009-12-01,0,0,0.0,0,0.0,0,NA,-5.23E-07,6.30E-09,1.36E-07,-9.00E-09,-7.60E-07,0.1,1.2,97.7%,100.0%,99.8%,18,NA
Byron 1,2007-01-01,0,0,NA,0,0,0,NA,-2.43E-06,1.70E-08,-1.00E-06,-1.13E-07,-6.40E-07,0.6,1.4,98.2%,100.0%,99.8%,18,NA
Byron 1,2007-02-01,0,0,NA,0,0,0,NA,-2.43E-06,1.70E-08,-1.00E-06,-1.13E-07,-6.40E-07,0.7,1.3,98.2%,100.0%,99.8%,18,NA
Byron 1,2007-03-01,0,0,NA,0,0,0,NA,-2.43E-06,1.70E-08,-1.00E-06,-1.13E-07,-6.40E-07,0.6,1.3,98.2%,100.0%,99.8%,18,NA
Byron 1,2007-04-01,0,0,NA,0,0,0,NA,-2.51E-06,1.70E-08,-1.00E-06,-1.13E-07,-7.34E-07,0.6,1.3,98.1%,100.0%,99.8%,18,NA
Byron 1,2007-05-01,0,0,NA,0,0,0,NA,-2.51E-06,1.70E-08,-1.00E-06,-1.13E-07,-7.34E-07,0.7,1.2,98.1%,100.0%,99.8%,18,NA
Byron 1,2007-06-01,0,0,NA,0,0,0,NA,-2.51E-06,1.70E-08,-1.00E-06,-1.13E-07,-7.34E-07,0.7,1.1,98.1%,100.0%,99.8%,18,NA
Byron 2,2007-07-01,0,0,0.0,0,0,0,NA,-2.35E-06,-5.90E-08,1.83E-06,-1.93E-07,-6.64E-07,0,0.7,97.6%,100.0%,99.8%,5,NA
Byron 2,2007-08-01,0,0,0.0,0,0,0,NA,-2.35E-06,-5.90E-08,1.83E-06,-1.93E-07,-6.64E-07,0,0.7,97.6%,100.0%,99.8%,5,NA
Byron 2,2007-09-01,0,0,0.0,0,0,0,NA,-2.35E-06,-5.90E-08,1.83E-06,-1.93E-07,-6.64E-07,0.1,1.1,97.6%,100.0%,99.8%,5,NA
Byron 2,2007-10-01,0,1.0,0.0,0,0,0,NA,-2.35E-06,-5.90E-08,1.74E-06,-2.03E-07,-6.98E-07,0,1.5,97.5%,100.0%,99.8%,5,NA
Byron 2,2007-11-01,0,1.0,0.0,0,0,0,NA,-2.35E-06,-5.90E-08,1.74E-06,-2.03E-07,-6.98E-07,0.1,0.9,97.5%,100.0%,99.8%,5,NA
Byron 2,2007-12-01,0,1.0,0.0,0,0,0,NA,-2.35E-06,-5.90E-08,1.74E-06,-2.03E-07,-6.98E-07,0,0.6,97.5%,100.0%,99.8%,5,NA
Byron 2,2008-01-01,0,0,0.0,0,1,0,NA,-2.41E-06,-5.90E-08,3.20E-07,-6.90E-08,-6.73E-07,0,0.6,97.4%,100.0%,99.7%,5,NA
Byron 2,2008-02-01,0,0,0.0,0,1,0,NA,-2.41E-06,-5.90E-08,3.20E-07,-6.90E-08,-6.73E-07,0,0.5,97.4%,100.0%,99.7%,5,NA
Byron 2,2008-03-01,0,0,0.0,0,1,0,NA,-2.41E-06,-5.90E-08,3.20E-07,-6.90E-08,-6.73E-07,0,0.5,97.4%,100.0%,99.7%,5,NA
Byron 2,2008-04-01,0,0,0.0,0,1,0,NA,-2.44E-06,-5.90E-08,4.00E-07,1.00E-07,-7.01E-07,0,0.5,97.3%,98.8%,99.8%,5,NA
Byron 2,2008-05-01,0,0,0.0,0,1,0,NA,-2.44E-06,-5.90E-08,4.00E-07,1.00E-07,-7.01E-07,0,0.5,97.3%,98.8%,99.8%,5,NA
Byron 2,2008-06-01,0,0,0.0,0,1,0,NA,-2.44E-06,-5.90E-08,4.00E-07,1.00E-07,-7.01E-07,0,0.5,97.3%,98.8%,99.8%,5,NA
Byron 2,2008-07-01,0,0,0.0,0,1,0,NA,-1.32E-06,-6.50E-08,6.97E-07,1.90E-07,-3.59E-06,0,0.5,97.0%,100.0%,99.4%,5,NA
Byron 2,2008-08-01,0,0,0.0,0,1,0,NA,-1.32E-06,-6.50E-08,6.97E-07,1.90E-07,-3.59E-06,0,0.5,97.0%,100.0%,99.4%,5,NA
Byron 2,2008-09-01,0,0,0.0,0,1,0,NA,-1.32E-06,-6.50E-08,6.97E-07,1.90E-07,-3.59E-06,0,0.6,97.0%,100.0%,99.4%,5,NA
Byron 2,2008-10-01,0,0,0.0,0,1,0,NA,-1.31E-06,-6.50E-08,7.30E-08,2.30E-07,-3.59E-06,0.1,0.8,96.5%,100.0%,99.4%,5,NA
Byron 2,2008-11-01,0,0,0.0,0,1,0,NA,-1.31E-06,-6.50E-08,7.30E-08,2.30E-07,-3.59E-06,0,0.8,96.5%,100.0%,99.4%,5,NA
Byron 2,2008-12-01,0,0,0.0,0,1,0,NA,-1.31E-06,-6.50E-08,7.30E-08,2.30E-07,-3.59E-06,0,0.6,96.5%,100.0%,99.4%,5,NA
Byron 2,2009-01-01,0,0,0.0,0,0,0,NA,-1.25E-06,-5.10E-08,-6.70E-07,2.10E-07,-2.62E-07,0.1,0.6,96.7%,100.0%,99.4%,5,NA
Byron 2,2009-02-01,0,0,0.0,0,0,0,NA,-1.25E-06,-5.10E-08,-6.70E-07,2.10E-07,-2.62E-07,0,0.5,96.7%,100.0%,99.4%,5,NA
Byron 2,2009-03-01,0,0,0.0,0,0,0,NA,-1.25E-06,-5.10E-08,-6.70E-07,2.10E-07,-2.62E-07,0,0.5,96.7%,100.0%,99.4%,5,NA
Byron 2,2009-04-01,0,0,0.0,0,0,0,NA,-1.22E-06,-5.30E-08,-6.60E-07,1.80E-07,-2.62E-07,0,0.5,97.9%,100.0%,99.4%,5,NA
Byron 2,2009-05-01,0,0,0.0,0,0,0,NA,-1.22E-06,-5.30E-08,-6.60E-07,1.80E-07,-2.62E-07,0,0.5,97.9%,100.0%,99.4%,5,NA
Byron 2,2009-06-01,0,0,0.0,0,0,0,NA,-1.22E-06,-5.30E-08,-6.60E-07,1.80E-07,-2.62E-07,0,0.6,97.9%,100.0%,99.4%,5,NA
Byron 2,2009-07-01,0,0,0.0,0,0,0,NA,-5.15E-07,-1.17E-08,-1.66E-07,1.30E-08,-3.10E-08,0,0.5,97.6%,100.0%,99.8%,5,NA
Byron 2,2009-08-01,0,0,0.0,0,0,0,NA,-5.15E-07,-1.17E-08,-1.66E-07,1.30E-08,-3.10E-08,0,0.5,97.6%,100.0%,99.8%,5,NA
Byron 2,2009-09-01,0,0,0.0,0,0,0,NA,-5.15E-07,-1.17E-08,-1.66E-07,1.30E-08,-3.10E-08,0,0.4,97.6%,100.0%,99.8%,5,NA
Byron 2,2007-01-01,0,0,NA,1,0,0,NA,-2.25E-06,-5.80E-08,2.10E-06,-1.83E-07,2.90E-07,0,0.6,98.2%,100.0%,99.8%,5,NA
Byron 2,2007-02-01,0,0,NA,1,0,0,NA,-2.25E-06,-5.80E-08,2.10E-06,-1.83E-07,2.90E-07,0.1,0.8,98.2%,100.0%,99.8%,5,NA
Byron 2,2007-03-01,0,0,NA,1,0,0,NA,-2.25E-06,-5.80E-08,2.10E-06,-1.83E-07,2.90E-07,0,0.8,98.2%,100.0%,99.8%,5,NA
Byron 2,2007-04-01,0,0,NA,0,0,0,NA,-2.24E-06,-5.90E-08,2.22E-06,-1.93E-07,1.50E-07,0,0.7,97.8%,100.0%,99.8%,5,NA
Byron 2,2007-05-01,0,0,NA,0,0,0,NA,-2.24E-06,-5.90E-08,2.22E-06,-1.93E-07,1.50E-07,0,1.1,97.8%,100.0%,99.8%,5,NA
Byron 2,2007-06-01,0,0,NA,0,0,0,NA,-2.24E-06,-5.90E-08,2.22E-06,-1.93E-07,1.50E-07,0,1.0,97.8%,100.0%,99.8%,5,NA
Callaway,2007-07-01,0.9,0.9,0.0,0,0,0,NA,NA,-3.27E-08,4.70E-07,-2.43E-07,-7.50E-07,0.2,0.1,95.0%,98.1%,100.0%,40,NA
Callaway,2007-08-01,0.9,0.9,0.0,0,0,0,NA,NA,-3.27E-08,4.70E-07,-2.43E-07,-7.50E-07,0.2,0.1,95.0%,98.1%,100.0%,40,NA
Callaway,2007-09-01,0.9,0.9,0.0,0,0,0,NA,NA,-3.27E-08,4.70E-07,-2.43E-07,-7.50E-07,0.9,1.1,95.0%,98.1%,100.0%,40,NA
Callaway,2007-10-01,0.9,0.9,0.0,0,0,0,NA,NA,-3.26E-08,-1.02E-06,-2.33E-07,-1.16E-06,0.5,0.1,95.0%,100.0%,100.0%,40,NA
Callaway,2007-11-01,0.9,0.9,0.0,0,0,0,NA,NA,-3.26E-08,-1.02E-06,-2.33E-07,-1.16E-06,0.3,0.2,95.0%,100.0%,100.0%,40,NA
Callaway,2007-12-01,0.9,0.9,0.0,0,0,0,NA,NA,-3.26E-08,-1.02E-06,-2.33E-07,-1.16E-06,0.4,0.3,95.0%,100.0%,100.0%,40,NA
Callaway,2008-01-01,0,0.9,0.0,0,0,0,NA,NA,-3.24E-08,-1.04E-06,-2.38E-07,-1.80E-06,0.5,0.2,95.3%,100.0%,100.0%,40,NA
Callaway,2008-02-01,0,0.9,0.0,0,0,0,NA,NA,-3.24E-08,-1.04E-06,-2.38E-07,-1.80E-06,0.6,0.2,95.3%,100.0%,100.0%,40,NA
Callaway,2008-03-01,0,0.9,0.0,0,0,0,NA,NA,-3.24E-08,-1.04E-06,-2.38E-07,-1.80E-06,0.7,0.3,95.3%,100.0%,100.0%,40,NA
Callaway,2008-04-01,0,0.8,0.0,0,0,0,NA,NA,-3.37E-08,-1.15E-06,-2.28E-07,-1.79E-06,1.5,0.4,95.7%,100.0%,99.8%,40,NA
Callaway,2008-05-01,0,0.8,0.0,0,0,0,NA,NA,-3.37E-08,-1.15E-06,-2.28E-07,-1.79E-06,2.3,0.3,95.7%,100.0%,99.8%,40,NA
Callaway,2008-06-01,0,0.8,0.0,0,0,0,NA,NA,-3.37E-08,-1.15E-06,-2.28E-07,-1.79E-06,1.9,0.2,95.7%,100.0%,99.8%,40,NA
Callaway,2008-07-01,0,0.8,0.0,0,0,0,NA,NA,-3.37E-08,-1.18E-06,-1.92E-07,-1.40E-06,1.0,0.2,96.7%,100.0%,99.7%,40,NA
Callaway,2008-08-01,0,0.8,0.0,0,0,0,NA,NA,-3.37E-08,-1.18E-06,-1.92E-07,-1.40E-06,1.2,0.3,96.7%,100.0%,99.7%,40,NA
Callaway,2008-09-01,0,0.8,0.0,0,0,0,NA,NA,-3.37E-08,-1.18E-06,-1.92E-07,-1.40E-06,2.0,0.5,96.7%,100.0%,99.7%,40,NA
Callaway,2008-10-01,2.7,0.9,0.0,0,0,0,NA,NA,-3.37E-08,-1.19E-06,-1.81E-07,-1.48E-06,1.0,0.3,96.1%,100.0%,99.7%,40,NA
Callaway,2008-11-01,2.7,0.9,0.0,0,0,0,NA,NA,-3.37E-08,-1.19E-06,-1.81E-07,-1.48E-06,0.4,0.3,96.1%,100.0%,99.7%,40,NA
Callaway,2008-12-01,2.7,0.9,0.0,0,0,0,NA,NA,-3.37E-08,-1.19E-06,-1.81E-07,-1.48E-06,7.9,0.3,96.1%,100.0%,99.7%,40,NA
Callaway,2009-01-01,2.7,0.9,0.0,0,0,0,NA,NA,-3.37E-08,-1.28E-06,-1.84E-07,-1.56E-06,3.6,0.3,96.6%,100.0%,99.7%,40,NA
Callaway,2009-02-01,2.7,0.9,0.0,0,0,0,NA,NA,-3.37E-08,-1.28E-06,-1.84E-07,-1.56E-06,2.8,0.3,96.6%,100.0%,99.7%,40,NA
Callaway,2009-03-01,2.7,0.9,0.0,0,0,0,NA,NA,-3.37E-08,-1.28E-06,-1.84E-07,-1.56E-06,5.7,0.3,96.6%,100.0%,99.7%,40,NA
Callaway,2009-04-01,2.7,1.8,0.0,0,0,0,NA,NA,-3.36E-08,-3.59E-07,-1.96E-07,-1.38E-06,4.8,0.3,97.2%,100.0%,99.9%,40,NA
Callaway,2009-05-01,2.7,1.8,0.0,0,0,0,NA,NA,-3.36E-08,-3.59E-07,-1.96E-07,-1.38E-06,2.1,0.3,97.2%,100.0%,99.9%,40,NA
Callaway,2009-06-01,2.7,1.8,0.0,0,0,0,NA,NA,-3.36E-08,-3.59E-07,-1.96E-07,-1.38E-06,2.3,0.2,97.2%,100.0%,99.9%,40,NA
Callaway,2009-07-01,2.7,1.8,0.0,2,0,0,NA,NA,-3.38E-08,-4.14E-07,-2.18E-07,-2.30E-06,2.3,0.3,98.2%,100.0%,100.0%,40,NA
Callaway,2009-08-01,2.7,1.8,0.0,2,0,0,NA,NA,-3.38E-08,-4.14E-07,-2.18E-07,-2.30E-06,3.0,0.3,98.2%,100.0%,100.0%,40,NA
Callaway,2009-09-01,2.7,1.8,0.0,2,0,0,NA,NA,-3.38E-08,-4.14E-07,-2.18E-07,-2.30E-06,1.5,0.2,98.2%,100.0%,100.0%,40,NA
Callaway,2009-10-01,0,1.6,0.0,3,0,0,NA,NA,-3.38E-08,-3.84E-07,-2.17E-07,-2.40E-06,1.2,0.2,98.0%,100.0%,99.9%,40,NA
Callaway,2009-11-01,0,1.6,0.0,3,0,0,NA,NA,-3.38E-08,-3.84E-07,-2.17E-07,-2.40E-06,1.2,0.3,98.0%,100.0%,99.9%,40,NA
Callaway,2009-12-01,0,1.6,0.0,3,0,0,NA,NA,-3.38E-08,-3.84E-07,-2.17E-07,-2.40E-06,1.2,0.3,98.0%,100.0%,99.9%,40,NA
Callaway,2007-01-01,1.7,1.7,NA,0,0,0,NA,NA,-3.27E-08,7.50E-07,-2.42E-07,1.50E-07,0.1,0.2,97.0%,97.2%,99.9%,40,NA
Callaway,2007-02-01,1.7,1.7,NA,0,0,0,NA,NA,-3.27E-08,7.50E-07,-2.42E-07,1.50E-07,0.1,0.3,97.0%,97.2%,99.9%,40,NA
Callaway,2007-03-01,1.7,1.7,NA,0,0,0,NA,NA,-3.27E-08,7.50E-07,-2.42E-07,1.50E-07,0.1,0.4,97.0%,97.2%,99.9%,40,NA
Callaway,2007-04-01,0.9,0.9,NA,0,0,0,NA,NA,-3.27E-08,7.40E-07,-2.43E-07,-7.00E-07,N/A,N/A,97.2%,95.4%,100.0%,40,NA
Callaway,2007-05-01,0.9,0.9,NA,0,0,0,NA,NA,-3.27E-08,7.40E-07,-2.43E-07,-7.00E-07,0.3,0.2,97.2%,95.4%,100.0%,40,NA
Callaway,2007-06-01,0.9,0.9,NA,0,0,0,NA,NA,-3.27E-08,7.40E-07,-2.43E-07,-7.00E-07,0.3,0.1,97.2%,95.4%,100.0%,40,NA
Calvert Cliffs 1,2007-07-01,0.8,1.6,0.0,1.0,0,0,5.50E-07,NA,-6.93E-08,-2.07E-07,-4.50E-09,-7.79E-08,2.7,2.1,94.0%,86.5%,99.6%,12,NA
Calvert Cliffs 1,2007-08-01,0.8,1.6,0.0,1.0,0,0,5.50E-07,NA,-6.93E-08,-2.07E-07,-4.50E-09,-7.79E-08,2.5,2.6,94.0%,86.5%,99.6%,12,NA
Calvert Cliffs 1,2007-09-01,0.8,1.6,0.0,1.0,0,0,5.50E-07,NA,-6.93E-08,-2.07E-07,-4.50E-09,-7.79E-08,3.4,1.8,94.0%,86.5%,99.6%,12,NA
Calvert Cliffs 1,2007-10-01,0,0.8,0.0,0,0,0,5.70E-07,NA,-7.44E-08,-2.49E-07,6.00E-09,-7.30E-08,2.9,1.9,94.2%,96.6%,99.5%,12,NA
Calvert Cliffs 1,2007-11-01,0,0.8,0.0,0,0,0,5.70E-07,NA,-7.44E-08,-2.49E-07,6.00E-09,-7.30E-08,2.4,3.0,94.2%,96.6%,99.5%,12,NA
Calvert Cliffs 1,2007-12-01,0,0.8,0.0,0,0,0,5.70E-07,NA,-7.44E-08,-2.49E-07,6.00E-09,-7.30E-08,2.1,1.8,94.2%,96.6%,99.5%,12,NA
Calvert Cliffs 1,2008-01-01,0,0.8,0.0,0,0,0,5.90E-07,NA,-8.63E-08,-2.35E-07,2.34E-08,-6.60E-08,3.2,1.4,93.9%,100.0%,99.7%,12,NA
Calvert Cliffs 1,2008-02-01,0,0.8,0.0,0,0,0,5.90E-07,NA,-8.63E-08,-2.35E-07,2.34E-08,-6.60E-08,2.9,2.8,93.9%,100.0%,99.7%,12,NA
Calvert Cliffs 1,2008-03-01,0,0.8,0.0,0,0,0,5.90E-07,NA,-8.63E-08,-2.35E-07,2.34E-08,-6.60E-08,0.4,1.0,93.9%,100.0%,99.7%,12,NA
Calvert Cliffs 1,2008-04-01,0,0.8,0.0,0,0,0,6.00E-07,NA,-5.30E-08,-2.34E-07,2.24E-08,3.30E-08,0.4,0.8,93.3%,100.0%,99.7%,12,NA
Calvert Cliffs 1,2008-05-01,0,0.8,0.0,0,0,0,6.00E-07,NA,-5.30E-08,-2.34E-07,2.24E-08,3.30E-08,0.7,1.2,93.3%,100.0%,99.7%,12,NA
Calvert Cliffs 1,2008-06-01,0,0.8,0.0,0,0,0,6.00E-07,NA,-5.30E-08,-2.34E-07,2.24E-08,3.30E-08,0.7,0.9,93.3%,100.0%,99.7%,12,NA
Calvert Cliffs 1,2008-07-01,0,1.7,0.0,0,0,0,5.80E-07,NA,-5.10E-08,-2.34E-07,2.24E-08,3.10E-08,0.8,1.5,94.2%,100.0%,99.7%,12,NA
Calvert Cliffs 1,2008-08-01,0,1.7,0.0,0,0,0,5.80E-07,NA,-5.10E-08,-2.34E-07,2.24E-08,3.10E-08,0.7,1.7,94.2%,100.0%,99.7%,12,NA
Calvert Cliffs 1,2008-09-01,0,1.7,0.0,0,0,0,5.80E-07,NA,-5.10E-08,-2.34E-07,2.24E-08,3.10E-08,0.8,1.6,94.2%,100.0%,99.7%,12,NA
Calvert Cliffs 1,2008-10-01,0,1.7,0.0,0,0,0,5.60E-07,NA,-5.90E-08,-2.23E-07,1.75E-08,4.40E-08,0.8,1.1,95.4%,100.0%,98.9%,12,NA
Calvert Cliffs 1,2008-11-01,0,1.7,0.0,0,0,0,5.60E-07,NA,-5.90E-08,-2.23E-07,1.75E-08,4.40E-08,1.2,1.2,95.4%,100.0%,98.9%,12,NA
Calvert Cliffs 1,2008-12-01,0,1.7,0.0,0,0,0,5.60E-07,NA,-5.90E-08,-2.23E-07,1.75E-08,4.40E-08,1.0,2.1,95.4%,100.0%,98.9%,12,NA
Calvert Cliffs 1,2009-01-01,0,0.8,0.0,0,0,0,4.00E-07,NA,-8.80E-08,-2.02E-07,3.00E-08,5.50E-08,1.1,1.2,95.6%,100.0%,98.5%,12,NA
Calvert Cliffs 1,2009-02-01,0,0.8,0.0,0,0,0,4.00E-07,NA,-8.80E-08,-2.02E-07,3.00E-08,5.50E-08,1.0,0.8,95.6%,100.0%,98.5%,12,NA
Calvert Cliffs 1,2009-03-01,0,0.8,0.0,0,0,0,4.00E-07,NA,-8.80E-08,-2.02E-07,3.00E-08,5.50E-08,1.1,1.0,95.6%,100.0%,98.5%,12,NA
Calvert Cliffs 1,2009-04-01,0,0.8,0.0,0,0,0,1.88E-07,NA,-8.50E-08,-5.16E-08,6.07E-08,8.60E-08,1.2,1.0,95.4%,100.0%,98.6%,12,NA
Calvert Cliffs 1,2009-05-01,0,0.8,0.0,0,0,0,1.88E-07,NA,-8.50E-08,-5.16E-08,6.07E-08,8.60E-08,1.2,1.1,95.4%,100.0%,98.6%,12,NA
Calvert Cliffs 1,2009-06-01,0,0.8,0.0,0,0,0,1.88E-07,NA,-8.50E-08,-5.16E-08,6.07E-08,8.60E-08,1.2,1.1,95.4%,100.0%,98.6%,12,NA
Calvert Cliffs 1,2009-07-01,0,0.8,0.0,0,0,0,1.89E-07,NA,-9.20E-08,-5.46E-08,6.82E-08,8.10E-08,1.2,1.2,94.5%,100.0%,98.6%,12,NA
Calvert Cliffs 1,2009-08-01,0,0.8,0.0,0,0,0,1.89E-07,NA,-9.20E-08,-5.46E-08,6.82E-08,8.10E-08,1.3,2.0,94.5%,100.0%,98.6%,12,NA
Calvert Cliffs 1,2009-09-01,0,0.8,0.0,0,0,0,1.89E-07,NA,-9.20E-08,-5.46E-08,6.82E-08,8.10E-08,1.3,1.1,94.5%,100.0%,98.6%,12,NA
Calvert Cliffs 1,2009-10-01,0,0.8,0.0,0,0,0,1.89E-07,NA,-8.20E-08,-5.45E-08,8.05E-08,8.00E-08,1.3,0.9,94.7%,100.0%,99.3%,12,NA
Calvert Cliffs 1,2009-11-01,0,0.8,0.0,0,0,0,1.89E-07,NA,-8.20E-08,-5.45E-08,8.05E-08,8.00E-08,1.5,1.1,94.7%,100.0%,99.3%,12,NA
Calvert Cliffs 1,2009-12-01,0,0.8,0.0,0,0,0,1.89E-07,NA,-8.20E-08,-5.45E-08,8.05E-08,8.00E-08,1.5,1.4,94.7%,100.0%,99.3%,12,NA
Calvert Cliffs 1,2007-01-01,0.8,2.5,NA,2.0,0,0,3.00E-08,NA,-7.97E-08,-3.01E-07,-3.80E-09,-7.69E-08,0.9,1.9,93.4%,86.5%,99.6%,12,NA
Calvert Cliffs 1,2007-02-01,0.8,2.5,NA,2.0,0,0,3.00E-08,NA,-7.97E-08,-3.01E-07,-3.80E-09,-7.69E-08,2.7,3.1,93.4%,86.5%,99.6%,12,NA
Calvert Cliffs 1,2007-03-01,0.8,2.5,NA,2.0,0,0,3.00E-08,NA,-7.97E-08,-3.01E-07,-3.80E-09,-7.69E-08,2.2,1.5,93.4%,86.5%,99.6%,12,NA
Calvert Cliffs 1,2007-04-01,0.8,2.4,NA,1.0,0,0,5.10E-08,NA,-7.32E-08,-2.75E-07,-3.80E-09,-7.70E-08,1.7,1.4,93.3%,84.6%,99.5%,12,NA
Calvert Cliffs 1,2007-05-01,0.8,2.4,NA,1.0,0,0,5.10E-08,NA,-7.32E-08,-2.75E-07,-3.80E-09,-7.70E-08,2.3,2.6,93.3%,84.6%,99.5%,12,NA
Calvert Cliffs 1,2007-06-01,0.8,2.4,NA,1.0,0,0,5.10E-08,NA,-7.32E-08,-2.75E-07,-3.80E-09,-7.70E-08,3.4,1.5,93.3%,84.6%,99.5%,12,NA
Calvert Cliffs 2,2007-01-01,0,0.9,0,1,0,0,NA,-1.16E-07,-6.20E-08,5.14E-07,-2.90E-08,-6.00E-08,1.0,3.0,93.1%,100.0%,99.6%,15,NA
Calvert Cliffs 2,2007-02-01,0,0.9,0,1,0,0,NA,-1.16E-07,-6.20E-08,5.14E-07,-2.90E-08,-6.00E-08,1.3,2.4,93.1%,100.0%,99.6%,15,NA
Calvert Cliffs 2,2007-03-01,0,0.9,0,1,0,0,NA,-1.16E-07,-6.20E-08,5.14E-07,-2.90E-08,-6.00E-08,N/A,N/A,93.1%,100.0%,99.6%,15,NA
Calvert Cliffs 2,2007-04-01,0,1.8,0,1,0,0,NA,-1.16E-07,-6.50E-08,4.80E-07,-2.90E-08,-6.00E-08,0.2,3.9,93.3%,100.0%,99.5%,15,NA
Calvert Cliffs 2,2007-05-01,0,1.8,0,1,0,0,NA,-1.16E-07,-6.50E-08,4.80E-07,-2.90E-08,-6.00E-08,0.2,3.6,93.3%,100.0%,99.5%,15,NA
Calvert Cliffs 2,2007-06-01,0,1.8,0,1,0,0,NA,-1.16E-07,-6.50E-08,4.80E-07,-2.90E-08,-6.00E-08,0.2,0.6,93.3%,100.0%,99.5%,15,NA
Calvert Cliffs 2,2007-07-01,0,0.9,1.0,1,0,0,NA,-1.22E-07,-6.60E-08,5.10E-07,1.60E-07,-5.40E-08,0.2,0.5,93.8%,86.5%,99.6%,15,NA
Calvert Cliffs 2,2007-08-01,0,0.9,1.0,1,0,0,NA,-1.22E-07,-6.60E-08,5.10E-07,1.60E-07,-5.40E-08,0.2,1.7,93.8%,86.5%,99.6%,15,NA
Calvert Cliffs 2,2007-09-01,0,0.9,1.0,1,0,0,NA,-1.22E-07,-6.60E-08,5.10E-07,1.60E-07,-5.40E-08,0.2,1.2,93.8%,86.5%,99.6%,15,NA
Calvert Cliffs 2,2007-10-01,0,0.9,0.0,1,0,0,NA,-1.03E-07,-6.70E-08,4.18E-07,1.60E-07,-5.40E-08,0.2,1.4,94.2%,96.6%,99.5%,15,NA
Calvert Cliffs 2,2007-11-01,0,0.9,0.0,1,0,0,NA,-1.03E-07,-6.70E-08,4.18E-07,1.60E-07,-5.40E-08,0.2,2.2,94.2%,96.6%,99.5%,15,NA
Calvert Cliffs 2,2007-12-01,0,0.9,0.0,1,0,0,NA,-1.03E-07,-6.70E-08,4.18E-07,1.60E-07,-5.40E-08,0.2,1.6,94.2%,96.6%,99.5%,15,NA
Calvert Cliffs 2,2008-01-01,0,0.8,0.0,1,0,0,NA,-9.10E-08,-6.90E-08,4.79E-07,1.50E-07,7.00E-09,0.2,2.5,93.9%,100.0%,99.7%,15,NA
Calvert Cliffs 2,2008-02-01,0,0.8,0.0,1,0,0,NA,-9.10E-08,-6.90E-08,4.79E-07,1.50E-07,7.00E-09,0.2,1.0,93.9%,100.0%,99.7%,15,NA
Calvert Cliffs 2,2008-03-01,0,0.8,0.0,1,0,0,NA,-9.10E-08,-6.90E-08,4.79E-07,1.50E-07,7.00E-09,0.2,1.5,93.9%,100.0%,99.7%,15,NA
Calvert Cliffs 2,2008-04-01,0,0,0.0,1,0,0,NA,-9.00E-08,-4.40E-08,5.14E-07,1.50E-07,2.00E-09,0.2,1.3,93.3%,100.0%,99.7%,15,NA
Calvert Cliffs 2,2008-05-01,0,0,0.0,1,0,0,NA,-9.00E-08,-4.40E-08,5.14E-07,1.50E-07,2.00E-09,0.2,0.8,93.3%,100.0%,99.7%,15,NA
Calvert Cliffs 2,2008-06-01,0,0,0.0,1,0,0,NA,-9.00E-08,-4.40E-08,5.14E-07,1.50E-07,2.00E-09,0.4,0.9,93.3%,100.0%,99.7%,15,NA
Calvert Cliffs 2,2008-07-01,0,0,0.0,1,0,0,NA,-8.80E-08,-2.50E-08,8.70E-07,1.61E-07,-1.10E-08,0.3,1.3,94.2%,100.0%,99.7%,15,NA
Calvert Cliffs 2,2008-08-01,0,0,0.0,1,0,0,NA,-8.80E-08,-2.50E-08,8.70E-07,1.61E-07,-1.10E-08,0.4,2.4,94.2%,100.0%,99.7%,15,NA
Calvert Cliffs 2,2008-09-01,0,0,0.0,1,0,0,NA,-8.80E-08,-2.50E-08,8.70E-07,1.61E-07,-1.10E-08,0.3,0.8,94.2%,100.0%,99.7%,15,NA
Calvert Cliffs 2,2008-10-01,0,0,0.0,0,0,0,NA,-1.02E-07,-1.10E-08,1.05E-06,1.61E-07,-7.00E-09,0.6,0.8,95.4%,100.0%,98.9%,15,NA
Calvert Cliffs 2,2008-11-01,0,0,0.0,0,0,0,NA,-1.02E-07,-1.10E-08,1.05E-06,1.61E-07,-7.00E-09,0.7,1.1,95.4%,100.0%,98.9%,15,NA
Calvert Cliffs 2,2008-12-01,0,0,0.0,0,0,0,NA,-1.02E-07,-1.10E-08,1.05E-06,1.61E-07,-7.00E-09,0.7,1.4,95.4%,100.0%,98.9%,15,NA
Calvert Cliffs 2,2009-01-01,0,0,0.0,0,0,0,NA,-9.80E-08,-3.40E-08,8.87E-07,1.76E-07,-3.00E-09,1.2,1.6,95.6%,100.0%,98.5%,15,NA
Calvert Cliffs 2,2009-02-01,0,0,0.0,0,0,0,NA,-9.80E-08,-3.40E-08,8.87E-07,1.76E-07,-3.00E-09,1.0,1.0,95.6%,100.0%,98.5%,15,NA
Calvert Cliffs 2,2009-03-01,0,0,0.0,0,0,0,NA,-9.80E-08,-3.40E-08,8.87E-07,1.76E-07,-3.00E-09,0.1,0.6,95.6%,100.0%,98.5%,15,NA
Calvert Cliffs 2,2009-04-01,0,0,0.0,0,0,0,NA,-1.90E-08,-2.90E-08,1.65E-07,3.60E-07,2.40E-08,0.2,0.7,95.4%,100.0%,98.6%,15,NA
Calvert Cliffs 2,2009-05-01,0,0,0.0,0,0,0,NA,-1.90E-08,-2.90E-08,1.65E-07,3.60E-07,2.40E-08,0.2,0.8,95.4%,100.0%,98.6%,15,NA
Calvert Cliffs 2,2009-06-01,0,0,0.0,0,0,0,NA,-1.90E-08,-2.90E-08,1.65E-07,3.60E-07,2.40E-08,0.2,0.9,95.4%,100.0%,98.6%,15,NA
Calvert Cliffs 2,2009-07-01,0,0,0.0,0,0,0,NA,-1.80E-08,-3.20E-08,1.64E-07,3.70E-07,2.40E-08,0.2,0.7,94.5%,100.0%,98.6%,15,NA
Calvert Cliffs 2,2009-08-01,0,0,0.0,0,0,0,NA,-1.80E-08,-3.20E-08,1.64E-07,3.70E-07,2.40E-08,0.2,1.3,94.5%,100.0%,98.6%,15,NA
Calvert Cliffs 2,2009-09-01,0,0,0.0,0,0,0,NA,-1.80E-08,-3.20E-08,1.64E-07,3.70E-07,2.40E-08,0.3,0.9,94.5%,100.0%,98.6%,15,NA
Calvert Cliffs 2,2009-10-01,0,0,0.0,0,0,0,NA,-4.00E-09,-3.00E-08,1.63E-07,3.70E-07,2.40E-08,0.3,1.0,94.7%,100.0%,99.3%,15,NA
Calvert Cliffs 2,2009-11-01,0,0,0.0,0,0,0,NA,-4.00E-09,-3.00E-08,1.63E-07,3.70E-07,2.40E-08,0.3,1.0,94.7%,100.0%,99.3%,15,NA
Calvert Cliffs 2,2009-12-01,0,0,0.0,0,0,0,NA,-4.00E-09,-3.00E-08,1.63E-07,3.70E-07,2.40E-08,0.3,0.8,94.7%,100.0%,99.3%,15,NA
Catawba 1,2007-07-01,0,1.8,0.0,0,0,0,5.31E-07,5.31E-07,6.70E-09,-4.30E-07,-2.02E-07,-1.07E-06,0.1,2.0,93.6%,92.9%,99.4%,9,NA
Catawba 1,2007-08-01,0,1.8,0.0,0,0,0,5.31E-07,5.31E-07,6.70E-09,-4.30E-07,-2.02E-07,-1.07E-06,0.1,2.1,93.6%,92.9%,99.4%,9,NA
Catawba 1,2007-09-01,0,1.8,0.0,0,0,0,5.31E-07,5.31E-07,6.70E-09,-4.30E-07,-2.02E-07,-1.07E-06,0.1,2.0,93.6%,92.9%,99.4%,9,NA
Catawba 1,2007-10-01,0,1.6,0.0,0,0,0,5.31E-07,5.31E-07,9.60E-09,-4.30E-07,-2.02E-07,-1.06E-06,0.1,2.1,93.9%,94.2%,99.5%,9,NA
Catawba 1,2007-11-01,0,1.6,0.0,0,0,0,5.31E-07,5.31E-07,9.60E-09,-4.30E-07,-2.02E-07,-1.06E-06,0.1,2.1,93.9%,94.2%,99.5%,9,NA
Catawba 1,2007-12-01,0,1.6,0.0,0,0,0,5.31E-07,5.31E-07,9.60E-09,-4.30E-07,-2.02E-07,-1.06E-06,0.1,2.2,93.9%,94.2%,99.5%,9,NA
Catawba 1,2008-01-01,0,0,0.0,1.0,0,0,5.33E-07,5.33E-07,8.00E-09,-4.30E-07,-1.36E-07,-1.06E-06,0.1,2.2,92.9%,94.0%,99.7%,9,NA
Catawba 1,2008-02-01,0,0,0.0,1.0,0,0,5.33E-07,5.33E-07,8.00E-09,-4.30E-07,-1.36E-07,-1.06E-06,0.1,2.9,92.9%,94.0%,99.7%,9,NA
Catawba 1,2008-03-01,0,0,0.0,1.0,0,0,5.33E-07,5.33E-07,8.00E-09,-4.30E-07,-1.36E-07,-1.06E-06,0.1,2.6,92.9%,94.0%,99.7%,9,NA
Catawba 1,2008-04-01,0,0,0.0,1.0,1.0,0,-1.08E-07,-1.08E-07,-1.40E-08,-4.30E-07,-1.21E-07,-1.06E-06,0.1,3.1,93.4%,93.3%,99.6%,9,NA
Catawba 1,2008-05-01,0,0,0.0,1.0,1.0,0,-1.08E-07,-1.08E-07,-1.40E-08,-4.30E-07,-1.21E-07,-1.06E-06,0.1,3.4,93.4%,93.3%,99.6%,9,NA
Catawba 1,2008-06-01,0,0,0.0,1.0,1.0,0,-1.08E-07,-1.08E-07,-1.40E-08,-4.30E-07,-1.21E-07,-1.06E-06,0,2.9,93.4%,93.3%,99.6%,9,NA
Catawba 1,2008-07-01,0,0,0.0,1.0,1.0,0,-1.08E-07,-1.08E-07,-1.40E-08,-2.10E-07,-9.00E-08,-1.35E-06,0,2.3,94.1%,93.3%,99.5%,9,NA
Catawba 1,2008-08-01,0,0,0.0,1.0,1.0,0,-1.08E-07,-1.08E-07,-1.40E-08,-2.10E-07,-9.00E-08,-1.35E-06,0,2.2,94.1%,93.3%,99.5%,9,NA
Catawba 1,2008-09-01,0,0,0.0,1.0,1.0,0,-1.08E-07,-1.08E-07,-1.40E-08,-2.10E-07,-9.00E-08,-1.35E-06,0,2.1,94.1%,93.3%,99.5%,9,NA
Catawba 1,2008-10-01,0,0,0.0,1.0,1.0,0,-1.08E-07,-1.08E-07,-1.40E-08,-2.10E-07,-8.40E-08,-1.35E-06,0.1,2.2,93.9%,96.2%,99.4%,9,NA
Catawba 1,2008-11-01,0,0,0.0,1.0,1.0,0,-1.08E-07,-1.08E-07,-1.40E-08,-2.10E-07,-8.40E-08,-1.35E-06,0.1,2.2,93.9%,96.2%,99.4%,9,NA
Catawba 1,2008-12-01,0,0,0.0,1.0,1.0,0,-1.08E-07,-1.08E-07,-1.40E-08,-2.10E-07,-8.40E-08,-1.35E-06,0.1,2.2,93.9%,96.2%,99.4%,9,NA
Catawba 1,2009-01-01,0,0,0.0,0,1.0,0,-1.08E-07,-1.08E-07,-1.40E-08,-2.10E-07,-2.14E-07,4.60E-07,0.1,2.1,93.5%,97.0%,99.2%,9,NA
Catawba 1,2009-02-01,0,0,0.0,0,1.0,0,-1.08E-07,-1.08E-07,-1.40E-08,-2.10E-07,-2.14E-07,4.60E-07,0.1,0.7,93.5%,97.0%,99.2%,9,NA
Catawba 1,2009-03-01,0,0,0.0,0,1.0,0,-1.08E-07,-1.08E-07,-1.40E-08,-2.10E-07,-2.14E-07,4.60E-07,0.1,0.7,93.5%,97.0%,99.2%,9,NA
Catawba 1,2009-04-01,0,0,0.0,1.0,0,0,-9.80E-08,-9.80E-08,-1.41E-08,-2.20E-07,-2.17E-07,1.20E-07,0.1,0.7,94.3%,96.2%,99.4%,9,NA
Catawba 1,2009-05-01,0,0,0.0,1.0,0,0,-9.80E-08,-9.80E-08,-1.41E-08,-2.20E-07,-2.17E-07,1.20E-07,0.1,2.3,94.3%,96.2%,99.4%,9,NA
Catawba 1,2009-06-01,0,0,0.0,1.0,0,0,-9.80E-08,-9.80E-08,-1.41E-08,-2.20E-07,-2.17E-07,1.20E-07,0.1,2.4,94.3%,96.2%,99.4%,9,NA
Catawba 1,2009-07-01,0,0,0.0,1.0,0,0,-9.80E-08,-9.80E-08,-1.41E-08,-2.20E-07,-2.36E-07,1.20E-07,0.1,2.5,93.7%,97.2%,99.5%,9,NA
Catawba 1,2009-08-01,0,0,0.0,1.0,0,0,-9.80E-08,-9.80E-08,-1.41E-08,-2.20E-07,-2.36E-07,1.20E-07,0.1,3.8,93.7%,97.2%,99.5%,9,NA
Catawba 1,2009-09-01,0,0,0.0,1.0,0,0,-9.80E-08,-9.80E-08,-1.41E-08,-2.20E-07,-2.36E-07,1.20E-07,0.1,9.9,93.7%,97.2%,99.5%,9,NA
Catawba 1,2009-10-01,0,0,0.0,1.0,0,0,-2.06E-07,-2.06E-07,-1.41E-08,-2.20E-07,-3.33E-07,1.10E-07,0.1,11.8,92.4%,95.8%,99.6%,9,NA
Catawba 1,2009-11-01,0,0,0.0,1.0,0,0,-2.06E-07,-2.06E-07,-1.41E-08,-2.20E-07,-3.33E-07,1.10E-07,0.1,14.4,92.4%,95.8%,99.6%,9,NA
Catawba 1,2009-12-01,0,0,0.0,1.0,0,0,-2.06E-07,-2.06E-07,-1.41E-08,-2.20E-07,-3.33E-07,1.10E-07,0,1.1,92.4%,95.8%,99.6%,9,NA
Catawba 1,2007-01-01,1.0,2.0,NA,1.0,0,0,5.24E-07,5.24E-07,4.50E-09,-4.30E-07,-4.10E-06,-1.05E-06,0,2.7,93.9%,98.6%,99.5%,9,NA
Catawba 1,2007-02-01,1.0,2.0,NA,1.0,0,0,5.24E-07,5.24E-07,4.50E-09,-4.30E-07,-4.10E-06,-1.05E-06,0,1.9,93.9%,98.6%,99.5%,9,NA
Catawba 1,2007-03-01,1.0,2.0,NA,1.0,0,0,5.24E-07,5.24E-07,4.50E-09,-4.30E-07,-4.10E-06,-1.05E-06,0,1.8,93.9%,98.6%,99.5%,9,NA
Catawba 1,2007-04-01,0,1.8,NA,1.0,0,0,5.41E-07,5.41E-07,4.50E-09,-4.30E-07,-3.10E-06,-1.05E-06,0.1,1.9,93.3%,95.0%,99.5%,9,NA
Catawba 1,2007-05-01,0,1.8,NA,1.0,0,0,5.41E-07,5.41E-07,4.50E-09,-4.30E-07,-3.10E-06,-1.05E-06,0.1,2.1,93.3%,95.0%,99.5%,9,NA
Catawba 1,2007-06-01,0,1.8,NA,1.0,0,0,5.41E-07,5.41E-07,4.50E-09,-4.30E-07,-3.10E-06,-1.05E-06,0.1,2.2,93.3%,95.0%,99.5%,9,NA
Catawba 2,2007-07-01,0,1.7,0.0,0,0,0,NA,-2.14E-07,-1.73E-08,-4.40E-07,-2.19E-07,-2.16E-06,0.1,2.5,93.6%,92.9%,99.4%,17,NA
Catawba 2,2007-08-01,0,1.7,0.0,0,0,0,NA,-2.14E-07,-1.73E-08,-4.40E-07,-2.19E-07,-2.16E-06,0.1,4.0,93.6%,92.9%,99.4%,17,NA
Catawba 2,2007-09-01,0,1.7,0.0,0,0,0,NA,-2.14E-07,-1.73E-08,-4.40E-07,-2.19E-07,-2.16E-06,0.1,1.2,93.6%,92.9%,99.4%,17,NA
Catawba 2,2007-10-01,0,1.9,0.0,0,0,0,NA,-2.12E-07,-1.73E-08,-4.40E-07,-2.17E-07,-2.16E-06,0,0,93.9%,94.2%,99.5%,17,NA
Catawba 2,2007-11-01,0,1.9,0.0,0,0,0,NA,-2.12E-07,-1.73E-08,-4.40E-07,-2.17E-07,-2.16E-06,0,4.6,93.9%,94.2%,99.5%,17,NA
Catawba 2,2007-12-01,0,1.9,0.0,0,0,0,NA,-2.12E-07,-1.73E-08,-4.40E-07,-2.17E-07,-2.16E-06,0,1.4,93.9%,94.2%,99.5%,17,NA
Catawba 2,2008-01-01,0,1.9,0.0,1,0,0,NA,-2.12E-07,-1.73E-08,-4.40E-07,-1.98E-07,-2.16E-06,0,1.3,92.9%,94.0%,99.7%,17,NA
Catawba 2,2008-02-01,0,1.9,0.0,1,0,0,NA,-2.12E-07,-1.73E-08,-4.40E-07,-1.98E-07,-2.16E-06,0.1,1.3,92.9%,94.0%,99.7%,17,NA
Catawba 2,2008-03-01,0,1.9,0.0,1,0,0,NA,-2.12E-07,-1.73E-08,-4.40E-07,-1.98E-07,-2.16E-06,0.1,1.2,92.9%,94.0%,99.7%,17,NA
Catawba 2,2008-04-01,0,1.0,0.0,1,1,0,NA,-2.10E-07,-1.73E-08,-4.40E-07,-1.80E-07,-2.16E-06,0.1,1.3,93.4%,93.3%,99.6%,17,NA
Catawba 2,2008-05-01,0,1.0,0.0,1,1,0,NA,-2.10E-07,-1.73E-08,-4.40E-07,-1.80E-07,-2.16E-06,0.1,1.8,93.4%,93.3%,99.6%,17,NA
Catawba 2,2008-06-01,0,1.0,0.0,1,1,0,NA,-2.10E-07,-1.73E-08,-4.40E-07,-1.80E-07,-2.16E-06,0.1,2.1,93.4%,93.3%,99.6%,17,NA
Catawba 2,2008-07-01,0,0,0.0,1,1,0,NA,-9.26E-08,-1.73E-08,-3.96E-07,3.15E-07,-2.70E-06,0.1,3.1,94.1%,93.3%,99.5%,17,NA
Catawba 2,2008-08-01,0,0,0.0,1,1,0,NA,-9.26E-08,-1.73E-08,-3.96E-07,3.15E-07,-2.70E-06,0.1,4.4,94.1%,93.3%,99.5%,17,NA
Catawba 2,2008-09-01,0,0,0.0,1,1,0,NA,-9.26E-08,-1.73E-08,-3.96E-07,3.15E-07,-2.70E-06,0.1,1.2,94.1%,93.3%,99.5%,17,NA
Catawba 2,2008-10-01,0,0,0.0,1,1,0,NA,-2.01E-07,-1.74E-08,-3.96E-07,3.19E-07,-2.60E-06,0.1,4.8,93.9%,96.2%,99.4%,17,NA
Catawba 2,2008-11-01,0,0,0.0,1,1,0,NA,-2.01E-07,-1.74E-08,-3.96E-07,3.19E-07,-2.60E-06,0.1,5.2,93.9%,96.2%,99.4%,17,NA
Catawba 2,2008-12-01,0,0,0.0,1,1,0,NA,-2.01E-07,-1.74E-08,-3.96E-07,3.19E-07,-2.60E-06,0.1,5.7,93.9%,96.2%,99.4%,17,NA
Catawba 2,2009-01-01,0,0,0.0,0,1,0,NA,-2.21E-07,-1.74E-08,-3.90E-07,3.23E-07,-1.79E-06,0.1,5.3,93.5%,97.0%,99.2%,17,NA
Catawba 2,2009-02-01,0,0,0.0,0,1,0,NA,-2.21E-07,-1.74E-08,-3.90E-07,3.23E-07,-1.79E-06,0.1,5.3,93.5%,97.0%,99.2%,17,NA
Catawba 2,2009-03-01,0,0,0.0,0,1,0,NA,-2.21E-07,-1.74E-08,-3.90E-07,3.23E-07,-1.79E-06,0.1,7.0,93.5%,97.0%,99.2%,17,NA
Catawba 2,2009-04-01,0,0,0.0,0,0,0,NA,-2.11E-07,-1.74E-08,-3.90E-07,3.24E-07,-8.30E-07,0,2.3,94.3%,96.2%,99.4%,17,NA
Catawba 2,2009-05-01,0,0,0.0,0,0,0,NA,-2.11E-07,-1.74E-08,-3.90E-07,3.24E-07,-8.30E-07,0,2.3,94.3%,96.2%,99.4%,17,NA
Catawba 2,2009-06-01,0,0,0.0,0,0,0,NA,-2.11E-07,-1.74E-08,-3.90E-07,3.24E-07,-8.30E-07,0,2.4,94.3%,96.2%,99.4%,17,NA
Catawba 2,2009-07-01,0,0,0.0,0,0,0,NA,-2.00E-07,-1.74E-08,-3.90E-07,3.90E-07,-8.30E-07,0,2.4,93.7%,97.2%,99.5%,17,NA
Catawba 2,2009-08-01,0,0,0.0,0,0,0,NA,-2.00E-07,-1.74E-08,-3.90E-07,3.90E-07,-8.30E-07,0,2.9,93.7%,97.2%,99.5%,17,NA
Catawba 2,2009-09-01,0,0,0.0,0,0,0,NA,-2.00E-07,-1.74E-08,-3.90E-07,3.90E-07,-8.30E-07,0.1,2.5,93.7%,97.2%,99.5%,17,NA
Catawba 2,2009-10-01,0,0,0.0,0,0,0,NA,-1.89E-07,-1.74E-08,-3.90E-07,2.43E-07,-9.60E-07,0,2.6,92.4%,95.8%,99.6%,17,NA
Catawba 2,2009-11-01,0,0,0.0,0,0,0,NA,-1.89E-07,-1.74E-08,-3.90E-07,2.43E-07,-9.60E-07,0.1,2.6,92.4%,95.8%,99.6%,17,NA
Catawba 2,2009-12-01,0,0,0.0,0,0,0,NA,-1.89E-07,-1.74E-08,-3.90E-07,2.43E-07,-9.60E-07,0.1,3.0,92.4%,95.8%,99.6%,17,NA
Catawba 2,2007-01-01,0.9,0.9,NA,0,0,0,NA,-2.17E-07,-1.73E-08,-4.40E-07,-3.60E-06,7.00E-07,0.1,2.3,93.9%,98.6%,99.5%,17,NA
Catawba 2,2007-02-01,0.9,0.9,NA,0,0,0,NA,-2.17E-07,-1.73E-08,-4.40E-07,-3.60E-06,7.00E-07,0.1,2.2,93.9%,98.6%,99.5%,17,NA
Catawba 2,2007-03-01,0.9,0.9,NA,0,0,0,NA,-2.17E-07,-1.73E-08,-4.40E-07,-3.60E-06,7.00E-07,0.1,2.0,93.9%,98.6%,99.5%,17,NA
Catawba 2,2007-04-01,0,0.8,NA,0,0,0,NA,-2.16E-07,-1.72E-08,-4.40E-07,-3.30E-06,-2.16E-06,0.2,2.1,93.3%,95.0%,99.5%,17,NA
Catawba 2,2007-05-01,0,0.8,NA,0,0,0,NA,-2.16E-07,-1.72E-08,-4.40E-07,-3.30E-06,-2.16E-06,0.1,2.0,93.3%,95.0%,99.5%,17,NA
Catawba 2,2007-06-01,0,0.8,NA,0,0,0,NA,-2.16E-07,-1.72E-08,-4.40E-07,-3.30E-06,-2.16E-06,0.1,2.2,93.3%,95.0%,99.5%,17,NA
Clinton,2007-01-01,0.8,0.8,0.0,NA,0,0,NA,-4.89E-07,-2.19E-07,1.53E-07,-3.90E-07,-7.70E-08,0,7.4,97.4%,100.0%,99.1%,46,NA
Clinton,2007-02-01,0.8,0.8,0.0,NA,0,0,NA,-4.89E-07,-2.19E-07,1.53E-07,-3.90E-07,-7.70E-08,0,7.4,97.4%,100.0%,99.1%,46,NA
Clinton,2007-03-01,0.8,0.8,0.0,NA,0,0,NA,-4.89E-07,-2.19E-07,1.53E-07,-3.90E-07,-7.70E-08,0,7.4,97.4%,100.0%,99.1%,46,NA
Clinton,2007-04-01,0.8,1.6,0.0,NA,0,0,NA,-4.03E-07,-2.47E-07,1.71E-07,-1.81E-07,-7.10E-08,0,7.4,97.1%,100.0%,99.1%,46,NA
Clinton,2007-05-01,0.8,1.6,0.0,NA,0,0,NA,-4.03E-07,-2.47E-07,1.71E-07,-1.81E-07,-7.10E-08,0,7.4,97.1%,100.0%,99.1%,46,NA
Clinton,2007-06-01,0.8,1.6,0.0,NA,0,0,NA,-4.03E-07,-2.47E-07,1.71E-07,-1.81E-07,-7.10E-08,0,10.7,97.1%,100.0%,99.1%,46,NA
Clinton,2007-07-01,0,0.8,0.0,NA,0,0,NA,-4.03E-07,-2.47E-07,1.71E-07,-1.81E-07,-7.10E-08,0,7.4,97.9%,100.0%,99.1%,46,NA
Clinton,2007-08-01,0,0.8,0.0,NA,0,0,NA,-4.03E-07,-2.47E-07,1.71E-07,-1.81E-07,-7.10E-08,0,7.4,97.9%,100.0%,99.1%,46,NA
Clinton,2007-09-01,0,0.8,0.0,NA,0,0,NA,-4.03E-07,-2.47E-07,1.71E-07,-1.81E-07,-7.10E-08,0,7.4,97.9%,100.0%,99.1%,46,NA
Clinton,2007-10-01,0,0.8,0.0,NA,0,0,NA,-4.19E-07,-2.47E-07,1.71E-07,-1.81E-07,-7.10E-08,0,7.4,98.3%,100.0%,99.7%,46,NA
Clinton,2007-11-01,0,0.8,0.0,NA,0,0,NA,-4.19E-07,-2.47E-07,1.71E-07,-1.81E-07,-7.10E-08,0,7.5,98.3%,100.0%,99.7%,46,NA
Clinton,2007-12-01,0,0.8,0.0,NA,0,0,NA,-4.19E-07,-2.47E-07,1.71E-07,-1.81E-07,-7.10E-08,0,7.4,98.3%,100.0%,99.7%,46,NA
Clinton,2008-01-01,0.9,1.7,1.0,NA,1,0,NA,-4.19E-07,-2.47E-07,1.71E-07,-1.81E-07,-7.10E-08,0,7.6,98.4%,100.0%,99.6%,46,NA
Clinton,2008-02-01,0.9,1.7,1.0,NA,1,0,NA,-4.19E-07,-2.47E-07,1.71E-07,-1.81E-07,-7.10E-08,0,10.5,98.4%,100.0%,99.6%,46,NA
Clinton,2008-03-01,0.9,1.7,1.0,NA,1,0,NA,-4.19E-07,-2.47E-07,1.71E-07,-1.81E-07,-7.10E-08,0,10.0,98.4%,100.0%,99.6%,46,NA
Clinton,2008-04-01,0.9,0.9,1.0,NA,1,0,NA,-4.10E-07,-2.47E-07,1.57E-07,-1.81E-07,-7.10E-08,0,10.2,98.2%,100.0%,99.5%,46,NA
Clinton,2008-05-01,0.9,0.9,1.0,NA,1,0,NA,-4.10E-07,-2.47E-07,1.57E-07,-1.81E-07,-7.10E-08,0,9.8,98.2%,100.0%,99.5%,46,NA
Clinton,2008-06-01,0.9,0.9,1.0,NA,1,0,NA,-4.10E-07,-2.47E-07,1.57E-07,-1.81E-07,-7.10E-08,0,13.7,98.2%,100.0%,99.5%,46,NA
Clinton,2008-07-01,0.9,0.9,1.0,NA,1,0,NA,-4.05E-07,-2.47E-07,1.57E-07,-1.81E-07,-7.10E-08,0,12.4,98.6%,100.0%,99.5%,46,NA
Clinton,2008-08-01,0.9,0.9,1.0,NA,1,0,NA,-4.05E-07,-2.47E-07,1.57E-07,-1.81E-07,-7.10E-08,0,9.7,98.6%,100.0%,99.5%,46,NA
Clinton,2008-09-01,0.9,0.9,1.0,NA,1,0,NA,-4.05E-07,-2.47E-07,1.57E-07,-1.81E-07,-7.10E-08,0,9.9,98.6%,100.0%,99.5%,46,NA
Clinton,2008-10-01,0.9,0.9,1.0,NA,1,0,NA,-4.05E-07,-2.51E-07,1.57E-07,-1.81E-07,-7.10E-08,0,10.0,98.0%,96.9%,99.5%,46,NA
Clinton,2008-11-01,0.9,0.9,1.0,NA,1,0,NA,-4.05E-07,-2.51E-07,1.57E-07,-1.81E-07,-7.10E-08,0,9.9,98.0%,96.9%,99.5%,46,NA
Clinton,2008-12-01,0.9,0.9,1.0,NA,1,0,NA,-4.05E-07,-2.51E-07,1.57E-07,-1.81E-07,-7.10E-08,0,10.0,98.0%,96.9%,99.5%,46,NA
Clinton,2009-01-01,0,0,0.0,NA,0,0,NA,-4.06E-07,-2.51E-07,1.56E-07,-1.81E-07,-7.10E-08,0,10.1,98.0%,100.0%,99.7%,46,NA
Clinton,2009-02-01,0,0,0.0,NA,0,0,NA,-4.06E-07,-2.51E-07,1.56E-07,-1.81E-07,-7.10E-08,0,9.8,98.0%,100.0%,99.7%,46,NA
Clinton,2009-03-01,0,0,0.0,NA,0,0,NA,-4.06E-07,-2.51E-07,1.56E-07,-1.81E-07,-7.10E-08,0,10.2,98.0%,100.0%,99.7%,46,NA
Clinton,2009-04-01,0,0,0.0,NA,0,0,NA,-4.06E-07,-2.51E-07,1.56E-07,-1.81E-07,-7.10E-08,0,9.7,97.8%,100.0%,99.7%,46,NA
Clinton,2009-05-01,0,0,0.0,NA,0,0,NA,-4.06E-07,-2.51E-07,1.56E-07,-1.81E-07,-7.10E-08,0,9.7,97.8%,100.0%,99.7%,46,NA
Clinton,2009-06-01,0,0,0.0,NA,0,0,NA,-4.06E-07,-2.51E-07,1.56E-07,-1.81E-07,-7.10E-08,0,11.9,97.8%,100.0%,99.7%,46,NA
Clinton,2009-07-01,0,0.8,0.0,NA,0,0,NA,-4.06E-07,-2.41E-07,-1.32E-07,-1.81E-07,-7.10E-08,0,9.9,98.0%,100.0%,99.7%,46,NA
Clinton,2009-08-01,0,0.8,0.0,NA,0,0,NA,-4.06E-07,-2.41E-07,-1.32E-07,-1.81E-07,-7.10E-08,0,10.2,98.0%,100.0%,99.7%,46,NA
Clinton,2009-09-01,0,0.8,0.0,NA,0,0,NA,-4.06E-07,-2.41E-07,-1.32E-07,-1.81E-07,-7.10E-08,0,15.8,98.0%,100.0%,99.7%,46,NA
Clinton,2009-10-01,0.8,1.7,0.0,NA,0,0,NA,-3.80E-08,-2.43E-07,-1.32E-07,-1.81E-07,-6.86E-08,0,10.4,97.3%,100.0%,99.7%,46,NA
Clinton,2009-11-01,0.8,1.7,0.0,NA,0,0,NA,-3.80E-08,-2.43E-07,-1.32E-07,-1.81E-07,-6.86E-08,0,10.7,97.3%,100.0%,99.7%,46,NA
Clinton,2009-12-01,0.8,1.7,0.0,NA,0,0,NA,-3.80E-08,-2.43E-07,-1.32E-07,-1.81E-07,-6.86E-08,0,10.5,97.3%,100.0%,99.7%,46,NA
Columbia Generating Sta.$,2007-01-01,0.8,3.3,0,NA,0,0,NA,2.45E-07,1.50E-07,8.10E-08,-5.90E-08,-1.40E-07,0,16.6,96.1%,95.2%,100.0%,2,NA
Columbia Generating Sta.$,2007-02-01,0.8,3.3,0,NA,0,0,NA,2.45E-07,1.50E-07,8.10E-08,-5.90E-08,-1.40E-07,0,16.0,96.1%,95.2%,100.0%,2,NA
Columbia Generating Sta.$,2007-03-01,0.8,3.3,0,NA,0,0,NA,2.45E-07,1.50E-07,8.10E-08,-5.90E-08,-1.40E-07,0,15.9,96.1%,95.2%,100.0%,2,NA
Columbia Generating Sta.$,2007-04-01,1.9,5.6,0,NA,0,0,NA,2.42E-07,1.50E-07,7.07E-08,-5.60E-08,-1.38E-07,0,15.6,96.5%,96.5%,100.0%,2,NA
Columbia Generating Sta.$,2007-05-01,1.9,5.6,0,NA,0,0,NA,2.42E-07,1.50E-07,7.07E-08,-5.60E-08,-1.38E-07,0,15.5,96.5%,96.5%,100.0%,2,NA
Columbia Generating Sta.$,2007-06-01,1.9,5.6,0,NA,0,0,NA,2.42E-07,1.50E-07,7.07E-08,-5.60E-08,-1.38E-07,NA,15.6,96.5%,96.5%,100.0%,2,NA
Columbia Generating Sta.$,2007-07-01,1.9,4.7,1.0,NA,0,0,NA,2.42E-07,1.30E-07,6.95E-08,-2.30E-08,-1.39E-07,0,15.4,96.0%,93.2%,100.0%,2,NA
Columbia Generating Sta.$,2007-08-01,1.9,4.7,1.0,NA,0,0,NA,2.42E-07,1.30E-07,6.95E-08,-2.30E-08,-1.39E-07,0,14.8,96.0%,93.2%,100.0%,2,NA
Columbia Generating Sta.$,2007-09-01,1.9,4.7,1.0,NA,0,0,NA,2.42E-07,1.30E-07,6.95E-08,-2.30E-08,-1.39E-07,0,15.2,96.0%,93.2%,100.0%,2,NA
Columbia Generating Sta.$,2007-10-01,0.9,5.5,1.0,NA,0,0,NA,4.17E-07,1.50E-07,6.80E-08,-2.10E-08,-1.39E-07,0,17.0,97.9%,98.4%,100.0%,2,NA
Columbia Generating Sta.$,2007-11-01,0.9,5.5,1.0,NA,0,0,NA,4.17E-07,1.50E-07,6.80E-08,-2.10E-08,-1.39E-07,0,17.3,97.9%,98.4%,100.0%,2,NA
Columbia Generating Sta.$,2007-12-01,0.9,5.5,1.0,NA,0,0,NA,4.17E-07,1.50E-07,6.80E-08,-2.10E-08,-1.39E-07,0,16.7,97.9%,98.4%,100.0%,2,NA
Columbia Generating Sta.$,2008-01-01,0.9,5.5,1.0,NA,1,0,NA,4.16E-07,-2.96E-07,4.80E-08,-1.40E-08,-1.39E-07,0,16.9,97.9%,98.4%,100.0%,2,NA
Columbia Generating Sta.$,2008-02-01,0.9,5.5,1.0,NA,1,0,NA,4.16E-07,-2.96E-07,4.80E-08,-1.40E-08,-1.39E-07,0,18.1,97.9%,98.4%,100.0%,2,NA
Columbia Generating Sta.$,2008-03-01,0.9,5.5,1.0,NA,1,0,NA,4.16E-07,-2.96E-07,4.80E-08,-1.40E-08,-1.39E-07,0,16.4,97.9%,98.4%,100.0%,2,NA
Columbia Generating Sta.$,2008-04-01,0,3.2,0.0,NA,1,0,NA,4.01E-07,-3.01E-07,-1.21E-07,-2.30E-08,-1.91E-07,0,16.9,98.0%,98.5%,99.8%,2,NA
Columbia Generating Sta.$,2008-05-01,0,3.2,0.0,NA,1,0,NA,4.01E-07,-3.01E-07,-1.21E-07,-2.30E-08,-1.91E-07,0,16.5,98.0%,98.5%,99.8%,2,NA
Columbia Generating Sta.$,2008-06-01,0,3.2,0.0,NA,1,0,NA,4.01E-07,-3.01E-07,-1.21E-07,-2.30E-08,-1.91E-07,0,16.8,98.0%,98.5%,99.8%,2,NA
Columbia Generating Sta.$,2008-07-01,0.8,0.8,0.0,NA,2,0,NA,3.93E-07,-2.94E-07,-9.40E-08,-1.60E-08,-1.91E-07,0,16.7,97.9%,100.0%,99.8%,2,NA
Columbia Generating Sta.$,2008-08-01,0.8,0.8,0.0,NA,2,0,NA,3.93E-07,-2.94E-07,-9.40E-08,-1.60E-08,-1.91E-07,0,16.7,97.9%,100.0%,99.8%,2,NA
Columbia Generating Sta.$,2008-09-01,0.8,0.8,0.0,NA,2,0,NA,3.93E-07,-2.94E-07,-9.40E-08,-1.60E-08,-1.91E-07,0,17.0,97.9%,100.0%,99.8%,2,NA
Columbia Generating Sta.$,2008-10-01,0.8,0,0.0,NA,2,0,NA,2.81E-07,-2.94E-07,-9.50E-08,-2.10E-08,-1.91E-07,0,17.1,97.9%,98.3%,99.8%,2,NA
Columbia Generating Sta.$,2008-11-01,0.8,0,0.0,NA,2,0,NA,2.81E-07,-2.94E-07,-9.50E-08,-2.10E-08,-1.91E-07,0,17.4,97.9%,98.3%,99.8%,2,NA
Columbia Generating Sta.$,2008-12-01,0.8,0,0.0,NA,2,0,NA,2.81E-07,-2.94E-07,-9.50E-08,-2.10E-08,-1.91E-07,0,13.6,97.9%,98.3%,99.8%,2,NA
Columbia Generating Sta.$,2009-01-01,1.6,0.8,0.0,NA,1,0,NA,4.32E-07,-3.03E-07,-9.40E-08,-2.62E-08,-1.91E-07,0,13.2,97.4%,100.0%,99.8%,2,NA
Columbia Generating Sta.$,2009-02-01,1.6,0.8,0.0,NA,1,0,NA,4.32E-07,-3.03E-07,-9.40E-08,-2.62E-08,-1.91E-07,0,13.4,97.4%,100.0%,99.8%,2,NA
Columbia Generating Sta.$,2009-03-01,1.6,0.8,0.0,NA,1,0,NA,4.32E-07,-3.03E-07,-9.40E-08,-2.62E-08,-1.91E-07,0,13.5,97.4%,100.0%,99.8%,2,NA
Columbia Generating Sta.$,2009-04-01,3.8,1.9,0.0,NA,1,0,NA,2.45E-07,-3.09E-07,-1.28E-07,-3.90E-08,-1.91E-07,0,13.8,97.1%,100.0%,99.8%,2,NA
Columbia Generating Sta.$,2009-05-01,3.8,1.9,0.0,NA,1,0,NA,2.45E-07,-3.09E-07,-1.28E-07,-3.90E-08,-1.91E-07,0,13.1,97.1%,100.0%,99.8%,2,NA
Columbia Generating Sta.$,2009-06-01,3.8,1.9,0.0,NA,1,0,NA,2.45E-07,-3.09E-07,-1.28E-07,-3.90E-08,-1.91E-07,NA,12.4,97.1%,100.0%,99.8%,2,NA
Columbia Generating Sta.$,2009-07-01,4.2,2.1,1.0,NA,0,0,NA,2.46E-07,-3.08E-07,-9.40E-08,-3.83E-08,-1.91E-07,0,16.3,96.9%,98.3%,100.0%,2,NA
Columbia Generating Sta.$,2009-08-01,4.2,2.1,1.0,NA,0,0,NA,2.46E-07,-3.08E-07,-9.40E-08,-3.83E-08,-1.91E-07,0,14.5,96.9%,98.3%,100.0%,2,NA
Columbia Generating Sta.$,2009-09-01,4.2,2.1,1.0,NA,0,0,NA,2.46E-07,-3.08E-07,-9.40E-08,-3.83E-08,-1.91E-07,0,15.2,96.9%,98.3%,100.0%,2,NA
Columbia Generating Sta.$,2009-10-01,5.2,2.1,1.0,NA,0,0,NA,2.35E-07,-2.99E-07,-9.50E-08,-3.73E-08,-1.91E-07,0,14.5,97.4%,100.0%,100.0%,2,NA
Columbia Generating Sta.$,2009-11-01,5.2,2.1,1.0,NA,0,0,NA,2.35E-07,-2.99E-07,-9.50E-08,-3.73E-08,-1.91E-07,0,13.9,97.4%,100.0%,100.0%,2,NA
Columbia Generating Sta.$,2009-12-01,5.2,2.1,1.0,NA,0,0,NA,2.35E-07,-2.99E-07,-9.50E-08,-3.73E-08,-1.91E-07,0,15.3,97.4%,100.0%,100.0%,2,NA
Comanche Peak 1,2007-01-01,0,0.9,0.0,0,0,0,NA,-5.30E-07,-1.10E-07,-2.90E-07,-2.95E-08,4.70E-07,0.1,0,93.6%,98.7%,98.4%,31,NA
Comanche Peak 1,2007-02-01,0,0.9,0.0,0,0,0,NA,-5.30E-07,-1.10E-07,-2.90E-07,-2.95E-08,4.70E-07,0.1,0,93.6%,98.7%,98.4%,31,NA
Comanche Peak 1,2007-03-01,0,0.9,0.0,0,0,0,NA,-5.30E-07,-1.10E-07,-2.90E-07,-2.95E-08,4.70E-07,0.1,0,93.6%,98.7%,98.4%,31,NA
Comanche Peak 1,2007-04-01,0,0.9,0.0,0,0,0,NA,-1.43E-06,-1.09E-07,-2.80E-07,3.95E-08,4.90E-07,0.1,0,93.6%,94.8%,98.3%,31,NA
Comanche Peak 1,2007-05-01,0,0.9,0.0,0,0,0,NA,-1.43E-06,-1.09E-07,-2.80E-07,3.95E-08,4.90E-07,0.1,0,93.6%,94.8%,98.3%,31,NA
Comanche Peak 1,2007-06-01,0,0.9,0.0,0,0,0,NA,-1.43E-06,-1.09E-07,-2.80E-07,3.95E-08,4.90E-07,0.1,0,93.6%,94.8%,98.3%,31,NA
Comanche Peak 1,2007-07-01,0,0.9,0.0,0,1,0,NA,-1.43E-06,-1.10E-07,-2.80E-07,3.95E-08,4.90E-07,0,0,94.6%,97.2%,98.4%,31,NA
Comanche Peak 1,2007-08-01,0,0.9,0.0,0,1,0,NA,-1.43E-06,-1.10E-07,-2.80E-07,3.95E-08,4.90E-07,0,0,94.6%,97.2%,98.4%,31,NA
Comanche Peak 1,2007-09-01,0,0.9,0.0,0,1,0,NA,-1.43E-06,-1.10E-07,-2.80E-07,3.95E-08,4.90E-07,0,0,94.6%,97.2%,98.4%,31,NA
Comanche Peak 1,2007-10-01,0,0.9,0.0,0,1,0,NA,-1.30E-07,-1.09E-07,-2.80E-07,3.95E-08,5.00E-07,0.1,0,95.8%,98.6%,99.0%,31,NA
Comanche Peak 1,2007-11-01,0,0.9,0.0,0,1,0,NA,-1.30E-07,-1.09E-07,-2.80E-07,3.95E-08,5.00E-07,0,0,95.8%,98.6%,99.0%,31,NA
Comanche Peak 1,2007-12-01,0,0.9,0.0,0,1,0,NA,-1.30E-07,-1.09E-07,-2.80E-07,3.95E-08,5.00E-07,0.1,0,95.8%,98.6%,99.0%,31,NA
Comanche Peak 1,2008-01-01,0,0.8,0.0,1,1,0,NA,-1.00E-07,-1.08E-07,-2.80E-07,3.95E-08,5.00E-07,0.1,0,95.3%,92.0%,98.7%,31,NA
Comanche Peak 1,2008-02-01,0,0.8,0.0,1,1,0,NA,-1.00E-07,-1.08E-07,-2.80E-07,3.95E-08,5.00E-07,0.1,0,95.3%,92.0%,98.7%,31,NA
Comanche Peak 1,2008-03-01,0,0.8,0.0,1,1,0,NA,-1.00E-07,-1.08E-07,-2.80E-07,3.95E-08,5.00E-07,0.1,0,95.3%,92.0%,98.7%,31,NA
Comanche Peak 1,2008-04-01,0,0.8,0.0,1,1,0,NA,-2.00E-08,-1.08E-07,-2.60E-07,3.95E-08,5.00E-07,0.1,0,95.6%,97.4%,98.3%,31,NA
Comanche Peak 1,2008-05-01,0,0.8,0.0,1,1,0,NA,-2.00E-08,-1.08E-07,-2.60E-07,3.95E-08,5.00E-07,0.1,0,95.6%,97.4%,98.3%,31,NA
Comanche Peak 1,2008-06-01,0,0.8,0.0,1,1,0,NA,-2.00E-08,-1.08E-07,-2.60E-07,3.95E-08,5.00E-07,0.1,0,95.6%,97.4%,98.3%,31,NA
Comanche Peak 1,2008-07-01,0,0.8,0.0,1,0,0,NA,5.00E-08,-1.07E-07,-2.60E-07,3.95E-08,3.06E-07,0.1,0,97.6%,96.2%,98.4%,31,NA
Comanche Peak 1,2008-08-01,0,0.8,0.0,1,0,0,NA,5.00E-08,-1.07E-07,-2.60E-07,3.95E-08,3.06E-07,0.1,0,97.6%,96.2%,98.4%,31,NA
Comanche Peak 1,2008-09-01,0,0.8,0.0,1,0,0,NA,5.00E-08,-1.07E-07,-2.60E-07,3.95E-08,3.06E-07,0.1,0,97.6%,96.2%,98.4%,31,NA
Comanche Peak 1,2008-10-01,0,0,0.0,1,0,0,NA,8.00E-08,-9.90E-08,-2.60E-07,3.95E-08,-1.29E-07,0,0,97.6%,92.7%,98.5%,31,NA
Comanche Peak 1,2008-11-01,0,0,0.0,1,0,0,NA,8.00E-08,-9.90E-08,-2.60E-07,3.95E-08,-1.29E-07,0,0,97.6%,92.7%,98.5%,31,NA
Comanche Peak 1,2008-12-01,0,0,0.0,1,0,0,NA,8.00E-08,-9.90E-08,-2.60E-07,3.95E-08,-1.29E-07,0,0,97.6%,92.7%,98.5%,31,NA
Comanche Peak 1,2009-01-01,0,0,0.0,0,0,0,NA,1.30E-07,-8.60E-09,-2.30E-07,4.63E-08,-6.25E-08,0,0,98.0%,96.4%,98.9%,31,NA
Comanche Peak 1,2009-02-01,0,0,0.0,0,0,0,NA,1.30E-07,-8.60E-09,-2.30E-07,4.63E-08,-6.25E-08,0,0,98.0%,96.4%,98.9%,31,NA
Comanche Peak 1,2009-03-01,0,0,0.0,0,0,0,NA,1.30E-07,-8.60E-09,-2.30E-07,4.63E-08,-6.25E-08,0.1,0,98.0%,96.4%,98.9%,31,NA
Comanche Peak 1,2009-04-01,0,0,0.0,0,1,0,NA,1.30E-07,-7.10E-09,-1.42E-07,5.20E-08,-6.25E-08,0.1,0,97.6%,96.5%,98.9%,31,NA
Comanche Peak 1,2009-05-01,0,0,0.0,0,1,0,NA,1.30E-07,-7.10E-09,-1.42E-07,5.20E-08,-6.25E-08,0.1,0,97.6%,96.5%,98.9%,31,NA
Comanche Peak 1,2009-06-01,0,0,0.0,0,1,0,NA,1.30E-07,-7.10E-09,-1.42E-07,5.20E-08,-6.25E-08,0.1,0,97.6%,96.5%,98.9%,31,NA
Comanche Peak 1,2009-07-01,0,0,0.0,0,0,0,NA,1.30E-07,-3.00E-09,-1.32E-07,5.20E-08,-6.15E-08,0.1,0,97.5%,97.7%,99.1%,31,NA
Comanche Peak 1,2009-08-01,0,0,0.0,0,0,0,NA,1.30E-07,-3.00E-09,-1.32E-07,5.20E-08,-6.15E-08,0.1,0,97.5%,97.7%,99.1%,31,NA
Comanche Peak 1,2009-09-01,0,0,0.0,0,0,0,NA,1.30E-07,-3.00E-09,-1.32E-07,5.20E-08,-6.15E-08,0.1,0,97.5%,97.7%,99.1%,31,NA
Comanche Peak 1,2009-10-01,0,0,0.0,0,0,0,NA,1.80E-07,1.00E-09,-1.30E-07,5.20E-08,-6.15E-08,0.1,0,97.0%,97.7%,99.3%,31,NA
Comanche Peak 1,2009-11-01,0,0,0.0,0,0,0,NA,1.80E-07,1.00E-09,-1.30E-07,5.20E-08,-6.15E-08,0.1,0,97.0%,97.7%,99.3%,31,NA
Comanche Peak 1,2009-12-01,0,0,0.0,0,0,0,NA,1.80E-07,1.00E-09,-1.30E-07,5.20E-08,-6.15E-08,0.1,0,97.0%,97.7%,99.3%,31,NA
Comanche Peak 2,2007-01-01,1.7,0,0.0,0,0,0,NA,-1.76E-06,-1.08E-07,-2.31E-07,-2.95E-08,1.10E-07,0,0,93.6%,98.7%,98.4%,29,NA
Comanche Peak 2,2007-02-01,1.7,0,0.0,0,0,0,NA,-1.76E-06,-1.08E-07,-2.31E-07,-2.95E-08,1.10E-07,0.1,0,93.6%,98.7%,98.4%,29,NA
Comanche Peak 2,2007-03-01,1.7,0,0.0,0,0,0,NA,-1.76E-06,-1.08E-07,-2.31E-07,-2.95E-08,1.10E-07,0.1,0,93.6%,98.7%,98.4%,29,NA
Comanche Peak 2,2007-04-01,1.7,0,0.0,0,0,0,NA,-1.73E-06,-1.08E-07,-2.21E-07,-2.95E-08,1.10E-07,0.1,0,93.6%,94.8%,98.3%,29,NA
Comanche Peak 2,2007-05-01,1.7,0,0.0,0,0,0,NA,-1.73E-06,-1.08E-07,-2.21E-07,-2.95E-08,1.10E-07,0.1,0,93.6%,94.8%,98.3%,29,NA
Comanche Peak 2,2007-06-01,1.7,0,0.0,0,0,0,NA,-1.73E-06,-1.08E-07,-2.21E-07,-2.95E-08,1.10E-07,0.1,0,93.6%,94.8%,98.3%,29,NA
Comanche Peak 2,2007-07-01,1.7,0,1.0,0,1,0,NA,-1.73E-06,-1.07E-07,-2.21E-07,-2.95E-08,1.10E-07,0.1,0,94.6%,97.2%,98.4%,29,NA
Comanche Peak 2,2007-08-01,1.7,0,1.0,0,1,0,NA,-1.73E-06,-1.07E-07,-2.21E-07,-2.95E-08,1.10E-07,0.1,0,94.6%,97.2%,98.4%,29,NA
Comanche Peak 2,2007-09-01,1.7,0,1.0,0,1,0,NA,-1.73E-06,-1.07E-07,-2.21E-07,-2.95E-08,1.10E-07,0.1,0,94.6%,97.2%,98.4%,29,NA
Comanche Peak 2,2007-10-01,0,0,0.0,0,1,0,NA,-1.73E-06,-1.06E-07,-2.21E-07,-2.95E-08,1.10E-07,0.1,0,95.8%,98.6%,99.0%,29,NA
Comanche Peak 2,2007-11-01,0,0,0.0,0,1,0,NA,-1.73E-06,-1.06E-07,-2.21E-07,-2.95E-08,1.10E-07,0.2,0,95.8%,98.6%,99.0%,29,NA
Comanche Peak 2,2007-12-01,0,0,0.0,0,1,0,NA,-1.73E-06,-1.06E-07,-2.21E-07,-2.95E-08,1.10E-07,0.4,0,95.8%,98.6%,99.0%,29,NA
Comanche Peak 2,2008-01-01,1.6,0,0.0,0,1,0,NA,-1.50E-06,-1.05E-07,-2.24E-07,-2.23E-08,1.10E-07,1.3,0,95.3%,92.0%,98.7%,29,NA
Comanche Peak 2,2008-02-01,1.6,0,0.0,0,1,0,NA,-1.50E-06,-1.05E-07,-2.24E-07,-2.23E-08,1.10E-07,0.7,0,95.3%,92.0%,98.7%,29,NA
Comanche Peak 2,2008-03-01,1.6,0,0.0,0,1,0,NA,-1.50E-06,-1.05E-07,-2.24E-07,-2.23E-08,1.10E-07,3.9,0,95.3%,92.0%,98.7%,29,NA
Comanche Peak 2,2008-04-01,1.7,0,0.0,0,1,0,NA,-1.50E-06,-1.07E-07,-2.80E-07,-2.24E-08,-4.40E-07,0,0,95.6%,97.4%,98.3%,29,NA
Comanche Peak 2,2008-05-01,1.7,0,0.0,0,1,0,NA,-1.50E-06,-1.07E-07,-2.80E-07,-2.24E-08,-4.40E-07,0,0,95.6%,97.4%,98.3%,29,NA
Comanche Peak 2,2008-06-01,1.7,0,0.0,0,1,0,NA,-1.50E-06,-1.07E-07,-2.80E-07,-2.24E-08,-4.40E-07,0.1,0,95.6%,97.4%,98.3%,29,NA
Comanche Peak 2,2008-07-01,1.7,0,0.0,0,0,0,NA,-1.50E-06,-1.08E-07,-2.70E-07,-2.24E-08,-4.40E-07,0.1,0,97.6%,96.2%,98.4%,29,NA
Comanche Peak 2,2008-08-01,1.7,0,0.0,0,0,0,NA,-1.50E-06,-1.08E-07,-2.70E-07,-2.24E-08,-4.40E-07,0.1,0,97.6%,96.2%,98.4%,29,NA
Comanche Peak 2,2008-09-01,1.7,0,0.0,0,0,0,NA,-1.50E-06,-1.08E-07,-2.70E-07,-2.24E-08,-4.40E-07,0.1,0,97.6%,96.2%,98.4%,29,NA
Comanche Peak 2,2008-10-01,1.7,0,0.0,0,0,0,NA,-1.40E-06,-1.08E-07,-2.70E-07,-2.24E-08,-4.40E-07,0.1,0,97.6%,92.7%,98.5%,29,NA
Comanche Peak 2,2008-11-01,1.7,0,0.0,0,0,0,NA,-1.40E-06,-1.08E-07,-2.70E-07,-2.24E-08,-4.40E-07,0.1,0,97.6%,92.7%,98.5%,29,NA
Comanche Peak 2,2008-12-01,1.7,0,0.0,0,0,0,NA,-1.40E-06,-1.08E-07,-2.70E-07,-2.24E-08,-4.40E-07,0.1,0,97.6%,92.7%,98.5%,29,NA
Comanche Peak 2,2009-01-01,0,0,0.0,0,0,0,NA,-1.65E-06,-2.47E-08,-2.90E-07,-2.64E-08,-2.50E-07,0.1,0,98.0%,96.4%,98.9%,29,NA
Comanche Peak 2,2009-02-01,0,0,0.0,0,0,0,NA,-1.65E-06,-2.47E-08,-2.90E-07,-2.64E-08,-2.50E-07,0.1,0,98.0%,96.4%,98.9%,29,NA
Comanche Peak 2,2009-03-01,0,0,0.0,0,0,0,NA,-1.65E-06,-2.47E-08,-2.90E-07,-2.64E-08,-2.50E-07,0.1,0,98.0%,96.4%,98.9%,29,NA
Comanche Peak 2,2009-04-01,0,0,0.0,0,1,0,NA,-1.65E-06,-2.47E-08,-2.80E-07,-2.64E-08,-2.51E-07,0.1,0,97.6%,96.5%,98.9%,29,NA
Comanche Peak 2,2009-05-01,0,0,0.0,0,1,0,NA,-1.65E-06,-2.47E-08,-2.80E-07,-2.64E-08,-2.51E-07,0.1,0,97.6%,96.5%,98.9%,29,NA
Comanche Peak 2,2009-06-01,0,0,0.0,0,1,0,NA,-1.65E-06,-2.47E-08,-2.80E-07,-2.64E-08,-2.51E-07,0.1,0,97.6%,96.5%,98.9%,29,NA
Comanche Peak 2,2009-07-01,0,0,0.0,0,0,0,NA,-1.60E-06,-2.47E-08,-2.80E-07,-2.64E-08,-2.51E-07,0.1,0,97.5%,97.7%,99.1%,29,NA
Comanche Peak 2,2009-08-01,0,0,0.0,0,0,0,NA,-1.60E-06,-2.47E-08,-2.80E-07,-2.64E-08,-2.51E-07,0.1,0,97.5%,97.7%,99.1%,29,NA
Comanche Peak 2,2009-09-01,0,0,0.0,0,0,0,NA,-1.60E-06,-2.47E-08,-2.80E-07,-2.64E-08,-2.51E-07,0.2,0,97.5%,97.7%,99.1%,29,NA
Comanche Peak 2,2009-10-01,0,0,0.0,0,0,0,NA,-1.59E-06,-2.49E-08,-2.66E-07,-2.64E-08,-2.49E-07,0.2,0,97.0%,97.7%,99.3%,29,NA
Comanche Peak 2,2009-11-01,0,0,0.0,0,0,0,NA,-1.59E-06,-2.49E-08,-2.66E-07,-2.64E-08,-2.49E-07,0.1,0,97.0%,97.7%,99.3%,29,NA
Comanche Peak 2,2009-12-01,0,0,0.0,0,0,0,NA,-1.59E-06,-2.49E-08,-2.66E-07,-2.64E-08,-2.49E-07,0,0,97.0%,97.7%,99.3%,29,NA
Cooper,2007-07-01,0.9,1.8,0.0,2,2.0,0,2.68E-06,2.68E-06,-2.30E-08,-1.38E-07,-6.60E-07,2.20E-07,0,7.3,95.6%,98.1%,99.4%,2,NA
Cooper,2007-08-01,0.9,1.8,0.0,2,2.0,0,2.68E-06,2.68E-06,-2.30E-08,-1.38E-07,-6.60E-07,2.20E-07,0,7.1,95.6%,98.1%,99.4%,2,NA
Cooper,2007-09-01,0.9,1.8,0.0,2,2.0,0,2.68E-06,2.68E-06,-2.30E-08,-1.38E-07,-6.60E-07,2.20E-07,0,7.0,95.6%,98.1%,99.4%,2,NA
Cooper,2007-10-01,0.8,1.6,0.0,3,0,0,-7.90E-07,-7.90E-07,-2.30E-08,-1.38E-07,-6.50E-07,4.80E-08,0,7.1,95.5%,99.0%,98.5%,2,NA
Cooper,2007-11-01,0.8,1.6,0.0,3,0,0,-7.90E-07,-7.90E-07,-2.30E-08,-1.38E-07,-6.50E-07,4.80E-08,0,7.3,95.5%,99.0%,98.5%,2,NA
Cooper,2007-12-01,0.8,1.6,0.0,3,0,0,-7.90E-07,-7.90E-07,-2.30E-08,-1.38E-07,-6.50E-07,4.80E-08,0,7.4,95.5%,99.0%,98.5%,2,NA
Cooper,2008-01-01,0.8,1.6,0.0,4,0,0,-7.10E-07,-7.10E-07,-2.30E-08,-1.38E-07,-6.20E-07,4.80E-08,0,7.7,95.7%,97.3%,98.3%,2,NA
Cooper,2008-02-01,0.8,1.6,0.0,4,0,0,-7.10E-07,-7.10E-07,-2.30E-08,-1.38E-07,-6.20E-07,4.80E-08,0,7.7,95.7%,97.3%,98.3%,2,NA
Cooper,2008-03-01,0.8,1.6,0.0,4,0,0,-7.10E-07,-7.10E-07,-2.30E-08,-1.38E-07,-6.20E-07,4.80E-08,0,7.9,95.7%,97.3%,98.3%,2,NA
Cooper,2008-04-01,0,1.8,0.0,3,0,0,-7.30E-07,-7.30E-07,-2.20E-08,-1.34E-07,-6.40E-07,1.38E-07,0,7.9,96.1%,97.4%,98.1%,2,NA
Cooper,2008-05-01,0,1.8,0.0,3,0,0,-7.30E-07,-7.30E-07,-2.20E-08,-1.34E-07,-6.40E-07,1.38E-07,0,6.2,96.1%,97.4%,98.1%,2,NA
Cooper,2008-06-01,0,1.8,0.0,3,0,0,-7.30E-07,-7.30E-07,-2.20E-08,-1.34E-07,-6.40E-07,1.38E-07,0,7.0,96.1%,97.4%,98.1%,2,NA
Cooper,2008-07-01,0.9,1.8,0.0,2,0,0,-7.00E-07,-7.00E-07,-2.20E-08,-1.34E-07,-6.50E-07,1.38E-07,0,7.3,96.3%,95.6%,98.2%,2,NA
Cooper,2008-08-01,0.9,1.8,0.0,2,0,0,-7.00E-07,-7.00E-07,-2.20E-08,-1.34E-07,-6.50E-07,1.38E-07,0,7.5,96.3%,95.6%,98.2%,2,NA
Cooper,2008-09-01,0.9,1.8,0.0,2,0,0,-7.00E-07,-7.00E-07,-2.20E-08,-1.34E-07,-6.50E-07,1.38E-07,0,6.5,96.3%,95.6%,98.2%,2,NA
Cooper,2008-10-01,0.9,0.9,0.0,1,0,0,2.93E-06,2.93E-06,-3.50E-08,-1.34E-07,-6.40E-07,4.90E-07,0,6.5,96.1%,99.2%,99.3%,2,NA
Cooper,2008-11-01,0.9,0.9,0.0,1,0,0,2.93E-06,2.93E-06,-3.50E-08,-1.34E-07,-6.40E-07,4.90E-07,0,6.4,96.1%,99.2%,99.3%,2,NA
Cooper,2008-12-01,0.9,0.9,0.0,1,0,0,2.93E-06,2.93E-06,-3.50E-08,-1.34E-07,-6.40E-07,4.90E-07,0,6.5,96.1%,99.2%,99.3%,2,NA
Cooper,2009-01-01,0.9,0,0.0,1,0,0,4.65E-07,4.65E-07,-1.40E-07,-1.37E-07,-2.28E-07,2.62E-07,0,6.6,96.6%,99.2%,99.2%,2,NA
Cooper,2009-02-01,0.9,0,0.0,1,0,0,4.65E-07,4.65E-07,-1.40E-07,-1.37E-07,-2.28E-07,2.62E-07,0,6.6,96.6%,99.2%,99.2%,2,NA
Cooper,2009-03-01,0.9,0,0.0,1,0,0,4.65E-07,4.65E-07,-1.40E-07,-1.37E-07,-2.28E-07,2.62E-07,0,6.6,96.6%,99.2%,99.2%,2,NA
Cooper,2009-04-01,0.8,0,0.0,1,0,0,5.00E-07,5.00E-07,-1.33E-07,-1.37E-07,-2.10E-07,2.59E-07,0,6.8,96.8%,99.2%,99.2%,2,NA
Cooper,2009-05-01,0.8,0,0.0,1,0,0,5.00E-07,5.00E-07,-1.33E-07,-1.37E-07,-2.10E-07,2.59E-07,0,6.4,96.8%,99.2%,99.2%,2,NA
Cooper,2009-06-01,0.8,0,0.0,1,0,0,5.00E-07,5.00E-07,-1.33E-07,-1.37E-07,-2.10E-07,2.59E-07,0,6.4,96.8%,99.2%,99.2%,2,NA
Cooper,2009-07-01,0,0,0.0,1,0,0,7.60E-07,7.60E-07,-1.36E-07,-1.37E-07,-2.09E-07,2.59E-07,0,6.2,97.7%,99.2%,99.4%,2,NA
Cooper,2009-08-01,0,0,0.0,1,0,0,7.60E-07,7.60E-07,-1.36E-07,-1.37E-07,-2.09E-07,2.59E-07,0,6.2,97.7%,99.2%,99.4%,2,NA
Cooper,2009-09-01,0,0,0.0,1,0,0,7.60E-07,7.60E-07,-1.36E-07,-1.37E-07,-2.09E-07,2.59E-07,0,6.4,97.7%,99.2%,99.4%,2,NA
Cooper,2009-11-01,0.9,1.8,0.0,1,0,0,8.10E-07,8.10E-07,3.77E-07,-1.27E-07,-2.08E-07,1.49E-07,0,7.4,98.0%,99.2%,99.5%,2,NA
Cooper,2009-12-01,0.9,1.8,0.0,1,0,0,8.10E-07,8.10E-07,3.77E-07,-1.27E-07,-2.08E-07,1.49E-07,0,6.6,98.0%,99.2%,99.5%,2,NA
Cooper,2007-01-01,0.9,2.6,NA,1,2.0,0,2.70E-06,2.70E-06,-2.30E-08,-1.37E-07,-6.70E-07,2.20E-07,0,6.9,96.9%,100.0%,99.7%,2,NA
Cooper,2007-02-01,0.9,2.6,NA,1,2.0,0,2.70E-06,2.70E-06,-2.30E-08,-1.37E-07,-6.70E-07,2.20E-07,0,6.9,96.9%,100.0%,99.7%,2,NA
Cooper,2007-03-01,0.9,2.6,NA,1,2.0,0,2.70E-06,2.70E-06,-2.30E-08,-1.37E-07,-6.70E-07,2.20E-07,0,6.6,96.9%,100.0%,99.7%,2,NA
Cooper,2007-04-01,0.9,2.6,NA,1,2.0,0,2.70E-06,2.70E-06,-2.30E-08,-1.37E-07,-6.60E-07,2.20E-07,0,6.8,96.9%,99.0%,99.7%,2,NA
Cooper,2007-05-01,0.9,2.6,NA,1,2.0,0,2.70E-06,2.70E-06,-2.30E-08,-1.37E-07,-6.60E-07,2.20E-07,0,7.1,96.9%,99.0%,99.7%,2,NA
Cooper,2007-06-01,0.9,2.6,NA,1,2.0,0,2.70E-06,2.70E-06,-2.30E-08,-1.37E-07,-6.60E-07,2.20E-07,0,7.3,96.9%,99.0%,99.7%,2,NA
Cooper,2009-10-01,0.9,1.8,0.0,1,0,0,8.10E-07,8.10E-07,3.77E-07,-1.27E-07,-2.08E-07,1.49E-07,NA,NA,98.0%,99.2%,99.5%,2,NA
D. C. Cook 1,2007-01-01,0,1.0,0.0,0,0,0,7.04E-07,7.04E-07,-1.10E-08,4.50E-08,-1.20E-07,-3.30E-07,0,0.2,97.5%,100.0%,97.6%,4,NA
D. C. Cook 1,2007-02-01,0,1.0,0.0,0,0,0,7.04E-07,7.04E-07,-1.10E-08,4.50E-08,-1.20E-07,-3.30E-07,0,0.1,97.5%,100.0%,97.6%,4,NA
D. C. Cook 1,2007-03-01,0,1.0,0.0,0,0,0,7.04E-07,7.04E-07,-1.10E-08,4.50E-08,-1.20E-07,-3.30E-07,0.2,0.2,97.5%,100.0%,97.6%,4,NA
D. C. Cook 1,2007-04-01,0,1.0,0.0,0,0,0,6.94E-07,6.94E-07,2.34E-07,4.50E-08,-1.20E-07,2.00E-08,0.2,0.2,98.2%,98.2%,89.6%,4,NA
D. C. Cook 1,2007-05-01,0,1.0,0.0,0,0,0,6.94E-07,6.94E-07,2.34E-07,4.50E-08,-1.20E-07,2.00E-08,0.2,0.2,98.2%,98.2%,89.6%,4,NA
D. C. Cook 1,2007-06-01,0,1.0,0.0,0,0,0,6.94E-07,6.94E-07,2.34E-07,4.50E-08,-1.20E-07,2.00E-08,0.3,0.2,98.2%,98.2%,89.6%,4,NA
D. C. Cook 1,2007-07-01,0.9,0,0.0,0,0,0,7.89E-07,7.89E-07,2.01E-07,4.60E-08,-1.10E-07,8.20E-08,0.5,0.1,97.6%,100.0%,88.0%,4,NA
D. C. Cook 1,2007-08-01,0.9,0,0.0,0,0,0,7.89E-07,7.89E-07,2.01E-07,4.60E-08,-1.10E-07,8.20E-08,0.5,0.2,97.6%,100.0%,88.0%,4,NA
D. C. Cook 1,2007-09-01,0.9,0,0.0,0,0,0,7.89E-07,7.89E-07,2.01E-07,4.60E-08,-1.10E-07,8.20E-08,0.6,0.2,97.6%,100.0%,88.0%,4,NA
D. C. Cook 1,2007-10-01,0.8,0,0.0,0,0,0,7.89E-07,7.89E-07,2.00E-07,4.60E-08,-1.10E-07,8.20E-08,3.5,0.2,97.7%,100.0%,94.2%,4,NA
D. C. Cook 1,2007-11-01,0.8,0,0.0,0,0,0,7.89E-07,7.89E-07,2.00E-07,4.60E-08,-1.10E-07,8.20E-08,3.9,0.2,97.7%,100.0%,94.2%,4,NA
D. C. Cook 1,2007-12-01,0.8,0,0.0,0,0,0,7.89E-07,7.89E-07,2.00E-07,4.60E-08,-1.10E-07,8.20E-08,3.7,0.2,97.7%,100.0%,94.2%,4,NA
D. C. Cook 1,2008-01-01,1.6,0,0.0,0,0,0,5.19E-07,5.19E-07,1.63E-07,4.60E-08,-1.10E-07,4.20E-08,3.9,0.1,98.0%,98.1%,96.7%,4,NA
D. C. Cook 1,2008-02-01,1.6,0,0.0,0,0,0,5.19E-07,5.19E-07,1.63E-07,4.60E-08,-1.10E-07,4.20E-08,4.0,0.7,98.0%,98.1%,96.7%,4,NA
D. C. Cook 1,2008-03-01,1.6,0,0.0,0,0,0,5.19E-07,5.19E-07,1.63E-07,4.60E-08,-1.10E-07,4.20E-08,8.1,0.1,98.0%,98.1%,96.7%,4,NA
D. C. Cook 1,2008-05-01,1.8,0,0.0,0,0,0,3.80E-07,3.80E-07,1.70E-07,8.10E-08,-1.00E-07,-1.00E-07,1.0,5.7,98.0%,100.0%,99.3%,4,NA
D. C. Cook 1,2008-06-01,1.8,0,0.0,0,0,0,3.80E-07,3.80E-07,1.70E-07,8.10E-08,-1.00E-07,-1.00E-07,0.9,0.2,98.0%,100.0%,99.3%,4,NA
D. C. Cook 1,2008-07-01,1.8,0,0.0,0,0,0,2.50E-07,2.50E-07,1.70E-07,8.09E-08,-1.00E-07,-1.00E-07,1.0,0.2,98.6%,96.9%,99.3%,4,NA
D. C. Cook 1,2008-08-01,1.8,0,0.0,0,0,0,2.50E-07,2.50E-07,1.70E-07,8.09E-08,-1.00E-07,-1.00E-07,1.1,0.2,98.6%,96.9%,99.3%,4,NA
D. C. Cook 1,2008-09-01,1.8,0,0.0,0,0,0,2.50E-07,2.50E-07,1.70E-07,8.09E-08,-1.00E-07,-1.00E-07,1.1,0.2,98.6%,96.9%,99.3%,4,NA
D. C. Cook 1,2009-12-01,N/A,N/A,0.0,0,0,0,-2.93E-08,-2.93E-08,1.50E-07,-3.10E-08,-9.10E-08,-1.40E-07,0.2,1.5,98.0%,100.0%,99.6%,4,NA
D. C. Cook 1,2008-04-01,1.8,0,0.0,0,0,0,3.80E-07,3.80E-07,1.70E-07,8.10E-08,-1.00E-07,-1.00E-07,NA,0.9,98.0%,100.0%,99.3%,4,NA
D. C. Cook 1,2009-11-01,N/A,N/A,0.0,0,0,0,-2.93E-08,-2.93E-08,1.50E-07,-3.10E-08,-9.10E-08,-1.40E-07,NA,0.4,98.0%,100.0%,99.6%,4,NA
D. C. Cook 1,2008-10-01,2.6,0,0.0,0,0,0,2.50E-07,2.50E-07,1.70E-07,8.09E-08,-1.00E-07,-1.40E-07,NA,NA,97.8%,99.4%,99.1%,4,NA
D. C. Cook 1,2008-11-01,2.6,0,0.0,0,0,0,2.50E-07,2.50E-07,1.70E-07,8.09E-08,-1.00E-07,-1.40E-07,NA,NA,97.8%,99.4%,99.1%,4,NA
D. C. Cook 1,2008-12-01,2.6,0,0.0,0,0,0,2.50E-07,2.50E-07,1.70E-07,8.09E-08,-1.00E-07,-1.40E-07,NA,NA,97.8%,99.4%,99.1%,4,NA
D. C. Cook 1,2009-01-01,2.0,0,0.0,0,0,0,2.50E-07,2.50E-07,1.70E-07,8.09E-08,-1.00E-07,-1.00E-07,NA,NA,97.7%,98.7%,98.9%,4,NA
D. C. Cook 1,2009-02-01,2.0,0,0.0,0,0,0,2.50E-07,2.50E-07,1.70E-07,8.09E-08,-1.00E-07,-1.00E-07,NA,NA,97.7%,98.7%,98.9%,4,NA
D. C. Cook 1,2009-03-01,2.0,0,0.0,0,0,0,2.50E-07,2.50E-07,1.70E-07,8.09E-08,-1.00E-07,-1.00E-07,NA,NA,97.7%,98.7%,98.9%,4,NA
D. C. Cook 1,2009-04-01,N/A,N/A,0.0,0,0,0,1.50E-07,1.50E-07,1.70E-07,8.09E-08,-1.00E-07,-1.00E-07,NA,NA,97.2%,97.4%,99.0%,4,NA
D. C. Cook 1,2009-05-01,N/A,N/A,0.0,0,0,0,1.50E-07,1.50E-07,1.70E-07,8.09E-08,-1.00E-07,-1.00E-07,NA,NA,97.2%,97.4%,99.0%,4,NA
D. C. Cook 1,2009-06-01,N/A,N/A,0.0,0,0,0,1.50E-07,1.50E-07,1.70E-07,8.09E-08,-1.00E-07,-1.00E-07,NA,NA,97.2%,97.4%,99.0%,4,NA
D. C. Cook 1,2009-07-01,N/A,N/A,0.0,0,0,0,8.08E-08,8.08E-08,1.50E-07,-3.10E-08,-9.10E-08,-1.40E-07,NA,NA,98.1%,97.9%,99.2%,4,NA
D. C. Cook 1,2009-08-01,N/A,N/A,0.0,0,0,0,8.08E-08,8.08E-08,1.50E-07,-3.10E-08,-9.10E-08,-1.40E-07,NA,NA,98.1%,97.9%,99.2%,4,NA
D. C. Cook 1,2009-09-01,N/A,N/A,0.0,0,0,0,8.08E-08,8.08E-08,1.50E-07,-3.10E-08,-9.10E-08,-1.40E-07,NA,NA,98.1%,97.9%,99.2%,4,NA
D. C. Cook 1,2009-10-01,N/A,N/A,0.0,0,0,0,-2.93E-08,-2.93E-08,1.50E-07,-3.10E-08,-9.10E-08,-1.40E-07,NA,NA,98.0%,100.0%,99.6%,4,NA
D. C. Cook 2,2007-07-01,0,0,0.0,0,0,0,NA,2.15E-07,-5.70E-08,-8.10E-08,-1.10E-07,-1.77E-07,0,6.1,97.6%,100.0%,88.5%,22,NA
D. C. Cook 2,2007-08-01,0,0,0.0,0,0,0,NA,2.15E-07,-5.70E-08,-8.10E-08,-1.10E-07,-1.77E-07,0,6.1,97.6%,100.0%,88.5%,22,NA
D. C. Cook 2,2007-09-01,0,0,0.0,0,0,0,NA,2.15E-07,-5.70E-08,-8.10E-08,-1.10E-07,-1.77E-07,0,6.1,97.6%,100.0%,88.5%,22,NA
D. C. Cook 2,2007-10-01,0,0,0.0,0,0,0,NA,3.45E-07,-5.70E-08,-8.10E-08,-1.10E-07,-2.17E-07,0,0.5,97.7%,100.0%,94.2%,22,NA
D. C. Cook 2,2007-11-01,0,0,0.0,0,0,0,NA,3.45E-07,-5.70E-08,-8.10E-08,-1.10E-07,-2.17E-07,0,0.5,97.7%,100.0%,94.2%,22,NA
D. C. Cook 2,2007-12-01,0,0,0.0,0,0,0,NA,3.45E-07,-5.70E-08,-8.10E-08,-1.10E-07,-2.17E-07,0,0.5,97.7%,100.0%,94.2%,22,NA
D. C. Cook 2,2008-01-01,0,0,0.0,0,0,0,NA,3.45E-07,-5.70E-08,-8.10E-08,-1.10E-07,-2.97E-07,0,1.0,98.0%,98.1%,96.7%,22,NA
D. C. Cook 2,2008-02-01,0,0,0.0,0,0,0,NA,3.45E-07,-5.70E-08,-8.10E-08,-1.10E-07,-2.97E-07,0,1.0,98.0%,98.1%,96.7%,22,NA
D. C. Cook 2,2008-03-01,0,0,0.0,0,0,0,NA,3.45E-07,-5.70E-08,-8.10E-08,-1.10E-07,-2.97E-07,0,1.0,98.0%,98.1%,96.7%,22,NA
D. C. Cook 2,2008-04-01,0,0.9,0.0,0,0,0,NA,2.50E-07,-3.00E-08,-5.80E-08,-1.00E-07,-9.91E-08,0.1,1.4,98.0%,100.0%,99.3%,22,NA
D. C. Cook 2,2008-05-01,0,0.9,0.0,0,0,0,NA,2.50E-07,-3.00E-08,-5.80E-08,-1.00E-07,-9.91E-08,0.1,1.4,98.0%,100.0%,99.3%,22,NA
D. C. Cook 2,2008-06-01,0,0.9,0.0,0,0,0,NA,2.50E-07,-3.00E-08,-5.80E-08,-1.00E-07,-9.91E-08,0.1,1.4,98.0%,100.0%,99.3%,22,NA
D. C. Cook 2,2008-07-01,0,0.9,0.0,0,0,0,NA,2.51E-07,-3.00E-08,-5.80E-08,-1.00E-07,-9.91E-08,0.1,1.6,98.6%,96.9%,99.3%,22,NA
D. C. Cook 2,2008-08-01,0,0.9,0.0,0,0,0,NA,2.51E-07,-3.00E-08,-5.80E-08,-1.00E-07,-9.91E-08,0.1,1.6,98.6%,96.9%,99.3%,22,NA
D. C. Cook 2,2008-09-01,0,0.9,0.0,0,0,0,NA,2.51E-07,-3.00E-08,-5.80E-08,-1.00E-07,-9.91E-08,0.1,1.6,98.6%,96.9%,99.3%,22,NA
D. C. Cook 2,2008-10-01,0,0.8,0.0,0,0,0,NA,1.50E-07,-3.00E-08,-5.70E-08,-1.00E-07,-7.71E-08,0.1,1.7,97.8%,99.4%,99.1%,22,NA
D. C. Cook 2,2008-11-01,0,0.8,0.0,0,0,0,NA,1.50E-07,-3.00E-08,-5.70E-08,-1.00E-07,-7.71E-08,0.1,1.7,97.8%,99.4%,99.1%,22,NA
D. C. Cook 2,2008-12-01,0,0.8,0.0,0,0,0,NA,1.50E-07,-3.00E-08,-5.70E-08,-1.00E-07,-7.71E-08,0.1,1.7,97.8%,99.4%,99.1%,22,NA
D. C. Cook 2,2009-01-01,0,0.8,0.0,0,0,0,NA,1.50E-07,-3.00E-08,-5.70E-08,-1.00E-07,-7.71E-08,0.1,1.9,97.7%,98.7%,98.9%,22,NA
D. C. Cook 2,2009-02-01,0,0.8,0.0,0,0,0,NA,1.50E-07,-3.00E-08,-5.70E-08,-1.00E-07,-7.71E-08,0.1,1.9,97.7%,98.7%,98.9%,22,NA
D. C. Cook 2,2009-03-01,0,0.8,0.0,0,0,0,NA,1.50E-07,-3.00E-08,-5.70E-08,-1.00E-07,-7.71E-08,0.1,1.9,97.7%,98.7%,98.9%,22,NA
D. C. Cook 2,2009-04-01,0,0,0.0,0,0,0,NA,1.50E-07,-3.00E-08,-5.70E-08,-1.00E-07,-7.71E-08,0,1.9,97.2%,97.4%,99.0%,22,NA
D. C. Cook 2,2009-05-01,0,0,0.0,0,0,0,NA,1.50E-07,-3.00E-08,-5.70E-08,-1.00E-07,-7.71E-08,0,1.9,97.2%,97.4%,99.0%,22,NA
D. C. Cook 2,2009-06-01,0,0,0.0,0,0,0,NA,1.50E-07,-3.00E-08,-5.70E-08,-1.00E-07,-7.71E-08,0,1.9,97.2%,97.4%,99.0%,22,NA
D. C. Cook 2,2009-07-01,0.9,0,0.0,0,0,0,NA,8.24E-08,-2.50E-08,-3.10E-08,-9.20E-08,-1.30E-07,0,1.0,98.1%,97.9%,99.2%,22,NA
D. C. Cook 2,2009-08-01,0.9,0,0.0,0,0,0,NA,8.24E-08,-2.50E-08,-3.10E-08,-9.20E-08,-1.30E-07,0,1.0,98.1%,97.9%,99.2%,22,NA
D. C. Cook 2,2009-09-01,0.9,0,0.0,0,0,0,NA,8.24E-08,-2.50E-08,-3.10E-08,-9.20E-08,-1.30E-07,0,1.0,98.1%,97.9%,99.2%,22,NA
D. C. Cook 2,2009-10-01,0.9,0,0.0,0,0,0,NA,8.24E-08,-2.50E-08,-3.10E-08,-9.20E-08,-1.30E-07,0,1.6,98.0%,100.0%,99.6%,22,NA
D. C. Cook 2,2009-11-01,0.9,0,0.0,0,0,0,NA,8.24E-08,-2.50E-08,-3.10E-08,-9.20E-08,-1.30E-07,0,1.6,98.0%,100.0%,99.6%,22,NA
D. C. Cook 2,2009-12-01,0.9,0,0.0,0,0,0,NA,8.24E-08,-2.50E-08,-3.10E-08,-9.20E-08,-1.30E-07,0,1.6,98.0%,100.0%,99.6%,22,NA
D. C. Cook 2,2007-01-01,0,0,NA,1,0,0,NA,7.36E-08,-7.30E-08,-1.09E-07,-1.20E-07,2.16E-07,0,3.6,97.5%,100.0%,97.6%,22,NA
D. C. Cook 2,2007-02-01,0,0,NA,1,0,0,NA,7.36E-08,-7.30E-08,-1.09E-07,-1.20E-07,2.16E-07,0,3.6,97.5%,100.0%,97.6%,22,NA
D. C. Cook 2,2007-03-01,0,0,NA,1,0,0,NA,7.36E-08,-7.30E-08,-1.09E-07,-1.20E-07,2.16E-07,0,3.6,97.5%,100.0%,97.6%,22,NA
D. C. Cook 2,2007-04-01,0,0,NA,0,0,0,NA,2.50E-07,-7.70E-08,-1.11E-07,-1.21E-07,-3.20E-07,0,5.5,98.2%,98.2%,89.6%,22,NA
D. C. Cook 2,2007-05-01,0,0,NA,0,0,0,NA,2.50E-07,-7.70E-08,-1.11E-07,-1.21E-07,-3.20E-07,0,5.5,98.2%,98.2%,89.6%,22,NA
D. C. Cook 2,2007-06-01,0,0,NA,0,0,0,NA,2.50E-07,-7.70E-08,-1.11E-07,-1.21E-07,-3.20E-07,0,5.5,98.2%,98.2%,89.6%,22,NA
Davis-Besse,2007-07-01,0,0,0.0,0,0,0,2.39E-07,NA,1.80E-08,-8.39E-07,1.21E-07,-1.80E-07,1.1,0.5,97.5%,98.1%,99.8%,24,NA
Davis-Besse,2007-08-01,0,0,0.0,0,0,0,2.39E-07,NA,1.80E-08,-8.39E-07,1.21E-07,-1.80E-07,1.1,0.5,97.5%,98.1%,99.8%,24,NA
Davis-Besse,2007-09-01,0,0,0.0,0,0,0,2.39E-07,NA,1.80E-08,-8.39E-07,1.21E-07,-1.80E-07,1.1,0.5,97.5%,98.1%,99.8%,24,NA
Davis-Besse,2007-10-01,0,0,0.0,1,0,0,5.02E-08,NA,4.20E-09,-5.70E-07,5.37E-08,-8.83E-09,1.2,0.6,96.9%,100.0%,99.8%,24,NA
Davis-Besse,2007-11-01,0,0,0.0,1,0,0,5.02E-08,NA,4.20E-09,-5.70E-07,5.37E-08,-8.83E-09,1.2,0.6,96.9%,100.0%,99.8%,24,NA
Davis-Besse,2007-12-01,0,0,0.0,1,0,0,5.02E-08,NA,4.20E-09,-5.70E-07,5.37E-08,-8.83E-09,1.3,0.5,96.9%,100.0%,99.8%,24,NA
Davis-Besse,2008-02-01,0,0,0.0,1,1,0,4.36E-08,NA,8.80E-09,-5.92E-07,5.54E-08,-8.73E-09,4.3,1.1,96.9%,100.0%,99.4%,24,NA
Davis-Besse,2008-03-01,0,0,0.0,1,1,0,4.36E-08,NA,8.80E-09,-5.92E-07,5.54E-08,-8.73E-09,16.0,1.2,96.9%,100.0%,99.4%,24,NA
Davis-Besse,2008-04-01,0,0,0.0,1,1,0,2.94E-08,NA,5.60E-09,-6.05E-07,5.70E-08,-8.18E-09,1.6,1.3,95.6%,97.9%,99.5%,24,NA
Davis-Besse,2008-05-01,0,0,0.0,1,1,0,2.94E-08,NA,5.60E-09,-6.05E-07,5.70E-08,-8.18E-09,1.7,1.3,95.6%,97.9%,99.5%,24,NA
Davis-Besse,2008-06-01,0,0,0.0,1,1,0,2.94E-08,NA,5.60E-09,-6.05E-07,5.70E-08,-8.18E-09,1.1,1.3,95.6%,97.9%,99.5%,24,NA
Davis-Besse,2008-07-01,0,0,0.0,1,1,0,9.00E-09,NA,-3.23E-09,-5.95E-07,5.16E-08,-8.38E-09,1.0,1.6,95.7%,98.9%,99.6%,24,NA
Davis-Besse,2008-08-01,0,0,0.0,1,1,0,9.00E-09,NA,-3.23E-09,-5.95E-07,5.16E-08,-8.38E-09,0.6,1.6,95.7%,98.9%,99.6%,24,NA
Davis-Besse,2008-09-01,0,0,0.0,1,1,0,9.00E-09,NA,-3.23E-09,-5.95E-07,5.16E-08,-8.38E-09,0.5,1.8,95.7%,98.9%,99.6%,24,NA
Davis-Besse,2008-10-01,0,0.9,0.0,0,1,0,5.10E-08,NA,-4.46E-09,-6.04E-07,4.19E-08,-7.10E-09,0.5,1.8,96.7%,99.0%,99.6%,24,NA
Davis-Besse,2008-11-01,0,0.9,0.0,0,1,0,5.10E-08,NA,-4.46E-09,-6.04E-07,4.19E-08,-7.10E-09,0.5,1.9,96.7%,99.0%,99.6%,24,NA
Davis-Besse,2008-12-01,0,0.9,0.0,0,1,0,5.10E-08,NA,-4.46E-09,-6.04E-07,4.19E-08,-7.10E-09,0.8,2.2,96.7%,99.0%,99.6%,24,NA
Davis-Besse,2009-01-01,0,0.8,0.0,0,0,0,-1.72E-07,NA,-3.10E-09,-6.31E-07,3.90E-08,-7.10E-09,0.7,2.8,97.0%,100.0%,99.9%,24,NA
Davis-Besse,2009-02-01,0,0.8,0.0,0,0,0,-1.72E-07,NA,-3.10E-09,-6.31E-07,3.90E-08,-7.10E-09,0.6,4.5,97.0%,100.0%,99.9%,24,NA
Davis-Besse,2009-03-01,0,0.8,0.0,0,0,0,-1.72E-07,NA,-3.10E-09,-6.31E-07,3.90E-08,-7.10E-09,0.7,5.4,97.0%,100.0%,99.9%,24,NA
Davis-Besse,2009-04-01,0,0.8,0.0,0,1,0,-1.63E-07,NA,-3.28E-09,-6.21E-07,2.40E-08,-6.70E-09,0.8,5.3,95.8%,100.0%,99.9%,24,NA
Davis-Besse,2009-05-01,0,0.8,0.0,0,1,0,-1.63E-07,NA,-3.28E-09,-6.21E-07,2.40E-08,-6.70E-09,0.9,1.1,95.8%,100.0%,99.9%,24,NA
Davis-Besse,2009-06-01,0,0.8,0.0,0,1,0,-1.63E-07,NA,-3.28E-09,-6.21E-07,2.40E-08,-6.70E-09,0.9,1.1,95.8%,100.0%,99.9%,24,NA
Davis-Besse,2009-07-01,0,0.8,0.0,0,1,0,-1.63E-07,NA,-3.27E-09,-6.22E-07,2.50E-08,-6.90E-09,1.0,1.8,94.8%,100.0%,99.9%,24,NA
Davis-Besse,2009-08-01,0,0.8,0.0,0,1,0,-1.63E-07,NA,-3.27E-09,-6.22E-07,2.50E-08,-6.90E-09,0.7,1.7,94.8%,100.0%,99.9%,24,NA
Davis-Besse,2009-09-01,0,0.8,0.0,0,1,0,-1.63E-07,NA,-3.27E-09,-6.22E-07,2.50E-08,-6.90E-09,0.9,1.2,94.8%,100.0%,99.9%,24,NA
Davis-Besse,2009-10-01,0,0,0.0,0,1,0,-1.61E-07,NA,-3.17E-09,-6.12E-07,1.40E-08,-6.90E-09,0.9,0.9,94.7%,100.0%,100.0%,24,NA
Davis-Besse,2009-11-01,0,0,0.0,0,1,0,-1.61E-07,NA,-3.17E-09,-6.12E-07,1.40E-08,-6.90E-09,1.0,0.7,94.7%,100.0%,100.0%,24,NA
Davis-Besse,2009-12-01,0,0,0.0,0,1,0,-1.61E-07,NA,-3.17E-09,-6.12E-07,1.40E-08,-6.90E-09,1.2,0.6,94.7%,100.0%,100.0%,24,NA
Davis-Besse,2007-01-01,0.9,0,NA,0,0,0,3.58E-07,NA,8.90E-08,-8.80E-07,1.71E-07,-1.80E-07,0.9,0.5,97.0%,98.9%,99.9%,24,NA
Davis-Besse,2007-02-01,0.9,0,NA,0,0,0,3.58E-07,NA,8.90E-08,-8.80E-07,1.71E-07,-1.80E-07,0.9,0.4,97.0%,98.9%,99.9%,24,NA
Davis-Besse,2007-03-01,0.9,0,NA,0,0,0,3.58E-07,NA,8.90E-08,-8.80E-07,1.71E-07,-1.80E-07,1.0,0.7,97.0%,98.9%,99.9%,24,NA
Davis-Besse,2007-04-01,0.8,0,NA,0,0,0,3.43E-07,NA,9.60E-08,-7.94E-07,1.11E-07,-1.80E-07,1.0,0.8,97.4%,94.8%,99.9%,24,NA
Davis-Besse,2007-05-01,0.8,0,NA,0,0,0,3.43E-07,NA,9.60E-08,-7.94E-07,1.11E-07,-1.80E-07,1.0,0.5,97.4%,94.8%,99.9%,24,NA
Davis-Besse,2007-06-01,0.8,0,NA,0,0,0,3.43E-07,NA,9.60E-08,-7.94E-07,1.11E-07,-1.80E-07,1.0,0.7,97.4%,94.8%,99.9%,24,NA
Davis-Besse,2008-01-01,0,0,0.0,1,1,0,4.36E-08,NA,8.80E-09,-5.92E-07,5.54E-08,-8.73E-09,NA,0.7,96.9%,100.0%,99.4%,24,NA
Diablo Canyon 1,2007-01-01,0,0,0.0,0,1.0,0,NA,-8.02E-08,-2.00E-10,7.80E-08,2.21E-08,2.25E-07,0,1.0,94.4%,95.5%,99.7%,6,NA
Diablo Canyon 1,2007-02-01,0,0,0.0,0,1.0,0,NA,-8.02E-08,-2.00E-10,7.80E-08,2.21E-08,2.25E-07,0,1.1,94.4%,95.5%,99.7%,6,NA
Diablo Canyon 1,2007-03-01,0,0,0.0,0,1.0,0,NA,-8.02E-08,-2.00E-10,7.80E-08,2.21E-08,2.25E-07,0,3.1,94.4%,95.5%,99.7%,6,NA
Diablo Canyon 1,2007-04-01,0,0,0.0,0,1.0,0,NA,-9.19E-08,-4.80E-09,1.20E-08,-4.19E-08,2.33E-07,0,4.5,95.8%,100.0%,99.7%,6,NA
Diablo Canyon 1,2007-06-01,0,0,0.0,0,1.0,0,NA,-9.19E-08,-4.80E-09,1.20E-08,-4.19E-08,2.33E-07,0,0.9,95.8%,100.0%,99.7%,6,NA
Diablo Canyon 1,2007-07-01,0,0.9,0.0,0,1.0,0,NA,-9.55E-08,-4.80E-09,-2.00E-09,-4.19E-08,2.59E-07,0,0.7,96.9%,100.0%,99.8%,6,NA
Diablo Canyon 1,2007-08-01,0,0.9,0.0,0,1.0,0,NA,-9.55E-08,-4.80E-09,-2.00E-09,-4.19E-08,2.59E-07,0,0.7,96.9%,100.0%,99.8%,6,NA
Diablo Canyon 1,2007-09-01,0,0.9,0.0,0,1.0,0,NA,-9.55E-08,-4.80E-09,-2.00E-09,-4.19E-08,2.59E-07,0,0.8,96.9%,100.0%,99.8%,6,NA
Diablo Canyon 1,2007-10-01,0,0.9,0.0,0,1.0,0,NA,-9.30E-08,-4.30E-09,9.00E-09,-4.19E-08,2.45E-07,0,0.7,96.5%,100.0%,99.8%,6,NA
Diablo Canyon 1,2007-11-01,0,0.9,0.0,0,1.0,0,NA,-9.30E-08,-4.30E-09,9.00E-09,-4.19E-08,2.45E-07,0,0.8,96.5%,100.0%,99.8%,6,NA
Diablo Canyon 1,2007-12-01,0,0.9,0.0,0,1.0,0,NA,-9.30E-08,-4.30E-09,9.00E-09,-4.19E-08,2.45E-07,0,1.3,96.5%,100.0%,99.8%,6,NA
Diablo Canyon 1,2008-01-01,0,1.8,0.0,0,0.0,0,NA,-9.00E-08,-4.90E-09,9.00E-09,-4.19E-08,2.58E-07,0,0.8,95.1%,100.0%,99.9%,6,NA
Diablo Canyon 1,2008-02-01,0,1.8,0.0,0,0.0,0,NA,-9.00E-08,-4.90E-09,9.00E-09,-4.19E-08,2.58E-07,0,0.7,95.1%,100.0%,99.9%,6,NA
Diablo Canyon 1,2008-03-01,0,1.8,0.0,0,0.0,0,NA,-9.00E-08,-4.90E-09,9.00E-09,-4.19E-08,2.58E-07,0,0.6,95.1%,100.0%,99.9%,6,NA
Diablo Canyon 1,2008-04-01,0,1.6,0.0,0,0.0,0,NA,-9.47E-08,-4.90E-09,9.00E-09,-4.19E-08,2.84E-07,0,0.6,95.1%,100.0%,99.9%,6,NA
Diablo Canyon 1,2008-05-01,0,1.6,0.0,0,0.0,0,NA,-9.47E-08,-4.90E-09,9.00E-09,-4.19E-08,2.84E-07,0,0.6,95.1%,100.0%,99.9%,6,NA
Diablo Canyon 1,2008-06-01,0,1.6,0.0,0,0.0,0,NA,-9.47E-08,-4.90E-09,9.00E-09,-4.19E-08,2.84E-07,0,0.5,95.1%,100.0%,99.9%,6,NA
Diablo Canyon 1,2008-07-01,0,0.8,0.0,0,0.0,0,NA,-9.55E-08,-4.30E-09,-7.93E-08,-4.16E-08,2.76E-07,0,1.1,94.8%,98.7%,99.9%,6,NA
Diablo Canyon 1,2008-08-01,0,0.8,0.0,0,0.0,0,NA,-9.55E-08,-4.30E-09,-7.93E-08,-4.16E-08,2.76E-07,0,1.7,94.8%,98.7%,99.9%,6,NA
Diablo Canyon 1,2008-09-01,0,0.8,0.0,0,0.0,0,NA,-9.55E-08,-4.30E-09,-7.93E-08,-4.16E-08,2.76E-07,0,0.7,94.8%,98.7%,99.9%,6,NA
Diablo Canyon 1,2008-10-01,0,1.6,0.0,0,0.0,0,NA,-5.97E-07,-4.40E-09,-8.03E-08,-4.19E-08,-2.61E-08,0,0.9,94.8%,100.0%,100.0%,6,NA
Diablo Canyon 1,2008-11-01,0,1.6,0.0,0,0.0,0,NA,-5.97E-07,-4.40E-09,-8.03E-08,-4.19E-08,-2.61E-08,0,1.1,94.8%,100.0%,100.0%,6,NA
Diablo Canyon 1,2008-12-01,0,1.6,0.0,0,0.0,0,NA,-5.97E-07,-4.40E-09,-8.03E-08,-4.19E-08,-2.61E-08,0,0.8,94.8%,100.0%,100.0%,6,NA
Diablo Canyon 1,2009-01-01,0,1.9,0.0,0,0.0,0,NA,-4.06E-07,-4.20E-09,-9.50E-08,-4.19E-08,-1.31E-08,0,0.8,94.3%,100.0%,99.9%,6,NA
Diablo Canyon 1,2009-04-01,0,1.9,0.0,0,0.0,0,NA,-4.06E-07,-4.50E-09,-9.50E-08,-4.18E-08,-2.67E-08,0,0.4,94.1%,93.3%,99.9%,6,NA
Diablo Canyon 1,2009-05-01,0,1.9,0.0,0,0.0,0,NA,-4.06E-07,-4.50E-09,-9.50E-08,-4.18E-08,-2.67E-08,0,0.4,94.1%,93.3%,99.9%,6,NA
Diablo Canyon 1,2009-06-01,0,1.9,0.0,0,0.0,0,NA,-4.06E-07,-4.50E-09,-9.50E-08,-4.18E-08,-2.67E-08,0,0.8,94.1%,93.3%,99.9%,6,NA
Diablo Canyon 1,2009-07-01,0,1.9,0.0,0,0.0,0,NA,-4.14E-07,-4.50E-09,-9.50E-08,-4.16E-08,-2.34E-08,0,0.7,95.5%,98.9%,99.9%,6,NA
Diablo Canyon 1,2009-08-01,0,1.9,0.0,0,0.0,0,NA,-4.14E-07,-4.50E-09,-9.50E-08,-4.16E-08,-2.34E-08,0,0.6,95.5%,98.9%,99.9%,6,NA
Diablo Canyon 1,2009-09-01,0,1.9,0.0,0,0.0,0,NA,-4.14E-07,-4.50E-09,-9.50E-08,-4.16E-08,-2.34E-08,0,0.6,95.5%,98.9%,99.9%,6,NA
Diablo Canyon 1,2009-10-01,0,1.9,0.0,0,0.0,0,NA,-4.08E-07,-4.50E-09,-9.50E-08,-4.19E-08,-3.42E-08,0,0.8,94.6%,96.1%,100.0%,6,NA
Diablo Canyon 1,2009-11-01,0,1.9,0.0,0,0.0,0,NA,-4.08E-07,-4.50E-09,-9.50E-08,-4.19E-08,-3.42E-08,0,0.6,94.6%,96.1%,100.0%,6,NA
Diablo Canyon 1,2009-12-01,0,1.9,0.0,0,0.0,0,NA,-4.08E-07,-4.50E-09,-9.50E-08,-4.19E-08,-3.42E-08,0,0.5,94.6%,96.1%,100.0%,6,NA
Diablo Canyon 1,2007-05-01,0,0,0.0,0,1.0,0,NA,-9.19E-08,-4.80E-09,1.20E-08,-4.19E-08,2.33E-07,NA,0,95.8%,100.0%,99.7%,6,NA
Diablo Canyon 1,2009-02-01,0,1.9,0.0,0,0.0,0,NA,-4.06E-07,-4.20E-09,-9.50E-08,-4.19E-08,-1.31E-08,NA,0,94.3%,100.0%,99.9%,6,NA
Diablo Canyon 1,2009-03-01,0,1.9,0.0,0,0.0,0,NA,-4.06E-07,-4.20E-09,-9.50E-08,-4.19E-08,-1.31E-08,NA,0.5,94.3%,100.0%,99.9%,6,NA
Diablo Canyon 2,2007-01-01,0,0,0.0,0,1.0,0,NA,3.90E-08,-6.90E-10,-8.41E-08,-1.10E-08,-7.30E-09,0.1,0.8,94.4%,95.5%,99.7%,14,NA
Diablo Canyon 2,2007-02-01,0,0,0.0,0,1.0,0,NA,3.90E-08,-6.90E-10,-8.41E-08,-1.10E-08,-7.30E-09,0.1,0.6,94.4%,95.5%,99.7%,14,NA
Diablo Canyon 2,2007-03-01,0,0,0.0,0,1.0,0,NA,3.90E-08,-6.90E-10,-8.41E-08,-1.10E-08,-7.30E-09,0.2,1.0,94.4%,95.5%,99.7%,14,NA
Diablo Canyon 2,2007-04-01,0,0,0.0,0,1.0,0,NA,5.35E-07,-2.60E-09,-1.07E-07,-1.65E-08,-2.90E-08,0.1,0.8,95.8%,100.0%,99.7%,14,NA
Diablo Canyon 2,2007-05-01,0,0,0.0,0,1.0,0,NA,5.35E-07,-2.60E-09,-1.07E-07,-1.65E-08,-2.90E-08,0.2,0.4,95.8%,100.0%,99.7%,14,NA
Diablo Canyon 2,2007-06-01,0,0,0.0,0,1.0,0,NA,5.35E-07,-2.60E-09,-1.07E-07,-1.65E-08,-2.90E-08,0.3,0.5,95.8%,100.0%,99.7%,14,NA
Diablo Canyon 2,2007-07-01,0.8,0.8,0.0,0,1.0,0,NA,2.71E-07,-3.10E-09,-1.00E-07,-1.55E-08,-3.00E-08,0.4,0.5,96.9%,100.0%,99.8%,14,NA
Diablo Canyon 2,2007-08-01,0.8,0.8,0.0,0,1.0,0,NA,2.71E-07,-3.10E-09,-1.00E-07,-1.55E-08,-3.00E-08,0.3,0.4,96.9%,100.0%,99.8%,14,NA
Diablo Canyon 2,2007-09-01,0.8,0.8,0.0,0,1.0,0,NA,2.71E-07,-3.10E-09,-1.00E-07,-1.55E-08,-3.00E-08,0.4,0.6,96.9%,100.0%,99.8%,14,NA
Diablo Canyon 2,2007-10-01,0,0,0.0,0,1.0,0,NA,5.27E-07,-2.40E-09,-1.02E-07,-1.69E-08,-3.10E-08,0.5,0.5,96.5%,100.0%,99.8%,14,NA
Diablo Canyon 2,2007-11-01,0,0,0.0,0,1.0,0,NA,5.27E-07,-2.40E-09,-1.02E-07,-1.69E-08,-3.10E-08,0.5,0.5,96.5%,100.0%,99.8%,14,NA
Diablo Canyon 2,2007-12-01,0,0,0.0,0,1.0,0,NA,5.27E-07,-2.40E-09,-1.02E-07,-1.69E-08,-3.10E-08,0.6,0.6,96.5%,100.0%,99.8%,14,NA
Diablo Canyon 2,2008-01-01,0,0,0.0,0,0.0,0,NA,2.79E-07,-3.50E-09,-9.90E-08,-2.39E-08,-2.40E-08,0.6,0.4,95.1%,100.0%,99.9%,14,NA
Diablo Canyon 2,2008-02-01,0,0,0.0,0,0.0,0,NA,2.79E-07,-3.50E-09,-9.90E-08,-2.39E-08,-2.40E-08,0.3,0.1,95.1%,100.0%,99.9%,14,NA
Diablo Canyon 2,2008-03-01,0,0,0.0,0,0.0,0,NA,2.79E-07,-3.50E-09,-9.90E-08,-2.39E-08,-2.40E-08,N/A,0,95.1%,100.0%,99.9%,14,NA
Diablo Canyon 2,2008-04-01,0,0,0.0,0,0.0,0,NA,2.76E-07,-3.40E-09,-7.20E-08,-2.78E-08,-2.70E-08,0.1,0.8,95.1%,100.0%,99.9%,14,NA
Diablo Canyon 2,2008-05-01,0,0,0.0,0,0.0,0,NA,2.76E-07,-3.40E-09,-7.20E-08,-2.78E-08,-2.70E-08,0.1,8.7,95.1%,100.0%,99.9%,14,NA
Diablo Canyon 2,2008-06-01,0,0,0.0,0,0.0,0,NA,2.76E-07,-3.40E-09,-7.20E-08,-2.78E-08,-2.70E-08,0.1,7.1,95.1%,100.0%,99.9%,14,NA
Diablo Canyon 2,2008-07-01,0,0,0.0,0,0.0,0,NA,3.25E-08,-4.80E-09,-8.40E-08,-3.09E-08,-2.60E-08,0.1,5.1,94.8%,98.7%,99.9%,14,NA
Diablo Canyon 2,2008-08-01,0,0,0.0,0,0.0,0,NA,3.25E-08,-4.80E-09,-8.40E-08,-3.09E-08,-2.60E-08,0.1,11.7,94.8%,98.7%,99.9%,14,NA
Diablo Canyon 2,2008-09-01,0,0,0.0,0,0.0,0,NA,3.25E-08,-4.80E-09,-8.40E-08,-3.09E-08,-2.60E-08,0.1,0.4,94.8%,98.7%,99.9%,14,NA
Diablo Canyon 2,2008-10-01,1.0,0,0.0,1,0.0,0,NA,9.04E-07,-4.80E-09,-8.16E-08,-3.09E-08,-2.40E-08,0.1,1.1,94.8%,100.0%,100.0%,14,NA
Diablo Canyon 2,2008-11-01,1.0,0,0.0,1,0.0,0,NA,9.04E-07,-4.80E-09,-8.16E-08,-3.09E-08,-2.40E-08,0.1,0.3,94.8%,100.0%,100.0%,14,NA
Diablo Canyon 2,2008-12-01,1.0,0,0.0,1,0.0,0,NA,9.04E-07,-4.80E-09,-8.16E-08,-3.09E-08,-2.40E-08,0.1,0.4,94.8%,100.0%,100.0%,14,NA
Diablo Canyon 2,2009-01-01,2.1,0,0.0,1,0.0,0,NA,1.84E-08,-4.80E-09,-8.23E-08,-3.09E-08,-3.60E-08,0.2,0.4,94.3%,100.0%,99.9%,14,NA
Diablo Canyon 2,2009-02-01,2.1,0,0.0,1,0.0,0,NA,1.84E-08,-4.80E-09,-8.23E-08,-3.09E-08,-3.60E-08,0.2,0.3,94.3%,100.0%,99.9%,14,NA
Diablo Canyon 2,2009-03-01,2.1,0,0.0,1,0.0,0,NA,1.84E-08,-4.80E-09,-8.23E-08,-3.09E-08,-3.60E-08,0.1,0.8,94.3%,100.0%,99.9%,14,NA
Diablo Canyon 2,2009-04-01,1.8,0.9,0.0,1,0.0,0,NA,1.58E-08,-4.80E-09,-8.53E-08,-3.09E-08,-3.70E-08,0.2,0.5,94.1%,93.3%,99.9%,14,NA
Diablo Canyon 2,2009-05-01,1.8,0.9,0.0,1,0.0,0,NA,1.58E-08,-4.80E-09,-8.53E-08,-3.09E-08,-3.70E-08,0.1,0.5,94.1%,93.3%,99.9%,14,NA
Diablo Canyon 2,2009-06-01,1.8,0.9,0.0,1,0.0,0,NA,1.58E-08,-4.80E-09,-8.53E-08,-3.09E-08,-3.70E-08,0.1,0.5,94.1%,93.3%,99.9%,14,NA
Diablo Canyon 2,2009-07-01,2.6,1.7,0.0,1,0.0,0,NA,1.90E-08,-4.80E-09,-7.50E-08,-3.09E-08,-4.80E-08,0.2,0.6,95.5%,98.9%,99.9%,14,NA
Diablo Canyon 2,2009-08-01,2.6,1.7,0.0,1,0.0,0,NA,1.90E-08,-4.80E-09,-7.50E-08,-3.09E-08,-4.80E-08,0.1,0.9,95.5%,98.9%,99.9%,14,NA
Diablo Canyon 2,2009-09-01,2.6,1.7,0.0,1,0.0,0,NA,1.90E-08,-4.80E-09,-7.50E-08,-3.09E-08,-4.80E-08,0.1,0.4,95.5%,98.9%,99.9%,14,NA
Diablo Canyon 2,2009-10-01,1.7,1.8,0.0,0,0.0,0,NA,2.18E-08,3.06E-08,-8.62E-08,-3.09E-08,-3.90E-08,0.1,0.9,94.6%,96.1%,100.0%,14,NA
Diablo Canyon 2,2009-11-01,1.7,1.8,0.0,0,0.0,0,NA,2.18E-08,3.06E-08,-8.62E-08,-3.09E-08,-3.90E-08,0.1,0,94.6%,96.1%,100.0%,14,NA
Diablo Canyon 2,2009-12-01,1.7,1.8,0.0,0,0.0,0,NA,2.18E-08,3.06E-08,-8.62E-08,-3.09E-08,-3.90E-08,0.1,6.2,94.6%,96.1%,100.0%,14,NA
Dresden 2,2007-07-01,0.8,0,1.0,NA,0,0,NA,-3.48E-08,-1.26E-07,-4.39E-09,-1.45E-09,1.28E-09,0,8.3,97.4%,100.0%,99.7%,33,NA
Dresden 2,2007-08-01,0.8,0,1.0,NA,0,0,NA,-3.48E-08,-1.26E-07,-4.39E-09,-1.45E-09,1.28E-09,0,8.2,97.4%,100.0%,99.7%,33,NA
Dresden 2,2007-09-01,0.8,0,1.0,NA,0,0,NA,-3.48E-08,-1.26E-07,-4.39E-09,-1.45E-09,1.28E-09,0,8.2,97.4%,100.0%,99.7%,33,NA
Dresden 2,2007-10-01,0.9,0.9,1.0,NA,0,0,NA,-3.10E-08,-1.26E-07,-4.39E-09,-1.57E-09,1.98E-09,0,7.1,97.4%,96.8%,99.7%,33,NA
Dresden 2,2007-11-01,0.9,0.9,1.0,NA,0,0,NA,-3.10E-08,-1.26E-07,-4.39E-09,-1.57E-09,1.98E-09,0,7.9,97.4%,96.8%,99.7%,33,NA
Dresden 2,2007-12-01,0.9,0.9,1.0,NA,0,0,NA,-3.10E-08,-1.26E-07,-4.39E-09,-1.57E-09,1.98E-09,0,8.2,97.4%,96.8%,99.7%,33,NA
Dresden 2,2008-01-01,0.9,0.9,1.0,NA,0,0,NA,-3.43E-08,-1.26E-07,-4.39E-09,-2.58E-09,1.58E-09,0,7.9,97.1%,98.4%,99.6%,33,NA
Dresden 2,2008-02-01,0.9,0.9,1.0,NA,0,0,NA,-3.43E-08,-1.26E-07,-4.39E-09,-2.58E-09,1.58E-09,0,7.9,97.1%,98.4%,99.6%,33,NA
Dresden 2,2008-03-01,0.9,0.9,1.0,NA,0,0,NA,-3.43E-08,-1.26E-07,-4.39E-09,-2.58E-09,1.58E-09,0,8.0,97.1%,98.4%,99.6%,33,NA
Dresden 2,2008-04-01,0,0.8,0.0,NA,0,0,NA,-3.24E-08,1.80E-07,-4.39E-09,-2.55E-09,1.58E-09,0,8.0,96.8%,98.5%,99.6%,33,NA
Dresden 2,2008-05-01,0,0.8,0.0,NA,0,0,NA,-3.24E-08,1.80E-07,-4.39E-09,-2.55E-09,1.58E-09,0,8.1,96.8%,98.5%,99.6%,33,NA
Dresden 2,2008-06-01,0,0.8,0.0,NA,0,0,NA,-3.24E-08,1.80E-07,-4.39E-09,-2.55E-09,1.58E-09,0,8.3,96.8%,98.5%,99.6%,33,NA
Dresden 2,2008-07-01,0,1.7,0.0,NA,0,0,NA,-3.27E-08,1.80E-07,-3.59E-09,-2.67E-09,1.78E-09,0,8.4,99.2%,100.0%,99.6%,33,NA
Dresden 2,2008-08-01,0,1.7,0.0,NA,0,0,NA,-3.27E-08,1.80E-07,-3.59E-09,-2.67E-09,1.78E-09,0,8.3,99.2%,100.0%,99.6%,33,NA
Dresden 2,2008-09-01,0,1.7,0.0,NA,0,0,NA,-3.27E-08,1.80E-07,-3.59E-09,-2.67E-09,1.78E-09,0,8.5,99.2%,100.0%,99.6%,33,NA
Dresden 2,2008-10-01,0,0.8,0.0,NA,0,0,NA,-3.25E-08,1.80E-07,-3.99E-09,-3.10E-09,1.98E-09,0,8.2,99.2%,100.0%,99.5%,33,NA
Dresden 2,2008-11-01,0,0.8,0.0,NA,0,0,NA,-3.25E-08,1.80E-07,-3.99E-09,-3.10E-09,1.98E-09,0,7.7,99.2%,100.0%,99.5%,33,NA
Dresden 2,2008-12-01,0,0.8,0.0,NA,0,0,NA,-3.25E-08,1.80E-07,-3.99E-09,-3.10E-09,1.98E-09,0,7.9,99.2%,100.0%,99.5%,33,NA
Dresden 2,2009-01-01,0,1.6,0.0,NA,0,0,NA,-2.92E-08,2.40E-07,-4.39E-09,-1.43E-09,3.97E-09,0,7.8,100.0%,98.4%,99.5%,33,NA
Dresden 2,2009-02-01,0,1.6,0.0,NA,0,0,NA,-2.92E-08,2.40E-07,-4.39E-09,-1.43E-09,3.97E-09,0,7.8,100.0%,98.4%,99.5%,33,NA
Dresden 2,2009-03-01,0,1.6,0.0,NA,0,0,NA,-2.92E-08,2.40E-07,-4.39E-09,-1.43E-09,3.97E-09,0,7.9,100.0%,98.4%,99.5%,33,NA
Dresden 2,2009-04-01,0,1.6,0.0,NA,0,0,NA,7.11E-08,2.40E-07,-4.39E-09,2.49E-09,3.97E-09,0,7.9,99.6%,100.0%,99.5%,33,NA
Dresden 2,2009-05-01,0,1.6,0.0,NA,0,0,NA,7.11E-08,2.40E-07,-4.39E-09,2.49E-09,3.97E-09,0,8.0,99.6%,100.0%,99.5%,33,NA
Dresden 2,2009-06-01,0,1.6,0.0,NA,0,0,NA,7.11E-08,2.40E-07,-4.39E-09,2.49E-09,3.97E-09,0,8.1,99.6%,100.0%,99.5%,33,NA
Dresden 2,2009-07-01,0,0,0.0,NA,0,0,NA,7.20E-08,2.40E-07,-1.97E-09,2.18E-09,3.97E-09,0,8.1,99.6%,100.0%,99.7%,33,NA
Dresden 2,2009-08-01,0,0,0.0,NA,0,0,NA,7.20E-08,2.40E-07,-1.97E-09,2.18E-09,3.97E-09,0,8.1,99.6%,100.0%,99.7%,33,NA
Dresden 2,2009-09-01,0,0,0.0,NA,0,0,NA,7.20E-08,2.40E-07,-1.97E-09,2.18E-09,3.97E-09,0,8.2,99.6%,100.0%,99.7%,33,NA
Dresden 2,2009-10-01,0,0,0.0,NA,0,0,NA,1.62E-08,2.40E-07,-1.57E-09,1.78E-09,3.87E-09,0,8.2,99.6%,100.0%,99.8%,33,NA
Dresden 2,2009-11-01,0,0,0.0,NA,0,0,NA,1.62E-08,2.40E-07,-1.57E-09,1.78E-09,3.87E-09,0,8.1,99.6%,100.0%,99.8%,33,NA
Dresden 2,2009-12-01,0,0,0.0,NA,0,0,NA,1.62E-08,2.40E-07,-1.57E-09,1.78E-09,3.87E-09,0,8.4,99.6%,100.0%,99.8%,33,NA
Dresden 2,2007-01-01,0.8,0.8,NA,NA,0,0,NA,-3.81E-08,-1.24E-07,2.40E-09,-1.35E-09,1.18E-09,0,8.5,95.9%,100.0%,99.7%,33,NA
Dresden 2,2007-02-01,0.8,0.8,NA,NA,0,0,NA,-3.81E-08,-1.24E-07,2.40E-09,-1.35E-09,1.18E-09,0,8.4,95.9%,100.0%,99.7%,33,NA
Dresden 2,2007-03-01,0.8,0.8,NA,NA,0,0,NA,-3.81E-08,-1.24E-07,2.40E-09,-1.35E-09,1.18E-09,0,8.4,95.9%,100.0%,99.7%,33,NA
Dresden 2,2007-04-01,1.7,0,NA,NA,0,0,NA,-3.45E-08,-1.26E-07,-4.39E-09,-1.29E-09,1.38E-09,0,8.4,97.0%,100.0%,99.7%,33,NA
Dresden 2,2007-05-01,1.7,0,NA,NA,0,0,NA,-3.45E-08,-1.26E-07,-4.39E-09,-1.29E-09,1.38E-09,0,8.4,97.0%,100.0%,99.7%,33,NA
Dresden 2,2007-06-01,1.7,0,NA,NA,0,0,NA,-3.45E-08,-1.26E-07,-4.39E-09,-1.29E-09,1.38E-09,0,7.5,97.0%,100.0%,99.7%,33,NA
Dresden 3,2007-01-01,0,0.8,0.0,NA,0,0,NA,-4.16E-08,-1.11E-07,-4.41E-09,-3.00E-09,-2.00E-11,0,7.4,95.9%,100.0%,99.7%,34,NA
Dresden 3,2007-02-01,0,0.8,0.0,NA,0,0,NA,-4.16E-08,-1.11E-07,-4.41E-09,-3.00E-09,-2.00E-11,0,7.3,95.9%,100.0%,99.7%,34,NA
Dresden 3,2007-03-01,0,0.8,0.0,NA,0,0,NA,-4.16E-08,-1.11E-07,-4.41E-09,-3.00E-09,-2.00E-11,0,7.5,95.9%,100.0%,99.7%,34,NA
Dresden 3,2007-04-01,0,0.8,0.0,NA,0,0,NA,-4.06E-08,-4.89E-08,-4.36E-09,-3.00E-09,-2.00E-11,0,7.2,97.0%,100.0%,99.7%,34,NA
Dresden 3,2007-05-01,0,0.8,0.0,NA,0,0,NA,-4.06E-08,-4.89E-08,-4.36E-09,-3.00E-09,-2.00E-11,0,8.1,97.0%,100.0%,99.7%,34,NA
Dresden 3,2007-06-01,0,0.8,0.0,NA,0,0,NA,-4.06E-08,-4.89E-08,-4.36E-09,-3.00E-09,-2.00E-11,0,8.8,97.0%,100.0%,99.7%,34,NA
Dresden 3,2007-07-01,0,0.8,0.0,NA,0,0,NA,-4.06E-08,-9.42E-09,-4.36E-09,-3.00E-09,-2.00E-11,0,9.0,97.4%,100.0%,99.7%,34,NA
Dresden 3,2007-08-01,0,0.8,0.0,NA,0,0,NA,-4.06E-08,-9.42E-09,-4.36E-09,-3.00E-09,-2.00E-11,0,9.1,97.4%,100.0%,99.7%,34,NA
Dresden 3,2007-09-01,0,0.8,0.0,NA,0,0,NA,-4.06E-08,-9.42E-09,-4.36E-09,-3.00E-09,-2.00E-11,0,9.0,97.4%,100.0%,99.7%,34,NA
Dresden 3,2007-10-01,0,0,0.0,NA,0,0,NA,-4.16E-08,-8.00E-10,-4.36E-09,-2.90E-09,-1.90E-11,0,8.8,97.4%,96.8%,99.7%,34,NA
Dresden 3,2007-11-01,0,0,0.0,NA,0,0,NA,-4.16E-08,-8.00E-10,-4.36E-09,-2.90E-09,-1.90E-11,0,8.7,97.4%,96.8%,99.7%,34,NA
Dresden 3,2007-12-01,0,0,0.0,NA,0,0,NA,-4.16E-08,-8.00E-10,-4.36E-09,-2.90E-09,-1.90E-11,0,8.2,97.4%,96.8%,99.7%,34,NA
Dresden 3,2008-01-01,0,0,0.0,NA,0,0,NA,-4.16E-08,-1.11E-08,-4.36E-09,-2.90E-09,-1.90E-11,0,10.0,97.1%,98.4%,99.6%,34,NA
Dresden 3,2008-02-01,0,0,0.0,NA,0,0,NA,-4.16E-08,-1.11E-08,-4.36E-09,-2.90E-09,-1.90E-11,0,8.1,97.1%,98.4%,99.6%,34,NA
Dresden 3,2008-03-01,0,0,0.0,NA,0,0,NA,-4.16E-08,-1.11E-08,-4.36E-09,-2.90E-09,-1.90E-11,0,7.7,97.1%,98.4%,99.6%,34,NA
Dresden 3,2008-04-01,0,0,0.0,NA,0,0,NA,6.00E-08,-1.13E-08,-4.36E-09,-2.90E-09,-2.00E-11,0,7.7,96.8%,98.5%,99.6%,34,NA
Dresden 3,2008-05-01,0,0,0.0,NA,0,0,NA,6.00E-08,-1.13E-08,-4.36E-09,-2.90E-09,-2.00E-11,0,8.1,96.8%,98.5%,99.6%,34,NA
Dresden 3,2008-06-01,0,0,0.0,NA,0,0,NA,6.00E-08,-1.13E-08,-4.36E-09,-2.90E-09,-2.00E-11,0,7.7,96.8%,98.5%,99.6%,34,NA
Dresden 3,2008-07-01,0,0.8,0.0,NA,0,0,NA,6.00E-08,-1.13E-08,-4.36E-09,-2.90E-09,-1.90E-11,0,7.8,99.2%,100.0%,99.6%,34,NA
Dresden 3,2008-08-01,0,0.8,0.0,NA,0,0,NA,6.00E-08,-1.13E-08,-4.36E-09,-2.90E-09,-1.90E-11,0,7.7,99.2%,100.0%,99.6%,34,NA
Dresden 3,2008-09-01,0,0.8,0.0,NA,0,0,NA,6.00E-08,-1.13E-08,-4.36E-09,-2.90E-09,-1.90E-11,0,7.7,99.2%,100.0%,99.6%,34,NA
Dresden 3,2008-10-01,0,0.9,0.0,NA,0,0,NA,6.10E-08,1.10E-09,-4.36E-09,-3.00E-09,-2.00E-11,0,7.8,99.2%,100.0%,99.5%,34,NA
Dresden 3,2008-11-01,0,0.9,0.0,NA,0,0,NA,6.10E-08,1.10E-09,-4.36E-09,-3.00E-09,-2.00E-11,0,8.0,99.2%,100.0%,99.5%,34,NA
Dresden 3,2008-12-01,0,0.9,0.0,NA,0,0,NA,6.10E-08,1.10E-09,-4.36E-09,-3.00E-09,-2.00E-11,0,7.3,99.2%,100.0%,99.5%,34,NA
Dresden 3,2009-01-01,0,0.8,0.0,NA,0,0,NA,5.70E-08,2.00E-09,-4.36E-09,-3.00E-09,-2.10E-11,0,7.3,100.0%,98.4%,99.5%,34,NA
Dresden 3,2009-02-01,0,0.8,0.0,NA,0,0,NA,5.70E-08,2.00E-09,-4.36E-09,-3.00E-09,-2.10E-11,0,7.3,100.0%,98.4%,99.5%,34,NA
Dresden 3,2009-03-01,0,0.8,0.0,NA,0,0,NA,5.70E-08,2.00E-09,-4.36E-09,-3.00E-09,-2.10E-11,0,7.3,100.0%,98.4%,99.5%,34,NA
Dresden 3,2009-04-01,0,0.8,0.0,NA,0,0,NA,1.68E-07,-8.30E-09,-4.36E-09,-3.00E-09,-2.10E-11,0,7.4,99.6%,100.0%,99.5%,34,NA
Dresden 3,2009-05-01,0,0.8,0.0,NA,0,0,NA,1.68E-07,-8.30E-09,-4.36E-09,-3.00E-09,-2.10E-11,0,7.5,99.6%,100.0%,99.5%,34,NA
Dresden 3,2009-06-01,0,0.8,0.0,NA,0,0,NA,1.68E-07,-8.30E-09,-4.36E-09,-3.00E-09,-2.10E-11,0,7.5,99.6%,100.0%,99.5%,34,NA
Dresden 3,2009-07-01,0,0.8,0.0,NA,0,0,NA,1.58E-07,-8.30E-09,-4.36E-09,-3.00E-09,-1.00E-11,0,7.4,99.5%,100.0%,99.7%,34,NA
Dresden 3,2009-08-01,0,0.8,0.0,NA,0,0,NA,1.58E-07,-8.30E-09,-4.36E-09,-3.00E-09,-1.00E-11,0,7.3,99.5%,100.0%,99.7%,34,NA
Dresden 3,2009-09-01,0,0.8,0.0,NA,0,0,NA,1.58E-07,-8.30E-09,-4.36E-09,-3.00E-09,-1.00E-11,0,7.4,99.5%,100.0%,99.7%,34,NA
Dresden 3,2009-10-01,0.8,1.6,0.0,NA,0,0,NA,2.75E-08,1.40E-08,-4.37E-09,-3.00E-09,-1.00E-11,0,8.4,99.6%,100.0%,99.8%,34,NA
Dresden 3,2009-11-01,0.8,1.6,0.0,NA,0,0,NA,2.75E-08,1.40E-08,-4.37E-09,-3.00E-09,-1.00E-11,0,8.0,99.6%,100.0%,99.8%,34,NA
Dresden 3,2009-12-01,0.8,1.6,0.0,NA,0,0,NA,2.75E-08,1.40E-08,-4.37E-09,-3.00E-09,-1.00E-11,0,7.9,99.6%,100.0%,99.8%,34,NA
Duane Arnold,2007-01-01,0.9,1.8,1.0,NA,0,0,-2.00E-08,-2.00E-08,-1.20E-08,-1.96E-07,-2.30E-08,-2.10E-08,0,6.4,95.3%,95.3%,98.9%,3,NA
Duane Arnold,2007-02-01,0.9,1.8,1.0,NA,0,0,-2.00E-08,-2.00E-08,-1.20E-08,-1.96E-07,-2.30E-08,-2.10E-08,0,6.4,95.3%,95.3%,98.9%,3,NA
Duane Arnold,2007-03-01,0.9,1.8,1.0,NA,0,0,-2.00E-08,-2.00E-08,-1.20E-08,-1.96E-07,-2.30E-08,-2.10E-08,0,6.6,95.3%,95.3%,98.9%,3,NA
Duane Arnold,2007-04-01,2.7,1.8,1.0,NA,0,0,1.10E-07,1.10E-07,2.90E-08,-1.75E-07,-3.26E-08,6.70E-08,0,6.5,95.9%,100.0%,98.8%,3,NA
Duane Arnold,2007-05-01,2.7,1.8,1.0,NA,0,0,1.10E-07,1.10E-07,2.90E-08,-1.75E-07,-3.26E-08,6.70E-08,0,6.4,95.9%,100.0%,98.8%,3,NA
Duane Arnold,2007-06-01,2.7,1.8,1.0,NA,0,0,1.10E-07,1.10E-07,2.90E-08,-1.75E-07,-3.26E-08,6.70E-08,0,6.3,95.9%,100.0%,98.8%,3,NA
Duane Arnold,2007-07-01,2.7,0.9,1.0,NA,0,0,-9.00E-08,-9.00E-08,2.70E-08,-7.57E-08,-6.40E-08,7.70E-08,0,6.4,96.3%,100.0%,99.4%,3,NA
Duane Arnold,2007-08-01,2.7,0.9,1.0,NA,0,0,-9.00E-08,-9.00E-08,2.70E-08,-7.57E-08,-6.40E-08,7.70E-08,0,6.6,96.3%,100.0%,99.4%,3,NA
Duane Arnold,2007-09-01,2.7,0.9,1.0,NA,0,0,-9.00E-08,-9.00E-08,2.70E-08,-7.57E-08,-6.40E-08,7.70E-08,0,8.5,96.3%,100.0%,99.4%,3,NA
Duane Arnold,2007-10-01,1.8,1.8,1.0,NA,0,0,7.00E-08,7.00E-08,2.10E-08,-3.20E-08,-6.10E-08,7.70E-08,0,8.5,95.8%,100.0%,99.4%,3,NA
Duane Arnold,2007-11-01,1.8,1.8,1.0,NA,0,0,7.00E-08,7.00E-08,2.10E-08,-3.20E-08,-6.10E-08,7.70E-08,0,6.4,95.8%,100.0%,99.4%,3,NA
Duane Arnold,2007-12-01,1.8,1.8,1.0,NA,0,0,7.00E-08,7.00E-08,2.10E-08,-3.20E-08,-6.10E-08,7.70E-08,0,6.4,95.8%,100.0%,99.4%,3,NA
Duane Arnold,2008-01-01,0.8,1.6,1.0,NA,0,0,-5.00E-08,-5.00E-08,3.90E-08,-6.74E-08,-4.90E-08,8.70E-08,0,6.3,95.8%,100.0%,99.4%,3,NA
Duane Arnold,2008-02-01,0.8,1.6,1.0,NA,0,0,-5.00E-08,-5.00E-08,3.90E-08,-6.74E-08,-4.90E-08,8.70E-08,0,6.7,95.8%,100.0%,99.4%,3,NA
Duane Arnold,2008-03-01,0.8,1.6,1.0,NA,0,0,-5.00E-08,-5.00E-08,3.90E-08,-6.74E-08,-4.90E-08,8.70E-08,0,6.8,95.8%,100.0%,99.4%,3,NA
Duane Arnold,2008-04-01,0,0.8,0.0,NA,0,0,-2.20E-07,-2.20E-07,3.90E-08,-7.42E-08,-5.30E-08,8.70E-08,0,6.8,96.3%,100.0%,99.3%,3,NA
Duane Arnold,2008-05-01,0,0.8,0.0,NA,0,0,-2.20E-07,-2.20E-07,3.90E-08,-7.42E-08,-5.30E-08,8.70E-08,0,6.9,96.3%,100.0%,99.3%,3,NA
Duane Arnold,2008-06-01,0,0.8,0.0,NA,0,0,-2.20E-07,-2.20E-07,3.90E-08,-7.42E-08,-5.30E-08,8.70E-08,0,6.8,96.3%,100.0%,99.3%,3,NA
Duane Arnold,2008-07-01,0,0.8,0.0,NA,0,0,-1.60E-07,-1.60E-07,2.10E-08,-8.28E-08,-2.40E-08,8.70E-08,0,6.5,95.3%,100.0%,99.0%,3,NA
Duane Arnold,2008-08-01,0,0.8,0.0,NA,0,0,-1.60E-07,-1.60E-07,2.10E-08,-8.28E-08,-2.40E-08,8.70E-08,0,6.5,95.3%,100.0%,99.0%,3,NA
Duane Arnold,2008-09-01,0,0.8,0.0,NA,0,0,-1.60E-07,-1.60E-07,2.10E-08,-8.28E-08,-2.40E-08,8.70E-08,0,6.3,95.3%,100.0%,99.0%,3,NA
Duane Arnold,2008-10-01,0,0,0.0,NA,0,0,3.34E-07,3.34E-07,-8.00E-09,-9.50E-08,-1.40E-08,5.70E-08,0,6.3,96.4%,100.0%,98.7%,3,NA
Duane Arnold,2008-11-01,0,0,0.0,NA,0,0,3.34E-07,3.34E-07,-8.00E-09,-9.50E-08,-1.40E-08,5.70E-08,0,6.3,96.4%,100.0%,98.7%,3,NA
Duane Arnold,2008-12-01,0,0,0.0,NA,0,0,3.34E-07,3.34E-07,-8.00E-09,-9.50E-08,-1.40E-08,5.70E-08,0,6.6,96.4%,100.0%,98.7%,3,NA
Duane Arnold,2009-01-01,0.9,0,0.0,NA,0,0,8.20E-07,8.20E-07,-1.80E-08,-1.19E-07,-1.90E-08,-6.90E-08,0,6.9,96.5%,100.0%,98.8%,3,NA
Duane Arnold,2009-02-01,0.9,0,0.0,NA,0,0,8.20E-07,8.20E-07,-1.80E-08,-1.19E-07,-1.90E-08,-6.90E-08,0,7.0,96.5%,100.0%,98.8%,3,NA
Duane Arnold,2009-03-01,0.9,0,0.0,NA,0,0,8.20E-07,8.20E-07,-1.80E-08,-1.19E-07,-1.90E-08,-6.90E-08,0,6.6,96.5%,100.0%,98.8%,3,NA
Duane Arnold,2009-04-01,1.7,0,0.0,NA,0,0,7.50E-07,7.50E-07,3.00E-09,-1.19E-07,-1.90E-08,-9.61E-08,0,6.3,97.1%,100.0%,99.0%,3,NA
Duane Arnold,2009-05-01,1.7,0,0.0,NA,0,0,7.50E-07,7.50E-07,3.00E-09,-1.19E-07,-1.90E-08,-9.61E-08,0,6.4,97.1%,100.0%,99.0%,3,NA
Duane Arnold,2009-06-01,1.7,0,0.0,NA,0,0,7.50E-07,7.50E-07,3.00E-09,-1.19E-07,-1.90E-08,-9.61E-08,0,6.4,97.1%,100.0%,99.0%,3,NA
Duane Arnold,2009-07-01,1.7,0,0.0,NA,1,0,7.50E-07,7.50E-07,1.40E-08,-1.19E-07,-1.80E-08,-1.26E-07,0,6.5,97.0%,100.0%,99.2%,3,NA
Duane Arnold,2009-08-01,1.7,0,0.0,NA,1,0,7.50E-07,7.50E-07,1.40E-08,-1.19E-07,-1.80E-08,-1.26E-07,0,6.6,97.0%,100.0%,99.2%,3,NA
Duane Arnold,2009-09-01,1.7,0,0.0,NA,1,0,7.50E-07,7.50E-07,1.40E-08,-1.19E-07,-1.80E-08,-1.26E-07,0,6.4,97.0%,100.0%,99.2%,3,NA
Duane Arnold,2009-10-01,2.6,0,0.0,NA,1,0,4.40E-07,4.40E-07,-2.50E-08,-1.81E-07,-2.30E-08,-6.07E-08,0,6.4,96.9%,100.0%,99.3%,3,NA
Duane Arnold,2009-11-01,2.6,0,0.0,NA,1,0,4.40E-07,4.40E-07,-2.50E-08,-1.81E-07,-2.30E-08,-6.07E-08,0,6.4,96.9%,100.0%,99.3%,3,NA
Duane Arnold,2009-12-01,2.6,0,0.0,NA,1,0,4.40E-07,4.40E-07,-2.50E-08,-1.81E-07,-2.30E-08,-6.07E-08,0,6.4,96.9%,100.0%,99.3%,3,NA
Edwin I. Hatch 1,2007-01-01,0,2.4,0.0,NA,0,0,8.21E-07,8.21E-07,2.22E-07,-1.87E-07,2.87E-08,4.93E-08,0,5.6,93.8%,98.5%,NA,45,NA
Edwin I. Hatch 1,2007-02-01,0,2.4,0.0,NA,0,0,8.21E-07,8.21E-07,2.22E-07,-1.87E-07,2.87E-08,4.93E-08,0,5.7,93.8%,98.5%,NA,45,NA
Edwin I. Hatch 1,2007-03-01,0,2.4,0.0,NA,0,0,8.21E-07,8.21E-07,2.22E-07,-1.87E-07,2.87E-08,4.93E-08,0,5.7,93.8%,98.5%,NA,45,NA
Edwin I. Hatch 1,2007-04-01,0,1.6,0.0,NA,0,0,8.44E-07,8.44E-07,2.15E-07,-1.87E-07,2.73E-08,-7.00E-09,0,5.8,93.1%,96.3%,NA,45,NA
Edwin I. Hatch 1,2007-05-01,0,1.6,0.0,NA,0,0,8.44E-07,8.44E-07,2.15E-07,-1.87E-07,2.73E-08,-7.00E-09,0,5.7,93.1%,96.3%,NA,45,NA
Edwin I. Hatch 1,2007-06-01,0,1.6,0.0,NA,0,0,8.44E-07,8.44E-07,2.15E-07,-1.87E-07,2.73E-08,-7.00E-09,0,5.7,93.1%,96.3%,NA,45,NA
Edwin I. Hatch 1,2007-07-01,0,0,0.0,NA,0,0,8.40E-07,8.40E-07,2.10E-07,-1.87E-07,2.23E-08,-5.33E-08,0,5.6,94.3%,98.6%,NA,45,NA
Edwin I. Hatch 1,2007-08-01,0,0,0.0,NA,0,0,8.40E-07,8.40E-07,2.10E-07,-1.87E-07,2.23E-08,-5.33E-08,0,5.6,94.3%,98.6%,NA,45,NA
Edwin I. Hatch 1,2007-09-01,0,0,0.0,NA,0,0,8.40E-07,8.40E-07,2.10E-07,-1.87E-07,2.23E-08,-5.33E-08,0,5.7,94.3%,98.6%,NA,45,NA
Edwin I. Hatch 1,2007-10-01,0,0,0.0,NA,0,0,-2.70E-07,-2.70E-07,2.12E-07,-1.87E-07,2.79E-08,3.50E-08,0,5.6,94.5%,99.3%,NA,45,NA
Edwin I. Hatch 1,2007-11-01,0,0,0.0,NA,0,0,-2.70E-07,-2.70E-07,2.12E-07,-1.87E-07,2.79E-08,3.50E-08,0,5.5,94.5%,99.3%,NA,45,NA
Edwin I. Hatch 1,2007-12-01,0,0,0.0,NA,0,0,-2.70E-07,-2.70E-07,2.12E-07,-1.87E-07,2.79E-08,3.50E-08,0,5.4,94.5%,99.3%,NA,45,NA
Edwin I. Hatch 1,2008-01-01,0,0,0.0,NA,0,0,-2.88E-07,-2.88E-07,2.10E-07,-1.86E-07,7.02E-08,8.30E-08,0,5.4,94.5%,100.0%,NA,45,NA
Edwin I. Hatch 1,2008-02-01,0,0,0.0,NA,0,0,-2.88E-07,-2.88E-07,2.10E-07,-1.86E-07,7.02E-08,8.30E-08,0,5.2,94.5%,100.0%,NA,45,NA
Edwin I. Hatch 1,2008-03-01,0,0,0.0,NA,0,0,-2.88E-07,-2.88E-07,2.10E-07,-1.86E-07,7.02E-08,8.30E-08,0,7.5,94.5%,100.0%,NA,45,NA
Edwin I. Hatch 1,2008-04-01,0,0.9,0.0,NA,0,0,-3.31E-07,-3.31E-07,1.93E-07,-1.96E-07,6.18E-08,-2.40E-08,0,5.6,94.4%,100.0%,NA,45,NA
Edwin I. Hatch 1,2008-05-01,0,0.9,0.0,NA,0,0,-3.31E-07,-3.31E-07,1.93E-07,-1.96E-07,6.18E-08,-2.40E-08,0,5.6,94.4%,100.0%,NA,45,NA
Edwin I. Hatch 1,2008-06-01,0,0.9,0.0,NA,0,0,-3.31E-07,-3.31E-07,1.93E-07,-1.96E-07,6.18E-08,-2.40E-08,0,5.5,94.4%,100.0%,NA,45,NA
Edwin I. Hatch 1,2008-07-01,0.9,3.6,0.0,NA,0,0,6.79E-07,6.79E-07,1.97E-07,-7.50E-08,5.83E-08,-6.33E-08,0,5.5,98.0%,99.3%,NA,45,NA
Edwin I. Hatch 1,2008-08-01,0.9,3.6,0.0,NA,0,0,6.79E-07,6.79E-07,1.97E-07,-7.50E-08,5.83E-08,-6.33E-08,0,5.4,98.0%,99.3%,NA,45,NA
Edwin I. Hatch 1,2008-09-01,0.9,3.6,0.0,NA,0,0,6.79E-07,6.79E-07,1.97E-07,-7.50E-08,5.83E-08,-6.33E-08,0,5.5,98.0%,99.3%,NA,45,NA
Edwin I. Hatch 1,2008-10-01,1.8,3.6,0.0,NA,0,0,6.31E-07,6.31E-07,1.84E-07,-8.90E-08,5.83E-08,-7.23E-08,0,5.5,97.8%,100.0%,NA,45,NA
Edwin I. Hatch 1,2008-11-01,1.8,3.6,0.0,NA,0,0,6.31E-07,6.31E-07,1.84E-07,-8.90E-08,5.83E-08,-7.23E-08,0,5.4,97.8%,100.0%,NA,45,NA
Edwin I. Hatch 1,2008-12-01,1.8,3.6,0.0,NA,0,0,6.31E-07,6.31E-07,1.84E-07,-8.90E-08,5.83E-08,-7.23E-08,0,5.6,97.8%,100.0%,NA,45,NA
Edwin I. Hatch 1,2009-01-01,1.6,3.2,0.0,NA,0,0,6.28E-07,6.28E-07,6.40E-08,-5.89E-08,7.64E-08,-6.39E-08,0,5.5,97.8%,100.0%,NA,45,NA
Edwin I. Hatch 1,2009-02-01,1.6,3.2,0.0,NA,0,0,6.28E-07,6.28E-07,6.40E-08,-5.89E-08,7.64E-08,-6.39E-08,0,5.6,97.8%,100.0%,NA,45,NA
Edwin I. Hatch 1,2009-03-01,1.6,3.2,0.0,NA,0,0,6.28E-07,6.28E-07,6.40E-08,-5.89E-08,7.64E-08,-6.39E-08,0,5.6,97.8%,100.0%,NA,45,NA
Edwin I. Hatch 1,2009-04-01,2.5,2.5,0.0,NA,0,0,6.47E-07,6.47E-07,6.50E-08,-1.02E-07,7.05E-08,-6.69E-08,0,5.6,98.5%,100.0%,NA,45,NA
Edwin I. Hatch 1,2009-05-01,2.5,2.5,0.0,NA,0,0,6.47E-07,6.47E-07,6.50E-08,-1.02E-07,7.05E-08,-6.69E-08,0,7.9,98.5%,100.0%,NA,45,NA
Edwin I. Hatch 1,2009-06-01,2.5,2.5,0.0,NA,0,0,6.47E-07,6.47E-07,6.50E-08,-1.02E-07,7.05E-08,-6.69E-08,0,6.2,98.5%,100.0%,NA,45,NA
Edwin I. Hatch 1,2009-07-01,1.7,0,0.0,NA,0,0,6.50E-07,6.50E-07,6.60E-08,-1.03E-07,7.25E-08,-6.89E-08,0,5.8,98.5%,100.0%,NA,45,NA
Edwin I. Hatch 1,2009-08-01,1.7,0,0.0,NA,0,0,6.50E-07,6.50E-07,6.60E-08,-1.03E-07,7.25E-08,-6.89E-08,0,5.6,98.5%,100.0%,NA,45,NA
Edwin I. Hatch 1,2009-09-01,1.7,0,0.0,NA,0,0,6.50E-07,6.50E-07,6.60E-08,-1.03E-07,7.25E-08,-6.89E-08,0,5.8,98.5%,100.0%,NA,45,NA
Edwin I. Hatch 1,2009-10-01,0.8,1.7,0.0,NA,0,0,6.77E-07,6.77E-07,7.30E-08,-1.03E-07,7.25E-08,-7.89E-08,0,5.8,97.1%,100.0%,NA,45,NA
Edwin I. Hatch 1,2009-11-01,0.8,1.7,0.0,NA,0,0,6.77E-07,6.77E-07,7.30E-08,-1.03E-07,7.25E-08,-7.89E-08,0,6.0,97.1%,100.0%,NA,45,NA
Edwin I. Hatch 1,2009-12-01,0.8,1.7,0.0,NA,0,0,6.77E-07,6.77E-07,7.30E-08,-1.03E-07,7.25E-08,-7.89E-08,0,6.0,97.1%,100.0%,NA,45,NA
Edwin I. Hatch 2,2007-01-01,0.9,0,0.0,NA,0,0,NA,3.03E-08,4.34E-07,-2.08E-07,1.04E-08,-6.60E-08,0,6.0,93.8%,98.5%,Not applicable,48,NA
Edwin I. Hatch 2,2007-02-01,0.9,0,0.0,NA,0,0,NA,3.03E-08,4.34E-07,-2.08E-07,1.04E-08,-6.60E-08,0,6.0,93.8%,98.5%,Not applicable,48,NA
Edwin I. Hatch 2,2007-03-01,0.9,0,0.0,NA,0,0,NA,3.03E-08,4.34E-07,-2.08E-07,1.04E-08,-6.60E-08,0,5.6,93.8%,98.5%,Not applicable,48,NA
Edwin I. Hatch 2,2007-04-01,0,0,0.0,NA,0,0,NA,1.02E-07,1.51E-06,-2.07E-07,9.39E-08,-6.30E-08,0,5.9,93.1%,96.3%,Not applicable,48,NA
Edwin I. Hatch 2,2007-05-01,0,0,0.0,NA,0,0,NA,1.02E-07,1.51E-06,-2.07E-07,9.39E-08,-6.30E-08,0,5.9,93.1%,96.3%,Not applicable,48,NA
Edwin I. Hatch 2,2007-06-01,0,0,0.0,NA,0,0,NA,1.02E-07,1.51E-06,-2.07E-07,9.39E-08,-6.30E-08,0,5.7,93.1%,96.3%,Not applicable,48,NA
Edwin I. Hatch 2,2007-07-01,0.9,0,0.0,NA,0,0,NA,-1.85E-08,1.51E-06,-2.08E-07,1.04E-07,-6.30E-08,0,5.8,94.3%,98.6%,Not applicable,48,NA
Edwin I. Hatch 2,2007-08-01,0.9,0,0.0,NA,0,0,NA,-1.85E-08,1.51E-06,-2.08E-07,1.04E-07,-6.30E-08,0,5.8,94.3%,98.6%,Not applicable,48,NA
Edwin I. Hatch 2,2007-09-01,0.9,0,0.0,NA,0,0,NA,-1.85E-08,1.51E-06,-2.08E-07,1.04E-07,-6.30E-08,0,5.8,94.3%,98.6%,Not applicable,48,NA
Edwin I. Hatch 2,2007-10-01,0.9,0.9,0.0,NA,0,0,NA,-1.32E-07,1.51E-06,-2.08E-07,1.13E-07,-6.00E-08,0,5.8,94.5%,99.3%,Not applicable,48,NA
Edwin I. Hatch 2,2007-11-01,0.9,0.9,0.0,NA,0,0,NA,-1.32E-07,1.51E-06,-2.08E-07,1.13E-07,-6.00E-08,0,5.7,94.5%,99.3%,Not applicable,48,NA
Edwin I. Hatch 2,2007-12-01,0.9,0.9,0.0,NA,0,0,NA,-1.32E-07,1.51E-06,-2.08E-07,1.13E-07,-6.00E-08,0,5.7,94.5%,99.3%,Not applicable,48,NA
Edwin I. Hatch 2,2008-01-01,1.6,0.8,1.0,NA,0,0,NA,-2.53E-07,2.32E-06,-2.51E-07,1.13E-07,-4.80E-08,0,5.7,94.5%,100.0%,Not applicable,48,NA
Edwin I. Hatch 2,2008-02-01,1.6,0.8,1.0,NA,0,0,NA,-2.53E-07,2.32E-06,-2.51E-07,1.13E-07,-4.80E-08,0,5.8,94.5%,100.0%,Not applicable,48,NA
Edwin I. Hatch 2,2008-03-01,1.6,0.8,1.0,NA,0,0,NA,-2.53E-07,2.32E-06,-2.51E-07,1.13E-07,-4.80E-08,0,5.8,94.5%,100.0%,Not applicable,48,NA
Edwin I. Hatch 2,2008-04-01,1.6,0.8,1.0,NA,0,0,NA,-2.75E-07,2.14E-06,-2.51E-07,1.13E-07,-4.30E-08,0,5.7,94.4%,100.0%,Not applicable,48,NA
Edwin I. Hatch 2,2008-05-01,1.6,0.8,1.0,NA,0,0,NA,-2.75E-07,2.14E-06,-2.51E-07,1.13E-07,-4.30E-08,0,5.8,94.4%,100.0%,Not applicable,48,NA
Edwin I. Hatch 2,2008-06-01,1.6,0.8,1.0,NA,0,0,NA,-2.75E-07,2.14E-06,-2.51E-07,1.13E-07,-4.30E-08,0,5.7,94.4%,100.0%,Not applicable,48,NA
Edwin I. Hatch 2,2008-07-01,0.8,0.8,1.0,NA,0,0,NA,7.22E-07,2.04E-06,-2.56E-07,1.28E-07,-4.30E-08,0,5.7,98.0%,99.3%,Not applicable,48,NA
Edwin I. Hatch 2,2008-08-01,0.8,0.8,1.0,NA,0,0,NA,7.22E-07,2.04E-06,-2.56E-07,1.28E-07,-4.30E-08,0,5.7,98.0%,99.3%,Not applicable,48,NA
Edwin I. Hatch 2,2008-09-01,0.8,0.8,1.0,NA,0,0,NA,7.22E-07,2.04E-06,-2.56E-07,1.28E-07,-4.30E-08,0,5.7,98.0%,99.3%,Not applicable,48,NA
Edwin I. Hatch 2,2008-10-01,0.8,0.8,1.0,NA,0,0,NA,7.27E-07,2.14E-06,-2.47E-07,1.28E-07,1.20E-08,0,5.7,97.8%,100.0%,Not applicable,48,NA
Edwin I. Hatch 2,2008-11-01,0.8,0.8,1.0,NA,0,0,NA,7.27E-07,2.14E-06,-2.47E-07,1.28E-07,1.20E-08,0,5.6,97.8%,100.0%,Not applicable,48,NA
Edwin I. Hatch 2,2008-12-01,0.8,0.8,1.0,NA,0,0,NA,7.27E-07,2.14E-06,-2.47E-07,1.28E-07,1.20E-08,0,5.6,97.8%,100.0%,Not applicable,48,NA
Edwin I. Hatch 2,2009-01-01,0,0.9,0.0,NA,0,0,NA,7.47E-07,7.91E-07,-1.23E-07,2.52E-07,3.20E-08,0,5.5,97.8%,100.0%,Not applicable,48,NA
Edwin I. Hatch 2,2009-02-01,0,0.9,0.0,NA,0,0,NA,7.47E-07,7.91E-07,-1.23E-07,2.52E-07,3.20E-08,0,5.6,97.8%,100.0%,Not applicable,48,NA
Edwin I. Hatch 2,2009-05-01,2.2,1.1,0.0,NA,0,0,NA,8.30E-07,7.75E-07,-1.15E-07,2.55E-07,3.20E-08,0,6.0,98.5%,100.0%,Not applicable,48,NA
Edwin I. Hatch 2,2009-06-01,2.2,1.1,0.0,NA,0,0,NA,8.30E-07,7.75E-07,-1.15E-07,2.55E-07,3.20E-08,0,5.8,98.5%,100.0%,Not applicable,48,NA
Edwin I. Hatch 2,2009-07-01,2.2,2.2,0.0,NA,0,0,NA,8.36E-07,7.95E-07,-1.22E-07,2.41E-07,3.30E-08,0,5.8,98.5%,100.0%,Not applicable,48,NA
Edwin I. Hatch 2,2009-08-01,2.2,2.2,0.0,NA,0,0,NA,8.36E-07,7.95E-07,-1.22E-07,2.41E-07,3.30E-08,0,5.8,98.5%,100.0%,Not applicable,48,NA
Edwin I. Hatch 2,2009-09-01,2.2,2.2,0.0,NA,0,0,NA,8.36E-07,7.95E-07,-1.22E-07,2.41E-07,3.30E-08,0,5.7,98.5%,100.0%,Not applicable,48,NA
Edwin I. Hatch 2,2009-10-01,2.2,1.1,0.0,NA,0,0,NA,7.06E-07,7.75E-07,-1.21E-07,1.28E-07,9.60E-08,0,5.7,97.1%,100.0%,Not applicable,48,NA
Edwin I. Hatch 2,2009-11-01,2.2,1.1,0.0,NA,0,0,NA,7.06E-07,7.75E-07,-1.21E-07,1.28E-07,9.60E-08,0.2,5.4,97.1%,100.0%,Not applicable,48,NA
Edwin I. Hatch 2,2009-12-01,2.2,1.1,0.0,NA,0,0,NA,7.06E-07,7.75E-07,-1.21E-07,1.28E-07,9.60E-08,0,5.4,97.1%,100.0%,Not applicable,48,NA
Edwin I. Hatch 2,2009-03-01,0,0.9,0.0,NA,0,0,NA,7.47E-07,7.91E-07,-1.23E-07,2.52E-07,3.20E-08,NA,NA,97.8%,100.0%,Not applicable,48,NA
Edwin I. Hatch 2,2009-04-01,2.2,1.1,0.0,NA,0,0,NA,8.30E-07,7.75E-07,-1.15E-07,2.55E-07,3.20E-08,NA,NA,98.5%,100.0%,Not applicable,48,NA
Fermi 2,2007-01-01,1.9,1.9,NA,1,0,0,NA,4.90E-07,-2.90E-08,-5.90E-08,-4.70E-08,-2.60E-08,0.0,7.3,96.0%,100.0%,99.7%,4,NA
Fermi 2,2007-02-01,1.9,1.9,NA,1,0,0,NA,4.90E-07,-2.90E-08,-5.90E-08,-4.70E-08,-2.60E-08,0.0,7.6,96.0%,100.0%,99.7%,4,NA
Fermi 2,2007-03-01,1.9,1.9,NA,1,0,0,NA,4.90E-07,-2.90E-08,-5.90E-08,-4.70E-08,-2.60E-08,0.0,7.7,96.0%,100.0%,99.7%,4,NA
Fermi 2,2007-04-01,0.8,0.8,NA,1,0,0,NA,3.20E-07,-6.50E-08,-5.90E-08,-4.90E-08,-1.00E-09,0.0,7.8,96.0%,100.0%,100.0%,4,NA
Fermi 2,2007-05-01,0.8,0.8,NA,1,0,0,NA,3.20E-07,-6.50E-08,-5.90E-08,-4.90E-08,-1.00E-09,0.0,7.6,96.0%,100.0%,100.0%,4,NA
Fermi 2,2007-06-01,0.8,0.8,NA,1,0,0,NA,3.20E-07,-6.50E-08,-5.90E-08,-4.90E-08,-1.00E-09,0.0,7.8,96.0%,100.0%,100.0%,4,NA
Fermi 2,2007-07-01,0,0,0.0,1,0,0,NA,3.70E-08,-6.30E-08,1.10E-08,-1.42E-07,-8.70E-08,0.0,7.6,96.0%,98.0%,100.0%,4,NA
Fermi 2,2007-08-01,0,0,0.0,1,0,0,NA,3.70E-08,-6.30E-08,1.10E-08,-1.42E-07,-8.70E-08,0.0,7.6,96.0%,98.0%,100.0%,4,NA
Fermi 2,2007-09-01,0,0,0.0,1,0,0,NA,3.70E-08,-6.30E-08,1.10E-08,-1.42E-07,-8.70E-08,0.0,7.6,96.0%,98.0%,100.0%,4,NA
Fermi 2,2007-10-01,0.9,0.9,0.0,0,0,0,NA,-4.70E-08,-6.20E-08,1.06E-07,-1.40E-07,-8.40E-08,NA,NA,96.4%,99.0%,100.0%,4,NA
Fermi 2,2007-11-01,0.9,0.9,0.0,0,0,0,NA,-4.70E-08,-6.20E-08,1.06E-07,-1.40E-07,-8.40E-08,NA,7.2,96.4%,99.0%,100.0%,4,NA
Fermi 2,2007-12-01,0.9,0.9,0.0,0,0,0,NA,-4.70E-08,-6.20E-08,1.06E-07,-1.40E-07,-8.40E-08,0.0,6.5,96.4%,99.0%,100.0%,4,NA
Fermi 2,2008-01-01,1.8,0.9,0.0,0,0,0,NA,1.00E-08,-6.20E-08,1.09E-07,-1.98E-07,-1.40E-08,0.0,6.4,96.8%,98.9%,99.7%,4,NA
Fermi 2,2008-02-01,1.8,0.9,0.0,0,0,0,NA,1.00E-08,-6.20E-08,1.09E-07,-1.98E-07,-1.40E-08,0.0,6.4,96.8%,98.9%,99.7%,4,NA
Fermi 2,2008-03-01,1.8,0.9,0.0,0,0,0,NA,1.00E-08,-6.20E-08,1.09E-07,-1.98E-07,-1.40E-08,0.0,6.4,96.8%,98.9%,99.7%,4,NA
Fermi 2,2008-04-01,1.8,0.9,0.0,2,0,0,NA,4.00E-08,-6.90E-08,9.90E-08,-2.02E-07,-1.70E-08,0,6.4,96.0%,95.7%,99.7%,4,NA
Fermi 2,2008-05-01,1.8,0.9,0.0,2,0,0,NA,4.00E-08,-6.90E-08,9.90E-08,-2.02E-07,-1.70E-08,0,6.4,96.0%,95.7%,99.7%,4,NA
Fermi 2,2008-06-01,1.8,0.9,0.0,2,0,0,NA,4.00E-08,-6.90E-08,9.90E-08,-2.02E-07,-1.70E-08,0,6.4,96.0%,95.7%,99.7%,4,NA
Fermi 2,2008-07-01,1.8,0.9,0.0,2,0,0,NA,1.08E-07,-6.90E-08,9.90E-08,-2.05E-07,-4.20E-08,0,6.4,95.9%,97.9%,99.7%,4,NA
Fermi 2,2008-08-01,1.8,0.9,0.0,2,0,0,NA,1.08E-07,-6.90E-08,9.90E-08,-2.05E-07,-4.20E-08,0,6.4,95.9%,97.9%,99.7%,4,NA
Fermi 2,2008-09-01,1.8,0.9,0.0,2,0,0,NA,1.08E-07,-6.90E-08,9.90E-08,-2.05E-07,-4.20E-08,0,6.4,95.9%,97.9%,99.7%,4,NA
Fermi 2,2008-10-01,0.8,0,0.0,2,0,0,NA,-4.00E-08,-6.20E-08,9.90E-08,-2.52E-07,-3.30E-08,0,6.4,96.3%,91.2%,99.6%,4,NA
Fermi 2,2008-11-01,0.8,0,0.0,2,0,0,NA,-4.00E-08,-6.20E-08,9.90E-08,-2.52E-07,-3.30E-08,NA,6.5,96.3%,91.2%,99.6%,4,NA
Fermi 2,2008-12-01,0.8,0,0.0,2,0,0,NA,-4.00E-08,-6.20E-08,9.90E-08,-2.52E-07,-3.30E-08,0,7.5,96.3%,91.2%,99.6%,4,NA
Fermi 2,2009-01-01,0.8,0,0.0,3,0,0,NA,5.20E-08,-5.90E-08,9.90E-08,-2.51E-07,-3.40E-08,0,7.0,96.6%,100.0%,99.7%,4,NA
Fermi 2,2009-02-01,0.8,0,0.0,3,0,0,NA,5.20E-08,-5.90E-08,9.90E-08,-2.51E-07,-3.40E-08,0,6.4,96.6%,100.0%,99.7%,4,NA
Fermi 2,2009-03-01,0.8,0,0.0,3,0,0,NA,5.20E-08,-5.90E-08,9.90E-08,-2.51E-07,-3.40E-08,0,6.4,96.6%,100.0%,99.7%,4,NA
Fermi 2,2009-04-01,0.9,0.9,0.0,1,0,0,NA,4.10E-07,-5.60E-08,1.04E-07,-2.56E-07,-1.00E-08,NA,5.8,95.9%,100.0%,99.7%,4,NA
Fermi 2,2009-05-01,0.9,0.9,0.0,1,0,0,NA,4.10E-07,-5.60E-08,1.04E-07,-2.56E-07,-1.00E-08,0,6.5,95.9%,100.0%,99.7%,4,NA
Fermi 2,2009-06-01,0.9,0.9,0.0,1,0,0,NA,4.10E-07,-5.60E-08,1.04E-07,-2.56E-07,-1.00E-08,0,6.5,95.9%,100.0%,99.7%,4,NA
Fermi 2,2009-07-01,1.8,1.8,0.0,1,1,0,NA,4.90E-07,-5.40E-08,9.60E-08,-2.92E-07,-3.00E-09,0,6.5,95.9%,97.5%,99.7%,4,NA
Fermi 2,2009-08-01,1.8,1.8,0.0,1,1,0,NA,4.90E-07,-5.40E-08,9.60E-08,-2.92E-07,-3.00E-09,0,6.5,95.9%,97.5%,99.7%,4,NA
Fermi 2,2009-09-01,1.8,1.8,0.0,1,1,0,NA,4.90E-07,-5.40E-08,9.60E-08,-2.92E-07,-3.00E-09,0,6.5,95.9%,97.5%,99.7%,4,NA
Fermi 2,2009-10-01,2.0,2.0,0.0,1,1,0,NA,4.49E-07,-5.30E-08,9.40E-08,-2.91E-07,-3.00E-09,NA,2.1,96.5%,96.6%,99.7%,4,NA
Fermi 2,2009-11-01,2.0,2.0,0.0,1,1,0,NA,4.49E-07,-5.30E-08,9.40E-08,-2.91E-07,-3.00E-09,NA,6.5,96.5%,96.6%,99.7%,4,NA
Fermi 2,2009-12-01,2.0,2.0,0.0,1,1,0,NA,4.49E-07,-5.30E-08,9.40E-08,-2.91E-07,-3.00E-09,0,6.5,96.5%,96.6%,99.7%,4,NA
Ginna,2007-01-01,1.7,0,1.0,5,0,0,4.08E-07,4.08E-07,-2.89E-08,0.00E+00,2.36E-07,4.76E-08,0.2,0.7,91.7%,56.9%,99.8%,2,NA
Ginna,2007-02-01,1.7,0,1.0,5,0,0,4.08E-07,4.08E-07,-2.89E-08,0.00E+00,2.36E-07,4.76E-08,0.2,0.4,91.7%,56.9%,99.8%,2,NA
Ginna,2007-03-01,1.7,0,1.0,5,0,0,4.08E-07,4.08E-07,-2.89E-08,0.00E+00,2.36E-07,4.76E-08,0.2,0.6,91.7%,56.9%,99.8%,2,NA
Ginna,2007-04-01,1.7,0,1.0,5,0,0,3.89E-07,3.89E-07,-2.89E-08,5.16E-08,2.14E-07,1.21E-07,0.2,0.9,92.3%,100.0%,99.7%,2,NA
Ginna,2007-05-01,1.7,0,1.0,5,0,0,3.89E-07,3.89E-07,-2.89E-08,5.16E-08,2.14E-07,1.21E-07,0.3,2.4,92.3%,100.0%,99.7%,2,NA
Ginna,2007-06-01,1.7,0,1.0,5,0,0,3.89E-07,3.89E-07,-2.89E-08,5.16E-08,2.14E-07,1.21E-07,0.2,1.2,92.3%,100.0%,99.7%,2,NA
Ginna,2007-07-01,1.7,1.7,1.0,3,0,0,5.10E-07,5.10E-07,-2.89E-08,5.16E-08,2.04E-07,9.09E-08,0.3,0.8,92.6%,98.0%,99.7%,2,NA
Ginna,2007-08-01,1.7,1.7,1.0,3,0,0,5.10E-07,5.10E-07,-2.89E-08,5.16E-08,2.04E-07,9.09E-08,0.3,0.5,92.6%,98.0%,99.7%,2,NA
Ginna,2007-09-01,1.7,1.7,1.0,3,0,0,5.10E-07,5.10E-07,-2.89E-08,5.16E-08,2.04E-07,9.09E-08,0.3,1.1,92.6%,98.0%,99.7%,2,NA
Ginna,2007-10-01,1.6,1.6,1.0,0,0,0,4.48E-07,4.48E-07,-3.30E-08,4.32E-08,2.04E-07,1.14E-07,0.3,0.6,92.8%,100.0%,99.7%,2,NA
Ginna,2007-11-01,1.6,1.6,1.0,0,0,0,4.48E-07,4.48E-07,-3.30E-08,4.32E-08,2.04E-07,1.14E-07,0.3,0.5,92.8%,100.0%,99.7%,2,NA
Ginna,2007-12-01,1.6,1.6,1.0,0,0,0,4.48E-07,4.48E-07,-3.30E-08,4.32E-08,2.04E-07,1.14E-07,0.4,0.5,92.8%,100.0%,99.7%,2,NA
Ginna,2008-01-01,0,1.6,0.0,0,0,0,4.15E-07,4.15E-07,2.50E-08,1.30E-08,2.13E-07,9.60E-08,0.4,0.6,92.6%,100.0%,99.6%,2,NA
Ginna,2008-02-01,0,1.6,0.0,0,0,0,4.15E-07,4.15E-07,2.50E-08,1.30E-08,2.13E-07,9.60E-08,0.4,0.8,92.6%,100.0%,99.6%,2,NA
Ginna,2008-03-01,0,1.6,0.0,0,0,0,4.15E-07,4.15E-07,2.50E-08,1.30E-08,2.13E-07,9.60E-08,0.3,1.9,92.6%,100.0%,99.6%,2,NA
Ginna,2008-04-01,0,2.5,0.0,0,0,0,-1.32E-06,-1.32E-06,2.70E-08,-4.36E-08,-9.37E-08,5.10E-08,0.3,0.7,92.5%,92.9%,99.7%,2,NA
Ginna,2008-05-01,0,2.5,0.0,0,0,0,-1.32E-06,-1.32E-06,2.70E-08,-4.36E-08,-9.37E-08,5.10E-08,0.1,0.9,92.5%,92.9%,99.7%,2,NA
Ginna,2008-06-01,0,2.5,0.0,0,0,0,-1.32E-06,-1.32E-06,2.70E-08,-4.36E-08,-9.37E-08,5.10E-08,0.2,0.8,92.5%,92.9%,99.7%,2,NA
Ginna,2008-07-01,0,0.8,0.0,0,0,0,-1.38E-06,-1.38E-06,2.70E-08,-4.20E-08,-9.77E-08,4.40E-08,0.2,1.1,93.2%,100.0%,99.6%,2,NA
Ginna,2008-08-01,0,0.8,0.0,0,0,0,-1.38E-06,-1.38E-06,2.70E-08,-4.20E-08,-9.77E-08,4.40E-08,0.1,1.6,93.2%,100.0%,99.6%,2,NA
Ginna,2008-09-01,0,0.8,0.0,0,0,0,-1.38E-06,-1.38E-06,2.70E-08,-4.20E-08,-9.77E-08,4.40E-08,0.2,0.6,93.2%,100.0%,99.6%,2,NA
Ginna,2008-10-01,0,0.8,0.0,0,0,0,-1.44E-06,-1.44E-06,2.70E-08,3.38E-07,-1.08E-07,5.70E-08,0.2,1.3,94.0%,98.3%,99.7%,2,NA
Ginna,2008-11-01,0,0.8,0.0,0,0,0,-1.44E-06,-1.44E-06,2.70E-08,3.38E-07,-1.08E-07,5.70E-08,0.2,0.8,94.0%,98.3%,99.7%,2,NA
Ginna,2008-12-01,0,0.8,0.0,0,0,0,-1.44E-06,-1.44E-06,2.70E-08,3.38E-07,-1.08E-07,5.70E-08,0.3,0.7,94.0%,98.3%,99.7%,2,NA
Ginna,2009-01-01,0,0.8,0.0,0,0,0,-1.28E-06,-1.28E-06,2.80E-08,2.48E-07,-7.20E-08,4.20E-08,0.3,0.8,96.1%,100.0%,99.7%,2,NA
Ginna,2009-02-01,0,0.8,0.0,0,0,0,-1.28E-06,-1.28E-06,2.80E-08,2.48E-07,-7.20E-08,4.20E-08,0.3,0.9,96.1%,100.0%,99.7%,2,NA
Ginna,2009-03-01,0,0.8,0.0,0,0,0,-1.28E-06,-1.28E-06,2.80E-08,2.48E-07,-7.20E-08,4.20E-08,0.3,0.8,96.1%,100.0%,99.7%,2,NA
Ginna,2009-04-01,0,0.8,0.0,0,0,0,-1.20E-06,-1.20E-06,2.80E-08,5.40E-07,-6.30E-08,2.50E-08,0.3,0.9,96.8%,98.2%,99.2%,2,NA
Ginna,2009-05-01,0,0.8,0.0,0,0,0,-1.20E-06,-1.20E-06,2.80E-08,5.40E-07,-6.30E-08,2.50E-08,0.3,0.4,96.8%,98.2%,99.2%,2,NA
Ginna,2009-06-01,0,0.8,0.0,0,0,0,-1.20E-06,-1.20E-06,2.80E-08,5.40E-07,-6.30E-08,2.50E-08,0.3,0.4,96.8%,98.2%,99.2%,2,NA
Ginna,2009-07-01,0,0.8,0.0,0,0,0,-4.52E-07,-4.52E-07,5.82E-08,1.23E-06,0.00E+00,6.10E-08,0.3,2.2,96.9%,100.0%,99.3%,2,NA
Ginna,2009-08-01,0,0.8,0.0,0,0,0,-4.52E-07,-4.52E-07,5.82E-08,1.23E-06,0.00E+00,6.10E-08,0.3,0.4,96.9%,100.0%,99.3%,2,NA
Ginna,2009-09-01,0,0.8,0.0,0,0,0,-4.52E-07,-4.52E-07,5.82E-08,1.23E-06,0.00E+00,6.10E-08,0.3,0.8,96.9%,100.0%,99.3%,2,NA
Grand Gulf 1,2007-01-01,0,0.8,0.0,NA,0,0,NA,5.89E-07,1.32E-08,-4.32E-07,-1.85E-08,-1.21E-07,2.2,7.7,95.6%,96.8%,98.8%,43,NA
Grand Gulf 1,2007-02-01,0,0.8,0.0,NA,0,0,NA,5.89E-07,1.32E-08,-4.32E-07,-1.85E-08,-1.21E-07,2.3,8.7,95.6%,96.8%,98.8%,43,NA
Grand Gulf 1,2007-03-01,0,0.8,0.0,NA,0,0,NA,5.89E-07,1.32E-08,-4.32E-07,-1.85E-08,-1.21E-07,2.3,10.5,95.6%,96.8%,98.8%,43,NA
Grand Gulf 1,2007-04-01,0.9,0.9,0.0,NA,0,0,NA,4.80E-07,1.59E-08,-3.00E-07,-1.76E-08,-1.21E-07,2.4,8.1,94.8%,97.9%,98.3%,43,NA
Grand Gulf 1,2007-05-01,0.9,0.9,0.0,NA,0,0,NA,4.80E-07,1.59E-08,-3.00E-07,-1.76E-08,-1.21E-07,1.4,8.0,94.8%,97.9%,98.3%,43,NA
Grand Gulf 1,2007-06-01,0.9,0.9,0.0,NA,0,0,NA,4.80E-07,1.59E-08,-3.00E-07,-1.76E-08,-1.21E-07,1.3,8.3,94.8%,97.9%,98.3%,43,NA
Grand Gulf 1,2007-07-01,1.8,1.8,0.0,NA,0,0,NA,6.38E-07,-2.00E-09,-2.95E-07,-1.86E-08,-1.21E-07,2.7,9.2,95.2%,100.0%,97.5%,43,NA
Grand Gulf 1,2007-08-01,1.8,1.8,0.0,NA,0,0,NA,6.38E-07,-2.00E-09,-2.95E-07,-1.86E-08,-1.21E-07,1.1,8.7,95.2%,100.0%,97.5%,43,NA
Grand Gulf 1,2007-09-01,1.8,1.8,0.0,NA,0,0,NA,6.38E-07,-2.00E-09,-2.95E-07,-1.86E-08,-1.21E-07,1.1,7.6,95.2%,100.0%,97.5%,43,NA
Grand Gulf 1,2007-10-01,1.8,2.7,0.0,NA,0,0,NA,6.10E-07,-1.60E-08,-3.00E-07,-1.83E-08,-1.21E-07,1.3,8.9,97.4%,100.0%,98.1%,43,NA
Grand Gulf 1,2007-11-01,1.8,2.7,0.0,NA,0,0,NA,6.10E-07,-1.60E-08,-3.00E-07,-1.83E-08,-1.21E-07,1.3,8.7,97.4%,100.0%,98.1%,43,NA
Grand Gulf 1,2007-12-01,1.8,2.7,0.0,NA,0,0,NA,6.10E-07,-1.60E-08,-3.00E-07,-1.83E-08,-1.21E-07,1.7,7.7,97.4%,100.0%,98.1%,43,NA
Grand Gulf 1,2008-01-01,3.5,4.4,0.0,NA,0,0,NA,5.74E-07,6.90E-07,-3.41E-07,-1.61E-08,-1.21E-07,1.2,8.1,97.0%,90.2%,97.9%,43,NA
Grand Gulf 1,2008-02-01,3.5,4.4,0.0,NA,0,0,NA,5.74E-07,6.90E-07,-3.41E-07,-1.61E-08,-1.21E-07,1.3,7.9,97.0%,90.2%,97.9%,43,NA
Grand Gulf 1,2008-03-01,3.5,4.4,0.0,NA,0,0,NA,5.74E-07,6.90E-07,-3.41E-07,-1.61E-08,-1.21E-07,1.1,8.6,97.0%,90.2%,97.9%,43,NA
Grand Gulf 1,2008-04-01,2.5,5.9,0.0,NA,0,0,NA,5.74E-07,6.80E-07,-3.81E-07,-1.24E-08,-1.21E-07,1.1,8.3,96.9%,100.0%,98.4%,43,NA
Grand Gulf 1,2008-05-01,2.5,5.9,0.0,NA,0,0,NA,5.74E-07,6.80E-07,-3.81E-07,-1.24E-08,-1.21E-07,1.2,9.1,96.9%,100.0%,98.4%,43,NA
Grand Gulf 1,2008-06-01,2.5,5.9,0.0,NA,0,0,NA,5.74E-07,6.80E-07,-3.81E-07,-1.24E-08,-1.21E-07,1.2,7.2,96.9%,100.0%,98.4%,43,NA
Grand Gulf 1,2008-07-01,1.7,5.0,0.0,NA,0,0,NA,3.71E-07,2.46E-07,-2.12E-07,-2.47E-08,-9.37E-08,2.2,9.4,96.8%,100.0%,99.1%,43,NA
Grand Gulf 1,2008-08-01,1.7,5.0,0.0,NA,0,0,NA,3.71E-07,2.46E-07,-2.12E-07,-2.47E-08,-9.37E-08,1.3,7.7,96.8%,100.0%,99.1%,43,NA
Grand Gulf 1,2008-09-01,1.7,5.0,0.0,NA,0,0,NA,3.71E-07,2.46E-07,-2.12E-07,-2.47E-08,-9.37E-08,1.5,7.2,96.8%,100.0%,99.1%,43,NA
Grand Gulf 1,2008-11-01,3.6,4.5,0.0,NA,0,0,NA,3.15E-07,4.10E-08,-2.03E-07,-2.44E-08,-9.37E-08,0.6,8.3,96.6%,100.0%,98.3%,43,NA
Grand Gulf 1,2008-12-01,3.6,4.5,0.0,NA,0,0,NA,3.15E-07,4.10E-08,-2.03E-07,-2.44E-08,-9.37E-08,0.6,7.7,96.6%,100.0%,98.3%,43,NA
Grand Gulf 1,2009-01-01,1.7,2.6,0.0,NA,0,0,NA,3.39E-07,3.90E-08,-2.29E-07,-2.93E-08,-8.54E-08,0.6,7.4,96.9%,96.8%,98.1%,43,NA
Grand Gulf 1,2009-02-01,1.7,2.6,0.0,NA,0,0,NA,3.39E-07,3.90E-08,-2.29E-07,-2.93E-08,-8.54E-08,0.7,7.3,96.9%,96.8%,98.1%,43,NA
Grand Gulf 1,2009-03-01,1.7,2.6,0.0,NA,0,0,NA,3.39E-07,3.90E-08,-2.29E-07,-2.93E-08,-8.54E-08,0.6,7.3,96.9%,96.8%,98.1%,43,NA
Grand Gulf 1,2009-04-01,1.7,0.9,0.0,NA,0,0,NA,2.41E-07,2.00E-08,-2.23E-07,-2.84E-08,-8.56E-08,0.7,7.3,97.2%,100.0%,97.7%,43,NA
Grand Gulf 1,2009-05-01,1.7,0.9,0.0,NA,0,0,NA,2.41E-07,2.00E-08,-2.23E-07,-2.84E-08,-8.56E-08,2.3,7.3,97.2%,100.0%,97.7%,43,NA
Grand Gulf 1,2009-06-01,1.7,0.9,0.0,NA,0,0,NA,2.41E-07,2.00E-08,-2.23E-07,-2.84E-08,-8.56E-08,1.0,7.4,97.2%,100.0%,97.7%,43,NA
Grand Gulf 1,2009-07-01,1.7,0.9,0.0,NA,0,0,NA,2.19E-07,2.10E-08,-2.29E-07,-2.46E-08,-8.10E-08,0.8,7.3,96.4%,95.4%,97.9%,43,NA
Grand Gulf 1,2009-08-01,1.7,0.9,0.0,NA,0,0,NA,2.19E-07,2.10E-08,-2.29E-07,-2.46E-08,-8.10E-08,0.7,8.4,96.4%,95.4%,97.9%,43,NA
Grand Gulf 1,2009-09-01,1.7,0.9,0.0,NA,0,0,NA,2.19E-07,2.10E-08,-2.29E-07,-2.46E-08,-8.10E-08,0.9,7.4,96.4%,95.4%,97.9%,43,NA
Grand Gulf 1,2009-10-01,0,0,0.0,NA,0,0,NA,1.29E-07,2.00E-09,-2.29E-07,-2.46E-08,-8.10E-08,0.9,7.3,95.7%,100.0%,97.3%,43,NA
Grand Gulf 1,2009-11-01,0,0,0.0,NA,0,0,NA,1.29E-07,2.00E-09,-2.29E-07,-2.46E-08,-8.10E-08,0.7,7.3,95.7%,100.0%,97.3%,43,NA
Grand Gulf 1,2009-12-01,0,0,0.0,NA,0,0,NA,1.29E-07,2.00E-09,-2.29E-07,-2.46E-08,-8.10E-08,0.8,7.3,95.7%,100.0%,97.3%,43,NA
Grand Gulf 1,2008-10-01,3.6,4.5,0.0,NA,0,0,NA,3.15E-07,4.10E-08,-2.03E-07,-2.44E-08,-9.37E-08,NA,8.0,96.6%,100.0%,98.3%,43,NA
H.B. Robinson 2,2007-04-01,1.8,0.9,0.0,0,0,0,NA,-9.00E-08,-3.92E-08,4.80E-07,1.54E-07,2.21E-07,0,1.8,94.3%,94.8%,98.8%,Robinson 2 (H.B. Robinson 2.pdf),NA
H.B. Robinson 2,2007-05-01,1.8,0.9,0.0,0,0,0,NA,-9.00E-08,-3.92E-08,4.80E-07,1.54E-07,2.21E-07,0,0.8,94.3%,94.8%,98.8%,Robinson 2 (H.B. Robinson 2.pdf),NA
H.B. Robinson 2,2007-06-01,1.8,0.9,0.0,0,0,0,NA,-9.00E-08,-3.92E-08,4.80E-07,1.54E-07,2.21E-07,0.1,1.0,94.3%,94.8%,98.8%,Robinson 2 (H.B. Robinson 2.pdf),NA
H.B. Robinson 2,2007-07-01,1.8,0,0.0,0,0,0,NA,-1.27E-07,-3.88E-08,1.01E-06,1.54E-07,3.00E-07,0.1,0.9,94.3%,96.6%,99.0%,Robinson 2 (H.B. Robinson 2.pdf),NA
H.B. Robinson 2,2007-08-01,1.8,0,0.0,0,0,0,NA,-1.27E-07,-3.88E-08,1.01E-06,1.54E-07,3.00E-07,0.1,1.9,94.3%,96.6%,99.0%,Robinson 2 (H.B. Robinson 2.pdf),NA
H.B. Robinson 2,2007-09-01,1.8,0,0.0,0,0,0,NA,-1.27E-07,-3.88E-08,1.01E-06,1.54E-07,3.00E-07,0.1,1.3,94.3%,96.6%,99.0%,Robinson 2 (H.B. Robinson 2.pdf),NA
H.B. Robinson 2,2007-10-01,0.9,0,0.0,0,0,0,NA,-1.24E-07,-4.00E-08,1.02E-06,1.61E-07,3.20E-07,0,0.8,93.2%,98.2%,99.6%,Robinson 2 (H.B. Robinson 2.pdf),NA
H.B. Robinson 2,2007-11-01,0.9,0,0.0,0,0,0,NA,-1.24E-07,-4.00E-08,1.02E-06,1.61E-07,3.20E-07,0,0.9,93.2%,98.2%,99.6%,Robinson 2 (H.B. Robinson 2.pdf),NA
H.B. Robinson 2,2007-12-01,0.9,0,0.0,0,0,0,NA,-1.24E-07,-4.00E-08,1.02E-06,1.61E-07,3.20E-07,0,0.9,93.2%,98.2%,99.6%,Robinson 2 (H.B. Robinson 2.pdf),NA
H.B. Robinson 2,2008-01-01,0.9,0,0.0,0,0,0,NA,-2.09E-07,-3.96E-08,9.30E-07,1.99E-07,3.20E-07,0.7,0.3,93.4%,96.3%,99.6%,Robinson 2 (H.B. Robinson 2.pdf),NA
H.B. Robinson 2,2008-02-01,0.9,0,0.0,0,0,0,NA,-2.09E-07,-3.96E-08,9.30E-07,1.99E-07,3.20E-07,0.2,0.2,93.4%,96.3%,99.6%,Robinson 2 (H.B. Robinson 2.pdf),NA
H.B. Robinson 2,2008-03-01,0.9,0,0.0,0,0,0,NA,-2.09E-07,-3.96E-08,9.30E-07,1.99E-07,3.20E-07,0.6,0.3,93.4%,96.3%,99.6%,Robinson 2 (H.B. Robinson 2.pdf),NA
H.B. Robinson 2,2008-04-01,0,0,0.0,0,0,0,NA,-1.57E-07,-3.86E-08,8.59E-07,1.60E-07,3.50E-07,1.5,0.2,94.4%,100.0%,99.8%,Robinson 2 (H.B. Robinson 2.pdf),NA
H.B. Robinson 2,2008-05-01,0,0,0.0,0,0,0,NA,-1.57E-07,-3.86E-08,8.59E-07,1.60E-07,3.50E-07,2.1,0.3,94.4%,100.0%,99.8%,Robinson 2 (H.B. Robinson 2.pdf),NA
H.B. Robinson 2,2008-06-01,0,0,0.0,0,0,0,NA,-1.57E-07,-3.86E-08,8.59E-07,1.60E-07,3.50E-07,1.9,0.3,94.4%,100.0%,99.8%,Robinson 2 (H.B. Robinson 2.pdf),NA
H.B. Robinson 2,2008-07-01,0,0,0.0,0,0,0,NA,-1.68E-07,-3.83E-08,4.59E-07,1.61E-07,3.40E-07,4.0,0.9,95.1%,98.5%,99.9%,Robinson 2 (H.B. Robinson 2.pdf),NA
H.B. Robinson 2,2008-08-01,0,0,0.0,0,0,0,NA,-1.68E-07,-3.83E-08,4.59E-07,1.61E-07,3.40E-07,8.2,1.9,95.1%,98.5%,99.9%,Robinson 2 (H.B. Robinson 2.pdf),NA
H.B. Robinson 2,2008-09-01,0,0,0.0,0,0,0,NA,-1.68E-07,-3.83E-08,4.59E-07,1.61E-07,3.40E-07,28.7,1.3,95.1%,98.5%,99.9%,Robinson 2 (H.B. Robinson 2.pdf),NA
H.B. Robinson 2,2008-11-01,0.9,0,0.0,0,0,0,NA,-2.00E-07,-3.80E-08,4.54E-07,-4.20E-08,2.02E-07,0.3,0.2,95.9%,100.0%,99.9%,Robinson 2 (H.B. Robinson 2.pdf),NA
H.B. Robinson 2,2008-12-01,0.9,0,0.0,0,0,0,NA,-2.00E-07,-3.80E-08,4.54E-07,-4.20E-08,2.02E-07,0.3,0.1,95.9%,100.0%,99.9%,Robinson 2 (H.B. Robinson 2.pdf),NA
H.B. Robinson 2,2009-01-01,0.9,0,0.0,0,0,0,NA,-1.60E-07,-3.72E-08,4.54E-07,-4.30E-08,2.02E-07,0.3,0,96.2%,100.0%,100.0%,Robinson 2 (H.B. Robinson 2.pdf),NA
H.B. Robinson 2,2009-02-01,0.9,0,0.0,0,0,0,NA,-1.60E-07,-3.72E-08,4.54E-07,-4.30E-08,2.02E-07,0.4,0,96.2%,100.0%,100.0%,Robinson 2 (H.B. Robinson 2.pdf),NA
H.B. Robinson 2,2009-03-01,0.9,0,0.0,0,0,0,NA,-1.60E-07,-3.72E-08,4.54E-07,-4.30E-08,2.02E-07,0.4,0,96.2%,100.0%,100.0%,Robinson 2 (H.B. Robinson 2.pdf),NA
H.B. Robinson 2,2009-04-01,0.9,0,0.0,0,0,0,NA,2.44E-07,-3.82E-08,4.54E-07,-4.80E-08,1.82E-07,0.5,0.1,97.7%,100.0%,99.9%,Robinson 2 (H.B. Robinson 2.pdf),NA
H.B. Robinson 2,2009-05-01,0.9,0,0.0,0,0,0,NA,2.44E-07,-3.82E-08,4.54E-07,-4.80E-08,1.82E-07,0.5,0.2,97.7%,100.0%,99.9%,Robinson 2 (H.B. Robinson 2.pdf),NA
H.B. Robinson 2,2009-06-01,0.9,0,0.0,0,0,0,NA,2.44E-07,-3.82E-08,4.54E-07,-4.80E-08,1.82E-07,0.5,0,97.7%,100.0%,99.9%,Robinson 2 (H.B. Robinson 2.pdf),NA
H.B. Robinson 2,2009-07-01,0.9,0,0.0,0,0,0,NA,2.14E-07,-3.94E-08,4.54E-07,-4.00E-08,1.82E-07,0.5,0,98.1%,100.0%,99.9%,Robinson 2 (H.B. Robinson 2.pdf),NA
H.B. Robinson 2,2009-08-01,0.9,0,0.0,0,0,0,NA,2.14E-07,-3.94E-08,4.54E-07,-4.00E-08,1.82E-07,0.6,0,98.1%,100.0%,99.9%,Robinson 2 (H.B. Robinson 2.pdf),NA
H.B. Robinson 2,2009-09-01,0.9,0,0.0,0,0,0,NA,2.14E-07,-3.94E-08,4.54E-07,-4.00E-08,1.82E-07,0.6,0.2,98.1%,100.0%,99.9%,Robinson 2 (H.B. Robinson 2.pdf),NA
H.B. Robinson 2,2007-01-01,0.8,0,NA,0,0,0,NA,-8.00E-08,-4.11E-08,1.01E-06,4.13E-07,2.31E-07,0,1.3,96.5%,98.2%,98.8%,Robinson 2 (H.B. Robinson 2.pdf),NA
H.B. Robinson 2,2007-02-01,0.8,0,NA,0,0,0,NA,-8.00E-08,-4.11E-08,1.01E-06,4.13E-07,2.31E-07,0,1.3,96.5%,98.2%,98.8%,Robinson 2 (H.B. Robinson 2.pdf),NA
H.B. Robinson 2,2007-03-01,0.8,0,NA,0,0,0,NA,-8.00E-08,-4.11E-08,1.01E-06,4.13E-07,2.31E-07,0,1.3,96.5%,98.2%,98.8%,Robinson 2 (H.B. Robinson 2.pdf),NA
H.B. Robinson 2,2008-10-01,0.9,0,0.0,0,0,0,NA,-2.00E-07,-3.80E-08,4.54E-07,-4.20E-08,2.02E-07,NA,NA,95.9%,100.0%,99.9%,Robinson 2 (H.B. Robinson 2.pdf),NA
H.B. Robinson 2,2009-10-01,NA,NA,NA,NA,NA,NA,NA,NA,NA,NA,NA,NA,0.5,0.1,NA,NA,NA,Robinson 2 (H.B. Robinson 2.pdf),NA
H.B. Robinson 2,2009-11-01,NA,NA,NA,NA,NA,NA,NA,NA,NA,NA,NA,NA,0.4,0,NA,NA,NA,Robinson 2 (H.B. Robinson 2.pdf),NA
H.B. Robinson 2,2009-12-01,NA,NA,NA,NA,NA,NA,NA,NA,NA,NA,NA,NA,0.7,0,NA,NA,NA,Robinson 2 (H.B. Robinson 2.pdf),NA
Hope Creek 1,2007-07-01,1.6,0.8,0.0,NA,0,0,NA,-4.25E-06,-1.00E-06,4.26E-07,-1.12E-06,-4.00E-08,0,9.1,97.4%,95.8%,99.9%,41,NA
Hope Creek 1,2007-08-01,1.6,0.8,0.0,NA,0,0,NA,-4.25E-06,-1.00E-06,4.26E-07,-1.12E-06,-4.00E-08,0,9.1,97.4%,95.8%,99.9%,41,NA
Hope Creek 1,2007-09-01,1.6,0.8,0.0,NA,0,0,NA,-4.25E-06,-1.00E-06,4.26E-07,-1.12E-06,-4.00E-08,0,9.4,97.4%,95.8%,99.9%,41,NA
Hope Creek 1,2007-10-01,1.8,0.9,0.0,NA,0,0,NA,-1.72E-06,-4.30E-07,1.60E-07,-4.54E-07,2.00E-07,0.1,9.4,97.6%,100.0%,99.9%,41,NA
Hope Creek 1,2007-11-01,1.8,0.9,0.0,NA,0,0,NA,-1.72E-06,-4.30E-07,1.60E-07,-4.54E-07,2.00E-07,0,7.5,97.6%,100.0%,99.9%,41,NA
Hope Creek 1,2007-12-01,1.8,0.9,0.0,NA,0,0,NA,-1.72E-06,-4.30E-07,1.60E-07,-4.54E-07,2.00E-07,0.1,8.0,97.6%,100.0%,99.9%,41,NA
Hope Creek 1,2008-01-01,0.9,1.7,0.0,NA,0,0,NA,-1.71E-06,-3.90E-07,1.80E-07,-4.34E-07,2.60E-07,0,8.0,97.0%,98.2%,99.9%,41,NA
Hope Creek 1,2008-02-01,0.9,1.7,0.0,NA,0,0,NA,-1.71E-06,-3.90E-07,1.80E-07,-4.34E-07,2.60E-07,0,7.6,97.0%,98.2%,99.9%,41,NA
Hope Creek 1,2008-03-01,0.9,1.7,0.0,NA,0,0,NA,-1.71E-06,-3.90E-07,1.80E-07,-4.34E-07,2.60E-07,0,7.2,97.0%,98.2%,99.9%,41,NA
Hope Creek 1,2008-04-01,0,2.6,0.0,NA,0,0,NA,-1.61E-06,-4.40E-07,1.79E-07,-4.30E-07,2.30E-07,0,7.3,97.3%,94.0%,99.9%,41,NA
Hope Creek 1,2008-05-01,0,2.6,0.0,NA,0,0,NA,-1.61E-06,-4.40E-07,1.79E-07,-4.30E-07,2.30E-07,0.1,7.6,97.3%,94.0%,99.9%,41,NA
Hope Creek 1,2008-06-01,0,2.6,0.0,NA,0,0,NA,-1.61E-06,-4.40E-07,1.79E-07,-4.30E-07,2.30E-07,0,7.5,97.3%,94.0%,99.9%,41,NA
Hope Creek 1,2008-07-01,0,1.7,0.0,NA,0,0,NA,-1.64E-06,-4.30E-07,1.89E-07,-4.30E-07,1.70E-07,0.2,8.4,96.1%,99.2%,100.0%,41,NA
Hope Creek 1,2008-08-01,0,1.7,0.0,NA,0,0,NA,-1.64E-06,-4.30E-07,1.89E-07,-4.30E-07,1.70E-07,0,9.2,96.1%,99.2%,100.0%,41,NA
Hope Creek 1,2008-09-01,0,1.7,0.0,NA,0,0,NA,-1.64E-06,-4.30E-07,1.89E-07,-4.30E-07,1.70E-07,0,7.8,96.1%,99.2%,100.0%,41,NA
Hope Creek 1,2008-10-01,0,1.6,0.0,NA,0,0,NA,-1.64E-06,-4.20E-07,1.79E-07,-4.29E-07,7.00E-08,0.3,7.6,96.2%,100.0%,100.0%,41,NA
Hope Creek 1,2008-11-01,0,1.6,0.0,NA,0,0,NA,-1.64E-06,-4.20E-07,1.79E-07,-4.29E-07,7.00E-08,0,7.8,96.2%,100.0%,100.0%,41,NA
Hope Creek 1,2008-12-01,0,1.6,0.0,NA,0,0,NA,-1.64E-06,-4.20E-07,1.79E-07,-4.29E-07,7.00E-08,0.1,7.6,96.2%,100.0%,100.0%,41,NA
Hope Creek 1,2009-01-01,0.8,0.8,0.0,NA,0,0,NA,-3.47E-07,-7.20E-08,7.06E-08,-8.90E-08,-1.07E-08,0.4,8.8,96.1%,100.0%,100.0%,41,NA
Hope Creek 1,2009-02-01,0.8,0.8,0.0,NA,0,0,NA,-3.47E-07,-7.20E-08,7.06E-08,-8.90E-08,-1.07E-08,0.4,7.6,96.1%,100.0%,100.0%,41,NA
Hope Creek 1,2009-03-01,0.8,0.8,0.0,NA,0,0,NA,-3.47E-07,-7.20E-08,7.06E-08,-8.90E-08,-1.07E-08,0,8.5,96.1%,100.0%,100.0%,41,NA
Hope Creek 1,2009-04-01,1.7,0,0.0,NA,0,0,NA,-1.19E-07,-7.20E-08,6.76E-08,-8.80E-08,-1.07E-08,0,8.3,95.9%,100.0%,100.0%,41,NA
Hope Creek 1,2009-05-01,1.7,0,0.0,NA,0,0,NA,-1.19E-07,-7.20E-08,6.76E-08,-8.80E-08,-1.07E-08,0.1,7.8,95.9%,100.0%,100.0%,41,NA
Hope Creek 1,2009-06-01,1.7,0,0.0,NA,0,0,NA,-1.19E-07,-7.20E-08,6.76E-08,-8.80E-08,-1.07E-08,0.1,8.4,95.9%,100.0%,100.0%,41,NA
Hope Creek 1,2009-07-01,1.7,0,0.0,NA,0,0,NA,-1.19E-07,-7.60E-08,6.94E-08,-8.90E-08,-1.05E-08,0,9.0,96.1%,99.2%,100.0%,41,NA
Hope Creek 1,2009-08-01,1.7,0,0.0,NA,0,0,NA,-1.19E-07,-7.60E-08,6.94E-08,-8.90E-08,-1.05E-08,0,8.1,96.1%,99.2%,100.0%,41,NA
Hope Creek 1,2009-09-01,1.7,0,0.0,NA,0,0,NA,-1.19E-07,-7.60E-08,6.94E-08,-8.90E-08,-1.05E-08,0.1,7.8,96.1%,99.2%,100.0%,41,NA
Hope Creek 1,2009-10-01,1.7,0.9,0.0,NA,0,0,NA,-7.70E-08,-8.00E-08,6.62E-08,-8.90E-08,-1.17E-08,0.4,7.8,96.4%,100.0%,100.0%,41,NA
Hope Creek 1,2009-11-01,1.7,0.9,0.0,NA,0,0,NA,-7.70E-08,-8.00E-08,6.62E-08,-8.90E-08,-1.17E-08,0,7.9,96.4%,100.0%,100.0%,41,NA
Hope Creek 1,2009-12-01,1.7,0.9,0.0,NA,0,0,NA,-7.70E-08,-8.00E-08,6.62E-08,-8.90E-08,-1.17E-08,0,7.6,96.4%,100.0%,100.0%,41,NA
Hope Creek 1,2007-04-01,1.6,1.6,NA,NA,0,0,NA,-4.16E-06,-1.51E-06,3.93E-07,-1.12E-06,-4.00E-07,0,9.3,97.7%,97.4%,99.3%,41,NA
Hope Creek 1,2007-05-01,1.6,1.6,NA,NA,0,0,NA,-4.16E-06,-1.51E-06,3.93E-07,-1.12E-06,-4.00E-07,0,9.0,97.7%,97.4%,99.3%,41,NA
Hope Creek 1,2007-06-01,1.6,1.6,NA,NA,0,0,NA,-4.16E-06,-1.51E-06,3.93E-07,-1.12E-06,-4.00E-07,0.2,9.2,97.7%,97.4%,99.3%,41,NA
Hope Creek 1,2007-01-01,0.9,1.7,NA,NA,0,0,NA,NA,NA,NA,NA,NA,0,8.7,97.3%,96.4%,99.3%,41,NA
Hope Creek 1,2007-02-01,0.9,1.7,NA,NA,0,0,NA,NA,NA,NA,NA,NA,0,9.4,97.3%,96.4%,99.3%,41,NA
Hope Creek 1,2007-03-01,0.9,1.7,NA,NA,0,0,NA,NA,NA,NA,NA,NA,0,9.1,97.3%,96.4%,99.3%,41,NA
James Fitzpatrick,2007-07-01,0.9,0.9,0.0,1,0,0,NA,-3.39E-06,1.01E-08,-2.76E-08,-5.16E-08,7.40E-08,0.1,7.3,95.8%,96.9%,99.8%,19,NA
James Fitzpatrick,2007-08-01,0.9,0.9,0.0,1,0,0,NA,-3.39E-06,1.01E-08,-2.76E-08,-5.16E-08,7.40E-08,0.1,7.7,95.8%,96.9%,99.8%,19,NA
James Fitzpatrick,2007-09-01,0.9,0.9,0.0,1,0,0,NA,-3.39E-06,1.01E-08,-2.76E-08,-5.16E-08,7.40E-08,0.1,6.0,95.8%,96.9%,99.8%,19,NA
James Fitzpatrick,2007-10-01,1.7,1.7,0.0,0,0,0,NA,-2.29E-06,1.01E-08,-2.67E-08,-4.46E-08,8.30E-08,0.1,6.0,95.8%,95.2%,99.7%,19,NA
James Fitzpatrick,2007-11-01,1.7,1.7,0.0,0,0,0,NA,-2.29E-06,1.01E-08,-2.67E-08,-4.46E-08,8.30E-08,0.1,9.4,95.8%,95.2%,99.7%,19,NA
James Fitzpatrick,2007-12-01,1.7,1.7,0.0,0,0,0,NA,-2.29E-06,1.01E-08,-2.67E-08,-4.46E-08,8.30E-08,0.1,7.1,95.8%,95.2%,99.7%,19,NA
James Fitzpatrick,2008-01-01,1.7,0.8,0.0,0,0,0,NA,-2.59E-06,1.21E-08,-2.81E-08,-4.27E-08,8.60E-08,0.1,7.2,95.0%,98.4%,99.7%,19,NA
James Fitzpatrick,2008-02-01,1.7,0.8,0.0,0,0,0,NA,-2.59E-06,1.21E-08,-2.81E-08,-4.27E-08,8.60E-08,0.1,7.2,95.0%,98.4%,99.7%,19,NA
James Fitzpatrick,2008-03-01,1.7,0.8,0.0,0,0,0,NA,-2.59E-06,1.21E-08,-2.81E-08,-4.27E-08,8.60E-08,0.1,7.5,95.0%,98.4%,99.7%,19,NA
James Fitzpatrick,2008-04-01,1.7,1.7,0.0,0,0,0,NA,-2.59E-06,1.11E-08,-2.43E-08,-8.87E-08,-7.00E-09,0.1,8.2,95.2%,100.0%,99.8%,19,NA
James Fitzpatrick,2008-05-01,1.7,1.7,0.0,0,0,0,NA,-2.59E-06,1.11E-08,-2.43E-08,-8.87E-08,-7.00E-09,0.1,7.0,95.2%,100.0%,99.8%,19,NA
James Fitzpatrick,2008-06-01,1.7,1.7,0.0,0,0,0,NA,-2.59E-06,1.11E-08,-2.43E-08,-8.87E-08,-7.00E-09,0.1,7.2,95.2%,100.0%,99.8%,19,NA
James Fitzpatrick,2008-07-01,0.9,1.7,0.0,0,0,0,NA,-2.99E-06,2.30E-08,-4.60E-08,-2.04E-07,-2.00E-09,0.1,6.9,95.3%,100.0%,99.7%,19,NA
James Fitzpatrick,2008-08-01,0.9,1.7,0.0,0,0,0,NA,-2.99E-06,2.30E-08,-4.60E-08,-2.04E-07,-2.00E-09,0.1,6.8,95.3%,100.0%,99.7%,19,NA
James Fitzpatrick,2008-09-01,0.9,1.7,0.0,0,0,0,NA,-2.99E-06,2.30E-08,-4.60E-08,-2.04E-07,-2.00E-09,0.1,6.8,95.3%,100.0%,99.7%,19,NA
James Fitzpatrick,2008-10-01,0,0.9,0.0,0,0,0,NA,-2.99E-06,2.10E-08,-4.70E-08,-2.14E-07,-8.00E-09,0,7.5,94.9%,100.0%,99.8%,19,NA
James Fitzpatrick,2008-11-01,0,0.9,0.0,0,0,0,NA,-2.99E-06,2.10E-08,-4.70E-08,-2.14E-07,-8.00E-09,0,7.3,94.9%,100.0%,99.8%,19,NA
James Fitzpatrick,2008-12-01,0,0.9,0.0,0,0,0,NA,-2.99E-06,2.10E-08,-4.70E-08,-2.14E-07,-8.00E-09,0,7.6,94.9%,100.0%,99.8%,19,NA
James Fitzpatrick,2009-01-01,0,1.7,0.0,1,0,0,NA,-2.99E-06,4.60E-08,-7.20E-08,-2.14E-07,-6.00E-09,0,7.3,95.0%,100.0%,99.5%,19,NA
James Fitzpatrick,2009-02-01,0,1.7,0.0,1,0,0,NA,-2.99E-06,4.60E-08,-7.20E-08,-2.14E-07,-6.00E-09,0,7.2,95.0%,100.0%,99.5%,19,NA
James Fitzpatrick,2009-03-01,0,1.7,0.0,1,0,0,NA,-2.99E-06,4.60E-08,-7.20E-08,-2.14E-07,-6.00E-09,0,7.2,95.0%,100.0%,99.5%,19,NA
James Fitzpatrick,2009-04-01,0,1.7,0.0,3,0,0,NA,-2.88E-06,1.76E-07,-7.20E-08,-2.20E-07,-5.00E-09,0,7.2,95.3%,100.0%,99.5%,19,NA
James Fitzpatrick,2009-05-01,0,1.7,0.0,3,0,0,NA,-2.88E-06,1.76E-07,-7.20E-08,-2.20E-07,-5.00E-09,0,7.2,95.3%,100.0%,99.5%,19,NA
James Fitzpatrick,2009-06-01,0,1.7,0.0,3,0,0,NA,-2.88E-06,1.76E-07,-7.20E-08,-2.20E-07,-5.00E-09,0,7.2,95.3%,100.0%,99.5%,19,NA
James Fitzpatrick,2009-07-01,0,1.6,0.0,3,0,0,NA,-2.88E-06,1.66E-07,-7.00E-08,-2.20E-07,-5.00E-09,0,7.2,94.8%,100.0%,99.4%,19,NA
James Fitzpatrick,2009-08-01,0,1.6,0.0,3,0,0,NA,-2.88E-06,1.66E-07,-7.00E-08,-2.20E-07,-5.00E-09,0,7.2,94.8%,100.0%,99.4%,19,NA
James Fitzpatrick,2009-09-01,0,1.6,0.0,3,0,0,NA,-2.88E-06,1.66E-07,-7.00E-08,-2.20E-07,-5.00E-09,0,7.2,94.8%,100.0%,99.4%,19,NA
James Fitzpatrick,2009-10-01,0,1.6,0.0,2,0,0,NA,-2.77E-06,1.00E-07,-6.70E-08,-2.29E-07,-8.00E-09,0,7.3,94.4%,100.0%,99.5%,19,NA
James Fitzpatrick,2009-11-01,0,1.6,0.0,2,0,0,NA,-2.77E-06,1.00E-07,-6.70E-08,-2.29E-07,-8.00E-09,0,7.3,94.4%,100.0%,99.5%,19,NA
James Fitzpatrick,2009-12-01,0,1.6,0.0,2,0,0,NA,-2.77E-06,1.00E-07,-6.70E-08,-2.29E-07,-8.00E-09,0,7.3,94.4%,100.0%,99.5%,19,NA
James Fitzpatrick,2007-01-01,0,1.7,NA,1,0,0,NA,-3.49E-06,7.90E-09,-2.95E-08,-5.16E-08,5.05E-08,0.1,7.2,97.3%,95.4%,99.6%,19,NA
James Fitzpatrick,2007-02-01,0,1.7,NA,1,0,0,NA,-3.49E-06,7.90E-09,-2.95E-08,-5.16E-08,5.05E-08,0.1,7.2,97.3%,95.4%,99.6%,19,NA
James Fitzpatrick,2007-03-01,0,1.7,NA,1,0,0,NA,-3.49E-06,7.90E-09,-2.95E-08,-5.16E-08,5.05E-08,0.1,7.7,97.3%,95.4%,99.6%,19,NA
James Fitzpatrick,2007-04-01,0,0.9,NA,1,0,0,NA,-3.50E-06,9.10E-09,-2.85E-08,-5.16E-08,5.15E-08,0.1,9.0,95.9%,100.0%,99.6%,19,NA
James Fitzpatrick,2007-05-01,0,0.9,NA,1,0,0,NA,-3.50E-06,9.10E-09,-2.85E-08,-5.16E-08,5.15E-08,0.1,9.1,95.9%,100.0%,99.6%,19,NA
James Fitzpatrick,2007-06-01,0,0.9,NA,1,0,0,NA,-3.50E-06,9.10E-09,-2.85E-08,-5.16E-08,5.15E-08,0.1,7.5,95.9%,100.0%,99.6%,19,NA
Joseph M. Farley 1,2007-04-01,0,0.8,0.0,1,0,0,-6.00E-07,-6.00E-07,-9.90E-08,-2.00E-07,1.00E-08,6.80E-07,0.2,0.2,96.0%,99.0%,98.9%,6,NA
Joseph M. Farley 1,2007-05-01,0,0.8,0.0,1,0,0,-6.00E-07,-6.00E-07,-9.90E-08,-2.00E-07,1.00E-08,6.80E-07,0.2,0.9,96.0%,99.0%,98.9%,6,NA
Joseph M. Farley 1,2007-06-01,0,0.8,0.0,1,0,0,-6.00E-07,-6.00E-07,-9.90E-08,-2.00E-07,1.00E-08,6.80E-07,0.3,0.1,96.0%,99.0%,98.9%,6,NA
Joseph M. Farley 1,2007-07-01,0,1.6,0.0,1,0,0,-6.00E-07,-6.00E-07,-1.01E-07,-1.70E-07,-1.82E-07,3.54E-06,0.3,0.1,95.4%,96.1%,99.5%,6,NA
Joseph M. Farley 1,2007-08-01,0,1.6,0.0,1,0,0,-6.00E-07,-6.00E-07,-1.01E-07,-1.70E-07,-1.82E-07,3.54E-06,0.3,0.9,95.4%,96.1%,99.5%,6,NA
Joseph M. Farley 1,2007-09-01,0,1.6,0.0,1,0,0,-6.00E-07,-6.00E-07,-1.01E-07,-1.70E-07,-1.82E-07,3.54E-06,0.3,0.4,95.4%,96.1%,99.5%,6,NA
Joseph M. Farley 1,2007-11-01,0,1.8,0.0,2,0,0,-6.40E-07,-6.40E-07,-1.01E-07,-2.20E-07,6.10E-07,3.54E-06,0.2,0.9,95.7%,98.0%,98.9%,6,NA
Joseph M. Farley 1,2007-12-01,0,1.8,0.0,2,0,0,-6.40E-07,-6.40E-07,-1.01E-07,-2.20E-07,6.10E-07,3.54E-06,0.2,0.1,95.7%,98.0%,98.9%,6,NA
Joseph M. Farley 1,2008-01-01,0,1.8,0.0,2,1.0,0,2.60E-06,2.60E-06,-1.01E-07,-3.00E-07,5.14E-07,3.36E-06,0.3,0.1,94.8%,100.0%,98.4%,6,NA
Joseph M. Farley 1,2008-02-01,0,1.8,0.0,2,1.0,0,2.60E-06,2.60E-06,-1.01E-07,-3.00E-07,5.14E-07,3.36E-06,0.3,0.1,94.8%,100.0%,98.4%,6,NA
Joseph M. Farley 1,2008-03-01,0,1.8,0.0,2,1.0,0,2.60E-06,2.60E-06,-1.01E-07,-3.00E-07,5.14E-07,3.36E-06,0.2,0.1,94.8%,100.0%,98.4%,6,NA
Joseph M. Farley 1,2008-04-01,0,0.9,0.0,3,1.0,0,2.53E-06,2.53E-06,-7.85E-08,-1.90E-07,5.43E-07,3.37E-06,0.2,0.1,94.7%,98.0%,97.8%,6,NA
Joseph M. Farley 1,2008-05-01,0,0.9,0.0,3,1.0,0,2.53E-06,2.53E-06,-7.85E-08,-1.90E-07,5.43E-07,3.37E-06,0.2,0.3,94.7%,98.0%,97.8%,6,NA
Joseph M. Farley 1,2008-06-01,0,0.9,0.0,3,1.0,0,2.53E-06,2.53E-06,-7.85E-08,-1.90E-07,5.43E-07,3.37E-06,0.3,42.1,94.7%,98.0%,97.8%,6,NA
Joseph M. Farley 1,2008-07-01,0,0.9,0.0,4,2.0,0,2.34E-06,2.34E-06,-6.00E-08,-3.40E-07,5.30E-07,9.70E-07,0.2,20.0,95.0%,99.0%,97.3%,6,NA
Joseph M. Farley 1,2008-08-01,0,0.9,0.0,4,2.0,0,2.34E-06,2.34E-06,-6.00E-08,-3.40E-07,5.30E-07,9.70E-07,0.2,0.2,95.0%,99.0%,97.3%,6,NA
Joseph M. Farley 1,2008-09-01,0,0.9,0.0,4,2.0,0,2.34E-06,2.34E-06,-6.00E-08,-3.40E-07,5.30E-07,9.70E-07,0.2,0.9,95.0%,99.0%,97.3%,6,NA
Joseph M. Farley 1,2008-10-01,0.8,0.8,0.0,3,2.0,0,2.31E-06,2.31E-06,-5.55E-08,-3.70E-07,5.10E-07,9.52E-07,0.3,0.2,96.2%,100.0%,96.7%,6,NA
Joseph M. Farley 1,2008-11-01,0.8,0.8,0.0,3,2.0,0,2.31E-06,2.31E-06,-5.55E-08,-3.70E-07,5.10E-07,9.52E-07,0.3,0.1,96.2%,100.0%,96.7%,6,NA
Joseph M. Farley 1,2008-12-01,0.8,0.8,0.0,3,2.0,0,2.31E-06,2.31E-06,-5.55E-08,-3.70E-07,5.10E-07,9.52E-07,0.3,0.2,96.2%,100.0%,96.7%,6,NA
Joseph M. Farley 1,2009-01-01,0.8,0.8,0.0,3,1.0,0,2.96E-06,2.96E-06,4.95E-08,-5.80E-07,3.91E-07,9.62E-07,0.1,1.0,94.1%,98.1%,96.1%,6,NA
Joseph M. Farley 1,2009-02-01,0.8,0.8,0.0,3,1.0,0,2.96E-06,2.96E-06,4.95E-08,-5.80E-07,3.91E-07,9.62E-07,0.3,0.3,94.1%,98.1%,96.1%,6,NA
Joseph M. Farley 1,2009-03-01,0.8,0.8,0.0,3,1.0,0,2.96E-06,2.96E-06,4.95E-08,-5.80E-07,3.91E-07,9.62E-07,0.3,0.8,94.1%,98.1%,96.1%,6,NA
Joseph M. Farley 1,2009-04-01,0.9,1.8,0.0,2,1.0,0,2.84E-06,2.84E-06,5.52E-08,-5.91E-07,3.78E-07,6.22E-07,0.1,0.1,94.4%,98.2%,96.1%,6,NA
Joseph M. Farley 1,2009-05-01,0.9,1.8,0.0,2,1.0,0,2.84E-06,2.84E-06,5.52E-08,-5.91E-07,3.78E-07,6.22E-07,0.1,12.4,94.4%,98.2%,96.1%,6,NA
Joseph M. Farley 1,2009-06-01,0.9,1.8,0.0,2,1.0,0,2.84E-06,2.84E-06,5.52E-08,-5.91E-07,3.78E-07,6.22E-07,0.2,0.2,94.4%,98.2%,96.1%,6,NA
Joseph M. Farley 1,2009-07-01,0.9,0.9,0.0,1,0.0,0,2.85E-06,2.85E-06,6.04E-08,-5.42E-07,4.21E-07,4.75E-07,0.2,0.2,94.5%,98.2%,96.7%,6,NA
Joseph M. Farley 1,2009-08-01,0.9,0.9,0.0,1,0.0,0,2.85E-06,2.85E-06,6.04E-08,-5.42E-07,4.21E-07,4.75E-07,0.2,0.2,94.5%,98.2%,96.7%,6,NA
Joseph M. Farley 1,2009-09-01,0.9,0.9,0.0,1,0.0,0,2.85E-06,2.85E-06,6.04E-08,-5.42E-07,4.21E-07,4.75E-07,0.2,0.4,94.5%,98.2%,96.7%,6,NA
Joseph M. Farley 1,2009-10-01,0,1.8,0.0,1,0.0,0,2.65E-06,2.65E-06,6.48E-08,-4.23E-07,9.66E-07,4.75E-07,0.2,0.1,94.4%,100.0%,96.6%,6,NA
Joseph M. Farley 1,2009-11-01,0,1.8,0.0,1,0.0,0,2.65E-06,2.65E-06,6.48E-08,-4.23E-07,9.66E-07,4.75E-07,0.2,0.2,94.4%,100.0%,96.6%,6,NA
Joseph M. Farley 1,2009-12-01,0,1.8,0.0,1,0.0,0,2.65E-06,2.65E-06,6.48E-08,-4.23E-07,9.66E-07,4.75E-07,0.2,0.4,94.4%,100.0%,96.6%,6,NA
Joseph M. Farley 1,2007-01-01,0,0.9,NA,0,0,0,-9.50E-07,-9.50E-07,-9.90E-08,-1.90E-07,-5.00E-08,6.80E-07,0.3,0.1,95.1%,100.0%,99.5%,6,NA
Joseph M. Farley 1,2007-02-01,0,0.9,NA,0,0,0,-9.50E-07,-9.50E-07,-9.90E-08,-1.90E-07,-5.00E-08,6.80E-07,0.3,0.2,95.1%,100.0%,99.5%,6,NA
Joseph M. Farley 1,2007-03-01,0,0.9,NA,0,0,0,-9.50E-07,-9.50E-07,-9.90E-08,-1.90E-07,-5.00E-08,6.80E-07,0.3,0.1,95.1%,100.0%,99.5%,6,NA
Joseph M. Farley 1,2007-10-01,0,1.8,0.0,2,0,0,-6.40E-07,-6.40E-07,-1.01E-07,-2.20E-07,6.10E-07,3.54E-06,NA,0,95.7%,98.0%,98.9%,6,NA
Joseph M. Farley 2,2007-01-01,0,0,0.0,0,0,0,NA,-6.20E-07,5.20E-08,6.90E-07,1.03E-06,-2.07E-07,0,1.1,95.1%,100.0%,99.5%,Joseph M. Farley 2.pdf,NA
Joseph M. Farley 2,2007-02-01,0,0,0.0,0,0,0,NA,-6.20E-07,5.20E-08,6.90E-07,1.03E-06,-2.07E-07,0,1.1,95.1%,100.0%,99.5%,Joseph M. Farley 2.pdf,NA
Joseph M. Farley 2,2007-03-01,0,0,0.0,0,0,0,NA,-6.20E-07,5.20E-08,6.90E-07,1.03E-06,-2.07E-07,0,1.9,95.1%,100.0%,99.5%,Joseph M. Farley 2.pdf,NA
Joseph M. Farley 2,2007-04-01,0,0,0.0,0,0,0,NA,-6.10E-07,5.30E-08,6.20E-07,1.05E-06,2.90E-07,0,1.2,96.0%,99.0%,98.9%,Joseph M. Farley 2.pdf,NA
Joseph M. Farley 2,2007-05-01,0,0,0.0,0,0,0,NA,-6.10E-07,5.30E-08,6.20E-07,1.05E-06,2.90E-07,0,1.2,96.0%,99.0%,98.9%,Joseph M. Farley 2.pdf,NA
Joseph M. Farley 2,2007-06-01,0,0,0.0,0,0,0,NA,-6.10E-07,5.30E-08,6.20E-07,1.05E-06,2.90E-07,0,1.9,96.0%,99.0%,98.9%,Joseph M. Farley 2.pdf,NA
Joseph M. Farley 2,2007-07-01,0,0.9,0.0,0,0,0,NA,-9.40E-07,5.30E-08,6.20E-07,1.17E-06,4.08E-07,0,1.0,95.4%,96.1%,99.5%,Joseph M. Farley 2.pdf,NA
Joseph M. Farley 2,2007-08-01,0,0.9,0.0,0,0,0,NA,-9.40E-07,5.30E-08,6.20E-07,1.17E-06,4.08E-07,0,1.2,95.4%,96.1%,99.5%,Joseph M. Farley 2.pdf,NA
Joseph M. Farley 2,2007-09-01,0,0.9,0.0,0,0,0,NA,-9.40E-07,5.30E-08,6.20E-07,1.17E-06,4.08E-07,0,1.1,95.4%,96.1%,99.5%,Joseph M. Farley 2.pdf,NA
Joseph M. Farley 2,2007-10-01,0.9,0.9,0.0,0,0,0,NA,-9.30E-07,5.30E-08,6.60E-07,1.17E-06,4.04E-07,0,1.0,95.7%,98.0%,98.9%,Joseph M. Farley 2.pdf,NA
Joseph M. Farley 2,2007-11-01,0.9,0.9,0.0,0,0,0,NA,-9.30E-07,5.30E-08,6.60E-07,1.17E-06,4.04E-07,0,1.1,95.7%,98.0%,98.9%,Joseph M. Farley 2.pdf,NA
Joseph M. Farley 2,2007-12-01,0.9,0.9,0.0,0,0,0,NA,-9.30E-07,5.30E-08,6.60E-07,1.17E-06,4.04E-07,0,1.9,95.7%,98.0%,98.9%,Joseph M. Farley 2.pdf,NA
Joseph M. Farley 2,2008-01-01,0.9,0.9,0.0,0,1,0,NA,-1.00E-06,5.40E-08,7.00E-07,1.14E-06,4.22E-07,0,1.1,94.8%,100.0%,98.4%,Joseph M. Farley 2.pdf,NA
Joseph M. Farley 2,2008-02-01,0.9,0.9,0.0,0,1,0,NA,-1.00E-06,5.40E-08,7.00E-07,1.14E-06,4.22E-07,0,1.9,94.8%,100.0%,98.4%,Joseph M. Farley 2.pdf,NA
Joseph M. Farley 2,2008-03-01,0.9,0.9,0.0,0,1,0,NA,-1.00E-06,5.40E-08,7.00E-07,1.14E-06,4.22E-07,0,1.1,94.8%,100.0%,98.4%,Joseph M. Farley 2.pdf,NA
Joseph M. Farley 2,2008-04-01,0.8,1.6,0.0,0,1,0,NA,-9.20E-07,5.60E-08,7.90E-07,1.04E-06,4.22E-07,0,1.1,94.7%,98.0%,97.8%,Joseph M. Farley 2.pdf,NA
Joseph M. Farley 2,2008-05-01,0.8,1.6,0.0,0,1,0,NA,-9.20E-07,5.60E-08,7.90E-07,1.04E-06,4.22E-07,0,1.1,94.7%,98.0%,97.8%,Joseph M. Farley 2.pdf,NA
Joseph M. Farley 2,2008-06-01,0.8,1.6,0.0,0,1,0,NA,-9.20E-07,5.60E-08,7.90E-07,1.04E-06,4.22E-07,0,1.1,94.7%,98.0%,97.8%,Joseph M. Farley 2.pdf,NA
Joseph M. Farley 2,2008-07-01,0.8,0.8,0.0,0,2,0,NA,-7.13E-07,1.90E-08,7.40E-07,1.02E-06,3.68E-07,0,1.0,95.0%,99.0%,97.3%,Joseph M. Farley 2.pdf,NA
Joseph M. Farley 2,2008-08-01,0.8,0.8,0.0,0,2,0,NA,-7.13E-07,1.90E-08,7.40E-07,1.02E-06,3.68E-07,0,1.8,95.0%,99.0%,97.3%,Joseph M. Farley 2.pdf,NA
Joseph M. Farley 2,2008-09-01,0.8,0.8,0.0,0,2,0,NA,-7.13E-07,1.90E-08,7.40E-07,1.02E-06,3.68E-07,0,1.0,95.0%,99.0%,97.3%,Joseph M. Farley 2.pdf,NA
Joseph M. Farley 2,2008-10-01,0,0.9,0.0,0,2,0,NA,-7.15E-07,3.50E-08,7.20E-07,9.89E-07,2.77E-07,0,1.1,96.2%,100.0%,96.7%,Joseph M. Farley 2.pdf,NA
Joseph M. Farley 2,2008-11-01,0,0.9,0.0,0,2,0,NA,-7.15E-07,3.50E-08,7.20E-07,9.89E-07,2.77E-07,0,0.1,96.2%,100.0%,96.7%,Joseph M. Farley 2.pdf,NA
Joseph M. Farley 2,2008-12-01,0,0.9,0.0,0,2,0,NA,-7.15E-07,3.50E-08,7.20E-07,9.89E-07,2.77E-07,0.1,0.8,96.2%,100.0%,96.7%,Joseph M. Farley 2.pdf,NA
Joseph M. Farley 2,2009-01-01,0,1.8,0.0,0,1,0,NA,-6.47E-07,1.24E-07,4.42E-07,1.00E-06,1.76E-07,0,0.2,94.1%,98.1%,96.1%,Joseph M. Farley 2.pdf,NA
Joseph M. Farley 2,2009-02-01,0,1.8,0.0,0,1,0,NA,-6.47E-07,1.24E-07,4.42E-07,1.00E-06,1.76E-07,0,0.1,94.1%,98.1%,96.1%,Joseph M. Farley 2.pdf,NA
Joseph M. Farley 2,2009-03-01,0,1.8,0.0,0,1,0,NA,-6.47E-07,1.24E-07,4.42E-07,1.00E-06,1.76E-07,0,0.2,94.1%,98.1%,96.1%,Joseph M. Farley 2.pdf,NA
Joseph M. Farley 2,2009-04-01,0,0.9,0.0,1,1,0,NA,-3.70E-07,1.25E-07,4.43E-07,4.08E-07,1.73E-07,0,0.2,94.4%,98.2%,96.1%,Joseph M. Farley 2.pdf,NA
Joseph M. Farley 2,2009-05-01,0,0.9,0.0,1,1,0,NA,-3.70E-07,1.25E-07,4.43E-07,4.08E-07,1.73E-07,0,0.3,94.4%,98.2%,96.1%,Joseph M. Farley 2.pdf,NA
Joseph M. Farley 2,2009-06-01,0,0.9,0.0,1,1,0,NA,-3.70E-07,1.25E-07,4.43E-07,4.08E-07,1.73E-07,0,0.4,94.4%,98.2%,96.1%,Joseph M. Farley 2.pdf,NA
Joseph M. Farley 2,2009-07-01,0,0.9,0.0,1,0,0,NA,-1.30E-07,1.21E-07,4.81E-07,4.19E-07,4.40E-07,0,0.8,94.5%,98.2%,96.7%,Joseph M. Farley 2.pdf,NA
Joseph M. Farley 2,2009-08-01,0,0.9,0.0,1,0,0,NA,-1.30E-07,1.21E-07,4.81E-07,4.19E-07,4.40E-07,0,0.7,94.5%,98.2%,96.7%,Joseph M. Farley 2.pdf,NA
Joseph M. Farley 2,2009-09-01,0,0.9,0.0,1,0,0,NA,-1.30E-07,1.21E-07,4.81E-07,4.19E-07,4.40E-07,0,0.2,94.5%,98.2%,96.7%,Joseph M. Farley 2.pdf,NA
Joseph M. Farley 2,2009-10-01,0,1.6,0.0,2,0,0,NA,8.00E-08,1.30E-07,5.40E-07,4.32E-07,4.60E-07,0,0.1,94.4%,100.0%,96.6%,Joseph M. Farley 2.pdf,NA
Joseph M. Farley 2,2009-11-01,0,1.6,0.0,2,0,0,NA,8.00E-08,1.30E-07,5.40E-07,4.32E-07,4.60E-07,0,1.5,94.4%,100.0%,96.6%,Joseph M. Farley 2.pdf,NA
Joseph M. Farley 2,2009-12-01,0,1.6,0.0,2,0,0,NA,8.00E-08,1.30E-07,5.40E-07,4.32E-07,4.60E-07,0,0.1,94.4%,100.0%,96.6%,Joseph M. Farley 2.pdf,NA
Joseph M. Farley 2,2007-01-01,NA,NA,NA,NA,NA,NA,NA,NA,NA,NA,NA,NA,NA,NA,NA,NA,NA,NA,NA
LaSalle Country 2,2007-07-01,0,1.7,0.0,0,0,0,NA,8.26E-08,-3.76E-08,2.93E-08,-6.60E-09,-2.75E-08,0.1,11.2,98.1%,100.0%,99.5%,34,NA
LaSalle Country 2,2007-08-01,0,1.7,0.0,0,0,0,NA,8.26E-08,-3.76E-08,2.93E-08,-6.60E-09,-2.75E-08,0.1,10.8,98.1%,100.0%,99.5%,34,NA
LaSalle Country 2,2007-09-01,0,1.7,0.0,0,0,0,NA,8.26E-08,-3.76E-08,2.93E-08,-6.60E-09,-2.75E-08,0.1,12.4,98.1%,100.0%,99.5%,34,NA
LaSalle Country 2,2007-10-01,0,1.7,0.0,0,0,0,NA,2.21E-07,-5.22E-08,5.37E-08,-2.85E-07,-1.60E-07,0.1,11.2,98.4%,100.0%,99.6%,34,NA
LaSalle Country 2,2007-11-01,0,1.7,0.0,0,0,0,NA,2.21E-07,-5.22E-08,5.37E-08,-2.85E-07,-1.60E-07,0.1,11.6,98.4%,100.0%,99.6%,34,NA
LaSalle Country 2,2007-12-01,0,1.7,0.0,0,0,0,NA,2.21E-07,-5.22E-08,5.37E-08,-2.85E-07,-1.60E-07,0.1,11.6,98.4%,100.0%,99.6%,34,NA
LaSalle Country 2,2008-01-01,0,1.6,0.0,0,0,0,NA,2.21E-07,-5.02E-08,-1.79E-08,-2.66E-07,-1.60E-07,0.1,12.4,98.3%,100.0%,99.6%,34,NA
LaSalle Country 2,2008-02-01,0,1.6,0.0,0,0,0,NA,2.21E-07,-5.02E-08,-1.79E-08,-2.66E-07,-1.60E-07,0.1,11.6,98.3%,100.0%,99.6%,34,NA
LaSalle Country 2,2008-03-01,0,1.6,0.0,0,0,0,NA,2.21E-07,-5.02E-08,-1.79E-08,-2.66E-07,-1.60E-07,0.2,11.6,98.3%,100.0%,99.6%,34,NA
LaSalle Country 2,2008-04-01,0,0.8,0.0,0,0,0,NA,1.07E-07,-2.28E-08,-9.30E-09,-1.29E-07,-8.80E-08,0.1,11.2,97.7%,100.0%,99.7%,34,NA
LaSalle Country 2,2008-05-01,0,0.8,0.0,0,0,0,NA,1.07E-07,-2.28E-08,-9.30E-09,-1.29E-07,-8.80E-08,0.1,11.2,97.7%,100.0%,99.7%,34,NA
LaSalle Country 2,2008-06-01,0,0.8,0.0,0,0,0,NA,1.07E-07,-2.28E-08,-9.30E-09,-1.29E-07,-8.80E-08,0.1,11.6,97.7%,100.0%,99.7%,34,NA
LaSalle Country 2,2008-07-01,0,0,0.0,0,0,0,NA,9.69E-08,-2.38E-08,-1.23E-08,-1.31E-07,-6.50E-08,0.1,11.2,97.7%,100.0%,99.7%,34,NA
LaSalle Country 2,2008-08-01,0,0,0.0,0,0,0,NA,9.69E-08,-2.38E-08,-1.23E-08,-1.31E-07,-6.50E-08,0.1,11.6,97.7%,100.0%,99.7%,34,NA
LaSalle Country 2,2008-09-01,0,0,0.0,0,0,0,NA,9.69E-08,-2.38E-08,-1.23E-08,-1.31E-07,-6.50E-08,0.9,12.4,97.7%,100.0%,99.7%,34,NA
LaSalle Country 2,2008-10-01,0,0,0.0,0,0,0,NA,9.69E-08,-2.38E-08,-1.24E-08,-1.32E-07,-6.50E-08,0.5,12.0,98.1%,100.0%,99.6%,34,NA
LaSalle Country 2,2008-11-01,0,0,0.0,0,0,0,NA,9.69E-08,-2.38E-08,-1.24E-08,-1.32E-07,-6.50E-08,0.5,13.2,98.1%,100.0%,99.6%,34,NA
LaSalle Country 2,2008-12-01,0,0,0.0,0,0,0,NA,9.69E-08,-2.38E-08,-1.24E-08,-1.32E-07,-6.50E-08,0.8,12.4,98.1%,100.0%,99.6%,34,NA
LaSalle Country 2,2009-01-01,0,0,0.0,0,0,0,NA,9.70E-08,-2.38E-08,-1.17E-08,-1.34E-07,-1.10E-07,0.9,12.0,98.1%,100.0%,99.6%,34,NA
LaSalle Country 2,2009-02-01,0,0,0.0,0,0,0,NA,9.70E-08,-2.38E-08,-1.17E-08,-1.34E-07,-1.10E-07,0.4,11.2,98.1%,100.0%,99.6%,34,NA
LaSalle Country 2,2009-03-01,0,0,0.0,0,0,0,NA,9.70E-08,-2.38E-08,-1.17E-08,-1.34E-07,-1.10E-07,0.3,11.2,98.1%,100.0%,99.6%,34,NA
LaSalle Country 2,2009-04-01,0,0,0.0,0,0,0,NA,9.70E-08,-2.38E-08,-9.30E-09,-1.44E-07,-1.10E-07,0.3,11.2,98.1%,100.0%,99.6%,34,NA
LaSalle Country 2,2009-05-01,0,0,0.0,0,0,0,NA,9.70E-08,-2.38E-08,-9.30E-09,-1.44E-07,-1.10E-07,0.4,11.2,98.1%,100.0%,99.6%,34,NA
LaSalle Country 2,2009-06-01,0,0,0.0,0,0,0,NA,9.70E-08,-2.38E-08,-9.30E-09,-1.44E-07,-1.10E-07,0.4,11.2,98.1%,100.0%,99.6%,34,NA
LaSalle Country 2,2009-07-01,0.9,0,0.0,0,0,0,NA,9.50E-08,-2.48E-08,-9.20E-09,-1.46E-07,-9.00E-08,0.3,11.2,98.7%,100.0%,99.7%,34,NA
LaSalle Country 2,2009-08-01,0.9,0,0.0,0,0,0,NA,9.50E-08,-2.48E-08,-9.20E-09,-1.46E-07,-9.00E-08,0.3,11.2,98.7%,100.0%,99.7%,34,NA
LaSalle Country 2,2009-09-01,0.9,0,0.0,0,0,0,NA,9.50E-08,-2.48E-08,-9.20E-09,-1.46E-07,-9.00E-08,0.2,11.6,98.7%,100.0%,99.7%,34,NA
LaSalle Country 2,2009-10-01,0.9,0.9,0.0,0,0,0,NA,8.00E-09,-2.48E-08,-7.92E-09,-1.47E-07,-9.00E-08,0.2,21.6,98.0%,100.0%,99.9%,34,NA
LaSalle Country 2,2009-11-01,0.9,0.9,0.0,0,0,0,NA,8.00E-09,-2.48E-08,-7.92E-09,-1.47E-07,-9.00E-08,0.2,13.6,98.0%,100.0%,99.9%,34,NA
LaSalle Country 2,2009-12-01,0.9,0.9,0.0,0,0,0,NA,8.00E-09,-2.48E-08,-7.92E-09,-1.47E-07,-9.00E-08,0.5,12.8,98.0%,100.0%,99.9%,34,NA
LaSalle Country 2,2007-01-01,0,0,NA,0,0,0,NA,-1.11E-07,-3.09E-08,5.47E-08,-2.74E-07,-6.20E-08,0.3,12.8,98.8%,100.0%,99.6%,34,NA
LaSalle Country 2,2007-02-01,0,0,NA,0,0,0,NA,-1.11E-07,-3.09E-08,5.47E-08,-2.74E-07,-6.20E-08,0.4,12.8,98.8%,100.0%,99.6%,34,NA
LaSalle Country 2,2007-03-01,0,0,NA,0,0,0,NA,-1.11E-07,-3.09E-08,5.47E-08,-2.74E-07,-6.20E-08,0.1,14.8,98.8%,100.0%,99.6%,34,NA
LaSalle Country 2,2007-04-01,0,0.8,NA,0,0,0,NA,-2.86E-08,-9.25E-09,2.44E-08,-6.40E-09,-2.34E-08,0.1,10.8,98.7%,100.0%,99.6%,34,NA
LaSalle Country 2,2007-05-01,0,0.8,NA,0,0,0,NA,-2.86E-08,-9.25E-09,2.44E-08,-6.40E-09,-2.34E-08,0.1,10.8,98.7%,100.0%,99.6%,34,NA
LaSalle Country 2,2007-06-01,0,0.8,NA,0,0,0,NA,-2.86E-08,-9.25E-09,2.44E-08,-6.40E-09,-2.34E-08,0.1,11.2,98.7%,100.0%,99.6%,34,NA
LaSalle County 1,2007-01-01,0,0,0.0,0,0,0,NA,-1.10E-07,1.51E-07,-2.57E-08,-2.90E-07,-2.29E-07,0.2,15.6,98.8%,100.0%,99.6%,5,NA
LaSalle County 1,2007-02-01,0,0,0.0,0,0,0,NA,-1.10E-07,1.51E-07,-2.57E-08,-2.90E-07,-2.29E-07,0.2,16.5,98.8%,100.0%,99.6%,5,NA
LaSalle County 1,2007-03-01,0,0,0.0,0,0,0,NA,-1.10E-07,1.51E-07,-2.57E-08,-2.90E-07,-2.29E-07,0.3,17.6,98.8%,100.0%,99.6%,5,NA
LaSalle County 1,2007-04-01,0,0,0.0,0,0,0,NA,-2.82E-08,8.60E-08,-1.13E-08,-6.80E-09,-2.30E-08,0.3,18.0,98.7%,100.0%,99.6%,5,NA
LaSalle County 1,2007-05-01,0,0,0.0,0,0,0,NA,-2.82E-08,8.60E-08,-1.13E-08,-6.80E-09,-2.30E-08,0.4,18.0,98.7%,100.0%,99.6%,5,NA
LaSalle County 1,2007-06-01,0,0,0.0,0,0,0,NA,-2.82E-08,8.60E-08,-1.13E-08,-6.80E-09,-2.30E-08,0.5,18.8,98.7%,100.0%,99.6%,5,NA
LaSalle County 1,2007-07-01,0,0,0.0,0,0,0,NA,8.25E-08,1.15E-07,-1.35E-08,-6.80E-09,-2.80E-08,0.5,20.4,98.4%,100.0%,99.5%,5,NA
LaSalle County 1,2007-08-01,0,0,0.0,0,0,0,NA,8.25E-08,1.15E-07,-1.35E-08,-6.80E-09,-2.80E-08,0.5,23.2,98.4%,100.0%,99.5%,5,NA
LaSalle County 1,2007-09-01,0,0,0.0,0,0,0,NA,8.25E-08,1.15E-07,-1.35E-08,-6.80E-09,-2.80E-08,0.5,13.6,98.4%,100.0%,99.5%,5,NA
LaSalle County 1,2007-10-01,0,0,0.0,0,0,0,NA,2.21E-07,1.18E-07,-2.57E-08,-3.10E-07,-2.82E-07,0.4,14.0,98.7%,100.0%,99.6%,5,NA
LaSalle County 1,2007-11-01,0,0,0.0,0,0,0,NA,2.21E-07,1.18E-07,-2.57E-08,-3.10E-07,-2.82E-07,0.4,14.4,98.7%,100.0%,99.6%,5,NA
LaSalle County 1,2007-12-01,0,0,0.0,0,0,0,NA,2.21E-07,1.18E-07,-2.57E-08,-3.10E-07,-2.82E-07,0.3,13.6,98.7%,100.0%,99.6%,5,NA
LaSalle County 1,2008-01-01,0,0,0.0,0,0,0,NA,2.21E-07,1.26E-07,-2.57E-08,-3.10E-07,-2.72E-07,0.3,13.2,98.3%,100.0%,99.6%,5,NA
LaSalle County 1,2008-02-01,0,0,0.0,0,0,0,NA,2.21E-07,1.26E-07,-2.57E-08,-3.10E-07,-2.72E-07,0.3,13.2,98.3%,100.0%,99.6%,5,NA
LaSalle County 1,2008-03-01,0,0,0.0,0,0,0,NA,2.21E-07,1.26E-07,-2.57E-08,-3.10E-07,-2.72E-07,0.1,17.6,98.3%,100.0%,99.6%,5,NA
LaSalle County 1,2008-04-01,0,0,0.0,0,0,0,NA,9.69E-08,9.30E-08,-1.23E-08,-1.40E-07,-5.30E-08,0.1,18.4,97.7%,100.0%,99.7%,5,NA
LaSalle County 1,2008-05-01,0,0,0.0,0,0,0,NA,9.69E-08,9.30E-08,-1.23E-08,-1.40E-07,-5.30E-08,0.1,18.8,97.7%,100.0%,99.7%,5,NA
LaSalle County 1,2008-06-01,0,0,0.0,0,0,0,NA,9.69E-08,9.30E-08,-1.23E-08,-1.40E-07,-5.30E-08,0.1,26.8,97.7%,100.0%,99.7%,5,NA
LaSalle County 1,2008-07-01,0,0,0.0,0,0,0,NA,9.69E-08,-2.47E-08,-1.30E-08,-1.41E-07,-4.80E-08,0.1,11.6,97.7%,100.0%,99.7%,5,NA
LaSalle County 1,2008-08-01,0,0,0.0,0,0,0,NA,9.69E-08,-2.47E-08,-1.30E-08,-1.41E-07,-4.80E-08,0.1,12.4,97.7%,100.0%,99.7%,5,NA
LaSalle County 1,2008-09-01,0,0,0.0,0,0,0,NA,9.69E-08,-2.47E-08,-1.30E-08,-1.41E-07,-4.80E-08,0.1,10.8,97.7%,100.0%,99.7%,5,NA
LaSalle County 1,2008-10-01,0,0,0.0,0,0,0,NA,9.69E-08,-4.45E-09,-1.31E-08,-1.44E-07,-4.80E-08,0.1,14.8,98.1%,100.0%,99.6%,5,NA
LaSalle County 1,2008-11-01,0,0,0.0,0,0,0,NA,9.69E-08,-4.45E-09,-1.31E-08,-1.44E-07,-4.80E-08,0.1,12.4,98.1%,100.0%,99.6%,5,NA
LaSalle County 1,2008-12-01,0,0,0.0,0,0,0,NA,9.69E-08,-4.45E-09,-1.31E-08,-1.44E-07,-4.80E-08,0.1,11.6,98.1%,100.0%,99.6%,5,NA
LaSalle County 1,2009-01-01,0,0,0.0,0,0,0,NA,9.68E-08,-2.80E-09,-1.20E-08,-1.37E-07,-4.60E-08,0.1,11.6,98.1%,100.0%,99.6%,5,NA
LaSalle County 1,2009-02-01,0,0,0.0,0,0,0,NA,9.68E-08,-2.80E-09,-1.20E-08,-1.37E-07,-4.60E-08,0.1,12.0,98.1%,100.0%,99.6%,5,NA
LaSalle County 1,2009-03-01,0,0,0.0,0,0,0,NA,9.68E-08,-2.80E-09,-1.20E-08,-1.37E-07,-4.60E-08,0.1,11.6,98.1%,100.0%,99.6%,5,NA
LaSalle County 1,2009-04-01,0.8,0,0.0,0,0,0,NA,1.17E-07,-3.49E-09,-1.20E-08,-1.38E-07,-6.40E-08,0.1,12.0,98.1%,100.0%,99.6%,5,NA
LaSalle County 1,2009-05-01,0.8,0,0.0,0,0,0,NA,1.17E-07,-3.49E-09,-1.20E-08,-1.38E-07,-6.40E-08,0.1,12.8,98.1%,100.0%,99.6%,5,NA
LaSalle County 1,2009-06-01,0.8,0,0.0,0,0,0,NA,1.17E-07,-3.49E-09,-1.20E-08,-1.38E-07,-6.40E-08,0.8,18.0,98.1%,100.0%,99.6%,5,NA
LaSalle County 1,2009-07-01,0.8,0,0.0,0,0,0,NA,1.17E-07,-3.99E-09,-4.56E-09,-1.40E-07,-6.30E-08,0.2,25.6,98.7%,100.0%,99.7%,5,NA
LaSalle County 1,2009-08-01,0.8,0,0.0,0,0,0,NA,1.17E-07,-3.99E-09,-4.56E-09,-1.40E-07,-6.30E-08,0.1,11.2,98.7%,100.0%,99.7%,5,NA
LaSalle County 1,2009-09-01,0.8,0,0.0,0,0,0,NA,1.17E-07,-3.99E-09,-4.56E-09,-1.40E-07,-6.30E-08,0.2,11.6,98.7%,100.0%,99.7%,5,NA
LaSalle County 1,2009-10-01,0.8,0,0.0,0,0,0,NA,2.60E-08,-4.09E-09,-4.63E-09,-1.41E-07,-6.30E-08,0.2,11.6,98.0%,100.0%,99.9%,5,NA
LaSalle County 1,2009-11-01,0.8,0,0.0,0,0,0,NA,2.60E-08,-4.09E-09,-4.63E-09,-1.41E-07,-6.30E-08,0.3,12.0,98.0%,100.0%,99.9%,5,NA
LaSalle County 1,2009-12-01,0.8,0,0.0,0,0,0,NA,2.60E-08,-4.09E-09,-4.63E-09,-1.41E-07,-6.30E-08,0.3,11.6,98.0%,100.0%,99.9%,5,NA
Limerick 1,2007-07-01,0,0.8,0.0,NA,0,0,NA,-2.83E-07,-9.60E-08,-8.30E-08,-3.16E-08,2.20E-08,0,9.6,98.4%,100.0%,99.8%,31,NA
Limerick 1,2007-08-01,0,0.8,0.0,NA,0,0,NA,-2.83E-07,-9.60E-08,-8.30E-08,-3.16E-08,2.20E-08,0,10.0,98.4%,100.0%,99.8%,31,NA
Limerick 1,2007-09-01,0,0.8,0.0,NA,0,0,NA,-2.83E-07,-9.60E-08,-8.30E-08,-3.16E-08,2.20E-08,0,10.0,98.4%,100.0%,99.8%,31,NA
Limerick 1,2007-10-01,0,0.8,0.0,NA,0,0,NA,-2.83E-07,-9.60E-08,-8.30E-08,-2.94E-08,2.30E-08,0,10.4,98.9%,100.0%,99.8%,31,NA
Limerick 1,2007-11-01,0,0.8,0.0,NA,0,0,NA,-2.83E-07,-9.60E-08,-8.30E-08,-2.94E-08,2.30E-08,0,14.0,98.9%,100.0%,99.8%,31,NA
Limerick 1,2007-12-01,0,0.8,0.0,NA,0,0,NA,-2.83E-07,-9.60E-08,-8.30E-08,-2.94E-08,2.30E-08,0,12.0,98.9%,100.0%,99.8%,31,NA
Limerick 1,2008-01-01,0.8,0.8,0.0,NA,0,0,NA,-2.89E-07,-9.60E-08,-8.30E-08,-2.88E-08,2.29E-08,0,16.0,99.0%,100.0%,99.8%,31,NA
Limerick 1,2008-02-01,0.8,0.8,0.0,NA,0,0,NA,-2.89E-07,-9.60E-08,-8.30E-08,-2.88E-08,2.29E-08,0,18.4,99.0%,100.0%,99.8%,31,NA
Limerick 1,2008-03-01,0.8,0.8,0.0,NA,0,0,NA,-2.89E-07,-9.60E-08,-8.30E-08,-2.88E-08,2.29E-08,0,6.4,99.0%,100.0%,99.8%,31,NA
Limerick 1,2008-04-01,0.8,0.8,0.0,NA,0,0,NA,-2.76E-07,-9.60E-08,-8.30E-08,-2.30E-08,2.39E-08,0,7.8,96.5%,100.0%,99.8%,31,NA
Limerick 1,2008-05-01,0.8,0.8,0.0,NA,0,0,NA,-2.76E-07,-9.60E-08,-8.30E-08,-2.30E-08,2.39E-08,0,6.8,96.5%,100.0%,99.8%,31,NA
Limerick 1,2008-06-01,0.8,0.8,0.0,NA,0,0,NA,-2.76E-07,-9.60E-08,-8.30E-08,-2.30E-08,2.39E-08,0,6.4,96.5%,100.0%,99.8%,31,NA
Limerick 1,2008-07-01,0.8,0.8,0.0,NA,0,0,NA,-2.42E-07,-9.60E-08,-8.30E-08,-1.30E-08,2.49E-08,0,6.8,97.3%,98.5%,99.8%,31,NA
Limerick 1,2008-08-01,0.8,0.8,0.0,NA,0,0,NA,-2.42E-07,-9.60E-08,-8.30E-08,-1.30E-08,2.49E-08,0,6.8,97.3%,98.5%,99.8%,31,NA
Limerick 1,2008-09-01,0.8,0.8,0.0,NA,0,0,NA,-2.42E-07,-9.60E-08,-8.30E-08,-1.30E-08,2.49E-08,0,6.8,97.3%,98.5%,99.8%,31,NA
Limerick 1,2008-10-01,0.8,0,0.0,NA,0,0,NA,-1.98E-07,1.79E-07,-8.30E-08,6.20E-08,2.60E-08,0,6.8,97.4%,100.0%,99.8%,31,NA
Limerick 1,2008-11-01,0.8,0,0.0,NA,0,0,NA,-1.98E-07,1.79E-07,-8.30E-08,6.20E-08,2.60E-08,0,6.4,97.4%,100.0%,99.8%,31,NA
Limerick 1,2008-12-01,0.8,0,0.0,NA,0,0,NA,-1.98E-07,1.79E-07,-8.30E-08,6.20E-08,2.60E-08,0,6.8,97.4%,100.0%,99.8%,31,NA
Limerick 1,2009-01-01,0,0,0.0,NA,0,0,NA,-1.84E-07,1.79E-07,-8.30E-08,7.80E-08,2.43E-08,0,6.8,97.4%,100.0%,99.7%,31,NA
Limerick 1,2009-02-01,0,0,0.0,NA,0,0,NA,-1.84E-07,1.79E-07,-8.30E-08,7.80E-08,2.43E-08,0,6.4,97.4%,100.0%,99.7%,31,NA
Limerick 1,2009-03-01,0,0,0.0,NA,0,0,NA,-1.84E-07,1.79E-07,-8.30E-08,7.80E-08,2.43E-08,0,6.4,97.4%,100.0%,99.7%,31,NA
Limerick 1,2009-04-01,0,0,0.0,NA,0,0,NA,-1.93E-07,1.78E-07,-8.00E-08,7.90E-08,3.52E-08,0,6.8,97.2%,100.0%,99.8%,31,NA
Limerick 1,2009-05-01,0,0,0.0,NA,0,0,NA,-1.93E-07,1.78E-07,-8.00E-08,7.90E-08,3.52E-08,0,6.4,97.2%,100.0%,99.8%,31,NA
Limerick 1,2009-06-01,0,0,0.0,NA,0,0,NA,-1.93E-07,1.78E-07,-8.00E-08,7.90E-08,3.52E-08,0,6.8,97.2%,100.0%,99.8%,31,NA
Limerick 1,2009-07-01,0,0,0.0,NA,0,0,NA,-1.84E-07,1.78E-07,-7.70E-08,7.50E-08,7.92E-08,0,6.8,97.1%,100.0%,99.8%,31,NA
Limerick 1,2009-08-01,0,0,0.0,NA,0,0,NA,-1.84E-07,1.78E-07,-7.70E-08,7.50E-08,7.92E-08,0,6.8,97.1%,100.0%,99.8%,31,NA
Limerick 1,2009-09-01,0,0,0.0,NA,0,0,NA,-1.84E-07,1.78E-07,-7.70E-08,7.50E-08,7.92E-08,0,6.4,97.1%,100.0%,99.8%,31,NA
Limerick 1,2009-10-01,0,0,0.0,NA,0,0,NA,-5.30E-08,1.48E-07,-2.15E-08,4.69E-08,2.25E-07,0,6.8,97.2%,100.0%,99.8%,31,NA
Limerick 1,2009-11-01,0,0,0.0,NA,0,0,NA,-5.30E-08,1.48E-07,-2.15E-08,4.69E-08,2.25E-07,0,6.8,97.2%,100.0%,99.8%,31,NA
Limerick 1,2009-12-01,0,0,0.0,NA,0,0,NA,-5.30E-08,1.48E-07,-2.15E-08,4.69E-08,2.25E-07,0,6.8,97.2%,100.0%,99.8%,31,NA
Limerick 1,2007-01-01,0,0,NA,NA,0,0,NA,-3.22E-07,-9.60E-08,2.95E-07,-3.03E-08,5.50E-09,0,9.6,98.9%,100.0%,99.8%,31,NA
Limerick 1,2007-02-01,0,0,NA,NA,0,0,NA,-3.22E-07,-9.60E-08,2.95E-07,-3.03E-08,5.50E-09,0,10.4,98.9%,100.0%,99.8%,31,NA
Limerick 1,2007-03-01,0,0,NA,NA,0,0,NA,-3.22E-07,-9.60E-08,2.95E-07,-3.03E-08,5.50E-09,0,12.0,98.9%,100.0%,99.8%,31,NA
Limerick 1,2007-04-01,0,0,NA,NA,0,0,NA,-3.23E-07,-9.60E-08,-8.30E-08,-3.14E-08,5.00E-09,0,12.8,98.7%,100.0%,99.8%,31,NA
Limerick 1,2007-05-01,0,0,NA,NA,0,0,NA,-3.23E-07,-9.60E-08,-8.30E-08,-3.14E-08,5.00E-09,0,12.8,98.7%,100.0%,99.8%,31,NA
Limerick 1,2007-06-01,0,0,NA,NA,0,0,NA,-3.23E-07,-9.60E-08,-8.30E-08,-3.14E-08,5.00E-09,0,9.6,98.7%,100.0%,99.8%,31,NA
Limerick 2,2007-04-01,0.9,0.9,0.0,4,0,0,NA,-3.03E-07,7.48E-07,2.19E-07,8.00E-08,-4.00E-10,0,18.8,98.7%,100.0%,99.8%,14,NA
Limerick 2,2007-05-01,0.9,0.9,0.0,4,0,0,NA,-3.03E-07,7.48E-07,2.19E-07,8.00E-08,-4.00E-10,0,5.6,98.7%,100.0%,99.8%,14,NA
Limerick 2,2007-06-01,0.9,0.9,0.0,4,0,0,NA,-3.03E-07,7.48E-07,2.19E-07,8.00E-08,-4.00E-10,0,5.6,98.7%,100.0%,99.8%,14,NA
Limerick 2,2007-07-01,0.9,1.7,0.0,4,0,0,NA,-2.57E-07,7.57E-07,2.20E-07,7.80E-08,-3.00E-10,0,5.6,98.4%,100.0%,99.8%,14,NA
Limerick 2,2007-08-01,0.9,1.7,0.0,4,0,0,NA,-2.57E-07,7.57E-07,2.20E-07,7.80E-08,-3.00E-10,0,5.8,98.4%,100.0%,99.8%,14,NA
Limerick 2,2007-09-01,0.9,1.7,0.0,4,0,0,NA,-2.57E-07,7.57E-07,2.20E-07,7.80E-08,-3.00E-10,0.1,6.2,98.4%,100.0%,99.8%,14,NA
Limerick 2,2007-10-01,0.9,1.7,0.0,2,0,0,NA,-2.57E-07,7.57E-07,2.19E-07,7.40E-08,-1.00E-10,0,6.0,98.9%,100.0%,99.8%,14,NA
Limerick 2,2007-11-01,0.9,1.7,0.0,2,0,0,NA,-2.57E-07,7.57E-07,2.19E-07,7.40E-08,-1.00E-10,0,6.0,98.9%,100.0%,99.8%,14,NA
Limerick 2,2007-12-01,0.9,1.7,0.0,2,0,0,NA,-2.57E-07,7.57E-07,2.19E-07,7.40E-08,-1.00E-10,0,6.4,98.9%,100.0%,99.8%,14,NA
Limerick 2,2008-01-01,1.7,2.5,0.0,2,0,0,NA,-2.39E-07,7.54E-07,2.17E-07,-7.00E-09,8.98E-08,0,6.4,99.0%,100.0%,99.8%,14,NA
Limerick 2,2008-02-01,1.7,2.5,0.0,2,0,0,NA,-2.39E-07,7.54E-07,2.17E-07,-7.00E-09,8.98E-08,0,20.0,99.0%,100.0%,99.8%,14,NA
Limerick 2,2008-03-01,1.7,2.5,0.0,2,0,0,NA,-2.39E-07,7.54E-07,2.17E-07,-7.00E-09,8.98E-08,0,6.0,99.0%,100.0%,99.8%,14,NA
Limerick 2,2008-04-01,0.8,1.6,0.0,0,0,0,NA,-2.38E-07,7.54E-07,2.26E-07,7.90E-08,1.17E-07,0,5.6,96.5%,100.0%,99.8%,14,NA
Limerick 2,2008-05-01,0.8,1.6,0.0,0,0,0,NA,-2.38E-07,7.54E-07,2.26E-07,7.90E-08,1.17E-07,0,5.6,96.5%,100.0%,99.8%,14,NA
Limerick 2,2008-06-01,0.8,1.6,0.0,0,0,0,NA,-2.38E-07,7.54E-07,2.26E-07,7.90E-08,1.17E-07,0,5.6,96.5%,100.0%,99.8%,14,NA
Limerick 2,2008-07-01,0.8,0.8,0.0,0,0,0,NA,-2.37E-07,7.55E-07,2.40E-07,8.40E-08,1.17E-07,0,5.6,97.3%,98.5%,99.8%,14,NA
Limerick 2,2008-08-01,0.8,0.8,0.0,0,0,0,NA,-2.37E-07,7.55E-07,2.40E-07,8.40E-08,1.17E-07,0,9.0,97.3%,98.5%,99.8%,14,NA
Limerick 2,2008-09-01,0.8,0.8,0.0,0,0,0,NA,-2.37E-07,7.55E-07,2.40E-07,8.40E-08,1.17E-07,0,5.6,97.3%,98.5%,99.8%,14,NA
Limerick 2,2008-10-01,0.8,1.6,0.0,0,0,0,NA,-2.37E-07,7.55E-07,2.42E-07,8.60E-08,1.17E-07,0,7.5,97.4%,100.0%,99.8%,14,NA
Limerick 2,2008-11-01,0.8,1.6,0.0,0,0,0,NA,-2.37E-07,7.55E-07,2.42E-07,8.60E-08,1.17E-07,0,5.6,97.4%,100.0%,99.8%,14,NA
Limerick 2,2008-12-01,0.8,1.6,0.0,0,0,0,NA,-2.37E-07,7.55E-07,2.42E-07,8.60E-08,1.17E-07,0,6.4,97.4%,100.0%,99.8%,14,NA
Limerick 2,2009-01-01,0,2.5,0.0,0,0,0,NA,-2.23E-07,7.55E-07,2.43E-07,8.80E-08,8.69E-08,0,5.6,97.4%,100.0%,99.7%,14,NA
Limerick 2,2009-02-01,0,2.5,0.0,0,0,0,NA,-2.23E-07,7.55E-07,2.43E-07,8.80E-08,8.69E-08,0,5.6,97.4%,100.0%,99.7%,14,NA
Limerick 2,2009-03-01,0,2.5,0.0,0,0,0,NA,-2.23E-07,7.55E-07,2.43E-07,8.80E-08,8.69E-08,0,5.6,97.4%,100.0%,99.7%,14,NA
Limerick 2,2009-04-01,0,2.5,0.0,0,0,0,NA,-2.24E-07,7.56E-07,2.29E-07,8.20E-08,1.06E-07,0,5.6,97.2%,100.0%,99.8%,14,NA
Limerick 2,2009-05-01,0,2.5,0.0,0,0,0,NA,-2.24E-07,7.56E-07,2.29E-07,8.20E-08,1.06E-07,0,5.6,97.2%,100.0%,99.8%,14,NA
Limerick 2,2009-06-01,0,2.5,0.0,0,0,0,NA,-2.24E-07,7.56E-07,2.29E-07,8.20E-08,1.06E-07,0,5.2,97.2%,100.0%,99.8%,14,NA
Limerick 2,2009-07-01,0,3.4,0.0,0,0,0,NA,-2.16E-07,7.58E-07,1.90E-07,7.90E-08,9.59E-08,0,5.2,97.1%,100.0%,99.8%,14,NA
Limerick 2,2009-08-01,0,3.4,0.0,0,0,0,NA,-2.16E-07,7.58E-07,1.90E-07,7.90E-08,9.59E-08,0,5.6,97.1%,100.0%,99.8%,14,NA
Limerick 2,2009-09-01,0,3.4,0.0,0,0,0,NA,-2.16E-07,7.58E-07,1.90E-07,7.90E-08,9.59E-08,0.1,5.6,97.1%,100.0%,99.8%,14,NA
Limerick 2,2009-10-01,0,2.5,0.0,0,0,0,NA,-5.65E-08,3.88E-07,1.17E-07,4.27E-08,1.15E-07,0,5.6,97.2%,100.0%,99.8%,14,NA
Limerick 2,2009-11-01,0,2.5,0.0,0,0,0,NA,-5.65E-08,3.88E-07,1.17E-07,4.27E-08,1.15E-07,0,6.0,97.2%,100.0%,99.8%,14,NA
Limerick 2,2009-12-01,0,2.5,0.0,0,0,0,NA,-5.65E-08,3.88E-07,1.17E-07,4.27E-08,1.15E-07,0,5.6,97.2%,100.0%,99.8%,14,NA
Limerick 2,2007-01-01,0,0,NA,2,0,0,NA,-2.95E-07,2.11E-07,-4.60E-08,5.81E-08,-3.00E-10,0,6.8,98.9%,100.0%,99.8%,14,NA
Limerick 2,2007-02-01,0,0,NA,2,0,0,NA,-2.95E-07,2.11E-07,-4.60E-08,5.81E-08,-3.00E-10,0,7.6,98.9%,100.0%,99.8%,14,NA
Limerick 2,2007-03-01,0,0,NA,2,0,0,NA,-2.95E-07,2.11E-07,-4.60E-08,5.81E-08,-3.00E-10,0,7.6,98.9%,100.0%,99.8%,14,NA
McGuire 1,2007-01-01,0,0,0.0,0,2,0,NA,-7.94E-07,-9.00E-08,-3.00E-08,-3.47E-07,2.40E-07,0.2,0.6,94.9%,95.5%,99.2%,26,NA
McGuire 1,2007-02-01,0,0,0.0,0,2,0,NA,-7.94E-07,-9.00E-08,-3.00E-08,-3.47E-07,2.40E-07,0.2,0.4,94.9%,95.5%,99.2%,26,NA
McGuire 1,2007-03-01,0,0,0.0,0,2,0,NA,-7.94E-07,-9.00E-08,-3.00E-08,-3.47E-07,2.40E-07,0.1,0.4,94.9%,95.5%,99.2%,26,NA
McGuire 1,2007-05-01,0,0,0.0,1,2,0,NA,-6.85E-07,-8.80E-08,-2.00E-08,-3.47E-07,2.40E-07,0,0.6,95.0%,93.9%,99.5%,26,NA
McGuire 1,2007-06-01,0,0,0.0,1,2,0,NA,-6.85E-07,-8.80E-08,-2.00E-08,-3.47E-07,2.40E-07,0,0.8,95.0%,93.9%,99.5%,26,NA
McGuire 1,2007-07-01,0,0,0.0,1,0,0,NA,-6.77E-07,-8.06E-08,2.00E-08,-3.47E-07,-3.60E-07,0,0.6,95.7%,94.9%,99.7%,26,NA
McGuire 1,2007-08-01,0,0,0.0,1,0,0,NA,-6.77E-07,-8.06E-08,2.00E-08,-3.47E-07,-3.60E-07,0,0.6,95.7%,94.9%,99.7%,26,NA
McGuire 1,2007-09-01,0,0,0.0,1,0,0,NA,-6.77E-07,-8.06E-08,2.00E-08,-3.47E-07,-3.60E-07,0,0.8,95.7%,94.9%,99.7%,26,NA
McGuire 1,2007-10-01,0,0,0.0,2,0,0,NA,-6.60E-07,-8.60E-08,0.00E+00,-3.47E-07,4.00E-08,0,0.6,95.7%,96.0%,99.6%,26,NA
McGuire 1,2007-11-01,0,0,0.0,2,0,0,NA,-6.60E-07,-8.60E-08,0.00E+00,-3.47E-07,4.00E-08,0,0.6,95.7%,96.0%,99.6%,26,NA
McGuire 1,2007-12-01,0,0,0.0,2,0,0,NA,-6.60E-07,-8.60E-08,0.00E+00,-3.47E-07,4.00E-08,0,0.5,95.7%,96.0%,99.6%,26,NA
McGuire 1,2008-01-01,0,0,0.0,2,0,0,NA,-6.60E-07,-8.50E-08,3.00E-08,-3.36E-07,-4.80E-07,0,0.6,95.3%,94.7%,99.6%,26,NA
McGuire 1,2008-02-01,0.8,0,0.0,2,0,0,NA,-6.60E-07,-8.50E-08,3.00E-08,-3.36E-07,-4.80E-07,0,1.4,95.3%,94.7%,99.6%,26,NA
McGuire 1,2008-03-01,0,0,0.0,2,0,0,NA,-6.60E-07,-8.50E-08,3.00E-08,-3.36E-07,-4.80E-07,0,0.6,95.3%,94.7%,99.6%,26,NA
McGuire 1,2008-04-01,0.8,0,0.0,2,0,0,NA,-4.28E-07,-7.88E-08,-4.00E-08,-2.90E-07,-8.30E-07,0.1,0.6,94.8%,89.9%,99.5%,26,NA
McGuire 1,2008-05-01,0.8,0,0.0,2,0,0,NA,-4.28E-07,-7.88E-08,-4.00E-08,-2.90E-07,-8.30E-07,0.1,0.5,94.8%,89.9%,99.5%,26,NA
McGuire 1,2008-06-01,0.8,0,0.0,2,0,0,NA,-4.28E-07,-7.88E-08,-4.00E-08,-2.90E-07,-8.30E-07,0.1,1.2,94.8%,89.9%,99.5%,26,NA
McGuire 1,2008-07-01,0.8,0,0.0,2,0,0,NA,-4.30E-07,-7.88E-08,-6.00E-08,-2.90E-07,-8.58E-07,0.1,0.6,94.5%,92.0%,99.3%,26,NA
McGuire 1,2008-08-01,0.8,0,0.0,2,0,0,NA,-4.30E-07,-7.88E-08,-6.00E-08,-2.90E-07,-8.58E-07,0.1,0.6,94.5%,92.0%,99.3%,26,NA
McGuire 1,2008-09-01,0.8,0,0.0,2,0,0,NA,-4.30E-07,-7.88E-08,-6.00E-08,-2.90E-07,-8.58E-07,0.1,0.9,94.5%,92.0%,99.3%,26,NA
McGuire 1,2008-10-01,1.9,0,0.0,1,0,0,NA,-4.37E-07,-7.74E-08,-6.00E-08,-2.90E-07,-8.30E-07,0,0.5,94.8%,96.6%,99.4%,26,NA
McGuire 1,2008-11-01,1.9,0,0.0,1,0,0,NA,-4.37E-07,-7.74E-08,-6.00E-08,-2.90E-07,-8.30E-07,0,0.8,94.8%,96.6%,99.4%,26,NA
McGuire 1,2008-12-01,1.9,0,0.0,1,0,0,NA,-4.37E-07,-7.74E-08,-6.00E-08,-2.90E-07,-8.30E-07,0,0.6,94.8%,96.6%,99.4%,26,NA
McGuire 1,2009-01-01,1.9,0,0.0,1,0,0,NA,-4.47E-07,-7.59E-08,-1.22E-07,-2.90E-07,-8.30E-07,0,0.6,95.5%,95.4%,98.4%,26,NA
McGuire 1,2009-02-01,1.9,0,0.0,1,0,0,NA,-4.47E-07,-7.59E-08,-1.22E-07,-2.90E-07,-8.30E-07,0.1,0.5,95.5%,95.4%,98.4%,26,NA
McGuire 1,2009-03-01,1.9,0,0.0,1,0,0,NA,-4.47E-07,-7.59E-08,-1.22E-07,-2.90E-07,-8.30E-07,0,0.5,95.5%,95.4%,98.4%,26,NA
McGuire 1,2009-04-01,0.9,0,0.0,1,0,0,NA,-4.51E-07,-7.44E-08,-1.12E-07,-2.90E-07,-8.92E-07,0,0.7,95.5%,96.5%,98.5%,26,NA
McGuire 1,2009-05-01,0.9,0,0.0,1,0,0,NA,-4.51E-07,-7.44E-08,-1.12E-07,-2.90E-07,-8.92E-07,0,0.6,95.5%,96.5%,98.5%,26,NA
McGuire 1,2009-06-01,0.9,0,0.0,1,0,0,NA,-4.51E-07,-7.44E-08,-1.12E-07,-2.90E-07,-8.92E-07,0,0.5,95.5%,96.5%,98.5%,26,NA
McGuire 1,2009-07-01,0.9,0,0.0,1,0,0,NA,-4.64E-07,-7.50E-08,-1.26E-07,-2.90E-07,-8.96E-07,0,0.4,94.8%,96.4%,98.7%,26,NA
McGuire 1,2009-08-01,0.9,0,0.0,1,0,0,NA,-4.64E-07,-7.50E-08,-1.26E-07,-2.90E-07,-8.96E-07,0,0.5,94.8%,96.4%,98.7%,26,NA
McGuire 1,2009-09-01,0.9,0,0.0,1,0,0,NA,-4.64E-07,-7.50E-08,-1.26E-07,-2.90E-07,-8.96E-07,0,0.6,94.8%,96.4%,98.7%,26,NA
McGuire 1,2009-10-01,0,0,0.0,1,0,0,NA,-4.61E-07,-7.22E-08,-1.34E-07,-2.90E-07,-8.95E-07,0.1,0.6,92.4%,97.6%,98.7%,26,NA
McGuire 1,2009-11-01,0,0,0.0,1,0,0,NA,-4.61E-07,-7.22E-08,-1.34E-07,-2.90E-07,-8.95E-07,0,0.6,92.4%,97.6%,98.7%,26,NA
McGuire 1,2009-12-01,0,0,0.0,1,0,0,NA,-4.61E-07,-7.22E-08,-1.34E-07,-2.90E-07,-8.95E-07,0.1,0.4,92.4%,97.6%,98.7%,26,NA
McGuire 1,2007-04-01,0,0,0.0,1,2,0,NA,-6.85E-07,-8.80E-08,-2.00E-08,-3.47E-07,2.40E-07,NA,0,95.0%,93.9%,99.5%,26,NA
McGuire 2,2007-01-01,0,0.9,0.0,0,2,0,NA,7.97E-07,-7.58E-08,4.01E-07,-1.21E-06,-8.20E-07,0,0.6,94.9%,95.5%,99.2%,23,NA
McGuire 2,2007-02-01,0,0.9,0.0,0,2,0,NA,7.97E-07,-7.58E-08,4.01E-07,-1.21E-06,-8.20E-07,0,0.7,94.9%,95.5%,99.2%,23,NA
McGuire 2,2007-03-01,0,0.9,0.0,0,2,0,NA,7.97E-07,-7.58E-08,4.01E-07,-1.21E-06,-8.20E-07,0,0.6,94.9%,95.5%,99.2%,23,NA
McGuire 2,2007-04-01,0,0.9,0.0,0,2,0,NA,7.97E-07,-6.92E-08,4.14E-07,-1.21E-06,-8.60E-07,0,0.6,95.0%,93.9%,99.5%,23,NA
McGuire 2,2007-05-01,0,0.9,0.0,0,2,0,NA,7.97E-07,-6.92E-08,4.14E-07,-1.21E-06,-8.60E-07,0,0.5,95.0%,93.9%,99.5%,23,NA
McGuire 2,2007-06-01,0,0.9,0.0,0,2,0,NA,7.97E-07,-6.92E-08,4.14E-07,-1.21E-06,-8.60E-07,0,0.6,95.0%,93.9%,99.5%,23,NA
McGuire 2,2007-07-01,0,0.9,0.0,0,0,0,NA,7.97E-07,-6.88E-08,4.16E-07,-1.21E-06,-9.41E-07,0,0.5,95.7%,94.9%,99.7%,23,NA
McGuire 2,2007-08-01,0,0.9,0.0,0,0,0,NA,7.97E-07,-6.88E-08,4.16E-07,-1.21E-06,-9.41E-07,0.1,0.5,95.7%,94.9%,99.7%,23,NA
McGuire 2,2007-09-01,0,0.9,0.0,0,0,0,NA,7.97E-07,-6.88E-08,4.16E-07,-1.21E-06,-9.41E-07,0,0.6,95.7%,94.9%,99.7%,23,NA
McGuire 2,2007-10-01,0,0.8,0.0,1,0,0,NA,8.08E-07,-6.10E-08,4.24E-07,-1.21E-06,-9.80E-07,0.1,0.6,95.7%,96.0%,99.6%,23,NA
McGuire 2,2007-11-01,0,0.8,0.0,1,0,0,NA,8.08E-07,-6.10E-08,4.24E-07,-1.21E-06,-9.80E-07,0,0.6,95.7%,96.0%,99.6%,23,NA
McGuire 2,2007-12-01,0,0.8,0.0,1,0,0,NA,8.08E-07,-6.10E-08,4.24E-07,-1.21E-06,-9.80E-07,0,0.5,95.7%,96.0%,99.6%,23,NA
McGuire 2,2008-01-01,0,0,0.0,1,0,0,NA,8.75E-07,-6.00E-08,4.18E-07,-3.36E-07,-6.00E-07,0.1,0.5,95.3%,94.7%,99.6%,23,NA
McGuire 2,2008-02-01,0,0,0.0,1,0,0,NA,8.75E-07,-6.00E-08,4.18E-07,-3.36E-07,-6.00E-07,0.1,0.9,95.3%,94.7%,99.6%,23,NA
McGuire 2,2008-03-01,0,0,0.0,1,0,0,NA,8.75E-07,-6.00E-08,4.18E-07,-3.36E-07,-6.00E-07,0,0,95.3%,94.7%,99.6%,23,NA
McGuire 2,2008-04-01,0,0,0.0,2,0,0,NA,4.06E-07,-7.39E-08,-1.39E-07,-2.90E-07,-9.42E-07,0.1,0.7,94.8%,89.9%,99.5%,23,NA
McGuire 2,2008-05-01,0,0,0.0,2,0,0,NA,4.06E-07,-7.39E-08,-1.39E-07,-2.90E-07,-9.42E-07,0.1,0.5,94.8%,89.9%,99.5%,23,NA
McGuire 2,2008-06-01,0,0,0.0,2,0,0,NA,4.06E-07,-7.39E-08,-1.39E-07,-2.90E-07,-9.42E-07,0,0.5,94.8%,89.9%,99.5%,23,NA
McGuire 2,2008-07-01,0,0,0.0,2,0,0,NA,-2.74E-07,-7.38E-08,-1.49E-07,-2.90E-07,-9.37E-07,0,0.5,94.5%,92.0%,99.3%,23,NA
McGuire 2,2008-08-01,0,0,0.0,2,0,0,NA,-2.74E-07,-7.38E-08,-1.49E-07,-2.90E-07,-9.37E-07,0,0.5,94.5%,92.0%,99.3%,23,NA
McGuire 2,2008-09-01,0,0,0.0,2,0,0,NA,-2.74E-07,-7.38E-08,-1.49E-07,-2.90E-07,-9.37E-07,0,0.7,94.5%,92.0%,99.3%,23,NA
McGuire 2,2008-10-01,0,0,0.0,1,0,0,NA,-2.73E-07,-7.41E-08,-1.56E-07,-2.90E-07,-9.37E-07,0,0.5,94.8%,96.6%,99.4%,23,NA
McGuire 2,2008-11-01,0,0,0.0,1,0,0,NA,-2.73E-07,-7.41E-08,-1.56E-07,-2.90E-07,-9.37E-07,0,0.5,94.8%,96.6%,99.4%,23,NA
McGuire 2,2008-12-01,0,0,0.0,1,0,0,NA,-2.73E-07,-7.41E-08,-1.56E-07,-2.90E-07,-9.37E-07,0,0.5,94.8%,96.6%,99.4%,23,NA
McGuire 2,2009-01-01,0,0,0.0,1,0,0,NA,-2.57E-07,-7.54E-08,-1.88E-07,-2.90E-07,-9.31E-07,0,0.5,95.5%,95.4%,98.4%,23,NA
McGuire 2,2009-02-01,0,0,0.0,1,0,0,NA,-2.57E-07,-7.54E-08,-1.88E-07,-2.90E-07,-9.31E-07,0,0.5,95.5%,95.4%,98.4%,23,NA
McGuire 2,2009-03-01,0,0,0.0,1,0,0,NA,-2.57E-07,-7.54E-08,-1.88E-07,-2.90E-07,-9.31E-07,0,0.7,95.5%,95.4%,98.4%,23,NA
McGuire 2,2009-04-01,0,0,0.0,1,0,0,NA,-2.59E-07,-7.35E-08,-1.85E-07,-2.90E-07,-8.00E-07,0,0.5,95.5%,96.5%,98.5%,23,NA
McGuire 2,2009-05-01,0,0,0.0,1,0,0,NA,-2.59E-07,-7.35E-08,-1.85E-07,-2.90E-07,-8.00E-07,0.1,0.5,95.5%,96.5%,98.5%,23,NA
McGuire 2,2009-06-01,0,0,0.0,1,0,0,NA,-2.59E-07,-7.35E-08,-1.85E-07,-2.90E-07,-8.00E-07,0.1,0.5,95.5%,96.5%,98.5%,23,NA
McGuire 2,2009-07-01,0,0,0.0,1,0,0,NA,-4.84E-07,-7.38E-08,-1.84E-07,-2.90E-07,-8.10E-07,0.1,0.5,94.8%,96.4%,98.7%,23,NA
McGuire 2,2009-08-01,0,0,0.0,1,0,0,NA,-4.84E-07,-7.38E-08,-1.84E-07,-2.90E-07,-8.10E-07,0,0.5,94.8%,96.4%,98.7%,23,NA
McGuire 2,2009-09-01,0,0,0.0,1,0,0,NA,-4.84E-07,-7.38E-08,-1.84E-07,-2.90E-07,-8.10E-07,0,0.4,94.8%,96.4%,98.7%,23,NA
McGuire 2,2009-10-01,0,0,0.0,1,0,0,NA,-4.84E-07,-7.30E-08,-1.87E-07,-3.20E-07,-8.20E-07,0.1,0.6,92.4%,97.6%,98.7%,23,NA
McGuire 2,2009-11-01,0,0,0.0,1,0,0,NA,-4.84E-07,-7.30E-08,-1.87E-07,-3.20E-07,-8.20E-07,0,0.6,92.4%,97.6%,98.7%,23,NA
McGuire 2,2009-12-01,0,0,0.0,1,0,0,NA,-4.84E-07,-7.30E-08,-1.87E-07,-3.20E-07,-8.20E-07,0.1,0.9,92.4%,97.6%,98.7%,23,NA
Millstone 2,2007-01-01,0,0,0.0,0,0,0,NA,-4.57E-07,-2.07E-07,2.57E-07,-2.60E-08,-2.76E-07,0.3,0.5,94.7%,89.7%,96.2%,7,NA
Millstone 2,2007-02-01,0,0,0.0,0,0,0,NA,-4.57E-07,-2.07E-07,2.57E-07,-2.60E-08,-2.76E-07,0.3,0.2,94.7%,89.7%,96.2%,7,NA
Millstone 2,2007-03-01,0,0,0.0,0,0,0,NA,-4.57E-07,-2.07E-07,2.57E-07,-2.60E-08,-2.76E-07,0.3,0.4,94.7%,89.7%,96.2%,7,NA
Millstone 2,2007-04-01,0,0,0.0,0,0,0,NA,-5.41E-07,-1.97E-07,2.60E-07,-2.40E-08,-2.82E-07,0.3,0.2,94.3%,95.9%,96.9%,7,NA
Millstone 2,2007-05-01,0,0,0.0,0,0,0,NA,-5.41E-07,-1.97E-07,2.60E-07,-2.40E-08,-2.82E-07,0.3,0.2,94.3%,95.9%,96.9%,7,NA
Millstone 2,2007-06-01,0,0,0.0,0,0,0,NA,-5.41E-07,-1.97E-07,2.60E-07,-2.40E-08,-2.82E-07,0.3,0.2,94.3%,95.9%,96.9%,7,NA
Millstone 2,2007-07-01,0,0,0.0,0,0,0,NA,-5.38E-07,-1.77E-07,2.72E-07,-2.10E-08,-2.90E-07,0.4,1.0,92.8%,97.3%,97.1%,7,NA
Millstone 2,2007-08-01,0,0,0.0,0,0,0,NA,-5.38E-07,-1.77E-07,2.72E-07,-2.10E-08,-2.90E-07,0.4,0.1,92.8%,97.3%,97.1%,7,NA
Millstone 2,2007-09-01,0,0,0.0,0,0,0,NA,-5.38E-07,-1.77E-07,2.72E-07,-2.10E-08,-2.90E-07,0.4,0.4,92.8%,97.3%,97.1%,7,NA
Millstone 2,2007-10-01,0,0.8,0.0,0,0,0,NA,-5.47E-07,-1.67E-07,2.52E-07,-1.90E-08,4.01E-07,0.3,0.3,92.4%,95.2%,96.9%,7,NA
Millstone 2,2007-11-01,0,0.8,0.0,0,0,0,NA,-5.47E-07,-1.67E-07,2.52E-07,-1.90E-08,4.01E-07,0.3,0.2,92.4%,95.2%,96.9%,7,NA
Millstone 2,2007-12-01,0,0.8,0.0,0,0,0,NA,-5.47E-07,-1.67E-07,2.52E-07,-1.90E-08,4.01E-07,0.4,0.1,92.4%,95.2%,96.9%,7,NA
Millstone 2,2008-01-01,0,0.8,0.0,0,0,0,NA,-4.87E-07,-1.46E-07,2.45E-07,-1.86E-08,4.01E-07,0.4,0.2,92.9%,95.9%,97.2%,7,NA
Millstone 2,2008-02-01,0,0.8,0.0,0,0,0,NA,-4.87E-07,-1.46E-07,2.45E-07,-1.86E-08,4.01E-07,0.4,0.2,92.9%,95.9%,97.2%,7,NA
Millstone 2,2008-03-01,0,0.8,0.0,0,0,0,NA,-4.87E-07,-1.46E-07,2.45E-07,-1.86E-08,4.01E-07,1.1,0.6,92.9%,95.9%,97.2%,7,NA
Millstone 2,2008-04-01,2.7,0.9,1.0,0,0,0,NA,-4.89E-07,-1.57E-07,3.28E-07,-1.95E-08,4.01E-07,0.7,0,92.4%,98.6%,96.5%,7,NA
Millstone 2,2008-05-01,2.7,0.9,1.0,0,0,0,NA,-4.89E-07,-1.57E-07,3.28E-07,-1.95E-08,4.01E-07,0.1,1.8,92.4%,98.6%,96.5%,7,NA
Millstone 2,2008-06-01,2.7,0.9,1.0,0,0,0,NA,-4.89E-07,-1.57E-07,3.28E-07,-1.95E-08,4.01E-07,0.2,1.5,92.4%,98.6%,96.5%,7,NA
Millstone 2,2008-07-01,2.8,0.9,1.0,0,0,0,NA,-3.90E-07,-1.67E-07,3.24E-07,-1.95E-08,4.01E-07,0.2,0.9,93.6%,100.0%,96.3%,7,NA
Millstone 2,2008-08-01,2.8,0.9,1.0,0,0,0,NA,-3.90E-07,-1.67E-07,3.24E-07,-1.95E-08,4.01E-07,0.2,1.2,93.6%,100.0%,96.3%,7,NA
Millstone 2,2008-09-01,2.8,0.9,1.0,0,0,0,NA,-3.90E-07,-1.67E-07,3.24E-07,-1.95E-08,4.01E-07,0.2,1.0,93.6%,100.0%,96.3%,7,NA
Millstone 2,2008-10-01,2.8,0,1.0,0,0,0,NA,5.80E-07,-1.57E-07,3.27E-07,-1.94E-08,3.90E-07,0.2,0.7,93.6%,100.0%,96.0%,7,NA
Millstone 2,2008-11-01,2.8,0,1.0,0,0,0,NA,5.80E-07,-1.57E-07,3.27E-07,-1.94E-08,3.90E-07,0.2,0.9,93.6%,100.0%,96.0%,7,NA
Millstone 2,2008-12-01,2.8,0,1.0,0,0,0,NA,5.80E-07,-1.57E-07,3.27E-07,-1.94E-08,3.90E-07,0.2,0.7,93.6%,100.0%,96.0%,7,NA
Millstone 2,2009-01-01,2.8,0,1.0,0,0,0,NA,6.50E-07,-1.57E-07,-2.75E-07,-1.84E-08,3.90E-07,0.2,0.7,93.5%,99.3%,96.0%,7,NA
Millstone 2,2009-02-01,2.8,0,1.0,0,0,0,NA,6.50E-07,-1.57E-07,-2.75E-07,-1.84E-08,3.90E-07,0.2,0.9,93.5%,99.3%,96.0%,7,NA
Millstone 2,2009-03-01,2.8,0,1.0,0,0,0,NA,6.50E-07,-1.57E-07,-2.75E-07,-1.84E-08,3.90E-07,0.2,0.8,93.5%,99.3%,96.0%,7,NA
Millstone 2,2009-04-01,0,0,0.0,0,0,0,NA,2.96E-07,-3.08E-07,-1.54E-07,-1.55E-08,2.00E-07,0.2,0.7,94.3%,97.9%,96.4%,7,NA
Millstone 2,2009-05-01,0,0,0.0,0,0,0,NA,2.96E-07,-3.08E-07,-1.54E-07,-1.55E-08,2.00E-07,0.2,1.2,94.3%,97.9%,96.4%,7,NA
Millstone 2,2009-06-01,0,0,0.0,0,0,0,NA,2.96E-07,-3.08E-07,-1.54E-07,-1.55E-08,2.00E-07,0.2,0.7,94.3%,97.9%,96.4%,7,NA
Millstone 2,2009-07-01,0.8,0,0.0,0,0,0,NA,3.04E-07,-3.09E-07,-1.62E-07,-1.67E-08,1.91E-07,0.3,0.9,94.7%,92.5%,97.1%,7,NA
Millstone 2,2009-08-01,0.8,0,0.0,0,0,0,NA,3.04E-07,-3.09E-07,-1.62E-07,-1.67E-08,1.91E-07,0.3,1.0,94.7%,92.5%,97.1%,7,NA
Millstone 2,2009-09-01,0.8,0,0.0,0,0,0,NA,3.04E-07,-3.09E-07,-1.62E-07,-1.67E-08,1.91E-07,0.3,0.9,94.7%,92.5%,97.1%,7,NA
Millstone 2,2009-10-01,1.0,1.0,0.0,1,0,0,NA,2.98E-07,-3.10E-07,-1.62E-07,-1.62E-08,1.91E-07,0.3,0.9,95.7%,100.0%,97.8%,7,NA
Millstone 2,2009-11-01,1.0,1.0,0.0,1,0,0,NA,2.98E-07,-3.10E-07,-1.62E-07,-1.62E-08,1.91E-07,0.1,6.5,95.7%,100.0%,97.8%,7,NA
Millstone 2,2009-12-01,1.0,1.0,0.0,1,0,0,NA,2.98E-07,-3.10E-07,-1.62E-07,-1.62E-08,1.91E-07,0.1,0.3,95.7%,100.0%,97.8%,7,NA
Millstone 3,2007-07-01,0,1.8,0.0,0,0,0,NA,-2.10E-07,8.56E-08,7.49E-07,-1.88E-08,1.06E-07,0,3.0,92.8%,97.3%,97.1%,33,NA
Millstone 3,2007-08-01,0,1.8,0.0,0,0,0,NA,-2.10E-07,8.56E-08,7.49E-07,-1.88E-08,1.06E-07,0,3.0,92.8%,97.3%,97.1%,33,NA
Millstone 3,2007-09-01,0,1.8,0.0,0,0,0,NA,-2.10E-07,8.56E-08,7.49E-07,-1.88E-08,1.06E-07,0,3.0,92.8%,97.3%,97.1%,33,NA
Millstone 3,2007-10-01,0,0.9,0.0,0,0,0,NA,-1.60E-07,9.70E-08,9.30E-07,-3.58E-08,4.60E-08,0,0.9,92.4%,95.2%,96.9%,33,NA
Millstone 3,2007-11-01,0,0.9,0.0,0,0,0,NA,-1.60E-07,9.70E-08,9.30E-07,-3.58E-08,4.60E-08,0,0.9,92.4%,95.2%,96.9%,33,NA
Millstone 3,2007-12-01,0,0.9,0.0,0,0,0,NA,-1.60E-07,9.70E-08,9.30E-07,-3.58E-08,4.60E-08,0,0.9,92.4%,95.2%,96.9%,33,NA
Millstone 3,2008-01-01,0,0,0.0,0,0,0,NA,-2.10E-07,1.40E-07,9.50E-07,-3.58E-08,0.00E+00,0,0,92.9%,95.9%,97.2%,33,NA
Millstone 3,2008-02-01,0,0,0.0,0,0,0,NA,-2.10E-07,1.40E-07,9.50E-07,-3.58E-08,0.00E+00,0,0,92.9%,95.9%,97.2%,33,NA
Millstone 3,2008-03-01,0,0,0.0,0,0,0,NA,-2.10E-07,1.40E-07,9.50E-07,-3.58E-08,0.00E+00,0,0,92.9%,95.9%,97.2%,33,NA
Millstone 3,2008-04-01,0,0,0.0,0,0,0,NA,-4.40E-07,1.37E-07,4.80E-07,-3.48E-08,1.10E-08,0,0,92.4%,98.6%,96.5%,33,NA
Millstone 3,2008-05-01,0,0,0.0,0,0,0,NA,-4.40E-07,1.37E-07,4.80E-07,-3.48E-08,1.10E-08,0,0,92.4%,98.6%,96.5%,33,NA
Millstone 3,2008-06-01,0,0,0.0,0,0,0,NA,-4.40E-07,1.37E-07,4.80E-07,-3.48E-08,1.10E-08,0,0,92.4%,98.6%,96.5%,33,NA
Millstone 3,2008-07-01,0,0,0.0,0,0,0,NA,-5.05E-07,1.59E-07,5.00E-07,-3.48E-08,1.00E-08,0,0,93.6%,100.0%,96.3%,33,NA
Millstone 3,2008-08-01,0,0,0.0,0,0,0,NA,-5.05E-07,1.59E-07,5.00E-07,-3.48E-08,1.00E-08,0,0,93.6%,100.0%,96.3%,33,NA
Millstone 3,2008-09-01,0,0,0.0,0,0,0,NA,-5.05E-07,1.59E-07,5.00E-07,-3.48E-08,1.00E-08,0,0,93.6%,100.0%,96.3%,33,NA
Millstone 3,2008-10-01,0.9,0,0.0,1,0,0,NA,-4.86E-07,1.69E-07,5.20E-07,-3.58E-08,1.40E-08,0,1.0,93.6%,100.0%,96.0%,33,NA
Millstone 3,2008-11-01,0.9,0,0.0,1,0,0,NA,-4.86E-07,1.69E-07,5.20E-07,-3.58E-08,1.40E-08,0,1.0,93.6%,100.0%,96.0%,33,NA
Millstone 3,2008-12-01,0.9,0,0.0,1,0,0,NA,-4.86E-07,1.69E-07,5.20E-07,-3.58E-08,1.40E-08,0,1.0,93.6%,100.0%,96.0%,33,NA
Millstone 3,2009-01-01,0.9,0,0.0,1,0,0,NA,-4.30E-07,-1.56E-07,-7.30E-08,-3.58E-08,-1.40E-08,0,1.0,93.5%,99.3%,96.0%,33,NA
Millstone 3,2009-02-01,0.9,0,0.0,1,0,0,NA,-4.30E-07,-1.56E-07,-7.30E-08,-3.58E-08,-1.40E-08,0,1.0,93.5%,99.3%,96.0%,33,NA
Millstone 3,2009-03-01,0.9,0,0.0,1,0,0,NA,-4.30E-07,-1.56E-07,-7.30E-08,-3.58E-08,-1.40E-08,0,1.0,93.5%,99.3%,96.0%,33,NA
Millstone 3,2009-04-01,0.9,0,0.0,1,0,0,NA,-4.40E-07,-1.59E-07,-1.10E-07,-3.58E-08,-1.25E-07,0,0.9,94.3%,97.9%,96.4%,33,NA
Millstone 3,2009-05-01,0.9,0,0.0,1,0,0,NA,-4.40E-07,-1.59E-07,-1.10E-07,-3.58E-08,-1.25E-07,0,0.9,94.3%,97.9%,96.4%,33,NA
Millstone 3,2009-06-01,0.9,0,0.0,1,0,0,NA,-4.40E-07,-1.59E-07,-1.10E-07,-3.58E-08,-1.25E-07,0,0.9,94.3%,97.9%,96.4%,33,NA
Millstone 3,2009-07-01,0.9,0,0.0,1,0,0,NA,-3.30E-08,1.05E-07,-8.67E-08,-6.10E-08,-7.80E-08,0,0.9,94.7%,93.2%,97.1%,33,NA
Millstone 3,2009-08-01,0.9,0,0.0,1,0,0,NA,-3.30E-08,1.05E-07,-8.67E-08,-6.10E-08,-7.80E-08,0,0.9,94.7%,93.2%,97.1%,33,NA
Millstone 3,2009-09-01,0.9,0,0.0,1,0,0,NA,-3.30E-08,1.05E-07,-8.67E-08,-6.10E-08,-7.80E-08,0.1,0.9,94.7%,93.2%,97.1%,33,NA
Millstone 3,2009-10-01,0.8,0,0.0,0,0,0,NA,1.20E-08,1.00E-07,-1.34E-07,-6.20E-08,-7.80E-08,0.1,0.9,95.7%,100.0%,97.8%,33,NA
Millstone 3,2009-11-01,0.8,0,0.0,0,0,0,NA,1.20E-08,1.00E-07,-1.34E-07,-6.20E-08,-7.80E-08,0.1,0.8,95.7%,100.0%,97.8%,33,NA
Millstone 3,2009-12-01,0.8,0,0.0,0,0,0,NA,1.20E-08,1.00E-07,-1.34E-07,-6.20E-08,-7.80E-08,0.1,0.9,95.7%,100.0%,97.8%,33,NA
Millstone 3,2007-01-01,0,1.6,NA,1,0,0,NA,-5.99E-07,1.90E-08,6.78E-07,-2.09E-08,4.50E-08,0,2.2,94.7%,89.7%,96.2%,33,NA
Millstone 3,2007-02-01,0,1.6,NA,1,0,0,NA,-5.99E-07,1.90E-08,6.78E-07,-2.09E-08,4.50E-08,0,2.2,94.7%,89.7%,96.2%,33,NA
Millstone 3,2007-03-01,0,1.6,NA,1,0,0,NA,-5.99E-07,1.90E-08,6.78E-07,-2.09E-08,4.50E-08,0,2.2,94.7%,89.7%,96.2%,33,NA
Millstone 3,2007-04-01,0,1.8,NA,0,0,0,NA,-3.80E-07,1.09E-07,7.12E-07,-1.88E-08,9.60E-08,0,2.5,94.3%,95.9%,96.9%,33,NA
Millstone 3,2007-05-01,0,1.8,NA,0,0,0,NA,-3.80E-07,1.09E-07,7.12E-07,-1.88E-08,9.60E-08,0,2.5,94.3%,95.9%,96.9%,33,NA
Millstone 3,2007-06-01,0,1.8,NA,0,0,0,NA,-3.80E-07,1.09E-07,7.12E-07,-1.88E-08,9.60E-08,0,2.5,94.3%,95.9%,96.9%,33,NA
Monticello,2007-01-01,0.9,0,1.0,NA,0,0,NA,2.64E-08,9.80E-08,-3.50E-08,2.73E-09,-2.31E-09,0.1,7.2,97.0%,100.0%,98.4%,32,NA
Monticello,2007-02-01,0.9,0,1.0,NA,0,0,NA,2.64E-08,9.80E-08,-3.50E-08,2.73E-09,-2.31E-09,0.1,8.0,97.0%,100.0%,98.4%,32,NA
Monticello,2007-03-01,0.9,0,1.0,NA,0,0,NA,2.64E-08,9.80E-08,-3.50E-08,2.73E-09,-2.31E-09,0,7.2,97.0%,100.0%,98.4%,32,NA
Monticello,2007-05-01,0.9,0,1.0,NA,0,0,NA,2.64E-08,9.80E-08,-3.50E-08,2.74E-09,-2.31E-09,2.5,7.6,97.4%,100.0%,98.3%,32,NA
Monticello,2007-06-01,0.9,0,1.0,NA,0,0,NA,2.64E-08,9.80E-08,-3.50E-08,2.74E-09,-2.31E-09,2.2,7.6,97.4%,100.0%,98.3%,32,NA
Monticello,2007-07-01,0.9,0,1.0,NA,0,0,NA,2.64E-08,9.80E-08,-3.50E-08,2.75E-09,-2.41E-09,0,7.6,98.3%,100.0%,98.5%,32,NA
Monticello,2007-08-01,0.9,0,1.0,NA,0,0,NA,2.64E-08,9.80E-08,-3.50E-08,2.75E-09,-2.41E-09,0,8.0,98.3%,100.0%,98.5%,32,NA
Monticello,2007-09-01,0.9,0,1.0,NA,0,0,NA,2.64E-08,9.80E-08,-3.50E-08,2.75E-09,-2.41E-09,0,7.6,98.3%,100.0%,98.5%,32,NA
Monticello,2007-10-01,0.9,0,1.0,NA,0,0,NA,2.64E-08,9.80E-08,-3.50E-08,2.75E-09,-2.31E-09,0.1,7.6,97.5%,100.0%,99.5%,32,NA
Monticello,2007-11-01,0.9,0,1.0,NA,0,0,NA,2.64E-08,9.80E-08,-3.50E-08,2.75E-09,-2.31E-09,0.1,7.6,97.5%,100.0%,99.5%,32,NA
Monticello,2007-12-01,0.9,0,1.0,NA,0,0,NA,2.64E-08,9.80E-08,-3.50E-08,2.75E-09,-2.31E-09,0.1,8.0,97.5%,100.0%,99.5%,32,NA
Monticello,2008-01-01,0,0.9,0.0,NA,0,0,NA,2.64E-08,4.20E-08,-3.20E-08,-3.56E-09,-2.10E-09,0.1,7.6,98.1%,98.3%,99.7%,32,NA
Monticello,2008-02-01,0,0.9,0.0,NA,0,0,NA,2.64E-08,4.20E-08,-3.20E-08,-3.56E-09,-2.10E-09,0,8.0,98.1%,98.3%,99.7%,32,NA
Monticello,2008-03-01,0,0.9,0.0,NA,0,0,NA,2.64E-08,4.20E-08,-3.20E-08,-3.56E-09,-2.10E-09,0.1,8.0,98.1%,98.3%,99.7%,32,NA
Monticello,2008-04-01,0,0.8,0.0,NA,0,0,NA,2.64E-08,-4.40E-08,-3.20E-08,-3.97E-09,-2.00E-09,0.2,8.0,98.5%,100.0%,99.9%,32,NA
Monticello,2008-05-01,0,0.8,0.0,NA,0,0,NA,2.64E-08,-4.40E-08,-3.20E-08,-3.97E-09,-2.00E-09,0.2,8.8,98.5%,100.0%,99.9%,32,NA
Monticello,2008-06-01,0,0.8,0.0,NA,0,0,NA,2.64E-08,-4.40E-08,-3.20E-08,-3.97E-09,-2.00E-09,0.2,7.6,98.5%,100.0%,99.9%,32,NA
Monticello,2008-07-01,0.8,1.7,1.0,NA,0,0,NA,2.64E-08,-4.00E-08,-3.30E-08,-3.97E-09,-1.60E-09,0.2,7.6,98.4%,100.0%,99.9%,32,NA
Monticello,2008-08-01,0.8,1.7,1.0,NA,0,0,NA,2.64E-08,-4.00E-08,-3.30E-08,-3.97E-09,-1.60E-09,0.2,8.0,98.4%,100.0%,99.9%,32,NA
Monticello,2008-09-01,0.8,1.7,1.0,NA,0,0,NA,2.64E-08,-4.00E-08,-3.30E-08,-3.97E-09,-1.60E-09,0.2,7.6,98.4%,100.0%,99.9%,32,NA
Monticello,2008-10-01,0.8,0.8,1.0,NA,0,0,NA,2.64E-08,-4.00E-08,-3.30E-08,-3.97E-09,-1.30E-09,0.3,7.6,98.3%,100.0%,99.9%,32,NA
Monticello,2008-11-01,0.8,0.8,1.0,NA,0,0,NA,2.64E-08,-4.00E-08,-3.30E-08,-3.97E-09,-1.30E-09,0.3,7.6,98.3%,100.0%,99.5%,32,NA
Monticello,2008-12-01,0.8,0.8,1.0,NA,0,0,NA,2.64E-08,-4.00E-08,-3.30E-08,-3.97E-09,-1.30E-09,0.3,7.6,98.3%,100.0%,99.5%,32,NA
Monticello,2009-01-01,0.9,1.8,1.0,NA,0,0,NA,-1.32E-08,-4.00E-08,-3.12E-08,-3.97E-09,-1.30E-09,0.4,7.6,98.6%,100.0%,99.9%,32,NA
Monticello,2009-02-01,0.9,1.8,1.0,NA,0,0,NA,-1.32E-08,-4.00E-08,-3.12E-08,-3.97E-09,-1.30E-09,0.4,7.2,98.6%,100.0%,99.9%,32,NA
Monticello,2009-03-01,0.9,1.8,1.0,NA,0,0,NA,-1.32E-08,-4.00E-08,-3.12E-08,-3.97E-09,-1.30E-09,0.3,7.2,98.6%,100.0%,99.9%,32,NA
Monticello,2009-05-01,1.0,2.0,1.0,NA,0,0,NA,-1.31E-08,-3.90E-08,-3.10E-08,-3.97E-09,-1.20E-09,0.3,7.2,98.5%,100.0%,99.9%,32,NA
Monticello,2009-06-01,1.0,2.0,1.0,NA,0,0,NA,-1.31E-08,-3.90E-08,-3.10E-08,-3.97E-09,-1.20E-09,0.3,9.6,98.5%,100.0%,99.9%,32,NA
Monticello,2009-07-01,0,0.9,0.0,NA,0,0,NA,-1.31E-08,-3.90E-08,-1.87E-08,-3.97E-09,-1.20E-09,0.3,7.2,95.7%,100.0%,99.9%,32,NA
Monticello,2009-08-01,0,0.9,0.0,NA,0,0,NA,-1.31E-08,-3.90E-08,-1.87E-08,-3.97E-09,-1.20E-09,0.2,8.0,95.7%,100.0%,99.9%,32,NA
Monticello,2009-09-01,0,0.9,0.0,NA,0,0,NA,-1.31E-08,-3.90E-08,-1.87E-08,-3.97E-09,-1.20E-09,0.3,8.0,95.7%,100.0%,99.9%,32,NA
Monticello,2009-10-01,0,0.9,0.0,NA,0,0,NA,-1.36E-08,-3.90E-08,-1.87E-08,-3.29E-09,-1.20E-09,0.3,7.6,96.3%,100.0%,99.8%,32,NA
Monticello,2009-11-01,0,0.9,0.0,NA,0,0,NA,-1.36E-08,-3.90E-08,-1.87E-08,-3.29E-09,-1.20E-09,0.3,7.6,96.3%,100.0%,99.8%,32,NA
Monticello,2009-12-01,0,0.9,0.0,NA,0,0,NA,-1.36E-08,-3.90E-08,-1.87E-08,-3.29E-09,-1.20E-09,0.4,8.0,96.3%,100.0%,99.8%,32,NA
Monticello,2007-04-01,0.9,0,1.0,NA,0,0,NA,2.64E-08,9.80E-08,-3.50E-08,2.74E-09,-2.31E-09,NA,6.4,97.4%,100.0%,98.3%,32,NA
Monticello,2009-04-01,1.0,2.0,1.0,NA,0,0,NA,-1.31E-08,-3.90E-08,-3.10E-08,-3.97E-09,-1.20E-09,NA,NA,98.5%,100.0%,99.9%,32,NA
Nine Mile Point 1,2007-01-01,0,0.8,0.0,NA,0,0,NA,NA,-4.10E-08,-3.70E-08,-4.39E-08,5.43E-08,0,19.2,95.1%,100.0%,99.6%,49,NA
Nine Mile Point 1,2007-02-01,0,0.8,0.0,NA,0,0,NA,NA,-4.10E-08,-3.70E-08,-4.39E-08,5.43E-08,0,19.2,95.1%,100.0%,99.6%,49,NA
Nine Mile Point 1,2007-03-01,0,0.8,0.0,NA,0,0,NA,NA,-4.10E-08,-3.70E-08,-4.39E-08,5.43E-08,0,20.0,95.1%,100.0%,99.6%,49,NA
Nine Mile Point 1,2007-04-01,0,0.9,0.0,NA,0,0,NA,NA,-6.90E-08,-3.70E-08,-4.38E-08,-4.28E-08,0,20.8,95.0%,100.0%,99.6%,49,NA
Nine Mile Point 1,2007-05-01,0,0.9,0.0,NA,0,0,NA,NA,-6.90E-08,-3.70E-08,-4.38E-08,-4.28E-08,0,20.8,95.0%,100.0%,99.6%,49,NA
Nine Mile Point 1,2007-06-01,0,0.9,0.0,NA,0,0,NA,NA,-6.90E-08,-3.70E-08,-4.38E-08,-4.28E-08,0,19.4,95.0%,100.0%,99.6%,49,NA
Nine Mile Point 1,2007-07-01,0,2.6,0.0,NA,0,0,NA,NA,-6.90E-08,-5.00E-08,-4.37E-08,-4.33E-08,0,19.0,94.4%,98.9%,99.8%,49,NA
Nine Mile Point 1,2007-08-01,0,2.6,0.0,NA,0,0,NA,NA,-6.90E-08,-5.00E-08,-4.37E-08,-4.33E-08,0,19.2,94.4%,98.9%,99.8%,49,NA
Nine Mile Point 1,2007-09-01,0,2.6,0.0,NA,0,0,NA,NA,-6.90E-08,-5.00E-08,-4.37E-08,-4.33E-08,0,20.4,94.4%,98.9%,99.8%,49,NA
Nine Mile Point 1,2007-10-01,0,2.6,0.0,NA,0,0,NA,NA,-6.90E-08,-4.30E-08,-4.37E-08,-4.33E-08,0,19.0,96.8%,100.0%,99.7%,49,NA
Nine Mile Point 1,2007-11-01,0,2.6,0.0,NA,0,0,NA,NA,-6.90E-08,-4.30E-08,-4.37E-08,-4.33E-08,0,19.2,96.8%,100.0%,99.7%,49,NA
Nine Mile Point 1,2007-12-01,0,2.6,0.0,NA,0,0,NA,NA,-6.90E-08,-4.30E-08,-4.37E-08,-4.33E-08,0,20.0,96.8%,100.0%,99.7%,49,NA
Nine Mile Point 1,2008-01-01,0,2.5,0.0,NA,0,0,NA,NA,-6.80E-08,-1.55E-08,-4.39E-08,-5.70E-08,0,18.8,96.6%,100.0%,99.7%,49,NA
Nine Mile Point 1,2008-02-01,0,2.5,0.0,NA,0,0,NA,NA,-6.80E-08,-1.55E-08,-4.39E-08,-5.70E-08,0,18.8,96.6%,100.0%,99.7%,49,NA
Nine Mile Point 1,2008-03-01,0,2.5,0.0,NA,0,0,NA,NA,-6.80E-08,-1.55E-08,-4.39E-08,-5.70E-08,0,18.8,96.6%,100.0%,99.7%,49,NA
Nine Mile Point 1,2008-04-01,0,1.6,0.0,NA,0,0,NA,NA,-6.70E-08,-1.62E-08,-4.27E-08,-5.80E-08,0,19.0,96.4%,100.0%,99.8%,49,NA
Nine Mile Point 1,2008-05-01,0,1.6,0.0,NA,0,0,NA,NA,-6.70E-08,-1.62E-08,-4.27E-08,-5.80E-08,0,19.2,96.4%,100.0%,99.8%,49,NA
Nine Mile Point 1,2008-06-01,0,1.6,0.0,NA,0,0,NA,NA,-6.70E-08,-1.62E-08,-4.27E-08,-5.80E-08,0,19.2,96.4%,100.0%,99.8%,49,NA
Nine Mile Point 1,2008-07-01,0,0,0.0,NA,0,0,NA,NA,-6.90E-08,-2.03E-08,-4.27E-08,-5.90E-08,0,27.0,97.0%,100.0%,99.7%,49,NA
Nine Mile Point 1,2008-08-01,0,0,0.0,NA,0,0,NA,NA,-6.90E-08,-2.03E-08,-4.27E-08,-5.90E-08,0,19.8,97.0%,100.0%,99.7%,49,NA
Nine Mile Point 1,2008-09-01,0,0,0.0,NA,0,0,NA,NA,-6.90E-08,-2.03E-08,-4.27E-08,-5.90E-08,0,19.6,97.0%,100.0%,99.7%,49,NA
Nine Mile Point 1,2008-10-01,0.8,0,1.0,NA,0,0,NA,NA,-7.00E-08,-2.02E-08,-4.27E-08,-1.32E-07,0,19.6,97.0%,100.0%,99.8%,49,NA
Nine Mile Point 1,2008-11-01,0.8,0,1.0,NA,0,0,NA,NA,-7.00E-08,-2.02E-08,-4.27E-08,-1.32E-07,0,19.0,97.0%,100.0%,99.8%,49,NA
Nine Mile Point 1,2008-12-01,0.8,0,1.0,NA,0,0,NA,NA,-7.00E-08,-2.02E-08,-4.27E-08,-1.32E-07,0,19.2,97.0%,100.0%,99.8%,49,NA
Nine Mile Point 1,2009-01-01,0.8,0,1.0,NA,0,0,NA,NA,-7.00E-08,3.00E-09,-3.80E-08,-1.28E-07,0,21.8,97.1%,100.0%,99.5%,49,NA
Nine Mile Point 1,2009-02-01,0.8,0,1.0,NA,0,0,NA,NA,-7.00E-08,3.00E-09,-3.80E-08,-1.28E-07,0,17.4,97.1%,100.0%,99.5%,49,NA
Nine Mile Point 1,2009-03-01,0.8,0,1.0,NA,0,0,NA,NA,-7.00E-08,3.00E-09,-3.80E-08,-1.28E-07,0,15.9,97.1%,100.0%,99.5%,49,NA
Nine Mile Point 1,2009-04-01,0.8,0,1.0,NA,0,0,NA,NA,-7.00E-08,3.00E-09,6.74E-08,-1.60E-08,0,21.5,97.5%,100.0%,99.5%,49,NA
Nine Mile Point 1,2009-05-01,0.8,0,1.0,NA,0,0,NA,NA,-7.00E-08,3.00E-09,6.74E-08,-1.60E-08,0,16.9,97.5%,100.0%,99.5%,49,NA
Nine Mile Point 1,2009-06-01,0.8,0,1.0,NA,0,0,NA,NA,-7.00E-08,3.00E-09,6.74E-08,-1.60E-08,0,17.3,97.5%,100.0%,99.5%,49,NA
Nine Mile Point 1,2009-07-01,0.8,0,1.0,NA,0,0,NA,NA,-7.00E-08,-2.09E-08,-4.25E-08,-1.47E-07,0,20.4,97.9%,100.0%,99.4%,49,NA
Nine Mile Point 1,2009-08-01,0.8,0,1.0,NA,0,0,NA,NA,-7.00E-08,-2.09E-08,-4.25E-08,-1.47E-07,0,16.8,97.9%,100.0%,99.4%,49,NA
Nine Mile Point 1,2009-09-01,0.8,0,1.0,NA,0,0,NA,NA,-7.00E-08,-2.09E-08,-4.25E-08,-1.47E-07,0,18.1,97.9%,100.0%,99.4%,49,NA
Nine Mile Point 1,2009-10-01,0.8,0,0.0,NA,0,0,NA,NA,-1.31E-08,-1.63E-09,-1.65E-09,-1.57E-08,0,18.0,96.7%,100.0%,99.5%,49,NA
Nine Mile Point 1,2009-11-01,0.8,0,0.0,NA,0,0,NA,NA,-1.31E-08,-1.63E-09,-1.65E-09,-1.57E-08,0,18.2,96.7%,100.0%,99.5%,49,NA
Nine Mile Point 1,2009-12-01,0.8,0,0.0,NA,0,0,NA,NA,-1.31E-08,-1.63E-09,-1.65E-09,-1.57E-08,0,18.3,96.7%,100.0%,99.5%,49,NA
Nine Mile Point 2,2007-01-01,0,0.8,0.0,0,0,0,NA,-6.78E-07,-2.36E-07,-1.60E-07,1.70E-07,1.50E-07,0,12.0,95.1%,100.0%,99.6%,29,NA
Nine Mile Point 2,2007-02-01,0,0.8,0.0,0,0,0,NA,-6.78E-07,-2.36E-07,-1.60E-07,1.70E-07,1.50E-07,0,12.0,95.1%,100.0%,99.6%,29,NA
Nine Mile Point 2,2007-03-01,0,0.8,0.0,0,0,0,NA,-6.78E-07,-2.36E-07,-1.60E-07,1.70E-07,1.50E-07,0,12.0,95.1%,100.0%,99.6%,29,NA
Nine Mile Point 2,2007-04-01,0,0.8,0.0,0,0,0,NA,-6.40E-07,-2.37E-07,-1.68E-07,2.50E-07,1.30E-07,0,12.0,95.0%,100.0%,99.6%,29,NA
Nine Mile Point 2,2007-05-01,0,0.8,0.0,0,0,0,NA,-6.40E-07,-2.37E-07,-1.68E-07,2.50E-07,1.30E-07,0,12.0,95.0%,100.0%,99.6%,29,NA
Nine Mile Point 2,2007-06-01,0,0.8,0.0,0,0,0,NA,-6.40E-07,-2.37E-07,-1.68E-07,2.50E-07,1.30E-07,0,12.0,95.0%,100.0%,99.6%,29,NA
Nine Mile Point 2,2007-07-01,0,0.8,0.0,0,0,0,NA,-6.38E-07,-2.35E-07,-1.68E-07,2.60E-07,1.30E-07,0,12.0,94.4%,98.9%,99.8%,29,NA
Nine Mile Point 2,2007-08-01,0,0.8,0.0,0,0,0,NA,-6.38E-07,-2.35E-07,-1.68E-07,2.60E-07,1.30E-07,0.1,12.0,94.4%,98.9%,99.8%,29,NA
Nine Mile Point 2,2007-09-01,0,0.8,0.0,0,0,0,NA,-6.38E-07,-2.35E-07,-1.68E-07,2.60E-07,1.30E-07,0.1,12.0,94.4%,98.9%,99.8%,29,NA
Nine Mile Point 2,2007-10-01,0,0.8,0.0,0,0,0,NA,-6.78E-07,-2.57E-07,-1.67E-07,3.13E-07,5.10E-07,0.3,12.0,96.8%,100.0%,99.7%,29,NA
Nine Mile Point 2,2007-11-01,0,0.8,0.0,0,0,0,NA,-6.78E-07,-2.57E-07,-1.67E-07,3.13E-07,5.10E-07,0.2,12.0,96.8%,100.0%,99.7%,29,NA
Nine Mile Point 2,2007-12-01,0,0.8,0.0,0,0,0,NA,-6.78E-07,-2.57E-07,-1.67E-07,3.13E-07,5.10E-07,0.2,12.0,96.8%,100.0%,99.7%,29,NA
Nine Mile Point 2,2008-01-01,0,0,0.0,0,0,0,NA,-7.04E-07,-2.67E-07,-1.70E-07,3.00E-07,8.30E-07,0.2,12.0,96.6%,100.0%,99.7%,29,NA
Nine Mile Point 2,2008-02-01,0,0,0.0,0,0,0,NA,-7.04E-07,-2.67E-07,-1.70E-07,3.00E-07,8.30E-07,0.2,12.0,96.6%,100.0%,99.7%,29,NA
Nine Mile Point 2,2008-03-01,0,0,0.0,0,0,0,NA,-7.04E-07,-2.67E-07,-1.70E-07,3.00E-07,8.30E-07,0.2,12.0,96.6%,100.0%,99.7%,29,NA
Nine Mile Point 2,2008-04-01,0,0.9,0.0,0,0,0,NA,-7.78E-07,-2.71E-07,-1.90E-07,2.86E-07,8.30E-07,0.1,12.0,96.4%,100.0%,99.8%,29,NA
Nine Mile Point 2,2008-05-01,0,0.9,0.0,0,0,0,NA,-7.78E-07,-2.71E-07,-1.90E-07,2.86E-07,8.30E-07,0.1,12.0,96.4%,100.0%,99.8%,29,NA
Nine Mile Point 2,2008-06-01,0,0.9,0.0,0,0,0,NA,-7.78E-07,-2.71E-07,-1.90E-07,2.86E-07,8.30E-07,0.1,12.0,96.4%,100.0%,99.8%,29,NA
Nine Mile Point 2,2008-07-01,0,1.8,0.0,0,0,0,NA,-7.88E-07,-3.01E-07,-1.90E-07,-2.53E-07,8.80E-07,0.1,12.0,97.0%,100.0%,99.7%,29,NA
Nine Mile Point 2,2008-08-01,0,1.8,0.0,0,0,0,NA,-7.88E-07,-3.01E-07,-1.90E-07,-2.53E-07,8.80E-07,0.1,12.0,97.0%,100.0%,99.7%,29,NA
Nine Mile Point 2,2008-09-01,0,1.8,0.0,0,0,0,NA,-7.88E-07,-3.01E-07,-1.90E-07,-2.53E-07,8.80E-07,0.3,14.0,97.0%,100.0%,99.7%,29,NA
Nine Mile Point 2,2008-10-01,0,1.7,0.0,0,0,0,NA,-8.08E-07,-1.88E-07,-1.89E-07,-1.91E-07,1.29E-06,0.1,14.0,97.0%,100.0%,99.8%,29,NA
Nine Mile Point 2,2008-11-01,0,1.7,0.0,0,0,0,NA,-8.08E-07,-1.88E-07,-1.89E-07,-1.91E-07,1.29E-06,0.1,14.0,97.0%,100.0%,99.8%,29,NA
Nine Mile Point 2,2008-12-01,0,1.7,0.0,0,0,0,NA,-8.08E-07,-1.88E-07,-1.89E-07,-1.91E-07,1.29E-06,0.1,12.0,97.0%,100.0%,99.8%,29,NA
Nine Mile Point 2,2009-01-01,0,1.7,0.0,0,0,0,NA,-7.66E-07,-1.88E-07,-2.14E-07,-2.80E-07,1.14E-06,0.2,10.6,97.1%,100.0%,99.5%,29,NA
Nine Mile Point 2,2009-02-01,0,1.7,0.0,0,0,0,NA,-7.66E-07,-1.88E-07,-2.14E-07,-2.80E-07,1.14E-06,0.1,10.5,97.1%,100.0%,99.5%,29,NA
Nine Mile Point 2,2009-03-01,0,1.7,0.0,0,0,0,NA,-7.66E-07,-1.88E-07,-2.14E-07,-2.80E-07,1.14E-06,0.1,10.6,97.1%,100.0%,99.5%,29,NA
Nine Mile Point 2,2009-04-01,0,0.8,0.0,0,0,0,NA,-1.02E-06,-1.87E-07,-2.08E-07,-2.55E-07,1.13E-06,0.1,10.6,97.5%,100.0%,99.5%,29,NA
Nine Mile Point 2,2009-05-01,0,0.8,0.0,0,0,0,NA,-1.02E-06,-1.87E-07,-2.08E-07,-2.55E-07,1.13E-06,0.1,11.0,97.5%,100.0%,99.5%,29,NA
Nine Mile Point 2,2009-06-01,0,0.8,0.0,0,0,0,NA,-1.02E-06,-1.87E-07,-2.08E-07,-2.55E-07,1.13E-06,0.1,11.0,97.5%,100.0%,99.5%,29,NA
Nine Mile Point 2,2009-07-01,0,0.8,0.0,0,0,0,NA,-1.03E-06,-1.73E-07,-2.26E-07,-3.50E-07,1.10E-06,0.1,10.4,97.9%,100.0%,99.4%,29,NA
Nine Mile Point 2,2009-08-01,0,0.8,0.0,0,0,0,NA,-1.03E-06,-1.73E-07,-2.26E-07,-3.50E-07,1.10E-06,0.1,10.7,97.9%,100.0%,99.4%,29,NA
Nine Mile Point 2,2009-09-01,0,0.8,0.0,0,0,0,NA,-1.03E-06,-1.73E-07,-2.26E-07,-3.50E-07,1.10E-06,0.1,10.4,97.9%,100.0%,99.4%,29,NA
Nine Mile Point 2,2009-10-01,0,0.8,0.0,0,0,0,NA,-9.95E-07,-1.71E-07,-2.26E-07,-3.50E-07,9.50E-07,0.1,10.5,96.7%,100.0%,99.5%,29,NA
Nine Mile Point 2,2009-11-01,0,0.8,0.0,0,0,0,NA,-9.95E-07,-1.71E-07,-2.26E-07,-3.50E-07,9.50E-07,0.1,10.4,96.7%,100.0%,99.5%,29,NA
Nine Mile Point 2,2009-12-01,0,0.8,0.0,0,0,0,NA,-9.95E-07,-1.71E-07,-2.26E-07,-3.50E-07,9.50E-07,0.1,10.6,96.7%,100.0%,99.5%,29,NA
North Anna 1,2007-07-01,0.9,0,0.0,0,0,0,NA,2.34E-07,-2.84E-08,-6.00E-08,2.88E-08,-1.63E-08,0.1,1.1,94.2%,100.0%,99.9%,22,NA
North Anna 1,2007-08-01,0.9,0,0.0,0,0,0,NA,2.34E-07,-2.84E-08,-6.00E-08,2.88E-08,-1.63E-08,0.1,1.2,94.2%,100.0%,99.9%,22,NA
North Anna 1,2007-09-01,0.9,0,0.0,0,0,0,NA,2.34E-07,-2.84E-08,-6.00E-08,2.88E-08,-1.63E-08,0,1.0,94.2%,100.0%,99.9%,22,NA
North Anna 1,2007-10-01,0.9,0,0.0,0,0,0,NA,2.34E-07,-3.03E-08,-6.20E-08,2.77E-08,-1.62E-08,0,1.5,93.8%,100.0%,99.9%,22,NA
North Anna 1,2007-11-01,0.9,0,0.0,0,0,0,NA,2.34E-07,-3.03E-08,-6.20E-08,2.77E-08,-1.62E-08,0,1.3,93.8%,100.0%,99.9%,22,NA
North Anna 1,2007-12-01,0.9,0,0.0,0,0,0,NA,2.34E-07,-3.03E-08,-6.20E-08,2.77E-08,-1.62E-08,0,1.2,93.8%,100.0%,99.9%,22,NA
North Anna 1,2008-01-01,0,0,0.0,0,0,0,NA,2.34E-07,-3.03E-08,-6.20E-08,1.77E-08,-8.70E-09,0,1.1,93.7%,99.4%,99.9%,22,NA
North Anna 1,2008-02-01,0,0,0.0,0,0,0,NA,2.34E-07,-3.03E-08,-6.20E-08,1.77E-08,-8.70E-09,0,1.5,93.7%,99.4%,99.9%,22,NA
North Anna 1,2008-03-01,0,0,0.0,0,0,0,NA,2.34E-07,-3.03E-08,-6.20E-08,1.77E-08,-8.70E-09,0,1.0,93.7%,99.4%,99.9%,22,NA
North Anna 1,2008-04-01,0,0,0.0,0,0,0,NA,4.81E-07,-3.05E-08,-6.20E-08,1.37E-08,-1.03E-08,0,0.9,93.9%,96.3%,99.9%,22,NA
North Anna 1,2008-05-01,0,0,0.0,0,0,0,NA,4.81E-07,-3.05E-08,-6.20E-08,1.37E-08,-1.03E-08,0,0.8,93.9%,96.3%,99.9%,22,NA
North Anna 1,2008-06-01,0,0,0.0,0,0,0,NA,4.81E-07,-3.05E-08,-6.20E-08,1.37E-08,-1.03E-08,0.1,0.8,93.9%,96.3%,99.9%,22,NA
North Anna 1,2008-07-01,0,0,0.0,0,0,0,NA,2.51E-07,-3.07E-08,-6.20E-08,9.70E-09,-9.70E-09,0.1,0.8,95.4%,96.8%,99.9%,22,NA
North Anna 1,2008-08-01,0,0,0.0,0,0,0,NA,2.51E-07,-3.07E-08,-6.20E-08,9.70E-09,-9.70E-09,0.1,0.7,95.4%,96.8%,99.9%,22,NA
North Anna 1,2008-09-01,0,0,0.0,0,0,0,NA,2.51E-07,-3.07E-08,-6.20E-08,9.70E-09,-9.70E-09,0.1,0.8,95.4%,96.8%,99.9%,22,NA
North Anna 1,2008-10-01,0,0,0.0,0,0,0,NA,2.51E-07,-3.07E-08,-6.20E-08,-1.10E-08,-1.25E-08,0.1,0.8,95.8%,90.9%,99.9%,22,NA
North Anna 1,2008-11-01,0,0,0.0,0,0,0,NA,2.51E-07,-3.07E-08,-6.20E-08,-1.10E-08,-1.25E-08,0.1,0.6,95.8%,90.9%,99.9%,22,NA
North Anna 1,2008-12-01,0,0,0.0,0,0,0,NA,2.51E-07,-3.07E-08,-6.20E-08,-1.10E-08,-1.25E-08,0.1,0.6,95.8%,90.9%,99.9%,22,NA
North Anna 1,2009-01-01,0,0,0.0,0,0,0,NA,-1.39E-07,-3.08E-08,-6.20E-08,-1.13E-08,-1.20E-08,0.1,0.5,95.5%,94.1%,99.9%,22,NA
North Anna 1,2009-02-01,0,0,0.0,0,0,0,NA,-1.39E-07,-3.08E-08,-6.20E-08,-1.13E-08,-1.20E-08,0.1,1.1,95.5%,94.1%,99.9%,22,NA
North Anna 1,2009-03-01,0,0,0.0,0,0,0,NA,-1.39E-07,-3.08E-08,-6.20E-08,-1.13E-08,-1.20E-08,0.1,0.9,95.5%,94.1%,99.9%,22,NA
North Anna 1,2009-04-01,0,0,0.0,0,0,0,NA,-1.19E-07,-3.08E-08,-6.20E-08,-1.13E-08,-1.19E-08,0,1.3,95.2%,100.0%,99.9%,22,NA
North Anna 1,2009-05-01,0,0,0.0,0,0,0,NA,-1.19E-07,-3.08E-08,-6.20E-08,-1.13E-08,-1.19E-08,0,1.1,95.2%,100.0%,99.9%,22,NA
North Anna 1,2009-06-01,0,0,0.0,0,0,0,NA,-1.19E-07,-3.08E-08,-6.20E-08,-1.13E-08,-1.19E-08,0,1.1,95.2%,100.0%,99.9%,22,NA
North Anna 1,2009-07-01,0,0,0.0,0,0,0,NA,-6.00E-08,-3.10E-08,-6.20E-08,-1.13E-08,-1.19E-08,0,1.0,95.5%,100.0%,99.9%,22,NA
North Anna 1,2009-08-01,0,0,0.0,0,0,0,NA,-6.00E-08,-3.10E-08,-6.20E-08,-1.13E-08,-1.19E-08,0,0.9,95.5%,100.0%,99.9%,22,NA
North Anna 1,2009-09-01,0,0,0.0,0,0,0,NA,-6.00E-08,-3.10E-08,-6.20E-08,-1.13E-08,-1.19E-08,0,0.9,95.5%,100.0%,99.9%,22,NA
North Anna 1,2009-10-01,0,0,0.0,1,0,0,NA,-5.80E-08,-3.11E-08,-6.20E-08,-1.13E-08,-1.19E-08,0,3.9,95.5%,100.0%,99.8%,22,NA
North Anna 1,2009-11-01,0,0,0.0,1,0,0,NA,-5.80E-08,-3.11E-08,-6.20E-08,-1.13E-08,-1.19E-08,0,3.4,95.5%,100.0%,99.8%,22,NA
North Anna 1,2009-12-01,0,0,0.0,1,0,0,NA,-5.80E-08,-3.11E-08,-6.20E-08,-1.13E-08,-1.19E-08,0,1.8,95.5%,100.0%,99.8%,22,NA
North Anna 1,2007-01-01,0.8,0,NA,0,0,0,NA,2.34E-07,-2.64E-08,-6.10E-08,7.65E-08,-1.63E-08,0,1.3,94.7%,96.3%,99.6%,22,NA
North Anna 1,2007-02-01,0.8,0,NA,0,0,0,NA,2.34E-07,-2.64E-08,-6.10E-08,7.65E-08,-1.63E-08,0,1.1,94.7%,96.3%,99.6%,22,NA
North Anna 1,2007-03-01,0.8,0,NA,0,0,0,NA,2.34E-07,-2.64E-08,-6.10E-08,7.65E-08,-1.63E-08,0,1.0,94.7%,96.3%,99.6%,22,NA
North Anna 1,2007-04-01,0.8,0,NA,0,0,0,NA,2.34E-07,-2.66E-08,-6.10E-08,7.75E-08,-1.60E-08,0,1.4,94.0%,100.0%,99.7%,22,NA
North Anna 1,2007-05-01,0.8,0,NA,0,0,0,NA,2.34E-07,-2.66E-08,-6.10E-08,7.75E-08,-1.60E-08,0,1.2,94.0%,100.0%,99.7%,22,NA
North Anna 1,2007-06-01,0.8,0,NA,0,0,0,NA,2.34E-07,-2.66E-08,-6.10E-08,7.75E-08,-1.60E-08,0,0.9,94.0%,100.0%,99.7%,22,NA
North Anna 2,2007-04-01,1.8,1.8,1.0,1,0,0,NA,1.81E-08,7.00E-08,-6.40E-08,2.50E-09,-1.89E-08,0,1.6,94.0%,100.0%,99.7%,28,NA
North Anna 2,2007-05-01,1.8,1.8,1.0,1,0,0,NA,1.81E-08,7.00E-08,-6.40E-08,2.50E-09,-1.89E-08,0,0.2,94.0%,100.0%,99.7%,28,NA
North Anna 2,2007-06-01,1.8,1.8,1.0,1,0,0,NA,1.81E-08,7.00E-08,-6.40E-08,2.50E-09,-1.89E-08,0,0.2,94.0%,100.0%,99.7%,28,NA
North Anna 2,2007-07-01,1.8,1.8,1.0,2,0,0,NA,1.81E-08,7.00E-08,-6.40E-08,2.50E-09,-1.81E-08,0,0.5,94.2%,100.0%,99.9%,28,NA
North Anna 2,2007-08-01,1.8,1.8,1.0,2,0,0,NA,1.81E-08,7.00E-08,-6.40E-08,2.50E-09,-1.81E-08,0,0.5,94.2%,100.0%,99.9%,28,NA
North Anna 2,2007-09-01,1.8,1.8,1.0,2,0,0,NA,1.81E-08,7.00E-08,-6.40E-08,2.50E-09,-1.81E-08,0,0.4,94.2%,100.0%,99.9%,28,NA
North Anna 2,2007-10-01,1.8,1.8,1.0,2,0,0,NA,9.30E-07,7.00E-08,1.28E-07,2.50E-09,-1.81E-08,0,0.4,93.8%,100.0%,99.9%,28,NA
North Anna 2,2007-11-01,1.8,1.8,1.0,2,0,0,NA,9.30E-07,7.00E-08,1.28E-07,2.50E-09,-1.81E-08,0,0.3,93.8%,100.0%,99.9%,28,NA
North Anna 2,2007-12-01,1.8,1.8,1.0,2,0,0,NA,9.30E-07,7.00E-08,1.28E-07,2.50E-09,-1.81E-08,0,0.3,93.8%,100.0%,99.9%,28,NA
North Anna 2,2008-01-01,1.8,0.9,1.0,2,0,0,NA,9.30E-07,6.80E-08,1.28E-07,4.00E-10,-1.05E-08,0,0.1,93.7%,99.4%,99.9%,28,NA
North Anna 2,2008-02-01,1.8,0.9,1.0,2,0,0,NA,9.30E-07,6.80E-08,1.28E-07,4.00E-10,-1.05E-08,0,0.3,93.7%,99.4%,99.9%,28,NA
North Anna 2,2008-03-01,1.8,0.9,1.0,2,0,0,NA,9.30E-07,6.80E-08,1.28E-07,4.00E-10,-1.05E-08,0.1,0.4,93.7%,99.4%,99.9%,28,NA
North Anna 2,2008-04-01,0.8,0,0.0,1,0,0,NA,5.46E-07,4.30E-08,1.28E-07,-1.00E-09,-1.21E-08,0,0.3,93.9%,96.3%,99.9%,28,NA
North Anna 2,2008-05-01,0.8,0,0.0,1,0,0,NA,5.46E-07,4.30E-08,1.28E-07,-1.00E-09,-1.21E-08,0,0.4,93.9%,96.3%,99.9%,28,NA
North Anna 2,2008-06-01,0.8,0,0.0,1,0,0,NA,5.46E-07,4.30E-08,1.28E-07,-1.00E-09,-1.21E-08,0.1,0.4,93.9%,96.3%,99.9%,28,NA
North Anna 2,2008-07-01,0.9,0,0.0,0,0,0,NA,5.28E-07,4.30E-08,1.28E-07,-6.83E-09,-1.15E-08,0.1,0.1,95.4%,96.8%,99.9%,28,NA
North Anna 2,2008-08-01,0.9,0,0.0,0,0,0,NA,5.28E-07,4.30E-08,1.28E-07,-6.83E-09,-1.15E-08,0.1,0.2,95.4%,96.8%,99.9%,28,NA
North Anna 2,2008-09-01,0.9,0,0.0,0,0,0,NA,5.28E-07,4.30E-08,1.28E-07,-6.83E-09,-1.15E-08,0.1,0.1,95.4%,96.8%,99.9%,28,NA
North Anna 2,2008-11-01,0,0,0.0,1,0,0,NA,1.87E-08,5.10E-08,1.28E-07,-6.84E-09,-1.13E-08,0,0.2,95.8%,90.9%,99.9%,28,NA
North Anna 2,2008-12-01,0,0,0.0,1,0,0,NA,1.87E-08,5.10E-08,1.28E-07,-6.84E-09,-1.13E-08,0.2,0.1,95.8%,90.9%,99.9%,28,NA
North Anna 2,2009-01-01,0,0,0.0,1,0,0,NA,1.87E-08,-2.28E-08,1.30E-07,-6.84E-09,-1.09E-08,0.3,0.1,95.5%,94.1%,99.9%,28,NA
North Anna 2,2009-02-01,0,0,0.0,1,0,0,NA,1.87E-08,-2.28E-08,1.30E-07,-6.84E-09,-1.09E-08,0.1,0.1,95.5%,94.1%,99.9%,28,NA
North Anna 2,2009-03-01,0,0,0.0,1,0,0,NA,1.87E-08,-2.28E-08,1.30E-07,-6.84E-09,-1.09E-08,0.1,0.3,95.5%,94.1%,99.9%,28,NA
North Anna 2,2009-04-01,0,0,0.0,1,0,0,NA,1.10E-08,-2.19E-08,1.30E-07,-6.84E-09,-1.07E-08,0,0.1,95.2%,100.0%,99.9%,28,NA
North Anna 2,2009-05-01,0,0,0.0,1,0,0,NA,1.10E-08,-2.19E-08,1.30E-07,-6.84E-09,-1.07E-08,0.1,0.2,95.2%,100.0%,99.9%,28,NA
North Anna 2,2009-06-01,0,0,0.0,1,0,0,NA,1.10E-08,-2.19E-08,1.30E-07,-6.84E-09,-1.07E-08,0.1,0.1,95.2%,100.0%,99.9%,28,NA
North Anna 2,2009-07-01,0,0,0.0,1,0,0,NA,1.10E-08,-2.21E-08,1.30E-07,-9.10E-09,-1.07E-08,0,0.1,95.5%,100.0%,99.9%,28,NA
North Anna 2,2009-08-01,0,0,0.0,1,0,0,NA,1.10E-08,-2.21E-08,1.30E-07,-9.10E-09,-1.07E-08,0,0.2,95.5%,100.0%,99.9%,28,NA
North Anna 2,2009-09-01,0,0,0.0,1,0,0,NA,1.10E-08,-2.21E-08,1.30E-07,-9.10E-09,-1.07E-08,0,0.1,95.5%,100.0%,99.9%,28,NA
North Anna 2,2009-10-01,0.8,0,0.0,1,0,0,NA,7.00E-09,-2.21E-08,1.30E-07,-9.10E-09,-1.07E-08,0,0.3,95.5%,100.0%,99.8%,28,NA
North Anna 2,2009-11-01,0.8,0,0.0,1,0,0,NA,7.00E-09,-2.21E-08,1.30E-07,-9.10E-09,-1.07E-08,0,0,95.5%,100.0%,99.8%,28,NA
North Anna 2,2009-12-01,0.8,0,0.0,1,0,0,NA,7.00E-09,-2.21E-08,1.30E-07,-9.10E-09,-1.07E-08,1.1,0.1,95.5%,100.0%,99.8%,28,NA
North Anna 2,2007-01-01,0.8,0.8,NA,0,0,0,NA,2.90E-08,7.10E-08,-6.50E-08,3.00E-10,-1.91E-08,0.1,4.8,94.7%,96.3%,99.6%,28,NA
North Anna 2,2007-02-01,0.8,0.8,NA,0,0,0,NA,2.90E-08,7.10E-08,-6.50E-08,3.00E-10,-1.91E-08,0.1,4.8,94.7%,96.3%,99.6%,28,NA
North Anna 2,2007-03-01,0.8,0.8,NA,0,0,0,NA,2.90E-08,7.10E-08,-6.50E-08,3.00E-10,-1.91E-08,0.1,4.0,94.7%,96.3%,99.6%,28,NA
North Anna 2,2008-10-01,0,0,0.0,1,0,0,NA,1.87E-08,5.10E-08,1.28E-07,-6.84E-09,-1.13E-08,NA,0.4,95.8%,90.9%,99.9%,28,NA
Oconee 1,2007-01-01,1.0,0,1.0,0,0,0,1.30E-06,1.30E-06,-2.21E-07,-1.78E-07,-1.93E-07,3.80E-08,0,0.9,94.0%,96.3%,99.7%,4,NA
Oconee 1,2007-02-01,1.0,0,1.0,0,0,0,1.30E-06,1.30E-06,-2.21E-07,-1.78E-07,-1.93E-07,3.80E-08,0,1.1,94.0%,96.3%,99.7%,4,NA
Oconee 1,2007-03-01,1.0,0,1.0,0,0,0,1.30E-06,1.30E-06,-2.21E-07,-1.78E-07,-1.93E-07,3.80E-08,0.1,0.7,94.0%,96.3%,99.7%,4,NA
Oconee 1,2007-04-01,1.0,0,1.0,0,0,0,1.30E-06,1.30E-06,-2.21E-07,-1.78E-07,-1.93E-07,4.80E-08,0.1,0.6,94.5%,93.0%,99.7%,4,NA
Oconee 1,2007-05-01,1.0,0,1.0,0,0,0,1.30E-06,1.30E-06,-2.21E-07,-1.78E-07,-1.93E-07,4.80E-08,0.1,0.5,94.5%,93.0%,99.7%,4,NA
Oconee 1,2007-06-01,1.0,0,1.0,0,0,0,1.30E-06,1.30E-06,-2.21E-07,-1.78E-07,-1.93E-07,4.80E-08,0.1,0.5,94.5%,93.0%,99.7%,4,NA
Oconee 1,2007-07-01,1.0,0,1.0,0,0,0,-7.80E-07,-7.80E-07,-2.22E-07,-1.79E-07,-1.93E-07,-2.60E-08,0.1,0.2,93.5%,92.3%,99.8%,4,NA
Oconee 1,2007-08-01,1.0,0,1.0,0,0,0,-7.80E-07,-7.80E-07,-2.22E-07,-1.79E-07,-1.93E-07,-2.60E-08,0.1,0.2,93.5%,92.3%,99.8%,4,NA
Oconee 1,2007-09-01,1.0,0,1.0,0,0,0,-7.80E-07,-7.80E-07,-2.22E-07,-1.79E-07,-1.93E-07,-2.60E-08,0.1,0.3,93.5%,92.3%,99.8%,4,NA
Oconee 1,2007-10-01,0.8,0,1.0,0,0,0,-1.20E-06,-1.20E-06,-2.23E-07,-1.42E-07,-1.93E-07,-8.00E-09,0.1,0.5,94.4%,96.1%,99.8%,4,NA
Oconee 1,2007-11-01,0.8,0,1.0,0,0,0,-1.20E-06,-1.20E-06,-2.23E-07,-1.42E-07,-1.93E-07,-8.00E-09,0.1,0.7,94.4%,96.1%,99.8%,4,NA
Oconee 1,2007-12-01,0.8,0,1.0,0,0,0,-1.20E-06,-1.20E-06,-2.23E-07,-1.42E-07,-1.93E-07,-8.00E-09,0.1,0.3,94.4%,96.1%,99.8%,4,NA
Oconee 1,2008-01-01,0,0.8,0,0,0,0,-1.30E-06,-1.30E-06,-2.24E-07,-9.00E-08,-1.93E-07,-1.70E-08,0.1,0.4,95.3%,95.8%,99.7%,4,NA
Oconee 1,2008-02-01,0,0.8,0,0,0,0,-1.30E-06,-1.30E-06,-2.24E-07,-9.00E-08,-1.93E-07,-1.70E-08,0.1,0.3,95.3%,95.8%,99.7%,4,NA
Oconee 1,2008-03-01,0,0.8,0,0,0,0,-1.30E-06,-1.30E-06,-2.24E-07,-9.00E-08,-1.93E-07,-1.70E-08,0.1,0.3,95.3%,95.8%,99.7%,4,NA
Oconee 1,2008-04-01,0,0.9,0,0,0,0,-1.29E-06,-1.29E-06,-2.24E-07,-4.80E-08,-1.79E-07,-3.68E-08,0,0.5,93.2%,95.0%,99.7%,4,NA
Oconee 1,2008-06-01,0,0.9,0,0,0,0,-1.29E-06,-1.29E-06,-2.24E-07,-4.80E-08,-1.79E-07,-3.68E-08,0.1,0.7,93.2%,95.0%,99.7%,4,NA
Oconee 1,2008-07-01,0,0.9,0,0,0,0,-1.89E-06,-1.89E-06,-1.21E-07,-5.00E-08,-1.90E-07,-3.81E-08,0,0.3,93.9%,95.1%,99.7%,4,NA
Oconee 1,2008-08-01,0,0.9,0,0,0,0,-1.89E-06,-1.89E-06,-1.21E-07,-5.00E-08,-1.90E-07,-3.81E-08,0,0.7,93.9%,95.1%,99.7%,4,NA
Oconee 1,2008-09-01,0,0.9,0,0,0,0,-1.89E-06,-1.89E-06,-1.21E-07,-5.00E-08,-1.90E-07,-3.81E-08,0,1.2,93.9%,95.1%,99.7%,4,NA
Oconee 1,2008-10-01,0,0.9,0,0,0,0,-1.21E-06,-1.21E-06,-1.21E-07,0.00E+00,-1.68E-07,-5.20E-08,0,1.4,93.9%,92.9%,99.7%,4,NA
Oconee 1,2008-11-01,0,0.9,0,0,0,0,-1.21E-06,-1.21E-06,-1.21E-07,0.00E+00,-1.68E-07,-5.20E-08,0,1.5,93.9%,92.9%,99.7%,4,NA
Oconee 1,2008-12-01,0,0.9,0,0,0,0,-1.21E-06,-1.21E-06,-1.21E-07,0.00E+00,-1.68E-07,-5.20E-08,0.1,1.6,93.9%,92.9%,99.7%,4,NA
Oconee 1,2009-01-01,0,0,0,0,0,0,-3.00E-07,-3.00E-07,2.24E-07,-1.00E-08,2.10E-07,-5.80E-08,0,1.4,94.4%,95.8%,99.7%,4,NA
Oconee 1,2009-02-01,0,0,0,0,0,0,-3.00E-07,-3.00E-07,2.24E-07,-1.00E-08,2.10E-07,-5.80E-08,0.1,0.8,94.4%,95.8%,99.7%,4,NA
Oconee 1,2009-03-01,0,0,0,0,0,0,-3.00E-07,-3.00E-07,2.24E-07,-1.00E-08,2.10E-07,-5.80E-08,0.1,0.9,94.4%,95.8%,99.7%,4,NA
Oconee 1,2009-04-01,0,0,0,0,0,0,-4.00E-07,-4.00E-07,2.23E-07,-7.60E-08,2.20E-07,-8.00E-08,0.1,0.9,93.7%,97.2%,99.8%,4,NA
Oconee 1,2009-05-01,0,0,0,0,0,0,-4.00E-07,-4.00E-07,2.23E-07,-7.60E-08,2.20E-07,-8.00E-08,0,1.1,93.7%,97.2%,99.8%,4,NA
Oconee 1,2009-06-01,0,0,0,0,0,0,-4.00E-07,-4.00E-07,2.23E-07,-7.60E-08,2.20E-07,-8.00E-08,0.1,0.8,93.7%,97.2%,99.8%,4,NA
Oconee 1,2009-07-01,0,0,0,0,0,0,-1.10E-06,-1.10E-06,2.24E-07,-9.80E-08,9.00E-08,-6.30E-08,0.1,0.7,94.0%,95.7%,99.8%,4,NA
Oconee 1,2009-08-01,0,0,0,0,0,0,-1.10E-06,-1.10E-06,2.24E-07,-9.80E-08,9.00E-08,-6.30E-08,0,0.7,94.0%,95.7%,99.8%,4,NA
Oconee 1,2009-09-01,0,0,0,0,0,0,-1.10E-06,-1.10E-06,2.24E-07,-9.80E-08,9.00E-08,-6.30E-08,0,0.9,94.0%,95.7%,99.8%,4,NA
Oconee 1,2009-10-01,0,0,0,0,0,0,-1.00E-06,-1.00E-06,2.23E-07,-8.10E-08,1.40E-07,-5.07E-08,0,0.8,92.9%,93.0%,99.8%,4,NA
Oconee 1,2009-11-01,0,0,0,0,0,0,-1.00E-06,-1.00E-06,2.23E-07,-8.10E-08,1.40E-07,-5.07E-08,0,0,92.9%,93.0%,99.8%,4,NA
Oconee 1,2009-12-01,0,0,0,0,0,0,-1.00E-06,-1.00E-06,2.23E-07,-8.10E-08,1.40E-07,-5.07E-08,0,0.4,92.9%,93.0%,99.8%,4,NA
Oconee 1,2008-05-01,0,0.9,0,0,0,0,-1.29E-06,-1.29E-06,-2.24E-07,-4.80E-08,-1.79E-07,-3.68E-08,NA,0.6,93.2%,95.0%,99.7%,4,NA
Oconee 2,2007-07-01,0.9,0,0.0,0,0,0,NA,-5.50E-07,1.94E-07,3.50E-07,2.00E-08,-2.00E-08,0.1,1.2,93.5%,92.3%,99.8%,17,NA
Oconee 2,2007-08-01,0.9,0,0.0,0,0,0,NA,-5.50E-07,1.94E-07,3.50E-07,2.00E-08,-2.00E-08,0.1,1.2,93.5%,92.3%,99.8%,17,NA
Oconee 2,2007-09-01,0.9,0,0.0,0,0,0,NA,-5.50E-07,1.94E-07,3.50E-07,2.00E-08,-2.00E-08,0.1,2.0,93.5%,92.3%,99.8%,17,NA
Oconee 2,2007-10-01,0.9,0,0.0,0,0,0,NA,-1.09E-06,1.94E-07,4.50E-07,6.00E-08,-6.50E-08,0.1,1.3,94.4%,96.1%,99.8%,17,NA
Oconee 2,2007-11-01,0.9,0,0.0,0,0,0,NA,-1.09E-06,1.94E-07,4.50E-07,6.00E-08,-6.50E-08,0.1,1.1,94.4%,96.1%,99.8%,17,NA
Oconee 2,2007-12-01,0.9,0,0.0,0,0,0,NA,-1.09E-06,1.94E-07,4.50E-07,6.00E-08,-6.50E-08,0.1,0.9,94.4%,96.1%,99.8%,17,NA
Oconee 2,2008-01-01,0.9,0,0.0,0,0,0,NA,-1.30E-06,1.88E-07,5.20E-07,8.00E-08,-8.00E-08,0.1,0.9,95.3%,95.8%,99.7%,17,NA
Oconee 2,2008-02-01,0.9,0,0.0,0,0,0,NA,-1.30E-06,1.88E-07,5.20E-07,8.00E-08,-8.00E-08,0.1,1.2,95.3%,95.8%,99.7%,17,NA
Oconee 2,2008-03-01,0.9,0,0.0,0,0,0,NA,-1.30E-06,1.88E-07,5.20E-07,8.00E-08,-8.00E-08,0.1,1.0,95.3%,95.8%,99.7%,17,NA
Oconee 2,2008-04-01,0.8,0,0.0,0,0,0,NA,-1.29E-06,1.88E-07,5.60E-07,2.30E-07,-1.02E-07,0.1,1.2,93.2%,95.0%,99.7%,17,NA
Oconee 2,2008-05-01,0.8,0,0.0,0,0,0,NA,-1.29E-06,1.88E-07,5.60E-07,2.30E-07,-1.02E-07,0.1,0.8,93.2%,95.0%,99.7%,17,NA
Oconee 2,2008-06-01,0.8,0,0.0,0,0,0,NA,-1.29E-06,1.88E-07,5.60E-07,2.30E-07,-1.02E-07,0.1,1.3,93.2%,95.0%,99.7%,17,NA
Oconee 2,2008-07-01,0.8,0.8,0.0,0,0,0,NA,-1.89E-06,1.88E-07,5.80E-07,2.20E-07,-1.00E-07,0.1,1.1,93.9%,95.1%,99.7%,17,NA
Oconee 2,2008-08-01,0.8,0.8,0.0,0,0,0,NA,-1.89E-06,1.88E-07,5.80E-07,2.20E-07,-1.00E-07,0.1,0.9,93.9%,95.1%,99.7%,17,NA
Oconee 2,2008-09-01,0.8,0.8,0.0,0,0,0,NA,-1.89E-06,1.88E-07,5.80E-07,2.20E-07,-1.00E-07,0.1,1.5,93.9%,95.1%,99.7%,17,NA
Oconee 2,2008-10-01,0.9,0.9,0.0,0,0,0,NA,-1.18E-06,1.88E-07,5.20E-07,-8.00E-08,-1.13E-07,0.1,0.9,93.9%,92.9%,99.7%,17,NA
Oconee 2,2008-11-01,0.9,0.9,0.0,0,0,0,NA,-1.18E-06,1.88E-07,5.20E-07,-8.00E-08,-1.13E-07,0,0,93.9%,92.9%,99.7%,17,NA
Oconee 2,2008-12-01,0.9,0.9,0.0,0,0,0,NA,-1.18E-06,1.88E-07,5.20E-07,-8.00E-08,-1.13E-07,0,1.4,93.9%,92.9%,99.7%,17,NA
Oconee 2,2009-01-01,0,0.9,0.0,0,0,0,NA,-3.00E-07,1.88E-07,5.80E-07,-7.10E-08,-1.17E-07,0.1,0.8,94.4%,95.8%,99.7%,17,NA
Oconee 2,2009-02-01,0,0.9,0.0,0,0,0,NA,-3.00E-07,1.88E-07,5.80E-07,-7.10E-08,-1.17E-07,0,0.9,94.4%,95.8%,99.7%,17,NA
Oconee 2,2009-03-01,0,0.9,0.0,0,0,0,NA,-3.00E-07,1.88E-07,5.80E-07,-7.10E-08,-1.17E-07,0,1.1,94.4%,95.8%,99.7%,17,NA
Oconee 2,2009-04-01,0,0.9,0.0,0,0,0,NA,-3.00E-07,1.88E-07,4.80E-07,-9.10E-08,-1.38E-07,0.1,0.9,93.3%,97.2%,99.8%,17,NA
Oconee 2,2009-05-01,0,0.9,0.0,0,0,0,NA,-3.00E-07,1.88E-07,4.80E-07,-9.10E-08,-1.38E-07,0.1,0.9,93.3%,97.2%,99.8%,17,NA
Oconee 2,2009-06-01,0,0.9,0.0,0,0,0,NA,-3.00E-07,1.88E-07,4.80E-07,-9.10E-08,-1.38E-07,0.1,0.8,93.3%,97.2%,99.8%,17,NA
Oconee 2,2009-07-01,0,0,0.0,0,0,0,NA,-1.00E-06,1.88E-07,2.85E-07,-1.46E-07,-1.39E-07,0.1,0.9,94.0%,95.7%,99.8%,17,NA
Oconee 2,2009-08-01,0,0,0.0,0,0,0,NA,-1.00E-06,1.88E-07,2.85E-07,-1.46E-07,-1.39E-07,0.1,0.9,94.0%,95.7%,99.8%,17,NA
Oconee 2,2009-09-01,0,0,0.0,0,0,0,NA,-1.00E-06,1.88E-07,2.85E-07,-1.46E-07,-1.39E-07,0.1,0.9,94.0%,95.7%,99.8%,17,NA
Oconee 2,2009-10-01,0,0,0.0,0,0,0,NA,-1.00E-06,1.88E-07,3.10E-07,-1.36E-07,-1.34E-07,0.1,0.9,92.9%,93.0%,99.8%,17,NA
Oconee 2,2009-11-01,0,0,0.0,0,0,0,NA,-1.00E-06,1.88E-07,3.10E-07,-1.36E-07,-1.34E-07,0.1,0.9,92.9%,93.0%,99.8%,17,NA
Oconee 2,2009-12-01,0,0,0.0,0,0,0,NA,-1.00E-06,1.88E-07,3.10E-07,-1.36E-07,-1.34E-07,0.1,0.7,92.9%,93.0%,99.8%,17,NA
Oconee 2,2007-01-01,1.6,0,NA,0,0,0,NA,-1.09E-06,-2.26E-07,6.00E-07,-3.20E-08,5.80E-08,0.2,1.7,94.0%,96.3%,99.7%,17,NA
Oconee 2,2007-02-01,1.6,0,NA,0,0,0,NA,-1.09E-06,-2.26E-07,6.00E-07,-3.20E-08,5.80E-08,1.5,1.6,94.0%,96.3%,99.7%,17,NA
Oconee 2,2007-03-01,1.6,0,NA,0,0,0,NA,-1.09E-06,-2.26E-07,6.00E-07,-3.20E-08,5.80E-08,0.4,2.1,94.0%,96.3%,99.7%,17,NA
Oconee 2,2007-04-01,0.9,0,NA,0,0,0,NA,3.50E-06,9.40E-08,3.40E-07,-3.00E-08,5.70E-08,0.2,1.3,94.5%,93.0%,99.7%,17,NA
Oconee 2,2007-05-01,0.9,0,NA,0,0,0,NA,3.50E-06,9.40E-08,3.40E-07,-3.00E-08,5.70E-08,0,0.2,94.5%,93.0%,99.7%,17,NA
Oconee 2,2007-06-01,0.9,0,NA,0,0,0,NA,3.50E-06,9.40E-08,3.40E-07,-3.00E-08,5.70E-08,0.1,0.9,94.5%,93.0%,99.7%,17,NA
Oconee 3,2007-01-01,0,0.9,0.0,1,0,0,NA,3.70E-06,1.05E-07,1.60E-07,-1.93E-07,3.60E-08,4.1,1.9,94.0%,96.3%,99.7%,27,NA
Oconee 3,2007-02-01,0,0.9,0.0,1,0,0,NA,3.70E-06,1.05E-07,1.60E-07,-1.93E-07,3.60E-08,2.7,1.7,94.0%,96.3%,99.7%,27,NA
Oconee 3,2007-03-01,0,0.9,0.0,1,0,0,NA,3.70E-06,1.05E-07,1.60E-07,-1.93E-07,3.60E-08,2.2,1.6,94.0%,96.3%,99.7%,27,NA
Oconee 3,2007-04-01,0,0.8,0.0,1,0,0,NA,3.70E-06,1.05E-07,-7.00E-08,-1.93E-07,1.40E-08,1.6,1.7,94.5%,93.0%,99.7%,27,NA
Oconee 3,2007-05-01,0,0.8,0.0,1,0,0,NA,3.70E-06,1.05E-07,-7.00E-08,-1.93E-07,1.40E-08,1.6,1.7,94.5%,93.0%,99.7%,27,NA
Oconee 3,2007-06-01,0,0.8,0.0,1,0,0,NA,3.70E-06,1.05E-07,-7.00E-08,-1.93E-07,1.40E-08,1.6,1.8,94.5%,93.0%,99.7%,27,NA
Oconee 3,2007-07-01,0,0,0.0,0,0,0,NA,-7.00E-07,9.50E-08,-3.00E-08,-1.93E-07,1.60E-08,1.6,1.5,93.5%,92.3%,99.8%,27,NA
Oconee 3,2007-08-01,0,0,0.0,0,0,0,NA,-7.00E-07,9.50E-08,-3.00E-08,-1.93E-07,1.60E-08,1.7,1.4,93.5%,92.3%,99.8%,27,NA
Oconee 3,2007-09-01,0,0,0.0,0,0,0,NA,-7.00E-07,9.50E-08,-3.00E-08,-1.93E-07,1.60E-08,2.0,2.0,93.5%,92.3%,99.8%,27,NA
Oconee 3,2007-10-01,0,0,0.0,0,0,0,NA,-1.03E-06,9.40E-08,6.00E-08,1.40E-07,1.00E-08,1.6,2.6,94.4%,96.1%,99.8%,27,NA
Oconee 3,2007-11-01,0,0,0.0,0,0,0,NA,-1.03E-06,9.40E-08,6.00E-08,1.40E-07,1.00E-08,0.0,0.0,94.4%,96.1%,99.8%,27,NA
Oconee 3,2007-12-01,0,0,0.0,0,0,0,NA,-1.03E-06,9.40E-08,6.00E-08,1.40E-07,1.00E-08,0.7,1.2,94.4%,96.1%,99.8%,27,NA
Oconee 3,2008-01-01,0,0,0.0,0,0,0,NA,-1.22E-06,9.40E-08,9.00E-08,-1.93E-07,1.00E-09,0.7,0.5,95.3%,95.8%,99.7%,27,NA
Oconee 3,2008-02-01,0,0,0.0,0,0,0,NA,-1.22E-06,9.40E-08,9.00E-08,-1.93E-07,1.00E-09,0.8,0.6,95.3%,95.8%,99.7%,27,NA
Oconee 3,2008-03-01,0,0,0.0,0,0,0,NA,-1.22E-06,9.40E-08,9.00E-08,-1.93E-07,1.00E-09,0.8,0.6,95.3%,95.8%,99.7%,27,NA
Oconee 3,2008-04-01,0,0,0.0,0,0,0,NA,-1.22E-06,9.40E-08,2.30E-07,-1.63E-07,-4.20E-08,0.7,0.4,93.2%,95.0%,99.7%,27,NA
Oconee 3,2008-05-01,0,0,0.0,0,0,0,NA,-1.22E-06,9.40E-08,2.30E-07,-1.63E-07,-4.20E-08,0.8,0.7,93.2%,95.0%,99.7%,27,NA
Oconee 3,2008-06-01,0,0,0.0,0,0,0,NA,-1.22E-06,9.40E-08,2.30E-07,-1.63E-07,-4.20E-08,1.5,0.5,93.2%,95.0%,99.7%,27,NA
Oconee 3,2008-07-01,0,0,0.0,0,0,0,NA,-1.83E-06,9.40E-08,2.10E-07,-1.90E-07,-5.60E-08,0.9,0.3,93.9%,95.1%,99.7%,27,NA
Oconee 3,2008-08-01,0,0,0.0,0,0,0,NA,-1.83E-06,9.40E-08,2.10E-07,-1.90E-07,-5.60E-08,0.9,0.5,93.9%,95.1%,99.7%,27,NA
Oconee 3,2008-09-01,0,0,0.0,0,0,0,NA,-1.83E-06,9.40E-08,2.10E-07,-1.90E-07,-5.60E-08,0.9,0.5,93.9%,95.1%,99.7%,27,NA
Oconee 3,2008-10-01,0.8,0,0.0,0,0,0,NA,-1.12E-06,9.40E-08,2.00E-07,-1.92E-07,-5.40E-08,0.9,0.6,93.9%,92.9%,99.7%,27,NA
Oconee 3,2008-11-01,0.8,0,0.0,0,0,0,NA,-1.12E-06,9.40E-08,2.00E-07,-1.92E-07,-5.40E-08,1.1,1.3,93.9%,92.9%,99.7%,27,NA
Oconee 3,2008-12-01,0.8,0,0.0,0,0,0,NA,-1.12E-06,9.40E-08,2.00E-07,-1.92E-07,-5.40E-08,1.1,1.0,93.9%,92.9%,99.7%,27,NA
Oconee 3,2009-01-01,0.8,0,0.0,0,0,0,NA,-1.00E-07,9.40E-08,2.30E-07,1.00E-07,-5.80E-08,1.1,0.6,94.0%,95.8%,99.7%,27,NA
Oconee 3,2009-02-01,0.8,0,0.0,0,0,0,NA,-1.00E-07,9.40E-08,2.30E-07,1.00E-07,-5.80E-08,1.1,1.0,94.0%,95.8%,99.7%,27,NA
Oconee 3,2009-03-01,0.8,0,0.0,0,0,0,NA,-1.00E-07,9.40E-08,2.30E-07,1.00E-07,-5.80E-08,1.1,0.6,94.0%,95.8%,99.7%,27,NA
Oconee 3,2009-04-01,1.7,0,0.0,0,0,0,NA,0.00E+00,-2.32E-07,2.30E-07,1.65E-07,-5.90E-08,1.2,0.3,93.3%,97.2%,99.8%,27,NA
Oconee 3,2009-05-01,1.7,0,0.0,0,0,0,NA,0.00E+00,-2.32E-07,2.30E-07,1.65E-07,-5.90E-08,0.0,0.9,93.3%,97.2%,99.8%,27,NA
Oconee 3,2009-06-01,1.7,0,0.0,0,0,0,NA,0.00E+00,-2.32E-07,2.30E-07,1.65E-07,-5.90E-08,0.4,0.6,93.3%,97.2%,99.8%,27,NA
Oconee 3,2009-07-01,1.7,0,0.0,0,0,0,NA,-7.00E-07,-2.32E-07,0.00E+00,1.74E-07,-4.20E-08,0.4,0.5,94.0%,95.7%,99.8%,27,NA
Oconee 3,2009-08-01,1.7,0,0.0,0,0,0,NA,-7.00E-07,-2.32E-07,0.00E+00,1.74E-07,-4.20E-08,0.4,0.6,94.0%,95.7%,99.8%,27,NA
Oconee 3,2009-09-01,1.7,0,0.0,0,0,0,NA,-7.00E-07,-2.32E-07,0.00E+00,1.74E-07,-4.20E-08,0.4,0.6,94.0%,95.7%,99.8%,27,NA
Oconee 3,2009-10-01,0.9,0,0.0,0,0,0,NA,-9.00E-07,-2.32E-07,1.00E-08,1.75E-07,-4.90E-08,0.5,0.6,92.9%,93.0%,99.8%,27,NA
Oconee 3,2009-11-01,0.9,0,0.0,0,0,0,NA,-9.00E-07,-2.32E-07,1.00E-08,1.75E-07,-4.90E-08,0.5,0.5,92.9%,93.0%,99.8%,27,NA
Oconee 3,2009-12-01,0.9,0,0.0,0,0,0,NA,-9.00E-07,-2.32E-07,1.00E-08,1.75E-07,-4.90E-08,0.5,0.5,92.9%,93.0%,99.8%,27,NA
Palisades,2007-01-01,0.9,1.9,0.0,5,1,0,NA,5.30E-08,-1.40E-07,2.70E-07,0.00E+00,5.05E-07,2.7,1.1,96.5%,96.2%,100.0%,16,NA
Palisades,2007-02-01,0.9,1.9,0.0,5,1,0,NA,5.30E-08,-1.40E-07,2.70E-07,0.00E+00,5.05E-07,2.8,2.4,96.5%,96.2%,100.0%,16,NA
Palisades,2007-03-01,0.9,1.9,0.0,5,1,0,NA,5.30E-08,-1.40E-07,2.70E-07,0.00E+00,5.05E-07,3.6,1.3,96.5%,96.2%,100.0%,16,NA
Palisades,2007-04-01,0.8,1.7,0.0,4,0,0,NA,2.32E-07,-1.40E-07,2.70E-07,0.00E+00,5.08E-07,3.4,1.6,96.3%,99.2%,100.0%,16,NA
Palisades,2007-05-01,0.8,1.7,0.0,4,0,0,NA,2.32E-07,-1.40E-07,2.70E-07,0.00E+00,5.08E-07,4.1,2.4,96.3%,99.2%,100.0%,16,NA
Palisades,2007-06-01,0.8,1.7,0.0,4,0,0,NA,2.32E-07,-1.40E-07,2.70E-07,0.00E+00,5.08E-07,4.1,0,96.3%,99.2%,100.0%,16,NA
Palisades,2007-07-01,0.9,1.8,0.0,4,1,0,NA,1.88E-07,-1.40E-07,2.71E-07,-2.90E-08,5.08E-07,3.7,0,95.5%,99.2%,100.0%,16,NA
Palisades,2007-08-01,0.9,1.8,0.0,4,1,0,NA,1.88E-07,-1.40E-07,2.71E-07,-2.90E-08,5.08E-07,5.5,0,95.5%,99.2%,100.0%,16,NA
Palisades,2007-09-01,0.9,1.8,0.0,4,1,0,NA,1.88E-07,-1.40E-07,2.71E-07,-2.90E-08,5.08E-07,5.8,0,95.5%,99.2%,100.0%,16,NA
Palisades,2007-10-01,0.9,1.9,0.0,4,1,0,NA,1.86E-07,-1.50E-07,2.72E-07,-2.90E-08,5.19E-07,0.5,0,95.3%,98.4%,100.0%,16,NA
Palisades,2007-11-01,0.9,1.9,0.0,4,1,0,NA,1.86E-07,-1.50E-07,2.72E-07,-2.90E-08,5.19E-07,1.4,0.1,95.3%,98.4%,100.0%,16,NA
Palisades,2007-12-01,0.9,1.9,0.0,4,1,0,NA,1.86E-07,-1.50E-07,2.72E-07,-2.90E-08,5.19E-07,0.9,0.1,95.3%,98.4%,100.0%,16,NA
Palisades,2008-01-01,1.8,0.9,0.0,2,1,0,NA,1.87E-07,-1.10E-07,2.75E-07,-2.90E-08,-2.06E-07,0.9,0.1,95.7%,100.0%,99.9%,16,NA
Palisades,2008-02-01,1.8,0.9,0.0,2,1,0,NA,1.87E-07,-1.10E-07,2.75E-07,-2.90E-08,-2.06E-07,1.1,0,95.7%,100.0%,99.9%,16,NA
Palisades,2008-03-01,1.8,0.9,0.0,2,1,0,NA,1.87E-07,-1.10E-07,2.75E-07,-2.90E-08,-2.06E-07,1.1,0.1,95.7%,100.0%,99.9%,16,NA
Palisades,2008-04-01,1.8,0.9,0.0,3,1,0,NA,1.91E-07,-1.50E-07,2.77E-07,-2.90E-08,-2.48E-07,1.2,0.1,95.8%,100.0%,99.9%,16,NA
Palisades,2008-05-01,1.8,0.9,0.0,3,1,0,NA,1.91E-07,-1.50E-07,2.77E-07,-2.90E-08,-2.48E-07,1.2,0.1,95.8%,100.0%,99.9%,16,NA
Palisades,2008-06-01,1.8,0.9,0.0,3,1,0,NA,1.91E-07,-1.50E-07,2.77E-07,-2.90E-08,-2.48E-07,1.3,0.2,95.8%,100.0%,99.9%,16,NA
Palisades,2008-07-01,1.7,1.7,0.0,3,0,0,NA,1.97E-07,-1.50E-07,2.76E-07,-2.90E-08,-2.48E-07,1.4,0.6,95.9%,99.2%,99.9%,16,NA
Palisades,2008-08-01,1.7,1.7,0.0,3,0,0,NA,1.97E-07,-1.50E-07,2.76E-07,-2.90E-08,-2.48E-07,1.3,5.8,95.9%,99.2%,99.9%,16,NA
Palisades,2008-09-01,1.7,1.7,0.0,3,0,0,NA,1.97E-07,-1.50E-07,2.76E-07,-2.90E-08,-2.48E-07,1.3,0.3,95.9%,99.2%,99.9%,16,NA
Palisades,2008-10-01,1.6,0.8,0.0,3,0,0,NA,1.86E-07,-1.00E-07,3.04E-07,-4.04E-08,-2.48E-07,1.4,0.4,96.2%,100.0%,99.9%,16,NA
Palisades,2008-11-01,1.6,0.8,0.0,3,0,0,NA,1.86E-07,-1.00E-07,3.04E-07,-4.04E-08,-2.48E-07,1.1,0.4,96.2%,100.0%,99.9%,16,NA
Palisades,2008-12-01,1.6,0.8,0.0,3,0,0,NA,1.86E-07,-1.00E-07,3.04E-07,-4.04E-08,-2.48E-07,1.5,0.1,96.2%,100.0%,99.9%,16,NA
Palisades,2009-01-01,0.8,1.7,0.0,3,0,0,NA,1.93E-07,-3.19E-07,3.05E-07,-4.05E-08,-2.17E-07,1.0,0.1,97.9%,100.0%,100.0%,16,NA
Palisades,2009-02-01,0.8,1.7,0.0,3,0,0,NA,1.93E-07,-3.19E-07,3.05E-07,-4.05E-08,-2.17E-07,1.3,3.4,97.9%,100.0%,100.0%,16,NA
Palisades,2009-03-01,0.8,1.7,0.0,3,0,0,NA,1.93E-07,-3.19E-07,3.05E-07,-4.05E-08,-2.17E-07,1.5,0,97.9%,100.0%,100.0%,16,NA
Palisades,2009-05-01,0,1.8,0.0,2,0,0,NA,2.28E-08,-3.25E-07,3.03E-07,-4.04E-08,-2.00E-07,0.8,0,98.4%,98.3%,100.0%,16,NA
Palisades,2009-06-01,0,1.8,0.0,2,0,0,NA,2.28E-08,-3.25E-07,3.03E-07,-4.04E-08,-2.00E-07,0.8,0,98.4%,98.3%,100.0%,16,NA
Palisades,2009-07-01,0,0.9,0.0,2,0,0,NA,1.94E-08,-3.38E-07,3.02E-07,-4.04E-08,-1.25E-07,0.8,0,98.1%,100.0%,100.0%,16,NA
Palisades,2009-08-01,0,0.9,0.0,2,0,0,NA,1.94E-08,-3.38E-07,3.02E-07,-4.04E-08,-1.25E-07,0.8,0,98.1%,100.0%,100.0%,16,NA
Palisades,2009-09-01,0,0.9,0.0,2,0,0,NA,1.94E-08,-3.38E-07,3.02E-07,-4.04E-08,-1.25E-07,0.8,0,98.1%,100.0%,100.0%,16,NA
Palisades,2009-10-01,0,0.9,0.0,0,0,0,NA,2.31E-08,-2.39E-07,-2.62E-07,-4.05E-08,-9.90E-08,0.7,0.1,98.4%,100.0%,99.9%,16,NA
Palisades,2009-11-01,0,0.9,0.0,0,0,0,NA,2.31E-08,-2.39E-07,-2.62E-07,-4.05E-08,-9.90E-08,0.7,0.3,98.4%,100.0%,99.9%,16,NA
Palisades,2009-12-01,0,0.9,0.0,0,0,0,NA,2.31E-08,-2.39E-07,-2.62E-07,-4.05E-08,-9.90E-08,0.7,0.4,98.4%,100.0%,99.9%,16,NA
Palisades,2009-04-01,0,1.8,0.0,2,0,0,NA,2.28E-08,-3.25E-07,3.03E-07,-4.04E-08,-2.00E-07,NA,0,98.4%,98.3%,100.0%,16,NA
Palo Verde 1,2007-01-01,1.2,2.4,0.0,1,1,0,3.00E-08,3.00E-08,5.70E-08,-9.60E-07,1.70E-08,3.00E-07,0,0.5,94.5%,95.6%,99.7%,7,NA
Palo Verde 1,2007-02-01,1.2,2.4,0.0,1,1,0,3.00E-08,3.00E-08,5.70E-08,-9.60E-07,1.70E-08,3.00E-07,0,0.5,94.5%,95.6%,99.7%,7,NA
Palo Verde 1,2007-03-01,1.2,2.4,0.0,1,1,0,3.00E-08,3.00E-08,5.70E-08,-9.60E-07,1.70E-08,3.00E-07,0,0.6,94.5%,95.6%,99.7%,7,NA
Palo Verde 1,2007-04-01,1.0,2.0,0.0,1,1,0,4.00E-08,4.00E-08,-3.40E-08,-9.50E-07,2.00E-08,-2.70E-07,0,0.6,94.0%,98.9%,99.9%,7,NA
Palo Verde 1,2007-05-01,1.0,2.0,0.0,1,1,0,4.00E-08,4.00E-08,-3.40E-08,-9.50E-07,2.00E-08,-2.70E-07,0,0.7,94.0%,98.9%,99.9%,7,NA
Palo Verde 1,2007-07-01,1.0,0,0.0,1,1,0,1.30E-07,1.30E-07,-3.60E-08,-8.40E-07,3.20E-08,-2.70E-07,0,0.9,94.0%,99.5%,100.0%,7,NA
Palo Verde 1,2007-08-01,1.0,0,0.0,1,1,0,1.30E-07,1.30E-07,-3.60E-08,-8.40E-07,3.20E-08,-2.70E-07,0,0.4,94.0%,99.5%,100.0%,7,NA
Palo Verde 1,2007-09-01,1.0,0,0.0,1,1,0,1.30E-07,1.30E-07,-3.60E-08,-8.40E-07,3.20E-08,-2.70E-07,0,0.5,94.0%,99.5%,100.0%,7,NA
Palo Verde 1,2007-10-01,0,2.0,0.0,0,0,0,2.60E-07,2.60E-07,2.00E-09,-1.60E-07,3.10E-08,-1.00E-07,0,0.2,93.0%,99.5%,100.0%,7,NA
Palo Verde 1,2007-11-01,0,2.0,0.0,0,0,0,2.60E-07,2.60E-07,2.00E-09,-1.60E-07,3.10E-08,-1.00E-07,0,0.2,93.0%,99.5%,100.0%,7,NA
Palo Verde 1,2007-12-01,0,2.0,0.0,0,0,0,2.60E-07,2.60E-07,2.00E-09,-1.60E-07,3.10E-08,-1.00E-07,0,0.4,93.0%,99.5%,100.0%,7,NA
Palo Verde 1,2008-01-01,0,2.0,0.0,0,0,0,1.00E-07,1.00E-07,1.00E-09,-1.84E-07,2.00E-08,-1.60E-07,0,1.0,94.4%,98.9%,100.0%,7,NA
Palo Verde 1,2008-02-01,0,2.0,0.0,0,0,0,1.00E-07,1.00E-07,1.00E-09,-1.84E-07,2.00E-08,-1.60E-07,0,0.4,94.4%,98.9%,100.0%,7,NA
Palo Verde 1,2008-03-01,0,2.0,0.0,0,0,0,1.00E-07,1.00E-07,1.00E-09,-1.84E-07,2.00E-08,-1.60E-07,0,0.3,94.4%,98.9%,100.0%,7,NA
Palo Verde 1,2008-04-01,0,2.6,0.0,0,0,0,7.00E-08,7.00E-08,-2.00E-09,-2.29E-07,1.90E-08,-1.60E-07,0,0.4,94.0%,100.0%,100.0%,7,NA
Palo Verde 1,2008-05-01,0,2.6,0.0,0,0,0,7.00E-08,7.00E-08,-2.00E-09,-2.29E-07,1.90E-08,-1.60E-07,0,0.3,94.0%,100.0%,100.0%,7,NA
Palo Verde 1,2008-06-01,0,2.6,0.0,0,0,0,7.00E-08,7.00E-08,-2.00E-09,-2.29E-07,1.90E-08,-1.60E-07,0,0.4,94.0%,100.0%,100.0%,7,NA
Palo Verde 1,2008-07-01,0,3.4,0.0,0,0,0,-2.00E-07,-2.00E-07,-4.50E-09,-2.53E-07,2.50E-08,-1.60E-07,0,0.5,95.0%,100.0%,100.0%,7,NA
Palo Verde 1,2008-08-01,0,3.4,0.0,0,0,0,-2.00E-07,-2.00E-07,-4.50E-09,-2.53E-07,2.50E-08,-1.60E-07,0,0.4,95.0%,100.0%,100.0%,7,NA
Palo Verde 1,2008-09-01,0,3.4,0.0,0,0,0,-2.00E-07,-2.00E-07,-4.50E-09,-2.53E-07,2.50E-08,-1.60E-07,0,0.5,95.0%,100.0%,100.0%,7,NA
Palo Verde 1,2008-10-01,0,1.8,0.0,0,0,0,-1.80E-07,-1.80E-07,-8.30E-09,-2.62E-07,2.40E-08,-1.60E-07,0,0.2,94.6%,84.7%,99.8%,7,NA
Palo Verde 1,2008-11-01,0,1.8,0.0,0,0,0,-1.80E-07,-1.80E-07,-8.30E-09,-2.62E-07,2.40E-08,-1.60E-07,0,0.3,94.6%,84.7%,99.8%,7,NA
Palo Verde 1,2008-12-01,0,1.8,0.0,0,0,0,-1.80E-07,-1.80E-07,-8.30E-09,-2.62E-07,2.40E-08,-1.60E-07,0,0.3,94.6%,84.7%,99.8%,7,NA
Palo Verde 1,2009-01-01,0,2.7,0.0,0,0,0,-1.19E-07,-1.19E-07,-1.73E-08,-1.02E-07,-1.20E-08,-1.90E-07,0,0.4,94.6%,100.0%,99.8%,7,NA
Palo Verde 1,2009-02-01,0,2.7,0.0,0,0,0,-1.19E-07,-1.19E-07,-1.73E-08,-1.02E-07,-1.20E-08,-1.90E-07,0,0.7,94.6%,100.0%,99.8%,7,NA
Palo Verde 1,2009-03-01,0,2.7,0.0,0,0,0,-1.19E-07,-1.19E-07,-1.73E-08,-1.02E-07,-1.20E-08,-1.90E-07,0,0.6,94.6%,100.0%,99.8%,7,NA
Palo Verde 1,2009-04-01,0,1.8,0.0,1,0,0,-1.12E-07,-1.12E-07,-1.87E-08,-1.12E-07,-1.34E-08,-1.90E-07,0,0.4,95.4%,100.0%,99.8%,7,NA
Palo Verde 1,2009-05-01,0,1.8,0.0,1,0,0,-1.12E-07,-1.12E-07,-1.87E-08,-1.12E-07,-1.34E-08,-1.90E-07,0,0.5,95.4%,100.0%,99.8%,7,NA
Palo Verde 1,2009-06-01,0,1.8,0.0,1,0,0,-1.12E-07,-1.12E-07,-1.87E-08,-1.12E-07,-1.34E-08,-1.90E-07,0,0.6,95.4%,100.0%,99.8%,7,NA
Palo Verde 1,2009-07-01,0,0.9,0.0,1,0,0,-1.14E-07,-1.14E-07,-1.85E-08,-1.12E-07,-1.23E-08,-1.90E-07,0,0.5,96.2%,100.0%,99.8%,7,NA
Palo Verde 1,2009-08-01,0,0.9,0.0,1,0,0,-1.14E-07,-1.14E-07,-1.85E-08,-1.12E-07,-1.23E-08,-1.90E-07,0,0.5,96.2%,100.0%,99.8%,7,NA
Palo Verde 1,2009-09-01,0,0.9,0.0,1,0,0,-1.14E-07,-1.14E-07,-1.85E-08,-1.12E-07,-1.23E-08,-1.90E-07,0,0.6,96.2%,100.0%,99.8%,7,NA
Palo Verde 1,2009-10-01,0,0.8,0.0,1,0,0,-1.29E-07,-1.29E-07,-1.88E-08,-1.17E-07,-1.29E-08,-1.90E-07,0,0.6,96.1%,100.0%,100.0%,7,NA
Palo Verde 1,2009-11-01,0,0.8,0.0,1,0,0,-1.29E-07,-1.29E-07,-1.88E-08,-1.17E-07,-1.29E-08,-1.90E-07,0,0.4,96.1%,100.0%,100.0%,7,NA
Palo Verde 1,2009-12-01,0,0.8,0.0,1,0,0,-1.29E-07,-1.29E-07,-1.88E-08,-1.17E-07,-1.29E-08,-1.90E-07,0,0.5,96.1%,100.0%,100.0%,7,NA
Palo Verde 1,2007-06-01,1.0,2.0,0.0,1,1,0,4.00E-08,4.00E-08,-3.40E-08,-9.50E-07,2.00E-08,-2.70E-07,NA,NA,94.0%,98.9%,99.9%,7,NA
Palo Verde 2,2007-01-01,0.9,1.9,0.0,0,1,0,NA,-2.00E-07,-2.70E-08,-3.40E-07,2.70E-08,-5.00E-08,0,0.3,94.5%,95.6%,99.7%,27,NA
Palo Verde 2,2007-02-01,0.9,1.9,0.0,0,1,0,NA,-2.00E-07,-2.70E-08,-3.40E-07,2.70E-08,-5.00E-08,0,0.5,94.5%,95.6%,99.7%,27,NA
Palo Verde 2,2007-03-01,0.9,1.9,0.0,0,1,0,NA,-2.00E-07,-2.70E-08,-3.40E-07,2.70E-08,-5.00E-08,0,0.7,94.5%,95.6%,99.7%,27,NA
Palo Verde 2,2007-04-01,0.9,2.8,0.0,0,1,0,NA,-4.90E-07,-2.90E-08,-3.10E-07,2.60E-08,-3.72E-07,0,0.3,94.0%,98.9%,99.9%,27,NA
Palo Verde 2,2007-05-01,0.9,2.8,0.0,0,1,0,NA,-4.90E-07,-2.90E-08,-3.10E-07,2.60E-08,-3.72E-07,0,0.6,94.0%,98.9%,99.9%,27,NA
Palo Verde 2,2007-06-01,0.9,2.8,0.0,0,1,0,NA,-4.90E-07,-2.90E-08,-3.10E-07,2.60E-08,-3.72E-07,0,0.6,94.0%,98.9%,99.9%,27,NA
Palo Verde 2,2007-07-01,0,3.7,0.0,0,1,0,NA,-5.20E-07,-2.90E-08,-4.60E-07,1.40E-08,-3.72E-07,0,0.5,94.0%,99.5%,100.0%,27,NA
Palo Verde 2,2007-08-01,0,3.7,0.0,0,1,0,NA,-5.20E-07,-2.90E-08,-4.60E-07,1.40E-08,-3.72E-07,0.1,0.5,94.0%,99.5%,100.0%,27,NA
Palo Verde 2,2007-09-01,0,3.7,0.0,0,1,0,NA,-5.20E-07,-2.90E-08,-4.60E-07,1.40E-08,-3.72E-07,0,0.4,94.0%,99.5%,100.0%,27,NA
Palo Verde 2,2007-10-01,0.8,3.3,0.0,0,0,0,NA,-2.92E-07,2.00E-09,-1.56E-07,8.96E-09,-1.56E-07,0,0.8,93.0%,99.5%,100.0%,27,NA
Palo Verde 2,2007-11-01,0.8,3.3,0.0,0,0,0,NA,-2.92E-07,2.00E-09,-1.56E-07,8.96E-09,-1.56E-07,0,0.5,93.0%,99.5%,100.0%,27,NA
Palo Verde 2,2007-12-01,0.8,3.3,0.0,0,0,0,NA,-2.92E-07,2.00E-09,-1.56E-07,8.96E-09,-1.56E-07,0,0.6,93.0%,99.5%,100.0%,27,NA
Palo Verde 2,2008-01-01,0.8,1.6,0.0,0,0,0,NA,-1.00E-07,3.00E-09,-1.98E-07,8.70E-09,-1.56E-07,0.1,0.6,94.4%,98.9%,100.0%,27,NA
Palo Verde 2,2008-02-01,0.8,1.6,0.0,0,0,0,NA,-1.00E-07,3.00E-09,-1.98E-07,8.70E-09,-1.56E-07,0.1,0.5,94.4%,98.9%,100.0%,27,NA
Palo Verde 2,2008-03-01,0.8,1.6,0.0,0,0,0,NA,-1.00E-07,3.00E-09,-1.98E-07,8.70E-09,-1.56E-07,0.1,0.5,94.4%,98.9%,100.0%,27,NA
Palo Verde 2,2008-06-01,2.0,1.0,0.0,0,0,0,NA,-8.00E-08,3.00E-09,-2.00E-07,-9.80E-09,-1.56E-07,0,0.5,94.0%,100.0%,100.0%,27,NA
Palo Verde 2,2008-07-01,2.0,0,0.0,1,0,0,NA,-9.00E-08,-9.50E-09,-2.67E-07,-6.90E-09,-1.56E-07,0,0.7,95.0%,100.0%,100.0%,27,NA
Palo Verde 2,2008-08-01,2.0,0,0.0,1,0,0,NA,-9.00E-08,-9.50E-09,-2.67E-07,-6.90E-09,-1.56E-07,0,0.6,95.0%,100.0%,100.0%,27,NA
Palo Verde 2,2008-09-01,2.0,0,0.0,1,0,0,NA,-9.00E-08,-9.50E-09,-2.67E-07,-6.90E-09,-1.56E-07,0,0.3,95.0%,100.0%,100.0%,27,NA
Palo Verde 2,2008-10-01,1.0,0,0.0,1,0,0,NA,2.00E-08,-9.40E-09,-2.67E-07,-1.06E-08,-1.56E-07,0,0.4,94.6%,84.7%,99.8%,27,NA
Palo Verde 2,2008-11-01,1.0,0,0.0,1,0,0,NA,2.00E-08,-9.40E-09,-2.67E-07,-1.06E-08,-1.56E-07,0,0.7,94.6%,84.7%,99.8%,27,NA
Palo Verde 2,2008-12-01,1.0,0,0.0,1,0,0,NA,2.00E-08,-9.40E-09,-2.67E-07,-1.06E-08,-1.56E-07,0,0.4,94.6%,84.7%,99.8%,27,NA
Palo Verde 2,2009-01-01,1.0,0,0.0,1,0,0,NA,3.73E-08,-2.18E-08,-1.06E-07,-2.25E-08,-1.89E-07,0,0.6,94.6%,100.0%,99.8%,27,NA
Palo Verde 2,2009-02-01,1.0,0,0.0,1,0,0,NA,3.73E-08,-2.18E-08,-1.06E-07,-2.25E-08,-1.89E-07,0,0.5,94.6%,100.0%,99.8%,27,NA
Palo Verde 2,2009-03-01,1.0,0,0.0,1,0,0,NA,3.73E-08,-2.18E-08,-1.06E-07,-2.25E-08,-1.89E-07,0,0.9,94.6%,100.0%,99.8%,27,NA
Palo Verde 2,2009-04-01,0,0,0.0,2,0,0,NA,4.03E-08,-2.08E-08,-1.59E-07,-2.28E-08,-1.89E-07,0,0.6,95.4%,100.0%,99.8%,27,NA
Palo Verde 2,2009-05-01,0,0,0.0,2,0,0,NA,4.03E-08,-2.08E-08,-1.59E-07,-2.28E-08,-1.89E-07,0,0.7,95.4%,100.0%,99.8%,27,NA
Palo Verde 2,2009-06-01,0,0,0.0,2,0,0,NA,4.03E-08,-2.08E-08,-1.59E-07,-2.28E-08,-1.89E-07,0,0.8,95.4%,100.0%,99.8%,27,NA
Palo Verde 2,2009-07-01,0,0,0.0,2,0,0,NA,3.53E-08,-2.08E-08,-1.57E-07,-2.32E-08,-1.89E-07,0,0.9,96.2%,100.0%,99.8%,27,NA
Palo Verde 2,2009-08-01,0,0,0.0,2,0,0,NA,3.53E-08,-2.08E-08,-1.57E-07,-2.32E-08,-1.89E-07,0,0.7,96.2%,100.0%,99.8%,27,NA
Palo Verde 2,2009-09-01,0,0,0.0,2,0,0,NA,3.53E-08,-2.08E-08,-1.57E-07,-2.32E-08,-1.89E-07,0,0.9,96.2%,100.0%,99.8%,27,NA
Palo Verde 2,2009-12-01,0,1.0,0.0,2,0,0,NA,4.00E-08,-2.07E-08,-1.60E-07,-2.28E-08,-1.89E-07,0,0.7,96.1%,100.0%,100.0%,27,NA
Palo Verde 2,2008-05-01,2.0,1.0,0.0,0,0,0,NA,-8.00E-08,3.00E-09,-2.00E-07,-9.80E-09,-1.56E-07,NA,0.2,94.0%,100.0%,100.0%,27,NA
Palo Verde 2,2009-10-01,0,1.0,0.0,2,0,0,NA,4.00E-08,-2.07E-08,-1.60E-07,-2.28E-08,-1.89E-07,0,NA,96.1%,100.0%,100.0%,27,NA
Palo Verde 2,2009-11-01,0,1.0,0.0,2,0,0,NA,4.00E-08,-2.07E-08,-1.60E-07,-2.28E-08,-1.89E-07,NA,0.7,96.1%,100.0%,100.0%,27,NA
Palo Verde 2,2008-04-01,2.0,1.0,0.0,0,0,0,NA,-8.00E-08,3.00E-09,-2.00E-07,-9.80E-09,-1.56E-07,NA,NA,94.0%,100.0%,100.0%,27,NA
Palo Verde 3,2007-01-01,1.8,0,0.0,0,1,0,NA,-2.93E-07,-4.80E-08,-5.44E-07,-2.00E-08,-1.40E-07,0,0.9,94.5%,95.6%,99.7%,26,NA
Palo Verde 3,2007-02-01,1.8,0,0.0,0,1,0,NA,-2.93E-07,-4.80E-08,-5.44E-07,-2.00E-08,-1.40E-07,0,0.2,94.5%,95.6%,99.7%,26,NA
Palo Verde 3,2007-03-01,1.8,0,0.0,0,1,0,NA,-2.93E-07,-4.80E-08,-5.44E-07,-2.00E-08,-1.40E-07,0,0.3,94.5%,95.6%,99.7%,26,NA
Palo Verde 3,2007-04-01,1.7,1.7,0.0,0,1,0,NA,-2.40E-07,-3.80E-08,-5.00E-07,-2.00E-08,-3.54E-07,0,0.6,94.0%,98.9%,99.9%,26,NA
Palo Verde 3,2007-05-01,1.7,1.7,0.0,0,1,0,NA,-2.40E-07,-3.80E-08,-5.00E-07,-2.00E-08,-3.54E-07,0,0.2,94.0%,98.9%,99.9%,26,NA
Palo Verde 3,2007-06-01,1.7,1.7,0.0,0,1,0,NA,-2.40E-07,-3.80E-08,-5.00E-07,-2.00E-08,-3.54E-07,0,0.4,94.0%,98.9%,99.9%,26,NA
Palo Verde 3,2007-07-01,0.9,1.7,0.0,0,1,0,NA,-2.70E-07,-4.60E-08,-5.82E-07,-1.64E-08,-3.54E-07,0,0.5,94.6%,99.5%,100.0%,26,NA
Palo Verde 3,2007-08-01,0.9,1.7,0.0,0,1,0,NA,-2.70E-07,-4.60E-08,-5.82E-07,-1.64E-08,-3.54E-07,0,0.5,94.6%,99.5%,100.0%,26,NA
Palo Verde 3,2007-09-01,0.9,1.7,0.0,0,1,0,NA,-2.70E-07,-4.60E-08,-5.82E-07,-1.64E-08,-3.54E-07,0,0.4,94.6%,99.5%,100.0%,26,NA
Palo Verde 3,2007-10-01,0,2.4,0.0,0,0,0,NA,5.00E-09,-1.00E-09,-2.47E-07,-3.40E-09,-1.51E-07,N/A,N/A,93.0%,99.5%,100.0%,26,NA
Palo Verde 3,2007-11-01,0,2.4,0.0,0,0,0,NA,5.00E-09,-1.00E-09,-2.47E-07,-3.40E-09,-1.51E-07,N/A,N/A,93.0%,99.5%,100.0%,26,NA
Palo Verde 3,2007-12-01,0,2.4,0.0,0,0,0,NA,5.00E-09,-1.00E-09,-2.47E-07,-3.40E-09,-1.51E-07,N/A,N/A,93.0%,99.5%,100.0%,26,NA
Palo Verde 3,2008-01-01,0,2.4,0.0,0,0,0,NA,3.00E-08,-5.90E-09,-2.62E-07,-2.20E-09,-1.51E-07,0,0.5,94.4%,98.9%,100.0%,26,NA
Palo Verde 3,2008-02-01,0,2.4,0.0,0,0,0,NA,3.00E-08,-5.90E-09,-2.62E-07,-2.20E-09,-1.51E-07,0,0.2,94.4%,98.9%,100.0%,26,NA
Palo Verde 3,2008-03-01,0,2.4,0.0,0,0,0,NA,3.00E-08,-5.90E-09,-2.62E-07,-2.20E-09,-1.51E-07,0,0.5,94.4%,98.9%,100.0%,26,NA
Palo Verde 3,2008-04-01,0,0,0.0,0,0,0,NA,1.13E-07,-6.40E-09,-3.07E-07,3.00E-10,-1.51E-07,0,0.3,94.0%,100.0%,100.0%,26,NA
Palo Verde 3,2008-05-01,0,0,0.0,0,0,0,NA,1.13E-07,-6.40E-09,-3.07E-07,3.00E-10,-1.51E-07,0,0.1,94.0%,100.0%,100.0%,26,NA
Palo Verde 3,2008-06-01,0,0,0.0,0,0,0,NA,1.13E-07,-6.40E-09,-3.07E-07,3.00E-10,-1.51E-07,0,0.4,94.0%,100.0%,100.0%,26,NA
Palo Verde 3,2008-07-01,2.3,1.1,0.0,0,0,0,NA,9.30E-08,-9.40E-09,-3.80E-07,-5.00E-10,-1.37E-07,0,0.3,95.0%,100.0%,100.0%,26,NA
Palo Verde 3,2008-08-01,2.3,1.1,0.0,0,0,0,NA,9.30E-08,-9.40E-09,-3.80E-07,-5.00E-10,-1.37E-07,0,0.5,95.0%,100.0%,100.0%,26,NA
Palo Verde 3,2008-09-01,2.3,1.1,0.0,0,0,0,NA,9.30E-08,-9.40E-09,-3.80E-07,-5.00E-10,-1.37E-07,0,0.3,95.0%,100.0%,100.0%,26,NA
Palo Verde 3,2008-10-01,1.7,0.8,0.0,0,0,0,NA,1.03E-07,-1.19E-08,-4.00E-07,-2.20E-09,-1.37E-07,0,0.5,94.6%,84.7%,99.8%,26,NA
Palo Verde 3,2008-11-01,1.7,0.8,0.0,0,0,0,NA,1.03E-07,-1.19E-08,-4.00E-07,-2.20E-09,-1.37E-07,0,0.3,94.6%,84.7%,99.8%,26,NA
Palo Verde 3,2008-12-01,1.7,0.8,0.0,0,0,0,NA,1.03E-07,-1.19E-08,-4.00E-07,-2.20E-09,-1.37E-07,0,0.3,94.6%,84.7%,99.8%,26,NA
Palo Verde 3,2009-01-01,1.6,0.8,0.0,0,0,0,NA,1.42E-07,-2.11E-08,-1.65E-07,-1.78E-08,-1.79E-07,0,0.4,94.6%,100.0%,99.8%,26,NA
Palo Verde 3,2009-02-01,1.6,0.8,0.0,0,0,0,NA,1.42E-07,-2.11E-08,-1.65E-07,-1.78E-08,-1.79E-07,0,0.3,94.6%,100.0%,99.8%,26,NA
Palo Verde 3,2009-03-01,1.6,0.8,0.0,0,0,0,NA,1.42E-07,-2.11E-08,-1.65E-07,-1.78E-08,-1.79E-07,0,0.5,94.6%,100.0%,99.8%,26,NA
Palo Verde 3,2009-04-01,1.9,0.9,0.0,1,0,0,NA,2.23E-07,-2.11E-08,-1.58E-07,6.94E-08,-1.79E-07,0,0.2,95.4%,100.0%,99.8%,26,NA
Palo Verde 3,2009-05-01,1.9,0.9,0.0,1,0,0,NA,2.23E-07,-2.11E-08,-1.58E-07,6.94E-08,-1.79E-07,N/A,0.2,95.4%,100.0%,99.8%,26,NA
Palo Verde 3,2009-06-01,1.9,0.9,0.0,1,0,0,NA,2.23E-07,-2.11E-08,-1.58E-07,6.94E-08,-1.79E-07,0,0.5,95.4%,100.0%,99.8%,26,NA
Palo Verde 3,2009-07-01,0,0,0.0,1,0,0,NA,4.39E-08,-2.01E-08,-1.61E-07,7.16E-08,-1.81E-07,0,0.3,96.2%,100.0%,99.8%,26,NA
Palo Verde 3,2009-08-01,0,0,0.0,1,0,0,NA,4.39E-08,-2.01E-08,-1.61E-07,7.16E-08,-1.81E-07,0,0.3,96.2%,100.0%,99.8%,26,NA
Palo Verde 3,2009-09-01,0,0,0.0,1,0,0,NA,4.39E-08,-2.01E-08,-1.61E-07,7.16E-08,-1.81E-07,0,0.2,96.2%,100.0%,99.8%,26,NA
Palo Verde 3,2009-10-01,0.9,0,0.0,1,0,0,NA,3.24E-08,-2.01E-08,-1.63E-07,7.19E-08,-1.81E-07,0,0.4,96.1%,100.0%,100.0%,26,NA
Palo Verde 3,2009-11-01,0.9,0,0.0,1,0,0,NA,3.24E-08,-2.01E-08,-1.63E-07,7.19E-08,-1.81E-07,0,0.3,96.1%,100.0%,100.0%,26,NA
Palo Verde 3,2009-12-01,0.9,0,0.0,1,0,0,NA,3.24E-08,-2.01E-08,-1.63E-07,7.19E-08,-1.81E-07,0,0.7,96.1%,100.0%,100.0%,26,NA
Peach Bottom 2,2007-01-01,0.9,1.7,NA,NA,1.0,0,NA,4.00E-08,9.30E-08,-2.10E-07,-3.01E-09,-2.79E-09,0.1,7.1,97.3%,100.0%,99.3%,Peach Bottom 2.pdf,NA
Peach Bottom 2,2007-02-01,0.9,1.7,NA,NA,1.0,0,NA,4.00E-08,9.30E-08,-2.10E-07,-3.01E-09,-2.79E-09,0.1,7.4,97.3%,100.0%,99.3%,Peach Bottom 2.pdf,NA
Peach Bottom 2,2007-03-01,0.9,1.7,NA,NA,1.0,0,NA,4.00E-08,9.30E-08,-2.10E-07,-3.01E-09,-2.79E-09,0.1,7.0,97.3%,100.0%,99.3%,Peach Bottom 2.pdf,NA
Peach Bottom 2,2007-04-01,0.9,1.7,NA,NA,1.0,0,NA,1.00E-08,-1.28E-07,-1.53E-07,-1.17E-09,-3.85E-09,0.1,7.1,98.0%,100.0%,99.5%,Peach Bottom 2.pdf,NA
Peach Bottom 2,2007-05-01,0.9,1.7,NA,NA,1.0,0,NA,1.00E-08,-1.28E-07,-1.53E-07,-1.17E-09,-3.85E-09,0.1,7.2,98.0%,100.0%,99.5%,Peach Bottom 2.pdf,NA
Peach Bottom 2,2007-06-01,0.9,1.7,NA,NA,1.0,0,NA,1.00E-08,-1.28E-07,-1.53E-07,-1.17E-09,-3.85E-09,0.1,7.2,98.0%,100.0%,99.5%,Peach Bottom 2.pdf,NA
Peach Bottom 2,2007-07-01,0.8,1.6,0.0,NA,1.0,0,NA,1.72E-07,-1.29E-07,-1.53E-07,-1.09E-09,-7.30E-10,0.1,7.2,97.2%,97.7%,99.7%,Peach Bottom 2.pdf,NA
Peach Bottom 2,2007-08-01,0.8,1.6,0.0,NA,1.0,0,NA,1.72E-07,-1.29E-07,-1.53E-07,-1.09E-09,-7.30E-10,0.1,7.3,97.2%,97.7%,99.7%,Peach Bottom 2.pdf,NA
Peach Bottom 2,2007-09-01,0.8,1.6,0.0,NA,1.0,0,NA,1.72E-07,-1.29E-07,-1.53E-07,-1.09E-09,-7.30E-10,0.1,7.2,97.2%,97.7%,99.7%,Peach Bottom 2.pdf,NA
Peach Bottom 2,2007-10-01,0,0.8,0.0,NA,1.0,0,NA,1.92E-07,-1.27E-07,-1.53E-07,-8.60E-10,4.60E-10,0.1,7.4,97.4%,100.0%,99.8%,Peach Bottom 2.pdf,NA
Peach Bottom 2,2007-11-01,0,0.8,0.0,NA,1.0,0,NA,1.92E-07,-1.27E-07,-1.53E-07,-8.60E-10,4.60E-10,0,7.1,97.4%,100.0%,99.8%,Peach Bottom 2.pdf,NA
Peach Bottom 2,2007-12-01,0,0.8,0.0,NA,1.0,0,NA,1.92E-07,-1.27E-07,-1.53E-07,-8.60E-10,4.60E-10,0.1,7.0,97.4%,100.0%,99.8%,Peach Bottom 2.pdf,NA
Peach Bottom 2,2008-01-01,0,0,0.0,NA,0,0,NA,1.60E-07,-1.27E-07,-1.53E-07,-8.60E-10,2.70E-10,0,7.2,96.6%,100.0%,99.8%,Peach Bottom 2.pdf,NA
Peach Bottom 2,2008-02-01,0,0,0.0,NA,0,0,NA,1.60E-07,-1.27E-07,-1.53E-07,-8.60E-10,2.70E-10,0,7.0,96.6%,100.0%,99.8%,Peach Bottom 2.pdf,NA
Peach Bottom 2,2008-03-01,0,0,0.0,NA,0,0,NA,1.60E-07,-1.27E-07,-1.53E-07,-8.60E-10,2.70E-10,0.1,7.0,96.6%,100.0%,99.8%,Peach Bottom 2.pdf,NA
Peach Bottom 2,2008-04-01,0,0,0.0,NA,0,0,NA,-6.06E-07,-1.27E-07,-1.53E-07,-8.60E-10,-4.44E-10,0.1,7.1,96.4%,100.0%,99.8%,Peach Bottom 2.pdf,NA
Peach Bottom 2,2008-05-01,0,0,0.0,NA,0,0,NA,-6.06E-07,-1.27E-07,-1.53E-07,-8.60E-10,-4.44E-10,0.1,7.2,96.4%,100.0%,99.8%,Peach Bottom 2.pdf,NA
Peach Bottom 2,2008-06-01,0,0,0.0,NA,0,0,NA,-6.06E-07,-1.27E-07,-1.53E-07,-8.60E-10,-4.44E-10,0.1,7.2,96.4%,100.0%,99.8%,Peach Bottom 2.pdf,NA
Peach Bottom 2,2008-07-01,0,0,0.0,NA,0,0,NA,-4.29E-07,-1.27E-07,-1.53E-07,-8.40E-10,1.25E-08,0,7.6,96.5%,100.0%,99.8%,Peach Bottom 2.pdf,NA
Peach Bottom 2,2008-08-01,0,0,0.0,NA,0,0,NA,-4.29E-07,-1.27E-07,-1.53E-07,-8.40E-10,1.25E-08,0.2,7.4,96.5%,100.0%,99.8%,Peach Bottom 2.pdf,NA
Peach Bottom 2,2008-09-01,0,0,0.0,NA,0,0,NA,-4.29E-07,-1.27E-07,-1.53E-07,-8.40E-10,1.25E-08,0,7.2,96.5%,100.0%,99.8%,Peach Bottom 2.pdf,NA
Peach Bottom 2,2008-10-01,0,0.8,0.0,NA,0,0,NA,-4.95E-07,-1.28E-07,-1.53E-07,-8.30E-10,1.45E-08,0,7.0,96.6%,98.5%,99.7%,Peach Bottom 2.pdf,NA
Peach Bottom 2,2008-11-01,0,0.8,0.0,NA,0,0,NA,-4.95E-07,-1.28E-07,-1.53E-07,-8.30E-10,1.45E-08,0,7.1,96.6%,98.5%,99.7%,Peach Bottom 2.pdf,NA
Peach Bottom 2,2008-12-01,0,0.8,0.0,NA,0,0,NA,-4.95E-07,-1.28E-07,-1.53E-07,-8.30E-10,1.45E-08,0,7.1,96.6%,98.5%,99.7%,Peach Bottom 2.pdf,NA
Peach Bottom 2,2009-01-01,0,0,0.0,NA,0,0,NA,-4.34E-07,-1.17E-07,-1.53E-07,-8.30E-10,1.45E-08,0,7.1,96.2%,100.0%,99.7%,Peach Bottom 2.pdf,NA
Peach Bottom 2,2009-02-01,0,0,0.0,NA,0,0,NA,-4.34E-07,-1.17E-07,-1.53E-07,-8.30E-10,1.45E-08,0,7.1,96.2%,100.0%,99.7%,Peach Bottom 2.pdf,NA
Peach Bottom 2,2009-03-01,0,0,0.0,NA,0,0,NA,-4.34E-07,-1.17E-07,-1.53E-07,-8.30E-10,1.45E-08,0,7.1,96.2%,100.0%,99.7%,Peach Bottom 2.pdf,NA
Peach Bottom 2,2009-04-01,0,0,0.0,NA,0,0,NA,-3.00E-07,-1.17E-07,-1.53E-07,-1.05E-09,1.35E-08,0,7.2,96.6%,100.0%,99.8%,Peach Bottom 2.pdf,NA
Peach Bottom 2,2009-05-01,0,0,0.0,NA,0,0,NA,-3.00E-07,-1.17E-07,-1.53E-07,-1.05E-09,1.35E-08,0,7.7,96.6%,100.0%,99.8%,Peach Bottom 2.pdf,NA
Peach Bottom 2,2009-06-01,0,0,0.0,NA,0,0,NA,-3.00E-07,-1.17E-07,-1.53E-07,-1.05E-09,1.35E-08,0,7.4,96.6%,100.0%,99.8%,Peach Bottom 2.pdf,NA
Peach Bottom 2,2009-07-01,0,0,0.0,NA,0,0,NA,-2.90E-07,-1.17E-07,-1.53E-07,-1.11E-09,1.11E-08,0,7.4,97.4%,100.0%,99.8%,Peach Bottom 2.pdf,NA
Peach Bottom 2,2009-08-01,0,0,0.0,NA,0,0,NA,-2.90E-07,-1.17E-07,-1.53E-07,-1.11E-09,1.11E-08,0,7.6,97.4%,100.0%,99.8%,Peach Bottom 2.pdf,NA
Peach Bottom 2,2009-09-01,0,0,0.0,NA,0,0,NA,-2.90E-07,-1.17E-07,-1.53E-07,-1.11E-09,1.11E-08,0.2,7.2,97.4%,100.0%,99.8%,Peach Bottom 2.pdf,NA
Peach Bottom 2,2009-10-01,0,0.8,0.0,NA,0,0,NA,1.08E-07,-1.16E-07,-1.53E-07,-1.10E-09,1.31E-08,0,7.3,97.4%,100.0%,99.8%,Peach Bottom 2.pdf,NA
Peach Bottom 2,2009-11-01,0,0.8,0.0,NA,0,0,NA,1.08E-07,-1.16E-07,-1.53E-07,-1.10E-09,1.31E-08,0,7.3,97.4%,100.0%,99.8%,Peach Bottom 2.pdf,NA
Peach Bottom 2,2009-12-01,0,0.8,0.0,NA,0,0,NA,1.08E-07,-1.16E-07,-1.53E-07,-1.10E-09,1.31E-08,0,7.2,97.4%,100.0%,99.8%,Peach Bottom 2.pdf,NA
Peach Bottom 3,2007-01-01,0,0.8,0.0,0,1,0,4.00E-08,4.00E-08,6.17E-08,-1.95E-07,-2.26E-09,-5.66E-09,0,5.7,97.3%,100.0%,99.3%,Peach Bottom 3.pdf,NA
Peach Bottom 3,2007-02-01,0,0.8,0.0,0,1,0,4.00E-08,4.00E-08,6.17E-08,-1.95E-07,-2.26E-09,-5.66E-09,0,5.6,97.3%,100.0%,99.3%,Peach Bottom 3.pdf,NA
Peach Bottom 3,2007-03-01,0,0.8,0.0,0,1,0,4.00E-08,4.00E-08,6.17E-08,-1.95E-07,-2.26E-09,-5.66E-09,0.1,5.9,97.3%,100.0%,99.3%,Peach Bottom 3.pdf,NA
Peach Bottom 3,2007-04-01,0,0.8,0.0,0,1,0,6.50E-08,6.50E-08,6.17E-08,-1.68E-07,-9.70E-10,-6.87E-09,0,29.6,98.0%,100.0%,99.5%,Peach Bottom 3.pdf,NA
Peach Bottom 3,2007-05-01,0,0.8,0.0,0,1,0,6.50E-08,6.50E-08,6.17E-08,-1.68E-07,-9.70E-10,-6.87E-09,0,30.1,98.0%,100.0%,99.5%,Peach Bottom 3.pdf,NA
Peach Bottom 3,2007-06-01,0,0.8,0.0,0,1,0,6.50E-08,6.50E-08,6.17E-08,-1.68E-07,-9.70E-10,-6.87E-09,0,30.1,98.0%,100.0%,99.5%,Peach Bottom 3.pdf,NA
Peach Bottom 3,2007-07-01,0,0.8,0.0,0,1,0,1.96E-07,1.96E-07,6.19E-08,-1.68E-07,-9.70E-10,-3.76E-09,0.1,30.1,97.2%,97.7%,99.7%,Peach Bottom 3.pdf,NA
Peach Bottom 3,2007-08-01,0,0.8,0.0,0,1,0,1.96E-07,1.96E-07,6.19E-08,-1.68E-07,-9.70E-10,-3.76E-09,0,6.7,97.2%,97.7%,99.7%,Peach Bottom 3.pdf,NA
Peach Bottom 3,2007-09-01,0,0.8,0.0,0,1,0,1.96E-07,1.96E-07,6.19E-08,-1.68E-07,-9.70E-10,-3.76E-09,0,6.6,97.2%,97.7%,99.7%,Peach Bottom 3.pdf,NA
Peach Bottom 3,2007-10-01,0,0.8,0.0,0,1,0,2.12E-07,2.12E-07,6.23E-08,-1.63E-07,-7.20E-10,-3.16E-09,0.1,6.3,97.4%,100.0%,99.8%,Peach Bottom 3.pdf,NA
Peach Bottom 3,2007-11-01,0,0.8,0.0,0,1,0,2.12E-07,2.12E-07,6.23E-08,-1.63E-07,-7.20E-10,-3.16E-09,0.2,6.3,97.4%,100.0%,99.8%,Peach Bottom 3.pdf,NA
Peach Bottom 3,2007-12-01,0,0.8,0.0,0,1,0,2.12E-07,2.12E-07,6.23E-08,-1.63E-07,-7.20E-10,-3.16E-09,0,6.2,97.4%,100.0%,99.8%,Peach Bottom 3.pdf,NA
Peach Bottom 3,2008-01-01,0,0.8,0.0,0,0,0,1.71E-07,1.71E-07,-7.65E-08,-1.64E-07,-7.20E-10,-3.20E-09,0,6.2,96.6%,100.0%,99.8%,Peach Bottom 3.pdf,NA
Peach Bottom 3,2008-02-01,0,0.8,0.0,0,0,0,1.71E-07,1.71E-07,-7.65E-08,-1.64E-07,-7.20E-10,-3.20E-09,0,6.2,96.6%,100.0%,99.8%,Peach Bottom 3.pdf,NA
Peach Bottom 3,2008-03-01,0,0.8,0.0,0,0,0,1.71E-07,1.71E-07,-7.65E-08,-1.64E-07,-7.20E-10,-3.20E-09,0,6.6,96.6%,100.0%,99.8%,Peach Bottom 3.pdf,NA
Peach Bottom 3,2008-04-01,0,0.8,0.0,0,0,0,-4.21E-07,-4.21E-07,-7.62E-08,-1.36E-07,-7.20E-10,-3.20E-09,0.1,6.6,96.4%,100.0%,99.8%,Peach Bottom 3.pdf,NA
Peach Bottom 3,2008-05-01,0,0.8,0.0,0,0,0,-4.21E-07,-4.21E-07,-7.62E-08,-1.36E-07,-7.20E-10,-3.20E-09,0,6.6,96.4%,100.0%,99.8%,Peach Bottom 3.pdf,NA
Peach Bottom 3,2008-06-01,0,0.8,0.0,0,0,0,-4.21E-07,-4.21E-07,-7.62E-08,-1.36E-07,-7.20E-10,-3.20E-09,0.1,6.7,96.4%,100.0%,99.8%,Peach Bottom 3.pdf,NA
Peach Bottom 3,2008-07-01,0,0.8,0.0,0,0,0,-2.80E-07,-2.80E-07,-7.64E-08,-1.35E-07,-7.20E-10,6.00E-09,0,6.7,96.5%,98.6%,99.8%,Peach Bottom 3.pdf,NA
Peach Bottom 3,2008-08-01,0,0.8,0.0,0,0,0,-2.80E-07,-2.80E-07,-7.64E-08,-1.35E-07,-7.20E-10,6.00E-09,0.1,6.7,96.5%,98.6%,99.8%,Peach Bottom 3.pdf,NA
Peach Bottom 3,2008-09-01,0,0.8,0.0,0,0,0,-2.80E-07,-2.80E-07,-7.64E-08,-1.35E-07,-7.20E-10,6.00E-09,0,6.7,96.5%,98.6%,99.8%,Peach Bottom 3.pdf,NA
Peach Bottom 3,2008-10-01,0,0.8,0.0,0,0,0,-3.65E-07,-3.65E-07,-7.68E-08,-1.35E-07,-7.30E-10,9.50E-09,0,6.7,96.6%,98.5%,99.7%,Peach Bottom 3.pdf,NA
Peach Bottom 3,2008-11-01,0,0.8,0.0,0,0,0,-3.65E-07,-3.65E-07,-7.68E-08,-1.35E-07,-7.30E-10,9.50E-09,0,6.6,96.6%,98.5%,99.7%,Peach Bottom 3.pdf,NA
Peach Bottom 3,2008-12-01,0,0.8,0.0,0,0,0,-3.65E-07,-3.65E-07,-7.68E-08,-1.35E-07,-7.30E-10,9.50E-09,0,6.5,96.6%,98.5%,99.7%,Peach Bottom 3.pdf,NA
Peach Bottom 3,2009-01-01,0,1.6,0.0,0,0,0,-3.34E-07,-3.34E-07,-6.71E-08,-1.35E-07,-7.30E-10,9.50E-09,0,6.4,96.2%,100.0%,99.7%,Peach Bottom 3.pdf,NA
Peach Bottom 3,2009-02-01,0,1.6,0.0,0,0,0,-3.34E-07,-3.34E-07,-6.71E-08,-1.35E-07,-7.30E-10,9.50E-09,0,6.6,96.2%,100.0%,99.7%,Peach Bottom 3.pdf,NA
Peach Bottom 3,2009-03-01,0,1.6,0.0,0,0,0,-3.34E-07,-3.34E-07,-6.71E-08,-1.35E-07,-7.30E-10,9.50E-09,0,6.7,96.2%,100.0%,99.7%,Peach Bottom 3.pdf,NA
Peach Bottom 3,2009-04-01,0,2.4,0.0,0,0,0,-2.30E-07,-2.30E-07,-9.40E-08,-1.07E-07,-7.30E-10,8.50E-09,0,6.7,96.6%,100.0%,99.8%,Peach Bottom 3.pdf,NA
Peach Bottom 3,2009-05-01,0,2.4,0.0,0,0,0,-2.30E-07,-2.30E-07,-9.40E-08,-1.07E-07,-7.30E-10,8.50E-09,0,6.8,96.6%,100.0%,99.8%,Peach Bottom 3.pdf,NA
Peach Bottom 3,2009-06-01,0,2.4,0.0,0,0,0,-2.30E-07,-2.30E-07,-9.40E-08,-1.07E-07,-7.30E-10,8.50E-09,0,6.3,96.6%,100.0%,99.8%,Peach Bottom 3.pdf,NA
Peach Bottom 3,2009-07-01,0.9,2.6,0.0,0,0,0,-2.57E-07,-2.57E-07,-9.40E-08,-1.06E-07,-7.20E-10,1.05E-08,0,7.0,97.4%,100.0%,99.8%,Peach Bottom 3.pdf,NA
Peach Bottom 3,2009-08-01,0.9,2.6,0.0,0,0,0,-2.57E-07,-2.57E-07,-9.40E-08,-1.06E-07,-7.20E-10,1.05E-08,0.1,7.0,97.4%,100.0%,99.8%,Peach Bottom 3.pdf,NA
Peach Bottom 3,2009-09-01,0.9,2.6,0.0,0,0,0,-2.57E-07,-2.57E-07,-9.40E-08,-1.06E-07,-7.20E-10,1.05E-08,0,7.1,97.4%,100.0%,99.8%,Peach Bottom 3.pdf,NA
Peach Bottom 3,2009-10-01,0.9,2.6,0.0,1,0,0,5.70E-08,5.70E-08,-9.40E-08,-1.06E-07,-9.31E-10,1.25E-08,0.1,7.2,97.4%,100.0%,99.8%,Peach Bottom 3.pdf,NA
Peach Bottom 3,2009-11-01,0.9,2.6,0.0,1,0,0,5.70E-08,5.70E-08,-9.40E-08,-1.06E-07,-9.31E-10,1.25E-08,0,7.1,97.4%,100.0%,99.8%,Peach Bottom 3.pdf,NA
Peach Bottom 3,2009-12-01,0.9,2.6,0.0,1,0,0,5.70E-08,5.70E-08,-9.40E-08,-1.06E-07,-9.31E-10,1.25E-08,0,6.4,97.4%,100.0%,99.8%,Peach Bottom 3.pdf,NA
Perry 1,2007-08-01,2.0,3.0,0.0,NA,0,0,NA,1.07E-06,-6.00E-08,-3.33E-08,1.20E-08,-4.29E-07,0,7.0,96.8%,96.5%,99.4%,44,NA
Perry 1,2007-09-01,2.0,3.0,0.0,NA,0,0,NA,1.07E-06,-6.00E-08,-3.33E-08,1.20E-08,-4.29E-07,0,7.3,96.8%,96.5%,99.4%,44,NA
Perry 1,2007-10-01,2.0,4.0,1.0,NA,0,0,NA,1.10E-06,-6.10E-08,1.26E-07,1.20E-08,-4.23E-07,0,8.0,96.7%,95.3%,99.3%,44,NA
Perry 1,2007-11-01,2.0,4.0,1.0,NA,0,0,NA,1.10E-06,-6.10E-08,1.26E-07,1.20E-08,-4.23E-07,0,8.3,96.7%,95.3%,99.3%,44,NA
Perry 1,2007-12-01,2.0,4.0,1.0,NA,0,0,NA,1.10E-06,-6.10E-08,1.26E-07,1.20E-08,-4.23E-07,0,7.8,96.7%,95.3%,99.3%,44,NA
Perry 1,2008-01-01,4.0,2.0,1.0,NA,1,0,NA,6.59E-07,-6.10E-08,2.61E-07,1.50E-08,-4.25E-07,0,7.7,96.5%,98.8%,99.2%,44,NA
Perry 1,2008-02-01,4.0,2.0,1.0,NA,1,0,NA,6.59E-07,-6.10E-08,2.61E-07,1.50E-08,-4.25E-07,0,7.7,96.5%,98.8%,99.2%,44,NA
Perry 1,2008-03-01,4.0,2.0,1.0,NA,1,0,NA,6.59E-07,-6.10E-08,2.61E-07,1.50E-08,-4.25E-07,0,7.9,96.5%,98.8%,99.2%,44,NA
Perry 1,2008-04-01,0.9,0,1.0,NA,0,0,NA,6.59E-07,-5.70E-08,3.70E-07,6.20E-08,-4.25E-07,0,7.9,96.5%,97.7%,99.4%,44,NA
Perry 1,2008-05-01,0.9,0,1.0,NA,0,0,NA,6.59E-07,-5.70E-08,3.70E-07,6.20E-08,-4.25E-07,0,8.0,96.5%,97.7%,99.4%,44,NA
Perry 1,2008-06-01,0.9,0,1.0,NA,0,0,NA,6.59E-07,-5.70E-08,3.70E-07,6.20E-08,-4.25E-07,0,7.8,96.5%,97.7%,99.4%,44,NA
Perry 1,2008-07-01,0.8,0,1.0,NA,0,0,NA,6.57E-07,-5.70E-08,3.70E-07,1.05E-07,-4.18E-07,0,8.5,96.2%,98.4%,99.3%,44,NA
Perry 1,2008-08-01,0.8,0,1.0,NA,0,0,NA,6.57E-07,-5.70E-08,3.70E-07,1.05E-07,-4.18E-07,0,7.8,96.2%,98.4%,99.3%,44,NA
Perry 1,2008-09-01,0.8,0,1.0,NA,0,0,NA,6.57E-07,-5.70E-08,3.70E-07,1.05E-07,-4.18E-07,0,8.7,96.2%,98.4%,99.3%,44,NA
Perry 1,2008-10-01,0,0,0.0,NA,0,0,NA,2.72E-07,-5.70E-08,3.70E-07,4.60E-08,-4.05E-07,0,8.5,96.8%,97.1%,99.3%,44,NA
Perry 1,2008-11-01,0,0,0.0,NA,0,0,NA,2.72E-07,-5.70E-08,3.70E-07,4.60E-08,-4.05E-07,0,8.7,96.8%,97.1%,99.3%,44,NA
Perry 1,2008-12-01,0,0,0.0,NA,0,0,NA,2.72E-07,-5.70E-08,3.70E-07,4.60E-08,-4.05E-07,0,9.3,96.8%,97.1%,99.3%,44,NA
Perry 1,2009-01-01,0,0,0.0,NA,1,0,NA,2.79E-07,-5.08E-08,3.70E-07,5.80E-08,-4.00E-07,0,9.4,96.9%,98.8%,99.3%,44,NA
Perry 1,2009-02-01,0,0,0.0,NA,1,0,NA,2.79E-07,-5.08E-08,3.70E-07,5.80E-08,-4.00E-07,0,9.8,96.9%,98.8%,99.3%,44,NA
Perry 1,2009-05-01,1.0,0,0.0,NA,1,0,NA,2.96E-07,-5.67E-08,3.72E-07,-5.96E-08,-3.94E-07,0,10.3,97.3%,97.5%,99.1%,44,NA
Perry 1,2009-06-01,1.0,0,0.0,NA,1,0,NA,2.96E-07,-5.67E-08,3.72E-07,-5.96E-08,-3.94E-07,0,8.3,97.3%,97.5%,99.1%,44,NA
Perry 1,2009-07-01,1.0,1.0,0.0,NA,1,0,NA,3.15E-07,-5.67E-08,3.74E-07,5.40E-08,-3.86E-07,0,8.8,98.1%,98.2%,99.2%,44,NA
Perry 1,2009-08-01,1.0,1.0,0.0,NA,1,0,NA,3.15E-07,-5.67E-08,3.74E-07,5.40E-08,-3.86E-07,0.1,9.9,98.1%,98.2%,99.2%,44,NA
Perry 1,2009-09-01,1.0,1.0,0.0,NA,1,0,NA,3.15E-07,-5.67E-08,3.74E-07,5.40E-08,-3.86E-07,0,11.1,98.1%,98.2%,99.2%,44,NA
Perry 1,2009-10-01,2.2,2.2,0.0,NA,1,0,NA,2.77E-07,-5.66E-08,3.75E-07,5.40E-08,-5.40E-08,0,10.6,98.5%,94.5%,99.2%,44,NA
Perry 1,2009-11-01,2.2,2.2,0.0,NA,1,0,NA,2.77E-07,-5.66E-08,3.75E-07,5.40E-08,-5.40E-08,0,8.1,98.5%,94.5%,99.2%,44,NA
Perry 1,2009-12-01,2.2,2.2,0.0,NA,1,0,NA,2.77E-07,-5.66E-08,3.75E-07,5.40E-08,-5.40E-08,0,7.4,98.5%,94.5%,99.2%,44,NA
Perry 1,2007-01-01,0.8,2.4,NA,NA,0,0,NA,1.25E-06,-5.89E-08,-3.16E-08,1.20E-08,-9.40E-08,0,7.7,97.7%,92.9%,98.6%,44,NA
Perry 1,2007-02-01,0.8,2.4,NA,NA,0,0,NA,1.25E-06,-5.89E-08,-3.16E-08,1.20E-08,-9.40E-08,0,7.3,97.7%,92.9%,98.6%,44,NA
Perry 1,2007-03-01,0.8,2.4,NA,NA,0,0,NA,1.25E-06,-5.89E-08,-3.16E-08,1.20E-08,-9.40E-08,0,7.3,97.7%,92.9%,98.6%,44,NA
Perry 1,2007-04-01,1.9,3.7,NA,NA,0,0,NA,1.26E-06,-6.00E-08,-3.14E-08,1.20E-08,-4.33E-07,0,6.7,97.2%,95.9%,99.5%,44,NA
Perry 1,2007-05-01,1.9,3.7,NA,NA,0,0,NA,1.26E-06,-6.00E-08,-3.14E-08,1.20E-08,-4.33E-07,0,6.7,97.2%,95.9%,99.5%,44,NA
Perry 1,2007-06-01,1.9,3.7,NA,NA,0,0,NA,1.26E-06,-6.00E-08,-3.14E-08,1.20E-08,-4.33E-07,0,6.7,97.2%,95.9%,99.5%,44,NA
Perry 1,2007-07-01,2.0,3.0,0.0,NA,0,0,NA,1.07E-06,-6.00E-08,-3.33E-08,1.20E-08,-4.29E-07,NA,6.7,96.8%,96.5%,99.4%,44,NA
Perry 1,2009-03-01,0,0,0.0,NA,1,0,NA,2.79E-07,-5.08E-08,3.70E-07,5.80E-08,-4.00E-07,NA,NA,96.9%,98.8%,99.3%,44,NA
Perry 1,2009-04-01,1.0,0,0.0,NA,1,0,NA,2.96E-07,-5.67E-08,3.72E-07,-5.96E-08,-3.94E-07,NA,NA,97.3%,97.5%,99.1%,44,NA
Point Beach 1,2007-07-01,0.9,0.9,0.0,1,1,0,NA,-4.00E-07,-7.30E-08,-1.12E-06,-8.10E-08,-4.70E-07,0.1,1.2,97.9%,100.0%,98.8%,9,NA
Point Beach 1,2007-08-01,0.9,0.9,0.0,1,1,0,NA,-4.00E-07,-7.30E-08,-1.12E-06,-8.10E-08,-4.70E-07,0.1,0.2,97.9%,100.0%,98.8%,9,NA
Point Beach 1,2007-09-01,0.9,0.9,0.0,1,1,0,NA,-4.00E-07,-7.30E-08,-1.12E-06,-8.10E-08,-4.70E-07,0.1,0.5,97.9%,100.0%,98.8%,9,NA
Point Beach 1,2007-10-01,0.9,0.9,0.0,1,1,0,NA,-4.20E-07,-7.30E-08,-1.12E-06,-8.10E-08,-5.30E-07,0.1,0.4,98.0%,100.0%,98.5%,9,NA
Point Beach 1,2007-11-01,0.9,0.9,0.0,1,1,0,NA,-4.20E-07,-7.30E-08,-1.12E-06,-8.10E-08,-5.30E-07,0.1,0.3,98.0%,100.0%,98.5%,9,NA
Point Beach 1,2007-12-01,0.9,0.9,0.0,1,1,0,NA,-4.20E-07,-7.30E-08,-1.12E-06,-8.10E-08,-5.30E-07,0.1,0.8,98.0%,100.0%,98.5%,9,NA
Point Beach 1,2008-01-01,1.0,1.9,0.0,1,1,0,NA,-4.20E-07,-6.20E-08,-1.17E-06,-3.30E-08,-4.50E-07,0.1,0.1,97.5%,100.0%,98.2%,9,NA
Point Beach 1,2008-02-01,1.0,1.9,0.0,1,1,0,NA,-4.20E-07,-6.20E-08,-1.17E-06,-3.30E-08,-4.50E-07,0.1,0.1,97.5%,100.0%,98.2%,9,NA
Point Beach 1,2008-03-01,1.0,1.9,0.0,1,1,0,NA,-4.20E-07,-6.20E-08,-1.17E-06,-3.30E-08,-4.50E-07,0.1,0.1,97.5%,100.0%,98.2%,9,NA
Point Beach 1,2008-04-01,0,0.8,0.0,0,0,0,NA,-3.00E-07,-4.70E-08,-8.33E-07,-3.40E-08,-3.70E-07,0.1,0.1,97.3%,100.0%,98.5%,9,NA
Point Beach 1,2008-05-01,0,0.8,0.0,0,0,0,NA,-3.00E-07,-4.70E-08,-8.33E-07,-3.40E-08,-3.70E-07,0.1,0.4,97.3%,100.0%,98.5%,9,NA
Point Beach 1,2008-06-01,0,0.8,0.0,0,0,0,NA,-3.00E-07,-4.70E-08,-8.33E-07,-3.40E-08,-3.70E-07,0.1,0.3,97.3%,100.0%,98.5%,9,NA
Point Beach 1,2008-07-01,0,0.8,0.0,0,0,0,NA,-4.00E-07,-4.70E-08,-8.70E-07,-1.00E-08,-3.50E-07,0.2,0.3,96.6%,100.0%,98.8%,9,NA
Point Beach 1,2008-08-01,0,0.8,0.0,0,0,0,NA,-4.00E-07,-4.70E-08,-8.70E-07,-1.00E-08,-3.50E-07,0.2,0.1,96.6%,100.0%,98.8%,9,NA
Point Beach 1,2008-09-01,0,0.8,0.0,0,0,0,NA,-4.00E-07,-4.70E-08,-8.70E-07,-1.00E-08,-3.50E-07,0.2,0.1,96.6%,100.0%,98.8%,9,NA
Point Beach 1,2008-10-01,0,0.9,0.0,0,0,0,NA,-4.00E-07,-4.70E-08,-8.70E-07,-6.00E-09,-1.93E-06,0.1,0,95.9%,100.0%,99.4%,9,NA
Point Beach 1,2008-11-01,0,0.9,0.0,0,0,0,NA,-4.00E-07,-4.70E-08,-8.70E-07,-6.00E-09,-1.93E-06,0.1,0,95.9%,100.0%,99.4%,9,NA
Point Beach 1,2008-12-01,0,0.9,0.0,0,0,0,NA,-4.00E-07,-4.70E-08,-8.70E-07,-6.00E-09,-1.93E-06,0.1,0.1,95.9%,100.0%,99.4%,9,NA
Point Beach 1,2009-01-01,0,0,0.0,0,0,0,NA,2.00E-08,-2.59E-08,-1.17E-06,-5.00E-09,-1.03E-06,0.1,0.2,94.8%,100.0%,99.7%,9,NA
Point Beach 1,2009-02-01,0,0,0.0,0,0,0,NA,2.00E-08,-2.59E-08,-1.17E-06,-5.00E-09,-1.03E-06,0.1,0.1,94.8%,100.0%,99.7%,9,NA
Point Beach 1,2009-03-01,0,0,0.0,0,0,0,NA,2.00E-08,-2.59E-08,-1.17E-06,-5.00E-09,-1.03E-06,0.1,0.1,94.8%,100.0%,99.7%,9,NA
Point Beach 1,2009-04-01,0,0.9,0.0,0,0,0,NA,-2.00E-08,-2.59E-08,-8.70E-07,6.00E-09,-1.07E-06,0.1,0.2,95.1%,100.0%,99.7%,9,NA
Point Beach 1,2009-05-01,0,0.9,0.0,0,0,0,NA,-2.00E-08,-2.59E-08,-8.70E-07,6.00E-09,-1.07E-06,0.1,0.4,95.1%,100.0%,99.7%,9,NA
Point Beach 1,2009-06-01,0,0.9,0.0,0,0,0,NA,-2.00E-08,-2.59E-08,-8.70E-07,6.00E-09,-1.07E-06,0.1,0.2,95.1%,100.0%,99.7%,9,NA
Point Beach 1,2009-07-01,0,0.9,0.0,0,0,0,NA,-5.90E-08,-2.59E-08,-8.90E-07,8.00E-09,4.50E-07,0.1,0.8,96.7%,100.0%,99.7%,9,NA
Point Beach 1,2009-08-01,0,0.9,0.0,0,0,0,NA,-5.90E-08,-2.59E-08,-8.90E-07,8.00E-09,4.50E-07,0.1,0.5,96.7%,100.0%,99.7%,9,NA
Point Beach 1,2009-09-01,0,0.9,0.0,0,0,0,NA,-5.90E-08,-2.59E-08,-8.90E-07,8.00E-09,4.50E-07,0.1,0.3,96.7%,100.0%,99.7%,9,NA
Point Beach 1,2009-10-01,0,1.6,0.0,0,0,0,NA,-1.70E-07,-2.59E-08,-8.90E-07,1.40E-08,7.80E-07,0.1,0.3,96.7%,100.0%,99.7%,9,NA
Point Beach 1,2009-11-01,0,1.6,0.0,0,0,0,NA,-1.70E-07,-2.59E-08,-8.90E-07,1.40E-08,7.80E-07,0.1,0.5,96.7%,100.0%,99.7%,9,NA
Point Beach 1,2009-12-01,0,1.6,0.0,0,0,0,NA,-1.70E-07,-2.59E-08,-8.90E-07,1.40E-08,7.80E-07,0.1,1.0,96.7%,100.0%,99.7%,9,NA
Point Beach 1,2007-01-01,0,0,NA,1,0,0,NA,-1.10E-07,-7.30E-08,-1.12E-06,-8.70E-08,-4.00E-07,0.2,0.7,97.6%,100.0%,99.1%,9,NA
Point Beach 1,2007-02-01,0,0,NA,1,0,0,NA,-1.10E-07,-7.30E-08,-1.12E-06,-8.70E-08,-4.00E-07,0.2,0.6,97.6%,100.0%,99.1%,9,NA
Point Beach 1,2007-03-01,0,0,NA,1,0,0,NA,-1.10E-07,-7.30E-08,-1.12E-06,-8.70E-08,-4.00E-07,0.2,1.1,97.6%,100.0%,99.1%,9,NA
Point Beach 1,2007-05-01,0.9,0.9,NA,2,1,0,NA,-2.50E-07,-7.30E-08,-1.12E-06,-8.70E-08,-5.00E-07,0.1,17.5,98.4%,100.0%,99.1%,9,NA
Point Beach 1,2007-06-01,0.9,0.9,NA,2,1,0,NA,-2.50E-07,-7.30E-08,-1.12E-06,-8.70E-08,-5.00E-07,0.1,1.4,98.4%,100.0%,99.1%,9,NA
Point Beach 1,2007-04-01,0.9,0.9,NA,2,1,0,NA,-2.50E-07,-7.30E-08,-1.12E-06,-8.70E-08,-5.00E-07,NA,0.6,98.4%,100.0%,99.1%,9,NA
Point Beach 2,2007-01-01,0,0,NA,1,0,0,NA,NA,2.48E-07,-7.90E-07,-4.94E-08,-2.29E-06,0,0.2,97.6%,100.0%,99.1%,1,-1.60E-07
Point Beach 2,2007-02-01,0,0,NA,1,0,0,NA,NA,2.48E-07,-7.90E-07,-4.94E-08,-2.29E-06,0,0.3,97.6%,100.0%,99.1%,1,-1.60E-07
Point Beach 2,2007-03-01,0,0,NA,1,0,0,NA,NA,2.48E-07,-7.90E-07,-4.94E-08,-2.29E-06,0,0.4,97.6%,100.0%,99.1%,1,-1.60E-07
Point Beach 2,2007-04-01,0,0,NA,2,1,0,NA,NA,2.48E-07,-9.60E-07,-2.60E-08,-2.29E-06,0,1.1,98.4%,100.0%,99.1%,1,-1.70E-07
Point Beach 2,2007-05-01,0,0,NA,2,1,0,NA,NA,2.48E-07,-9.60E-07,-2.60E-08,-2.29E-06,0,1.2,98.4%,100.0%,99.1%,1,-1.70E-07
Point Beach 2,2007-06-01,0,0,NA,2,1,0,NA,NA,2.48E-07,-9.60E-07,-2.60E-08,-2.29E-06,0,0.3,98.4%,100.0%,99.1%,1,-1.70E-07
Point Beach 2,2007-07-01,0,0.9,0.0,1,1,0,NA,NA,2.78E-07,-4.60E-07,4.90E-08,-1.43E-06,0,0.3,97.9%,100.0%,98.8%,1,-3.40E-07
Point Beach 2,2007-08-01,0,0.9,0.0,1,1,0,NA,NA,2.78E-07,-4.60E-07,4.90E-08,-1.43E-06,0,0.9,97.9%,100.0%,98.8%,1,-3.40E-07
Point Beach 2,2007-09-01,0,0.9,0.0,1,1,0,NA,NA,2.78E-07,-4.60E-07,4.90E-08,-1.43E-06,0.1,1.5,97.9%,100.0%,98.8%,1,-3.40E-07
Point Beach 2,2007-10-01,0,0.8,0.0,1,1,0,NA,NA,2.77E-07,-2.20E-07,5.30E-08,-1.20E-06,0,0.7,98.0%,100.0%,98.5%,1,-3.60E-07
Point Beach 2,2007-11-01,0,0.8,0.0,1,1,0,NA,NA,2.77E-07,-2.20E-07,5.30E-08,-1.20E-06,0,1.1,98.0%,100.0%,98.5%,1,-3.60E-07
Point Beach 2,2007-12-01,0,0.8,0.0,1,1,0,NA,NA,2.77E-07,-2.20E-07,5.30E-08,-1.20E-06,0,0.5,98.0%,100.0%,98.5%,1,-3.60E-07
Point Beach 2,2008-01-01,0,0.8,0.0,1,1,0,NA,NA,2.71E-07,2.00E-08,3.50E-08,-1.42E-06,0,0.3,97.5%,100.0%,98.2%,1,-3.70E-07
Point Beach 2,2008-02-01,0,0.8,0.0,1,1,0,NA,NA,2.71E-07,2.00E-08,3.50E-08,-1.42E-06,0,0.1,97.5%,100.0%,98.2%,1,-3.70E-07
Point Beach 2,2008-03-01,0,0.8,0.0,1,1,0,NA,NA,2.71E-07,2.00E-08,3.50E-08,-1.42E-06,0,0.5,97.5%,100.0%,98.2%,1,-3.70E-07
Point Beach 2,2008-04-01,0,1.8,0.0,0,0,0,NA,NA,1.91E-07,-3.10E-07,3.00E-08,-1.88E-06,0,0.5,97.3%,100.0%,98.5%,1,-4.00E-07
Point Beach 2,2008-05-01,0,1.8,0.0,0,0,0,NA,NA,1.91E-07,-3.10E-07,3.00E-08,-1.88E-06,0,0.1,97.3%,100.0%,98.5%,1,-4.00E-07
Point Beach 2,2008-06-01,0,1.8,0.0,0,0,0,NA,NA,1.91E-07,-3.10E-07,3.00E-08,-1.88E-06,0,0,97.3%,100.0%,98.5%,1,-4.00E-07
Point Beach 2,2008-07-01,0,0.9,0.0,0,0,0,NA,NA,-3.01E-08,-3.90E-07,2.70E-08,-1.89E-06,0,0.1,96.6%,100.0%,98.8%,1,-5.00E-07
Point Beach 2,2008-08-01,0,0.9,0.0,0,0,0,NA,NA,-3.01E-08,-3.90E-07,2.70E-08,-1.89E-06,0,0.2,96.6%,100.0%,98.8%,1,-5.00E-07
Point Beach 2,2008-09-01,0,0.9,0.0,0,0,0,NA,NA,-3.01E-08,-3.90E-07,2.70E-08,-1.89E-06,0,0.1,96.6%,100.0%,98.8%,1,-5.00E-07
Point Beach 2,2008-10-01,0,0,0.0,0,0,0,NA,NA,-2.90E-08,-8.60E-07,2.80E-08,-4.22E-06,0,0.1,95.9%,100.0%,99.4%,1,-3.00E-07
Point Beach 2,2008-11-01,0,0,0.0,0,0,0,NA,NA,-2.90E-08,-8.60E-07,2.80E-08,-4.22E-06,0,0.1,95.9%,100.0%,99.4%,1,-3.00E-07
Point Beach 2,2008-12-01,0,0,0.0,0,0,0,NA,NA,-2.90E-08,-8.60E-07,2.80E-08,-4.22E-06,0,0.2,95.9%,100.0%,99.4%,1,-3.00E-07
Point Beach 2,2009-01-01,0,0,0.0,0,0,0,NA,NA,-1.51E-08,-8.80E-07,2.50E-08,-2.92E-06,0,0.2,94.8%,100.0%,99.7%,1,5.00E-08
Point Beach 2,2009-02-01,0,0,0.0,0,0,0,NA,NA,-1.51E-08,-8.80E-07,2.50E-08,-2.92E-06,0,0.4,94.8%,100.0%,99.7%,1,5.00E-08
Point Beach 2,2009-03-01,0,0,0.0,0,0,0,NA,NA,-1.51E-08,-8.80E-07,2.50E-08,-2.92E-06,0,0.4,94.8%,100.0%,99.7%,1,5.00E-08
Point Beach 2,2009-04-01,0,0,0.0,0,0,0,NA,NA,-9.50E-09,-6.86E-07,2.00E-08,-2.92E-06,0,0.3,95.1%,100.0%,99.7%,1,-2.00E-08
Point Beach 2,2009-05-01,0,0,0.0,0,0,0,NA,NA,-9.50E-09,-6.86E-07,2.00E-08,-2.92E-06,0,0.3,95.1%,100.0%,99.7%,1,-2.00E-08
Point Beach 2,2009-06-01,0,0,0.0,0,0,0,NA,NA,-9.50E-09,-6.86E-07,2.00E-08,-2.92E-06,0,0.5,95.1%,100.0%,99.7%,1,-2.00E-08
Point Beach 2,2009-07-01,0,0,0.0,0,0,0,NA,NA,-1.36E-08,-7.25E-07,1.80E-08,-8.24E-07,0,0.3,96.7%,100.0%,99.7%,1,-6.00E-08
Point Beach 2,2009-08-01,0,0,0.0,0,0,0,NA,NA,-1.36E-08,-7.25E-07,1.80E-08,-8.24E-07,0,0.3,96.7%,100.0%,99.7%,1,-6.00E-08
Point Beach 2,2009-09-01,0,0,0.0,0,0,0,NA,NA,-1.36E-08,-7.25E-07,1.80E-08,-8.24E-07,0,0.4,96.7%,100.0%,99.7%,1,-6.00E-08
Point Beach 2,2009-10-01,0,0,0.0,0,0,0,NA,NA,-1.54E-08,-6.92E-07,2.60E-08,-5.70E-07,0,0.9,96.7%,100.0%,99.7%,1,-1.88E-07
Point Beach 2,2009-11-01,0,0,0.0,0,0,0,NA,NA,-1.54E-08,-6.92E-07,2.60E-08,-5.70E-07,NA,0,96.7%,100.0%,99.7%,1,-1.88E-07
Point Beach 2,2009-12-01,0,0,0.0,0,0,0,NA,NA,-1.54E-08,-6.92E-07,2.60E-08,-5.70E-07,0,1.0,96.7%,100.0%,99.7%,1,-1.88E-07
Prairie Island 1,2007-07-01,0,0.8,0.0,0,1,0,NA,-6.30E-08,3.64E-08,1.36E-07,-1.29E-07,-3.30E-08,0,0,97.3%,97.5%,99.1%,10,NA
Prairie Island 1,2007-08-01,0,0.8,0.0,0,1,0,NA,-6.30E-08,3.64E-08,1.36E-07,-1.29E-07,-3.30E-08,0,0,97.3%,97.5%,99.1%,10,NA
Prairie Island 1,2007-09-01,0,0.8,0.0,0,1,0,NA,-6.30E-08,3.64E-08,1.36E-07,-1.29E-07,-3.30E-08,0,0,97.3%,97.5%,99.1%,10,NA
Prairie Island 1,2007-10-01,0,1.6,0.0,0,0,0,NA,-2.70E-08,3.73E-08,1.19E-07,-1.03E-07,1.00E-07,0,0,97.1%,100.0%,99.3%,10,NA
Prairie Island 1,2007-11-01,0,1.6,0.0,0,0,0,NA,-2.70E-08,3.73E-08,1.19E-07,-1.03E-07,1.00E-07,0,0,97.1%,100.0%,99.3%,10,NA
Prairie Island 1,2007-12-01,0,1.6,0.0,0,0,0,NA,-2.70E-08,3.73E-08,1.19E-07,-1.03E-07,1.00E-07,0,0,97.1%,100.0%,99.3%,10,NA
Prairie Island 1,2008-01-01,0,1.8,0.0,1,0,0,NA,-3.50E-08,3.54E-08,3.29E-07,-1.31E-07,1.90E-07,0,0,96.4%,99.4%,99.5%,10,NA
Prairie Island 1,2008-02-01,0,1.8,0.0,1,0,0,NA,-3.50E-08,3.54E-08,3.29E-07,-1.31E-07,1.90E-07,0,0,96.4%,99.4%,99.5%,10,NA
Prairie Island 1,2008-04-01,0,0.9,0.0,1,0,0,NA,-3.20E-08,3.54E-08,3.29E-07,-1.31E-07,1.00E-07,0,0,96.1%,97.5%,98.8%,10,NA
Prairie Island 1,2008-05-01,0,0.9,0.0,1,0,0,NA,-3.20E-08,3.54E-08,3.29E-07,-1.31E-07,1.00E-07,0,0,96.1%,97.5%,98.8%,10,NA
Prairie Island 1,2008-06-01,0,0.9,0.0,1,0,0,NA,-3.20E-08,3.54E-08,3.29E-07,-1.31E-07,1.00E-07,0,0,96.1%,97.5%,98.8%,10,NA
Prairie Island 1,2008-07-01,0.9,0.9,0.0,2,0,0,NA,-9.60E-08,3.54E-08,4.49E-07,-1.31E-07,-7.00E-08,0,0,95.7%,98.2%,98.8%,10,NA
Prairie Island 1,2008-08-01,0.9,0.9,0.0,2,0,0,NA,-9.60E-08,3.54E-08,4.49E-07,-1.31E-07,-7.00E-08,0,0,95.7%,98.2%,98.8%,10,NA
Prairie Island 1,2008-09-01,0.9,0.9,0.0,2,0,0,NA,-9.60E-08,3.54E-08,4.49E-07,-1.31E-07,-7.00E-08,0,0,95.7%,98.2%,98.8%,10,NA
Prairie Island 1,2008-10-01,0.9,0,0.0,2,0,0,NA,-1.21E-07,3.54E-08,4.49E-07,-1.31E-07,-3.80E-07,0,0,95.3%,99.4%,98.8%,10,NA
Prairie Island 1,2008-11-01,0.9,0,0.0,2,0,0,NA,-1.21E-07,3.54E-08,4.49E-07,-1.31E-07,-3.80E-07,0,0,95.3%,99.4%,98.8%,10,NA
Prairie Island 1,2008-12-01,0.9,0,0.0,2,0,0,NA,-1.21E-07,3.54E-08,4.49E-07,-1.31E-07,-3.80E-07,0,0,95.3%,99.4%,98.8%,10,NA
Prairie Island 1,2009-01-01,0.8,0,0.0,1,0,0,NA,-3.00E-09,3.54E-08,4.49E-07,-6.70E-08,-1.10E-07,0,0.5,95.8%,100.0%,98.9%,10,NA
Prairie Island 1,2009-02-01,0.8,0,0.0,1,0,0,NA,-3.00E-09,3.54E-08,4.49E-07,-6.70E-08,-1.10E-07,0,1.3,95.8%,100.0%,98.9%,10,NA
Prairie Island 1,2009-03-01,0.8,0,0.0,1,0,0,NA,-3.00E-09,3.54E-08,4.49E-07,-6.70E-08,-1.10E-07,0,1.3,95.8%,100.0%,98.9%,10,NA
Prairie Island 1,2009-04-01,1.6,0.8,0.0,3,0,0,NA,7.50E-08,3.63E-08,2.32E-07,-5.20E-08,7.00E-08,0,1.1,95.9%,100.0%,99.8%,10,NA
Prairie Island 1,2009-05-01,1.6,0.8,0.0,3,0,0,NA,7.50E-08,3.63E-08,2.32E-07,-5.20E-08,7.00E-08,0,1.9,95.9%,100.0%,99.8%,10,NA
Prairie Island 1,2009-06-01,1.6,0.8,0.0,3,0,0,NA,7.50E-08,3.63E-08,2.32E-07,-5.20E-08,7.00E-08,0,3.5,95.9%,100.0%,99.8%,10,NA
Prairie Island 1,2009-07-01,0.9,0.9,0.0,2,0,0,NA,1.52E-07,3.72E-08,2.33E-07,-5.80E-08,-5.00E-08,0,0,96.5%,98.8%,99.8%,10,NA
Prairie Island 1,2009-08-01,0.9,0.9,0.0,2,0,0,NA,1.52E-07,3.72E-08,2.33E-07,-5.80E-08,-5.00E-08,0,0,96.5%,98.8%,99.8%,10,NA
Prairie Island 1,2009-09-01,0.9,0.9,0.0,2,0,0,NA,1.52E-07,3.72E-08,2.33E-07,-5.80E-08,-5.00E-08,0,0,96.5%,98.8%,99.8%,10,NA
Prairie Island 1,2009-12-01,0.9,0,0.0,3,0,0,NA,1.63E-07,3.65E-08,2.34E-07,-8.50E-08,-2.00E-07,0,1.3,96.7%,97.5%,99.8%,10,NA
Prairie Island 1,2007-01-01,0.9,0,NA,0,2,0,NA,-6.10E-08,3.64E-08,1.39E-07,-1.39E-07,1.35E-07,0,0,97.2%,95.2%,99.0%,10,NA
Prairie Island 1,2007-02-01,0.9,0,NA,0,2,0,NA,-6.10E-08,3.64E-08,1.39E-07,-1.39E-07,1.35E-07,0,0,97.2%,95.2%,99.0%,10,NA
Prairie Island 1,2007-03-01,0.9,0,NA,0,2,0,NA,-6.10E-08,3.64E-08,1.39E-07,-1.39E-07,1.35E-07,0,0,97.2%,95.2%,99.0%,10,NA
Prairie Island 1,2007-04-01,0,0.8,NA,0,1,0,NA,-6.20E-08,3.64E-08,1.37E-07,-1.39E-07,6.00E-08,0,0,97.1%,95.2%,98.9%,10,NA
Prairie Island 1,2007-05-01,0,0.8,NA,0,1,0,NA,-6.20E-08,3.64E-08,1.37E-07,-1.39E-07,6.00E-08,0,0,97.1%,95.2%,98.9%,10,NA
Prairie Island 1,2007-06-01,0,0.8,NA,0,1,0,NA,-6.20E-08,3.64E-08,1.37E-07,-1.39E-07,6.00E-08,0,0,97.1%,95.2%,98.9%,10,NA
Prairie Island 1,2008-03-01,0,1.8,0.0,1,0,0,NA,-3.50E-08,3.54E-08,3.29E-07,-1.31E-07,1.90E-07,NA,0,96.4%,99.4%,99.5%,10,NA
Prairie Island 1,2009-11-01,0.9,0,0.0,3,0,0,NA,1.63E-07,3.65E-08,2.34E-07,-8.50E-08,-2.00E-07,NA,1.0,96.7%,97.5%,99.8%,10,NA
Prairie Island 1,2009-10-01,0.9,0,0.0,3,0,0,NA,1.63E-07,3.65E-08,2.34E-07,-8.50E-08,-2.00E-07,NA,NA,96.7%,97.5%,99.8%,10,NA
Prairie Island 2,2007-07-01,0.9,0.9,1.0,0,2,0,2.30E-08,2.30E-08,-1.93E-08,-1.44E-07,-1.65E-07,-7.80E-08,0,0,97.3%,97.5%,99.1%,5,NA
Prairie Island 2,2007-08-01,0.9,0.9,1.0,0,2,0,2.30E-08,2.30E-08,-1.93E-08,-1.44E-07,-1.65E-07,-7.80E-08,0,0,97.3%,97.5%,99.1%,5,NA
Prairie Island 2,2007-09-01,0.9,0.9,1.0,0,2,0,2.30E-08,2.30E-08,-1.93E-08,-1.44E-07,-1.65E-07,-7.80E-08,0,0,97.3%,97.5%,99.1%,5,NA
Prairie Island 2,2007-10-01,0.8,0.8,1.0,0,0,0,9.50E-08,9.50E-08,-2.01E-08,-1.54E-07,-1.67E-07,2.00E-07,0,0,97.1%,100.0%,99.3%,5,NA
Prairie Island 2,2007-11-01,0.8,0.8,1.0,0,0,0,9.50E-08,9.50E-08,-2.01E-08,-1.54E-07,-1.67E-07,2.00E-07,0,0,97.1%,100.0%,99.3%,5,NA
Prairie Island 2,2007-12-01,0.8,0.8,1.0,0,0,0,9.50E-08,9.50E-08,-2.01E-08,-1.54E-07,-1.67E-07,2.00E-07,0,0,97.1%,100.0%,99.3%,5,NA
Prairie Island 2,2008-01-01,0.8,1.6,1.0,0,0,0,9.60E-08,9.60E-08,-2.02E-08,-1.66E-07,-1.67E-07,2.10E-07,0,0,96.4%,99.4%,99.5%,5,NA
Prairie Island 2,2008-02-01,0.8,1.6,1.0,0,0,0,9.60E-08,9.60E-08,-2.02E-08,-1.66E-07,-1.67E-07,2.10E-07,0,0,96.4%,99.4%,99.5%,5,NA
Prairie Island 2,2008-03-01,0.8,1.6,1.0,0,0,0,9.60E-08,9.60E-08,-2.02E-08,-1.66E-07,-1.67E-07,2.10E-07,0,0,96.4%,99.4%,99.5%,5,NA
Prairie Island 2,2008-04-01,0,0.8,0.0,0,0,0,7.30E-08,7.30E-08,-2.08E-08,-1.58E-07,-1.42E-07,1.20E-07,0,0,96.1%,97.5%,98.8%,5,NA
Prairie Island 2,2008-05-01,0,0.8,0.0,0,0,0,7.30E-08,7.30E-08,-2.08E-08,-1.58E-07,-1.42E-07,1.20E-07,0,0,96.1%,97.5%,98.8%,5,NA
Prairie Island 2,2008-06-01,0,0.8,0.0,0,0,0,7.30E-08,7.30E-08,-2.08E-08,-1.58E-07,-1.42E-07,1.20E-07,0,0,96.1%,97.5%,98.8%,5,NA
Prairie Island 2,2008-07-01,0,0.8,0.0,0,0,0,7.60E-08,7.60E-08,-2.06E-08,-1.67E-07,-1.52E-07,-3.20E-07,0,5.0,95.7%,98.2%,98.8%,5,NA
Prairie Island 2,2008-08-01,0,0.8,0.0,0,0,0,7.60E-08,7.60E-08,-2.06E-08,-1.67E-07,-1.52E-07,-3.20E-07,0,7.4,95.7%,98.2%,98.8%,5,NA
Prairie Island 2,2008-09-01,0,0.8,0.0,0,0,0,7.60E-08,7.60E-08,-2.06E-08,-1.67E-07,-1.52E-07,-3.20E-07,0,2.1,95.7%,98.2%,98.8%,5,NA
Prairie Island 2,2008-11-01,0.9,0.9,0.0,1,0,0,7.90E-08,7.90E-08,-1.85E-08,-1.60E-07,-1.72E-07,-3.80E-07,0,0,95.3%,99.4%,98.8%,5,NA
Prairie Island 2,2008-12-01,0.9,0.9,0.0,1,0,0,7.90E-08,7.90E-08,-1.85E-08,-1.60E-07,-1.72E-07,-3.80E-07,0,2.0,95.3%,99.4%,98.8%,5,NA
Prairie Island 2,2009-01-01,0.9,0,0.0,1,0,0,7.90E-08,7.90E-08,-1.88E-08,-1.62E-07,-1.31E-07,-1.00E-07,0,0.4,95.8%,100.0%,98.9%,5,NA
Prairie Island 2,2009-02-01,0.9,0,0.0,1,0,0,7.90E-08,7.90E-08,-1.88E-08,-1.62E-07,-1.31E-07,-1.00E-07,0,2.4,95.8%,100.0%,98.9%,5,NA
Prairie Island 2,2009-03-01,0.9,0,0.0,1,0,0,7.90E-08,7.90E-08,-1.88E-08,-1.62E-07,-1.31E-07,-1.00E-07,0,2.6,95.8%,100.0%,98.9%,5,NA
Prairie Island 2,2009-04-01,0.9,0,0.0,2,0,0,1.29E-07,1.29E-07,-1.88E-08,-1.39E-07,-1.31E-07,2.00E-07,0,0.3,95.9%,100.0%,99.8%,5,NA
Prairie Island 2,2009-05-01,0.9,0,0.0,2,0,0,1.29E-07,1.29E-07,-1.88E-08,-1.39E-07,-1.31E-07,2.00E-07,0,0,95.9%,100.0%,99.8%,5,NA
Prairie Island 2,2009-06-01,0.9,0,0.0,2,0,0,1.29E-07,1.29E-07,-1.88E-08,-1.39E-07,-1.31E-07,2.00E-07,0,0,95.9%,100.0%,99.8%,5,NA
Prairie Island 2,2009-07-01,0.9,0,0.0,1,0,0,1.29E-07,1.29E-07,-1.23E-08,-1.39E-07,-1.31E-07,3.90E-07,0,0.6,96.5%,98.8%,99.8%,5,NA
Prairie Island 2,2009-08-01,0.9,0,0.0,1,0,0,1.29E-07,1.29E-07,-1.23E-08,-1.39E-07,-1.31E-07,3.90E-07,0,0,96.5%,98.8%,99.8%,5,NA
Prairie Island 2,2009-09-01,0.9,0,0.0,1,0,0,1.29E-07,1.29E-07,-1.23E-08,-1.39E-07,-1.31E-07,3.90E-07,0,0.1,96.5%,98.8%,99.8%,5,NA
Prairie Island 2,2009-10-01,0,0,0.0,2,0,0,1.19E-07,1.19E-07,-5.00E-09,-1.43E-07,-1.12E-07,2.60E-07,0,0.1,96.7%,96.4%,99.8%,5,NA
Prairie Island 2,2009-11-01,0,0,0.0,2,0,0,1.19E-07,1.19E-07,-5.00E-09,-1.43E-07,-1.12E-07,2.60E-07,0,0,96.7%,96.4%,99.8%,5,NA
Prairie Island 2,2009-12-01,0,0,0.0,2,0,0,1.19E-07,1.19E-07,-5.00E-09,-1.43E-07,-1.12E-07,2.60E-07,0,0,96.7%,96.4%,99.8%,5,NA
Prairie Island 2,2007-01-01,0,0,NA,0,2,0,4.53E-07,4.53E-07,-2.34E-08,-1.53E-07,-1.65E-07,-4.30E-08,0,0,97.2%,95.2%,99.0%,5,NA
Prairie Island 2,2007-02-01,0,0,NA,0,2,0,4.53E-07,4.53E-07,-2.34E-08,-1.53E-07,-1.65E-07,-4.30E-08,0,0,97.2%,95.2%,99.0%,5,NA
Prairie Island 2,2007-03-01,0,0,NA,0,2,0,4.53E-07,4.53E-07,-2.34E-08,-1.53E-07,-1.65E-07,-4.30E-08,0,0,97.2%,95.2%,99.0%,5,NA
Prairie Island 2,2007-04-01,0.9,0.9,NA,0,2,0,6.08E-07,6.08E-07,-2.34E-08,-1.33E-07,-1.65E-07,-6.90E-08,0,0,97.1%,95.2%,98.9%,5,NA
Prairie Island 2,2007-05-01,0.9,0.9,NA,0,2,0,6.08E-07,6.08E-07,-2.34E-08,-1.33E-07,-1.65E-07,-6.90E-08,0,0,97.1%,95.2%,98.9%,5,NA
Prairie Island 2,2007-06-01,0.9,0.9,NA,0,2,0,6.08E-07,6.08E-07,-2.34E-08,-1.33E-07,-1.65E-07,-6.90E-08,0,0,97.1%,95.2%,98.9%,5,NA
Prairie Island 2,2008-10-01,0.9,0.9,0.0,1,0,0,7.90E-08,7.90E-08,-1.85E-08,-1.60E-07,-1.72E-07,-3.80E-07,NA,0,95.3%,99.4%,98.8%,5,NA
Prairie Island 2,2007-04-01,0.9,0.9,1.0,0,2,0,NA,6.08E-07,-2.34E-08,-1.53E-07,-1.65E-07,-6.90E-08,0,0,97.1%,95.2%,98.9%,12,NA
Prairie Island 2,2007-05-01,0.9,0.9,1.0,0,2,0,NA,6.08E-07,-2.34E-08,-1.53E-07,-1.65E-07,-6.90E-08,0,0,97.1%,95.2%,98.9%,12,NA
Prairie Island 2,2007-06-01,0.9,0.9,1.0,0,2,0,NA,6.08E-07,-2.34E-08,-1.53E-07,-1.65E-07,-6.90E-08,0,0,97.1%,95.2%,98.9%,12,NA
Prairie Island 2,2007-07-01,0.9,0.9,1.0,0,2,0,NA,2.30E-08,-1.93E-08,-1.44E-07,-1.65E-07,-7.80E-08,0,0,97.3%,97.5%,99.1%,12,NA
Prairie Island 2,2007-08-01,0.9,0.9,1.0,0,2,0,NA,2.30E-08,-1.93E-08,-1.44E-07,-1.65E-07,-7.80E-08,0,0,97.3%,97.5%,99.1%,12,NA
Prairie Island 2,2007-09-01,0.9,0.9,1.0,0,2,0,NA,2.30E-08,-1.93E-08,-1.44E-07,-1.65E-07,-7.80E-08,0,0,97.3%,97.5%,99.1%,12,NA
Prairie Island 2,2007-10-01,0.8,0.8,1.0,0,0,0,NA,9.50E-08,-2.01E-08,-1.54E-07,-1.67E-07,2.00E-07,0,0,97.1%,100.0%,99.3%,12,NA
Prairie Island 2,2007-11-01,0.8,0.8,1.0,0,0,0,NA,9.50E-08,-2.01E-08,-1.54E-07,-1.67E-07,2.00E-07,0,0,97.1%,100.0%,99.3%,12,NA
Prairie Island 2,2007-12-01,0.8,0.8,1.0,0,0,0,NA,9.50E-08,-2.01E-08,-1.54E-07,-1.67E-07,2.00E-07,0,0,97.1%,100.0%,99.3%,12,NA
Prairie Island 2,2008-01-01,0.8,1.6,1.0,0,0,0,NA,9.60E-08,-2.02E-08,-1.66E-07,-1.67E-07,2.10E-07,0,0,96.4%,99.4%,99.5%,12,NA
Prairie Island 2,2008-02-01,0.8,1.6,1.0,0,0,0,NA,9.60E-08,-2.02E-08,-1.66E-07,-1.67E-07,2.10E-07,0,0,96.4%,99.4%,99.5%,12,NA
Prairie Island 2,2008-03-01,0.8,1.6,1.0,0,0,0,NA,9.60E-08,-2.02E-08,-1.66E-07,-1.67E-07,2.10E-07,0,0,96.4%,99.4%,99.5%,12,NA
Prairie Island 2,2008-04-01,0,0.8,0.0,0,0,0,NA,7.30E-08,-2.08E-08,-1.58E-07,-1.42E-07,1.20E-07,0,0,96.1%,97.5%,98.8%,12,NA
Prairie Island 2,2008-05-01,0,0.8,0.0,0,0,0,NA,7.30E-08,-2.08E-08,-1.58E-07,-1.42E-07,1.20E-07,0,0,96.1%,97.5%,98.8%,12,NA
Prairie Island 2,2008-06-01,0,0.8,0.0,0,0,0,NA,7.30E-08,-2.08E-08,-1.58E-07,-1.42E-07,1.20E-07,0,0,96.1%,97.5%,98.8%,12,NA
Prairie Island 2,2008-07-01,0,0.8,0.0,1,0,0,NA,7.60E-08,-2.06E-08,-1.67E-07,-1.52E-07,-3.20E-07,0,5.0,95.7%,98.2%,98.8%,12,NA
Prairie Island 2,2008-08-01,0,0.8,0.0,1,0,0,NA,7.60E-08,-2.06E-08,-1.67E-07,-1.52E-07,-3.20E-07,0,7.4,95.7%,98.2%,98.8%,12,NA
Prairie Island 2,2008-09-01,0,0.8,0.0,1,0,0,NA,7.60E-08,-2.06E-08,-1.67E-07,-1.52E-07,-3.20E-07,0,2.1,95.7%,98.2%,98.8%,12,NA
Prairie Island 2,2008-10-01,0.9,0.9,0.0,1,0,0,NA,7.90E-08,-1.85E-08,-1.60E-07,-1.72E-07,-3.80E-07,0,0,95.3%,99.4%,98.8%,12,NA
Prairie Island 2,2008-11-01,0.9,0.9,0.0,1,0,0,NA,7.90E-08,-1.85E-08,-1.60E-07,-1.72E-07,-3.80E-07,0,0,95.3%,99.4%,98.8%,12,NA
Prairie Island 2,2008-12-01,0.9,0.9,0.0,1,0,0,NA,7.90E-08,-1.85E-08,-1.60E-07,-1.72E-07,-3.80E-07,0,2.0,95.3%,99.4%,98.8%,12,NA
Prairie Island 2,2009-01-01,0.9,0,0.0,1,0,0,NA,7.90E-08,-1.88E-08,-1.62E-07,-1.31E-07,-1.00E-07,0,0.4,95.8%,100.0%,98.9%,12,NA
Prairie Island 2,2009-02-01,0.9,0,0.0,1,0,0,NA,7.90E-08,-1.88E-08,-1.62E-07,-1.31E-07,-1.00E-07,0,2.4,95.8%,100.0%,98.9%,12,NA
Prairie Island 2,2009-03-01,0.9,0,0.0,1,0,0,NA,7.90E-08,-1.88E-08,-1.62E-07,-1.31E-07,-1.00E-07,0,2.6,95.8%,100.0%,98.9%,12,NA
Prairie Island 2,2009-04-01,0.9,0,0.0,2,0,0,NA,1.29E-07,-1.88E-08,-1.39E-07,-1.31E-07,2.00E-07,0,0.3,95.9%,100.0%,99.8%,12,NA
Prairie Island 2,2009-05-01,0.9,0,0.0,2,0,0,NA,1.29E-07,-1.88E-08,-1.39E-07,-1.31E-07,2.00E-07,0,0,95.9%,100.0%,99.8%,12,NA
Prairie Island 2,2009-06-01,0.9,0,0.0,2,0,0,NA,1.29E-07,-1.88E-08,-1.39E-07,-1.31E-07,2.00E-07,0,0,95.9%,100.0%,99.8%,12,NA
Prairie Island 2,2009-07-01,0.9,0,0.0,1,0,0,NA,1.29E-07,-1.23E-08,-1.39E-07,-1.31E-07,3.90E-07,0,0.6,96.5%,98.8%,99.8%,12,NA
Prairie Island 2,2009-08-01,0.9,0,0.0,1,0,0,NA,1.29E-07,-1.23E-08,-1.39E-07,-1.31E-07,3.90E-07,0,0,96.5%,98.8%,99.8%,12,NA
Prairie Island 2,2009-09-01,0.9,0,0.0,1,0,0,NA,1.29E-07,-1.23E-08,-1.39E-07,-1.31E-07,3.90E-07,0,0.1,96.5%,98.8%,99.8%,12,NA
Prairie Island 2,2009-10-01,0,0,0.0,2,0,0,NA,1.19E-07,-5.00E-09,-1.43E-07,-1.12E-07,2.60E-07,0,0.1,96.7%,97.5%,99.8%,12,NA
Prairie Island 2,2009-11-01,0,0,0.0,2,0,0,NA,1.19E-07,-5.00E-09,-1.43E-07,-1.12E-07,2.60E-07,0,0,96.7%,97.5%,99.8%,12,NA
Prairie Island 2,2009-12-01,0,0,0.0,2,0,0,NA,1.19E-07,-5.00E-09,-1.43E-07,-1.12E-07,2.60E-07,0,0,96.7%,97.5%,99.8%,12,NA
Prairie Island 2,2007-01-01,0,0,NA,0,2,0,4.53E-07,4.53E-07,-2.34E-08,-1.53E-07,-1.65E-07,-4.30E-08,0,0,97.2%,95.2%,99.0%,30,NA
Prairie Island 2,2007-02-01,0,0,NA,0,2,0,4.53E-07,4.53E-07,-2.34E-08,-1.53E-07,-1.65E-07,-4.30E-08,0,0,97.2%,95.2%,99.0%,30,NA
Prairie Island 2,2007-03-01,0,0,NA,0,2,0,4.53E-07,4.53E-07,-2.34E-08,-1.53E-07,-1.65E-07,-4.30E-08,0,0,97.2%,95.2%,99.0%,30,NA
Prairie Island 2,2007-01-01,0,0,NA,0,2,0,NA,4.53E-07,-2.34E-08,-1.53E-07,-1.65E-07,-4.30E-08,0,0,97.2%,95.2%,99.0%,12,NA
Prairie Island 2,2007-02-01,0,0,NA,0,2,0,NA,4.53E-07,-2.34E-08,-1.53E-07,-1.65E-07,-4.30E-08,0,0,97.2%,95.2%,99.0%,12,NA
Prairie Island 2,2007-03-01,0,0,NA,0,2,0,NA,4.53E-07,-2.34E-08,-1.53E-07,-1.65E-07,-4.30E-08,0,0,97.2%,95.2%,99.0%,12,NA
Quad Cities 1,2007-07-01,0,0,0.0,NA,0,0,NA,-5.63E-07,1.00E-09,-5.50E-08,-1.70E-07,1.64E-07,0,6.8,98.5%,100.0%,99.7%,47,NA
Quad Cities 1,2007-08-01,0,0,0.0,NA,0,0,NA,-5.63E-07,1.00E-09,-5.50E-08,-1.70E-07,1.64E-07,0,7.6,98.5%,100.0%,99.7%,47,NA
Quad Cities 1,2007-09-01,0,0,0.0,NA,0,0,NA,-5.63E-07,1.00E-09,-5.50E-08,-1.70E-07,1.64E-07,0,7.7,98.5%,100.0%,99.7%,47,NA
Quad Cities 1,2007-10-01,0,0,0.0,NA,0,0,NA,-2.00E-07,-2.00E-09,-5.50E-08,-1.91E-07,1.14E-07,0,6.4,98.5%,100.0%,99.6%,47,NA
Quad Cities 1,2007-11-01,0,0,0.0,NA,0,0,NA,-2.00E-07,-2.00E-09,-5.50E-08,-1.91E-07,1.14E-07,0,6.4,98.5%,100.0%,99.6%,47,NA
Quad Cities 1,2007-12-01,0,0,0.0,NA,0,0,NA,-2.00E-07,-2.00E-09,-5.50E-08,-1.91E-07,1.14E-07,0,6.2,98.5%,100.0%,99.6%,47,NA
Quad Cities 1,2008-01-01,0,0,0.0,NA,0,0,NA,-6.30E-08,-1.20E-08,7.80E-08,-1.53E-07,-6.60E-09,0,6.2,99.1%,98.6%,99.7%,47,NA
Quad Cities 1,2008-02-01,0,0,0.0,NA,0,0,NA,-6.30E-08,-1.20E-08,7.80E-08,-1.53E-07,-6.60E-09,0,6.2,99.1%,98.6%,99.7%,47,NA
Quad Cities 1,2008-03-01,0,0,0.0,NA,0,0,NA,-6.30E-08,-1.20E-08,7.80E-08,-1.53E-07,-6.60E-09,0.2,6.2,99.1%,98.6%,99.7%,47,NA
Quad Cities 1,2008-04-01,0,0,0.0,NA,0,0,NA,-9.59E-08,-1.00E-08,8.20E-08,-1.24E-07,3.39E-08,0,6.2,99.4%,95.9%,99.6%,47,NA
Quad Cities 1,2008-05-01,0,0,0.0,NA,0,0,NA,-9.59E-08,-1.00E-08,8.20E-08,-1.24E-07,3.39E-08,0,6.2,99.4%,95.9%,99.6%,47,NA
Quad Cities 1,2008-06-01,0,0,0.0,NA,0,0,NA,-9.59E-08,-1.00E-08,8.20E-08,-1.24E-07,3.39E-08,0,6.2,99.4%,95.9%,99.6%,47,NA
Quad Cities 1,2008-07-01,0,0,0.0,NA,0,0,NA,-9.23E-08,-1.00E-08,8.20E-08,-1.24E-07,3.39E-08,0,6.5,99.4%,100.0%,99.5%,47,NA
Quad Cities 1,2008-08-01,0,0,0.0,NA,0,0,NA,-9.23E-08,-1.00E-08,8.20E-08,-1.24E-07,3.39E-08,0,6.5,99.4%,100.0%,99.5%,47,NA
Quad Cities 1,2008-09-01,0,0,0.0,NA,0,0,NA,-9.23E-08,-1.00E-08,8.20E-08,-1.24E-07,3.39E-08,0,6.3,99.4%,100.0%,99.5%,47,NA
Quad Cities 1,2008-10-01,0,0,0.0,NA,0,0,NA,-9.60E-08,-1.30E-08,8.20E-08,-1.08E-07,3.29E-08,0,6.3,98.9%,100.0%,99.6%,47,NA
Quad Cities 1,2008-11-01,0,0,0.0,NA,0,0,NA,-9.60E-08,-1.30E-08,8.20E-08,-1.08E-07,3.29E-08,0,6.3,98.9%,100.0%,99.6%,47,NA
Quad Cities 1,2008-12-01,0,0,0.0,NA,0,0,NA,-9.60E-08,-1.30E-08,8.20E-08,-1.08E-07,3.29E-08,0,6.4,98.9%,100.0%,99.6%,47,NA
Quad Cities 1,2009-01-01,0,0,0.0,NA,0,0,NA,-9.20E-08,4.00E-09,8.90E-08,-8.60E-08,7.09E-08,0,6.4,98.8%,100.0%,99.6%,47,NA
Quad Cities 1,2009-02-01,0,0,0.0,NA,0,0,NA,-9.20E-08,4.00E-09,8.90E-08,-8.60E-08,7.09E-08,0.1,6.5,98.8%,100.0%,99.6%,47,NA
Quad Cities 1,2009-03-01,0,0,0.0,NA,0,0,NA,-9.20E-08,4.00E-09,8.90E-08,-8.60E-08,7.09E-08,0,6.5,98.8%,100.0%,99.6%,47,NA
Quad Cities 1,2009-04-01,0,0,0.0,NA,0,0,NA,-8.90E-08,0.00E+00,7.71E-08,-8.40E-08,7.10E-08,0,7.0,98.4%,100.0%,99.7%,47,NA
Quad Cities 1,2009-06-01,0,0,0.0,NA,0,0,NA,-8.90E-08,0.00E+00,7.71E-08,-8.40E-08,7.10E-08,0,7.6,98.4%,100.0%,99.7%,47,NA
Quad Cities 1,2009-07-01,0,0.9,0.0,NA,0,0,NA,-6.30E-08,2.00E-09,7.77E-08,-8.30E-08,7.10E-08,0,6.5,98.5%,96.8%,99.8%,47,NA
Quad Cities 1,2009-08-01,0,0.9,0.0,NA,0,0,NA,-6.30E-08,2.00E-09,7.77E-08,-8.30E-08,7.10E-08,0.1,6.9,98.5%,96.8%,99.8%,47,NA
Quad Cities 1,2009-09-01,0,0.9,0.0,NA,0,0,NA,-6.30E-08,2.00E-09,7.77E-08,-8.30E-08,7.10E-08,0.1,7.0,98.5%,96.8%,99.8%,47,NA
Quad Cities 1,2009-10-01,0,0.9,0.0,NA,0,0,NA,2.50E-08,2.00E-09,7.84E-08,-1.08E-07,8.90E-08,0.1,6.5,98.9%,100.0%,99.8%,47,NA
Quad Cities 1,2009-11-01,0,0.9,0.0,NA,0,0,NA,2.50E-08,2.00E-09,7.84E-08,-1.08E-07,8.90E-08,0.1,6.7,98.9%,100.0%,99.8%,47,NA
Quad Cities 1,2009-12-01,0,0.9,0.0,NA,0,0,NA,2.50E-08,2.00E-09,7.84E-08,-1.08E-07,8.90E-08,0,7.2,98.9%,100.0%,99.8%,47,NA
Quad Cities 1,2009-05-01,0,0,0.0,NA,0,0,NA,-8.90E-08,0.00E+00,7.71E-08,-8.40E-08,7.10E-08,NA,6.7,98.4%,100.0%,99.7%,47,NA
Quad Cities 1,2007-01-01,0,1.7,0.0,NA,0,0,NA,NA,NA,NA,NA,NA,0.1,6.8,98.6%,100.0%,99.6%,47,NA
Quad Cities 1,2007-02-01,0,1.7,0.0,NA,0,0,NA,NA,NA,NA,NA,NA,0.1,6.7,98.6%,100.0%,99.6%,47,NA
Quad Cities 1,2007-03-01,0,1.7,0.0,NA,0,0,NA,NA,NA,NA,NA,NA,0,6.7,98.6%,100.0%,99.6%,47,NA
Quad Cities 1,2007-04-01,0,0.8,0.0,NA,0,0,NA,NA,NA,NA,NA,NA,0.1,6.6,98.6%,100.0%,99.6%,47,NA
Quad Cities 1,2007-05-01,0,0.8,0.0,NA,0,0,NA,NA,NA,NA,NA,NA,0,6.9,98.6%,100.0%,99.6%,47,NA
Quad Cities 1,2007-06-01,0,0.8,0.0,NA,0,0,NA,NA,NA,NA,NA,NA,0,6.8,98.6%,100.0%,99.6%,47,NA
Quad Cities 2,2007-01-01,0.8,0,0.0,NA,0,0,NA,-6.26E-07,-2.60E-08,-5.00E-08,-2.07E-07,-5.25E-08,0,5.7,98.6%,100.0%,99.6%,42,NA
Quad Cities 2,2007-02-01,0.8,0,0.0,NA,0,0,NA,-6.26E-07,-2.60E-08,-5.00E-08,-2.07E-07,-5.25E-08,0,5.8,98.6%,100.0%,99.6%,42,NA
Quad Cities 2,2007-03-01,0.8,0,0.0,NA,0,0,NA,-6.26E-07,-2.60E-08,-5.00E-08,-2.07E-07,-5.25E-08,0,5.9,98.6%,100.0%,99.6%,42,NA
Quad Cities 2,2007-04-01,0.8,0,0.0,NA,0,0,NA,-7.64E-07,-3.94E-08,-4.70E-08,-2.07E-07,-5.25E-08,0,6.2,98.6%,100.0%,99.6%,42,NA
Quad Cities 2,2007-05-01,0.8,0,0.0,NA,0,0,NA,-7.64E-07,-3.94E-08,-4.70E-08,-2.07E-07,-5.25E-08,0,6.0,98.6%,100.0%,99.6%,42,NA
Quad Cities 2,2007-06-01,0.8,0,0.0,NA,0,0,NA,-7.64E-07,-3.94E-08,-4.70E-08,-2.07E-07,-5.25E-08,0,5.7,98.6%,100.0%,99.6%,42,NA
Quad Cities 2,2007-07-01,0.8,0,0.0,NA,0,0,NA,-7.57E-07,-4.00E-08,-5.20E-08,-2.07E-07,-5.25E-08,0,5.6,98.5%,100.0%,99.7%,42,NA
Quad Cities 2,2007-08-01,0.8,0,0.0,NA,0,0,NA,-7.57E-07,-4.00E-08,-5.20E-08,-2.07E-07,-5.25E-08,0,5.7,98.5%,100.0%,99.7%,42,NA
Quad Cities 2,2007-09-01,0.8,0,0.0,NA,0,0,NA,-7.57E-07,-4.00E-08,-5.20E-08,-2.07E-07,-5.25E-08,0,5.6,98.5%,100.0%,99.7%,42,NA
Quad Cities 2,2007-10-01,0.8,0,0.0,NA,0,0,NA,-6.08E-07,-4.17E-08,-5.10E-08,-2.07E-07,-5.25E-08,0,5.6,98.5%,100.0%,99.6%,42,NA
Quad Cities 2,2007-11-01,0.8,0,0.0,NA,0,0,NA,-6.08E-07,-4.17E-08,-5.10E-08,-2.07E-07,-5.25E-08,0,5.6,98.5%,100.0%,99.6%,42,NA
Quad Cities 2,2007-12-01,0.8,0,0.0,NA,0,0,NA,-6.08E-07,-4.17E-08,-5.10E-08,-2.07E-07,-5.25E-08,0,5.6,98.5%,100.0%,99.6%,42,NA
Quad Cities 2,2008-01-01,0,0,0.0,NA,0,0,NA,-1.00E-08,-4.27E-08,-4.60E-08,-1.69E-07,-4.10E-08,0,5.9,99.1%,98.6%,99.7%,42,NA
Quad Cities 2,2008-02-01,0,0,0.0,NA,0,0,NA,-1.00E-08,-4.27E-08,-4.60E-08,-1.69E-07,-4.10E-08,0,5.9,99.1%,98.6%,99.7%,42,NA
Quad Cities 2,2008-03-01,0,0,0.0,NA,0,0,NA,-1.00E-08,-4.27E-08,-4.60E-08,-1.69E-07,-4.10E-08,0,5.6,99.1%,98.6%,99.7%,42,NA
Quad Cities 2,2008-04-01,0,0,0.0,NA,0,0,NA,-6.30E-08,-4.16E-08,-4.70E-08,-1.69E-07,-4.10E-08,0,6.5,99.4%,95.9%,99.6%,42,NA
Quad Cities 2,2008-05-01,0,0,0.0,NA,0,0,NA,-6.30E-08,-4.16E-08,-4.70E-08,-1.69E-07,-4.10E-08,0,6.1,99.4%,95.9%,99.6%,42,NA
Quad Cities 2,2008-06-01,0,0,0.0,NA,0,0,NA,-6.30E-08,-4.16E-08,-4.70E-08,-1.69E-07,-4.10E-08,0,6.0,99.4%,95.9%,99.6%,42,NA
Quad Cities 2,2008-07-01,0,0.9,0.0,NA,0,0,NA,-1.20E-08,-4.02E-08,-5.00E-08,-1.69E-07,-4.10E-08,0,6.0,99.4%,100.0%,99.5%,42,NA
Quad Cities 2,2008-08-01,0,0.9,0.0,NA,0,0,NA,-1.20E-08,-4.02E-08,-5.00E-08,-1.69E-07,-4.10E-08,0,6.2,99.4%,100.0%,99.5%,42,NA
Quad Cities 2,2008-09-01,0,0.9,0.0,NA,0,0,NA,-1.20E-08,-4.02E-08,-5.00E-08,-1.69E-07,-4.10E-08,0,6.1,99.4%,100.0%,99.5%,42,NA
Quad Cities 2,2008-10-01,0,1.8,0.0,NA,0,0,NA,1.04E-07,-4.00E-08,-3.09E-08,-1.69E-07,-4.10E-08,0,6.0,98.9%,100.0%,99.6%,42,NA
Quad Cities 2,2008-11-01,0,1.8,0.0,NA,0,0,NA,1.04E-07,-4.00E-08,-3.09E-08,-1.69E-07,-4.10E-08,0,6.1,98.9%,100.0%,99.6%,42,NA
Quad Cities 2,2008-12-01,0,1.8,0.0,NA,0,0,NA,1.04E-07,-4.00E-08,-3.09E-08,-1.69E-07,-4.10E-08,0,7.5,98.9%,100.0%,99.6%,42,NA
Quad Cities 2,2009-01-01,0,1.6,0.0,NA,0,0,NA,1.09E-07,-2.90E-08,-3.12E-08,-1.69E-07,-4.10E-08,0,6.2,98.8%,100.0%,99.6%,42,NA
Quad Cities 2,2009-02-01,0,1.6,0.0,NA,0,0,NA,1.09E-07,-2.90E-08,-3.12E-08,-1.69E-07,-4.10E-08,0,6.1,98.8%,100.0%,99.6%,42,NA
Quad Cities 2,2009-03-01,0,1.6,0.0,NA,0,0,NA,1.09E-07,-2.90E-08,-3.12E-08,-1.69E-07,-4.10E-08,0,6.3,98.8%,100.0%,99.6%,42,NA
Quad Cities 2,2009-04-01,0,1.6,0.0,NA,0,0,NA,1.09E-07,-2.60E-08,-2.74E-08,-1.69E-07,-4.10E-08,0,6.3,98.4%,100.0%,99.7%,42,NA
Quad Cities 2,2009-05-01,0,1.6,0.0,NA,0,0,NA,1.09E-07,-2.60E-08,-2.74E-08,-1.69E-07,-4.10E-08,0,6.3,98.4%,100.0%,99.7%,42,NA
Quad Cities 2,2009-06-01,0,1.6,0.0,NA,0,0,NA,1.09E-07,-2.60E-08,-2.74E-08,-1.69E-07,-4.10E-08,0,6.2,98.4%,100.0%,99.7%,42,NA
Quad Cities 2,2009-07-01,0,0.8,0.0,NA,0,0,NA,1.19E-07,-2.70E-08,-2.74E-08,-1.62E-07,-4.10E-08,0,5.8,98.5%,96.8%,99.8%,42,NA
Quad Cities 2,2009-08-01,0,0.8,0.0,NA,0,0,NA,1.19E-07,-2.70E-08,-2.74E-08,-1.62E-07,-4.10E-08,0,5.6,98.5%,96.8%,99.8%,42,NA
Quad Cities 2,2009-09-01,0,0.8,0.0,NA,0,0,NA,1.19E-07,-2.70E-08,-2.74E-08,-1.62E-07,-4.10E-08,0,5.6,98.5%,96.8%,99.8%,42,NA
Quad Cities 2,2009-10-01,0,0,0.0,NA,0,0,NA,2.26E-07,-3.07E-08,-2.00E-08,-1.64E-07,-4.10E-08,0,5.8,98.9%,100.0%,99.8%,42,NA
Quad Cities 2,2009-11-01,0,0,0.0,NA,0,0,NA,2.26E-07,-3.07E-08,-2.00E-08,-1.64E-07,-4.10E-08,0,6.1,98.9%,100.0%,99.8%,42,NA
Quad Cities 2,2009-12-01,0,0,0.0,NA,0,0,NA,2.26E-07,-3.07E-08,-2.00E-08,-1.64E-07,-4.10E-08,0,6.6,98.9%,100.0%,99.8%,42,NA
River Bend 1,2007-01-01,1.7,2.6,1.0,NA,0,0,2.00E-09,2.00E-09,-3.36E-08,1.54E-08,6.62E-08,-2.10E-08,3.1,7.7,98.0%,95.3%,99.4%,16,NA
River Bend 1,2007-02-01,1.7,2.6,1.0,NA,0,0,2.00E-09,2.00E-09,-3.36E-08,1.54E-08,6.62E-08,-2.10E-08,2.8,7.4,98.0%,95.3%,99.4%,16,NA
River Bend 1,2007-03-01,1.7,2.6,1.0,NA,0,0,2.00E-09,2.00E-09,-3.36E-08,1.54E-08,6.62E-08,-2.10E-08,3.4,7.3,98.0%,95.3%,99.4%,16,NA
River Bend 1,2007-04-01,1.7,2.5,1.0,NA,0,0,2.00E-09,2.00E-09,-3.68E-08,2.20E-08,-1.00E-09,-2.09E-08,4.3,8.2,97.2%,92.2%,99.3%,16,NA
River Bend 1,2007-05-01,1.7,2.5,1.0,NA,0,0,2.00E-09,2.00E-09,-3.68E-08,2.20E-08,-1.00E-09,-2.09E-08,3.5,10.0,97.2%,92.2%,99.3%,16,NA
River Bend 1,2007-06-01,1.7,2.5,1.0,NA,0,0,2.00E-09,2.00E-09,-3.68E-08,2.20E-08,-1.00E-09,-2.09E-08,5.6,7.4,97.2%,92.2%,99.3%,16,NA
River Bend 1,2007-07-01,2.6,2.6,1.0,NA,0,0,3.48E-08,3.48E-08,-3.58E-08,2.70E-08,0.00E+00,-2.09E-08,2.7,7.6,95.6%,99.2%,99.3%,16,NA
River Bend 1,2007-08-01,2.6,2.6,1.0,NA,0,0,3.48E-08,3.48E-08,-3.58E-08,2.70E-08,0.00E+00,-2.09E-08,3.0,7.5,95.6%,99.2%,99.3%,16,NA
River Bend 1,2007-09-01,2.6,2.6,1.0,NA,0,0,3.48E-08,3.48E-08,-3.58E-08,2.70E-08,0.00E+00,-2.09E-08,3.5,7.4,95.6%,99.2%,99.3%,16,NA
River Bend 1,2007-10-01,2.6,2.6,1.0,NA,0,0,1.54E-07,1.54E-07,-3.48E-08,4.50E-08,7.00E-09,-2.31E-08,4.8,7.5,95.1%,95.7%,99.3%,16,NA
River Bend 1,2007-11-01,2.6,2.6,1.0,NA,0,0,1.54E-07,1.54E-07,-3.48E-08,4.50E-08,7.00E-09,-2.31E-08,4.8,7.8,95.1%,95.7%,99.3%,16,NA
River Bend 1,2007-12-01,2.6,2.6,1.0,NA,0,0,1.54E-07,1.54E-07,-3.48E-08,4.50E-08,7.00E-09,-2.31E-08,2.9,8.0,95.1%,95.7%,99.3%,16,NA
River Bend 1,2008-01-01,4.2,4.2,1.0,NA,1,0,1.57E-07,1.57E-07,-3.37E-08,5.80E-08,7.00E-09,-2.96E-08,2.9,8.1,94.4%,97.3%,99.3%,16,NA
River Bend 1,2008-03-01,4.2,4.2,1.0,NA,1,0,1.57E-07,1.57E-07,-3.37E-08,5.80E-08,7.00E-09,-2.96E-08,2.1,7.8,94.4%,97.3%,99.3%,16,NA
River Bend 1,2008-04-01,2.9,2.9,1.0,NA,1,0,1.77E-07,1.77E-07,-3.47E-08,6.50E-08,6.00E-09,-2.86E-08,1.5,9.4,93.6%,98.2%,99.4%,16,NA
River Bend 1,2008-05-01,2.9,2.9,1.0,NA,1,0,1.77E-07,1.77E-07,-3.47E-08,6.50E-08,6.00E-09,-2.86E-08,2.2,7.6,93.6%,98.2%,99.4%,16,NA
River Bend 1,2008-06-01,2.9,2.9,1.0,NA,1,0,1.77E-07,1.77E-07,-3.47E-08,6.50E-08,6.00E-09,-2.86E-08,1.2,7.7,93.6%,98.2%,99.4%,16,NA
River Bend 1,2008-07-01,2.1,3.1,1.0,NA,1,0,1.36E-07,1.36E-07,-3.45E-08,7.70E-08,-1.20E-08,-2.86E-08,1.2,7.6,94.1%,97.4%,99.3%,16,NA
River Bend 1,2008-08-01,2.1,3.1,1.0,NA,1,0,1.36E-07,1.36E-07,-3.45E-08,7.70E-08,-1.20E-08,-2.86E-08,1.4,7.3,94.1%,97.4%,99.3%,16,NA
River Bend 1,2008-09-01,2.1,3.1,1.0,NA,1,0,1.36E-07,1.36E-07,-3.45E-08,7.70E-08,-1.20E-08,-2.86E-08,1.3,7.8,94.1%,97.4%,99.3%,16,NA
River Bend 1,2008-10-01,1.0,2.0,0.0,NA,0,0,1.38E-07,1.38E-07,-3.51E-08,7.90E-08,-9.00E-09,-2.86E-08,1.3,7.9,94.8%,95.8%,99.4%,16,NA
River Bend 1,2008-11-01,1.0,2.0,0.0,NA,0,0,1.38E-07,1.38E-07,-3.51E-08,7.90E-08,-9.00E-09,-2.86E-08,1.3,7.6,94.8%,95.8%,99.4%,16,NA
River Bend 1,2008-12-01,1.0,2.0,0.0,NA,0,0,1.38E-07,1.38E-07,-3.51E-08,7.90E-08,-9.00E-09,-2.86E-08,1.3,7.5,94.8%,95.8%,99.4%,16,NA
River Bend 1,2009-01-01,0,0.8,0.0,NA,0,0,1.38E-07,1.38E-07,-3.22E-08,8.90E-08,-9.02E-08,-2.86E-08,1.4,7.6,95.5%,98.3%,98.9%,16,NA
River Bend 1,2009-02-01,0,0.8,0.0,NA,0,0,1.38E-07,1.38E-07,-3.22E-08,8.90E-08,-9.02E-08,-2.86E-08,1.3,7.3,95.5%,98.3%,98.9%,16,NA
River Bend 1,2009-03-01,0,0.8,0.0,NA,0,0,1.38E-07,1.38E-07,-3.22E-08,8.90E-08,-9.02E-08,-2.86E-08,2.0,7.3,95.5%,98.3%,98.9%,16,NA
River Bend 1,2009-04-01,0,0,0.0,NA,0,0,1.48E-07,1.48E-07,-3.03E-08,1.09E-07,-8.85E-08,-2.66E-08,1.0,7.4,96.1%,98.4%,99.0%,16,NA
River Bend 1,2009-05-01,0,0,0.0,NA,0,0,1.48E-07,1.48E-07,-3.03E-08,1.09E-07,-8.85E-08,-2.66E-08,1.1,7.5,96.1%,98.4%,99.0%,16,NA
River Bend 1,2009-06-01,0,0,0.0,NA,0,0,1.48E-07,1.48E-07,-3.03E-08,1.09E-07,-8.85E-08,-2.66E-08,1.1,8.0,96.1%,98.4%,99.0%,16,NA
River Bend 1,2009-07-01,0.8,0,0.0,NA,0,0,1.48E-07,1.48E-07,-2.83E-08,1.09E-07,-8.67E-08,-2.66E-08,1.2,7.8,96.5%,98.4%,99.1%,16,NA
River Bend 1,2009-08-01,0.8,0,0.0,NA,0,0,1.48E-07,1.48E-07,-2.83E-08,1.09E-07,-8.67E-08,-2.66E-08,1.2,8.2,96.5%,98.4%,99.1%,16,NA
River Bend 1,2009-09-01,0.8,0,0.0,NA,0,0,1.48E-07,1.48E-07,-2.83E-08,1.09E-07,-8.67E-08,-2.66E-08,1.1,7.7,96.5%,98.4%,99.1%,16,NA
River Bend 1,2009-10-01,0.9,0,0.0,NA,0,0,1.93E-07,1.93E-07,-2.56E-08,-8.50E-08,-8.68E-08,-2.66E-08,0.5,11.3,96.6%,100.0%,99.0%,16,NA
River Bend 1,2009-11-01,0.9,0,0.0,NA,0,0,1.93E-07,1.93E-07,-2.56E-08,-8.50E-08,-8.68E-08,-2.66E-08,0.5,9.0,96.6%,100.0%,99.0%,16,NA
River Bend 1,2009-12-01,0.9,0,0.0,NA,0,0,1.93E-07,1.93E-07,-2.56E-08,-8.50E-08,-8.68E-08,-2.66E-08,0.6,7.7,96.6%,100.0%,99.0%,16,NA
River Bend 1,2008-02-01,4.2,4.2,1.0,NA,1,0,1.57E-07,1.57E-07,-3.37E-08,5.80E-08,7.00E-09,-2.96E-08,NA,NA,94.4%,97.3%,99.3%,16,NA
Saint Lucie 1,2007-07-01,0,0.9,0.0,1,0,0,NA,1.20E-07,0.00E+00,5.79E-08,-2.11E-09,-1.94E-07,0,0.4,96.1%,99.0%,99.6%,36,NA
Saint Lucie 1,2007-08-01,0,0.9,0.0,1,0,0,NA,1.20E-07,0.00E+00,5.79E-08,-2.11E-09,-1.94E-07,0,0.4,96.1%,99.0%,99.6%,36,NA
Saint Lucie 1,2007-09-01,0,0.9,0.0,1,0,0,NA,1.20E-07,0.00E+00,5.79E-08,-2.11E-09,-1.94E-07,0,0.4,96.1%,99.0%,99.6%,36,NA
Saint Lucie 1,2007-10-01,0,0.9,0.0,0,0,0,NA,3.60E-07,-6.50E-08,-8.30E-08,-2.50E-09,-1.94E-07,0,0.2,96.2%,99.0%,99.6%,36,NA
Saint Lucie 1,2007-11-01,0,0.9,0.0,0,0,0,NA,3.60E-07,-6.50E-08,-8.30E-08,-2.50E-09,-1.94E-07,0,0.2,96.2%,99.0%,99.6%,36,NA
Saint Lucie 1,2007-12-01,0,0.9,0.0,0,0,0,NA,3.60E-07,-6.50E-08,-8.30E-08,-2.50E-09,-1.94E-07,0.1,0.2,96.2%,99.0%,99.6%,36,NA
Saint Lucie 1,2008-01-01,0,0.9,0.0,0,0,0,NA,2.50E-07,3.00E-08,-8.30E-08,-2.50E-09,-8.50E-08,0,0.3,96.1%,100.0%,99.6%,36,NA
Saint Lucie 1,2008-02-01,0,0.9,0.0,0,0,0,NA,2.50E-07,3.00E-08,-8.30E-08,-2.50E-09,-8.50E-08,0,0.3,96.1%,100.0%,99.6%,36,NA
Saint Lucie 1,2008-03-01,0,0.9,0.0,0,0,0,NA,2.50E-07,3.00E-08,-8.30E-08,-2.50E-09,-8.50E-08,0,0.3,96.1%,100.0%,99.6%,36,NA
Saint Lucie 1,2008-04-01,0,0.8,0.0,0,0,0,NA,2.49E-07,0.00E+00,-8.30E-08,-2.46E-09,-8.20E-08,0,0.5,95.8%,98.0%,99.7%,36,NA
Saint Lucie 1,2008-05-01,0,0.8,0.0,0,0,0,NA,2.49E-07,0.00E+00,-8.30E-08,-2.46E-09,-8.20E-08,0,0.5,95.8%,98.0%,99.7%,36,NA
Saint Lucie 1,2008-06-01,0,0.8,0.0,0,0,0,NA,2.49E-07,0.00E+00,-8.30E-08,-2.46E-09,-8.20E-08,0,0.5,95.8%,98.0%,99.7%,36,NA
Saint Lucie 1,2008-07-01,0,1.6,0.0,0,0,0,NA,2.80E-07,-1.00E-08,-8.30E-08,-2.21E-09,5.40E-08,0,0.2,96.9%,100.0%,99.8%,36,NA
Saint Lucie 1,2008-08-01,0,1.6,0.0,0,0,0,NA,2.80E-07,-1.00E-08,-8.30E-08,-2.21E-09,5.40E-08,0,0.2,96.9%,100.0%,99.8%,36,NA
Saint Lucie 1,2008-09-01,0,1.6,0.0,0,0,0,NA,2.80E-07,-1.00E-08,-8.30E-08,-2.21E-09,5.40E-08,0,0.2,96.9%,100.0%,99.8%,36,NA
Saint Lucie 1,2008-10-01,0,1.8,0.0,0,0,0,NA,5.40E-07,3.00E-08,-8.30E-08,-1.50E-09,7.20E-08,0.1,0.7,96.7%,100.0%,99.8%,36,NA
Saint Lucie 1,2008-11-01,0,1.8,0.0,0,0,0,NA,5.40E-07,3.00E-08,-8.30E-08,-1.50E-09,7.20E-08,0,0.7,96.7%,100.0%,99.8%,36,NA
Saint Lucie 1,2008-12-01,0,1.8,0.0,0,0,0,NA,5.40E-07,3.00E-08,-8.30E-08,-1.50E-09,7.20E-08,0,0.7,96.7%,100.0%,99.8%,36,NA
Saint Lucie 1,2009-01-01,0,1.8,0.0,0,0,0,NA,8.00E-07,7.00E-08,-1.51E-07,-1.10E-09,1.20E-07,0,0.6,96.8%,96.1%,99.7%,36,NA
Saint Lucie 1,2009-02-01,0,1.8,0.0,0,0,0,NA,8.00E-07,7.00E-08,-1.51E-07,-1.10E-09,1.20E-07,0,0.6,96.8%,96.1%,99.7%,36,NA
Saint Lucie 1,2009-03-01,0,1.8,0.0,0,0,0,NA,8.00E-07,7.00E-08,-1.51E-07,-1.10E-09,1.20E-07,0,0.6,96.8%,96.1%,99.7%,36,NA
Saint Lucie 1,2009-04-01,0,1.8,0.0,0,0,0,NA,7.50E-07,4.00E-08,-1.51E-07,-1.30E-09,1.20E-07,0,0.1,97.0%,98.9%,99.6%,36,NA
Saint Lucie 1,2009-05-01,0,1.8,0.0,0,0,0,NA,7.50E-07,4.00E-08,-1.51E-07,-1.30E-09,1.20E-07,0,0.1,97.0%,98.9%,99.6%,36,NA
Saint Lucie 1,2009-06-01,0,1.8,0.0,0,0,0,NA,7.50E-07,4.00E-08,-1.51E-07,-1.30E-09,1.20E-07,0.1,0.1,97.0%,98.9%,99.6%,36,NA
Saint Lucie 1,2009-07-01,0,0,0.0,0,0,0,NA,9.50E-07,9.00E-08,-1.51E-07,-1.20E-09,1.60E-07,0,0.5,96.7%,98.9%,99.7%,36,NA
Saint Lucie 1,2009-08-01,0,0,0.0,0,0,0,NA,9.50E-07,9.00E-08,-1.51E-07,-1.20E-09,1.60E-07,0.1,0.5,96.7%,98.9%,99.7%,36,NA
Saint Lucie 1,2009-09-01,0,0,0.0,0,0,0,NA,9.50E-07,9.00E-08,-1.51E-07,-1.20E-09,1.60E-07,0.1,0.5,96.7%,98.9%,99.7%,36,NA
Saint Lucie 1,2009-10-01,0,1.6,0.0,0,0,0,NA,3.26E-07,5.00E-08,-2.46E-08,-1.79E-09,2.44E-07,0.1,2.0,97.0%,100.0%,99.7%,36,NA
Saint Lucie 1,2009-11-01,0,1.6,0.0,0,0,0,NA,3.26E-07,5.00E-08,-2.46E-08,-1.79E-09,2.44E-07,0.1,2.0,97.0%,100.0%,99.7%,36,NA
Saint Lucie 1,2009-12-01,0,1.6,0.0,0,0,0,NA,3.26E-07,5.00E-08,-2.46E-08,-1.79E-09,2.44E-07,0.1,2.0,97.0%,100.0%,99.7%,36,NA
Saint Lucie 1,2007-01-01,0,0,NA,1,0,0,NA,5.55E-08,8.00E-08,8.60E-08,-2.38E-09,-1.67E-07,0.1,0.1,95.8%,99.1%,99.9%,36,NA
Saint Lucie 1,2007-02-01,0,0,NA,1,0,0,NA,5.55E-08,8.00E-08,8.60E-08,-2.38E-09,-1.67E-07,0.1,0.1,95.8%,99.1%,99.9%,36,NA
Saint Lucie 1,2007-03-01,0,0,NA,1,0,0,NA,5.55E-08,8.00E-08,8.60E-08,-2.38E-09,-1.67E-07,0.1,0.1,95.8%,99.1%,99.9%,36,NA
Saint Lucie 1,2007-06-01,0,0,NA,1,1,0,NA,1.20E-07,0.00E+00,5.83E-08,-2.08E-09,-1.43E-07,0,1.0,95.5%,100.0%,99.8%,36,NA
Saint Lucie 1,2007-04-01,0,0,NA,1,1,0,NA,1.20E-07,0.00E+00,5.83E-08,-2.08E-09,-1.43E-07,NA,1.0,95.5%,100.0%,99.8%,36,NA
Saint Lucie 1,2007-05-01,0,0,NA,1,1,0,NA,1.20E-07,0.00E+00,5.83E-08,-2.08E-09,-1.43E-07,NA,1.0,95.5%,100.0%,99.8%,36,NA
Salem 1,2007-07-01,1.7,0,0.0,1,0,0,NA,-6.84E-06,-1.00E-07,-5.33E-07,-1.47E-07,-1.51E-06,0,0,97.1%,95.8%,99.9%,15,NA
Salem 1,2007-08-01,1.7,0,0.0,1,0,0,NA,-6.84E-06,-1.00E-07,-5.33E-07,-1.47E-07,-1.51E-06,0,0,97.1%,95.8%,99.9%,15,NA
Salem 1,2007-09-01,1.7,0,0.0,1,0,0,NA,-6.84E-06,-1.00E-07,-5.33E-07,-1.47E-07,-1.51E-06,0,0,97.1%,95.8%,99.9%,15,NA
Salem 1,2007-10-01,2.6,0,0.0,0,0,0,NA,1.24E-05,-1.00E-07,-5.23E-07,-1.47E-07,-1.39E-06,0,0,97.5%,100.0%,99.9%,15,NA
Salem 1,2007-11-01,2.6,0,0.0,0,0,0,NA,1.24E-05,-1.00E-07,-5.23E-07,-1.47E-07,-1.39E-06,0,0,97.5%,100.0%,99.9%,15,NA
Salem 1,2007-12-01,2.6,0,0.0,0,0,0,NA,1.24E-05,-1.00E-07,-5.23E-07,-1.47E-07,-1.39E-06,0,0,97.5%,100.0%,99.9%,15,NA
Salem 1,2008-01-01,2.6,0.9,0.0,0,0,0,NA,-2.60E-06,-1.00E-07,-4.03E-07,-1.37E-07,-1.31E-06,0,0,96.7%,98.2%,99.9%,15,NA
Salem 1,2008-02-01,2.6,0.9,0.0,0,0,0,NA,-2.60E-06,-1.00E-07,-4.03E-07,-1.37E-07,-1.31E-06,0,0,96.7%,98.2%,99.9%,15,NA
Salem 1,2008-03-01,2.6,0.9,0.0,0,0,0,NA,-2.60E-06,-1.00E-07,-4.03E-07,-1.37E-07,-1.31E-06,0,0,96.7%,98.2%,99.9%,15,NA
Salem 1,2008-04-01,0.8,0.8,0.0,0,0,0,NA,-1.87E-06,-1.21E-07,-2.87E-07,-6.50E-08,-5.62E-07,0,0,97.0%,94.0%,99.9%,15,NA
Salem 1,2008-05-01,0.8,0.8,0.0,0,0,0,NA,-1.87E-06,-1.21E-07,-2.87E-07,-6.50E-08,-5.62E-07,0,0,97.0%,94.0%,99.9%,15,NA
Salem 1,2008-06-01,0.8,0.8,0.0,0,0,0,NA,-1.87E-06,-1.21E-07,-2.87E-07,-6.50E-08,-5.62E-07,0,0,97.0%,94.0%,99.9%,15,NA
Salem 1,2008-07-01,0.8,0.8,0.0,0,0,0,NA,-2.30E-06,-1.21E-07,-2.77E-07,-6.30E-08,-5.62E-07,0,0,96.6%,99.2%,100.0%,15,NA
Salem 1,2008-08-01,0.8,0.8,0.0,0,0,0,NA,-2.30E-06,-1.21E-07,-2.77E-07,-6.30E-08,-5.62E-07,0,0,96.6%,99.2%,100.0%,15,NA
Salem 1,2008-09-01,0.8,0.8,0.0,0,0,0,NA,-2.30E-06,-1.21E-07,-2.77E-07,-6.30E-08,-5.62E-07,0,0,96.6%,99.2%,100.0%,15,NA
Salem 1,2008-11-01,0,0.9,0.0,0,0,0,NA,-2.50E-06,-1.11E-07,-2.77E-07,-7.20E-08,-5.62E-07,0,0,96.2%,100.0%,100.0%,15,NA
Salem 1,2008-12-01,0,0.9,0.0,0,0,0,NA,-2.50E-06,-1.11E-07,-2.77E-07,-7.20E-08,-5.62E-07,0,0.4,96.2%,100.0%,100.0%,15,NA
Salem 1,2009-01-01,0,0.9,0.0,0,0,0,NA,-2.30E-06,-2.37E-08,-2.77E-07,-6.90E-08,-5.82E-07,0,0.5,96.1%,100.0%,100.0%,15,NA
Salem 1,2009-02-01,0,0.9,0.0,0,0,0,NA,-2.30E-06,-2.37E-08,-2.77E-07,-6.90E-08,-5.82E-07,0,0,96.1%,100.0%,100.0%,15,NA
Salem 1,2009-03-01,0,0.9,0.0,0,0,0,NA,-2.30E-06,-2.37E-08,-2.77E-07,-6.90E-08,-5.82E-07,0,0,96.1%,100.0%,100.0%,15,NA
Salem 1,2009-04-01,0,0.9,0.0,0,0,0,NA,-2.10E-06,-2.37E-08,-2.77E-07,-7.00E-08,-1.16E-07,0,0,95.9%,100.0%,100.0%,15,NA
Salem 1,2009-05-01,0,0.9,0.0,0,0,0,NA,-2.10E-06,-2.37E-08,-2.77E-07,-7.00E-08,-1.16E-07,0,0,95.9%,100.0%,100.0%,15,NA
Salem 1,2009-06-01,0,0.9,0.0,0,0,0,NA,-2.10E-06,-2.37E-08,-2.77E-07,-7.00E-08,-1.16E-07,0,0,95.9%,100.0%,100.0%,15,NA
Salem 1,2009-07-01,0,0.9,0.0,0,0,0,NA,-2.10E-06,-2.37E-08,-2.77E-07,-7.00E-08,-1.16E-07,0,0,96.1%,99.2%,100.0%,15,NA
Salem 1,2009-08-01,0,0.9,0.0,0,0,0,NA,-2.10E-06,-2.37E-08,-2.77E-07,-7.00E-08,-1.16E-07,0,0,96.1%,99.2%,100.0%,15,NA
Salem 1,2009-09-01,0,0.9,0.0,0,0,0,NA,-2.10E-06,-2.37E-08,-2.77E-07,-7.00E-08,-1.16E-07,0,0,96.1%,99.2%,100.0%,15,NA
Salem 1,2009-10-01,0,0.8,0.0,0,0,0,NA,-2.00E-06,-2.57E-08,-2.77E-07,-7.00E-08,-1.16E-07,0,0,96.4%,100.0%,100.0%,15,NA
Salem 1,2009-11-01,0,0.8,0.0,0,0,0,NA,-2.00E-06,-2.57E-08,-2.77E-07,-7.00E-08,-1.16E-07,0,0,96.4%,100.0%,100.0%,15,NA
Salem 1,2009-12-01,0,0.8,0.0,0,0,0,NA,-2.00E-06,-2.57E-08,-2.77E-07,-7.00E-08,-1.16E-07,0,0,96.4%,100.0%,100.0%,15,NA
Salem 1,2007-01-01,0,0,NA,1,0,0,NA,-7.24E-06,-1.00E-07,-5.13E-07,-1.45E-07,-3.29E-07,0,0,97.0%,96.4%,99.3%,15,NA
Salem 1,2007-02-01,0,0,NA,1,0,0,NA,-7.24E-06,-1.00E-07,-5.13E-07,-1.45E-07,-3.29E-07,0,0,97.0%,96.4%,99.3%,15,NA
Salem 1,2007-03-01,0,0,NA,1,0,0,NA,-7.24E-06,-1.00E-07,-5.13E-07,-1.45E-07,-3.29E-07,0,0,97.0%,96.4%,99.3%,15,NA
Salem 1,2007-05-01,1.7,0,NA,1,0,0,NA,-7.14E-06,-1.00E-07,-5.53E-07,-1.47E-07,-1.39E-06,0,0,97.4%,97.4%,99.3%,15,NA
Salem 1,2007-06-01,1.7,0,NA,1,0,0,NA,-7.14E-06,-1.00E-07,-5.53E-07,-1.47E-07,-1.39E-06,0,0,97.4%,97.4%,99.3%,15,NA
Salem 1,2008-10-01,0,0.9,0.0,0,0,0,NA,-2.50E-06,-1.11E-07,-2.77E-07,-7.20E-08,-5.62E-07,0,NA,96.2%,100.0%,100.0%,15,NA
Salem 1,2007-04-01,1.7,0,NA,1,0,0,NA,-7.14E-06,-1.00E-07,-5.53E-07,-1.47E-07,-1.39E-06,NA,0,97.4%,97.4%,99.3%,15,NA
Salem 2,2007-01-01,0.8,0,0.0,0,0,0,NA,-9.90E-06,-1.45E-07,-3.30E-07,-1.15E-07,-1.40E-07,0.1,0.9,97.0%,96.4%,99.3%,18,NA
Salem 2,2007-02-01,0.8,0,0.0,0,0,0,NA,-9.90E-06,-1.45E-07,-3.30E-07,-1.15E-07,-1.40E-07,0.1,0.3,97.0%,96.4%,99.3%,18,NA
Salem 2,2007-03-01,0.8,0,0.0,0,0,0,NA,-9.90E-06,-1.45E-07,-3.30E-07,-1.15E-07,-1.40E-07,0.1,0,97.0%,96.4%,99.3%,18,NA
Salem 2,2007-04-01,1.7,0,0.0,0,0,0,NA,-9.70E-06,-1.45E-07,-3.30E-07,-1.07E-07,-1.60E-07,0.1,0,97.4%,97.4%,99.3%,18,NA
Salem 2,2007-05-01,1.7,0,0.0,0,0,0,NA,-9.70E-06,-1.45E-07,-3.30E-07,-1.07E-07,-1.60E-07,0.1,0,97.4%,97.4%,99.3%,18,NA
Salem 2,2007-06-01,1.7,0,0.0,0,0,0,NA,-9.70E-06,-1.45E-07,-3.30E-07,-1.07E-07,-1.60E-07,0.1,0,97.4%,97.4%,99.3%,18,NA
Salem 2,2007-07-01,1.7,0,0.0,0,0,0,NA,-9.40E-06,-1.45E-07,-3.83E-07,-1.08E-07,5.40E-07,0.1,0,97.1%,95.8%,99.9%,18,NA
Salem 2,2007-08-01,1.7,0,0.0,0,0,0,NA,-9.40E-06,-1.45E-07,-3.83E-07,-1.08E-07,5.40E-07,0.1,0,97.1%,95.8%,99.9%,18,NA
Salem 2,2007-09-01,1.7,0,0.0,0,0,0,NA,-9.40E-06,-1.45E-07,-3.83E-07,-1.08E-07,5.40E-07,0.1,0,97.1%,95.8%,99.9%,18,NA
Salem 2,2007-10-01,1.6,0,0.0,0,0,0,NA,-9.90E-06,-1.45E-07,-3.73E-07,-9.90E-08,5.60E-07,0.1,0,97.3%,100.0%,99.9%,18,NA
Salem 2,2007-11-01,1.6,0,0.0,0,0,0,NA,-9.90E-06,-1.45E-07,-3.73E-07,-9.90E-08,5.60E-07,0.1,0,97.3%,100.0%,99.9%,18,NA
Salem 2,2007-12-01,1.6,0,0.0,0,0,0,NA,-9.90E-06,-1.45E-07,-3.73E-07,-9.90E-08,5.60E-07,0.1,0,97.3%,100.0%,99.9%,18,NA
Salem 2,2008-01-01,1.7,0,0.0,0,0,0,NA,-8.60E-06,-1.44E-07,-3.73E-07,-1.56E-07,5.80E-07,0.1,0,96.7%,98.2%,99.9%,18,NA
Salem 2,2008-02-01,1.7,0,0.0,0,0,0,NA,-8.60E-06,-1.44E-07,-3.73E-07,-1.56E-07,5.80E-07,0.1,0,96.7%,98.2%,99.9%,18,NA
Salem 2,2008-03-01,1.7,0,0.0,0,0,0,NA,-8.60E-06,-1.44E-07,-3.73E-07,-1.56E-07,5.80E-07,0.1,0.7,96.7%,98.2%,99.9%,18,NA
Salem 2,2008-04-01,1.9,1.0,0.0,0,0,0,NA,-5.04E-06,-1.21E-07,-2.77E-07,-7.40E-08,-2.60E-07,0.1,0,97.0%,94.0%,99.9%,18,NA
Salem 2,2008-05-01,1.9,1.0,0.0,0,0,0,NA,-5.04E-06,-1.21E-07,-2.77E-07,-7.40E-08,-2.60E-07,0.1,0.7,97.0%,94.0%,99.9%,18,NA
Salem 2,2008-06-01,1.9,1.0,0.0,0,0,0,NA,-5.04E-06,-1.21E-07,-2.77E-07,-7.40E-08,-2.60E-07,0.1,0.5,97.0%,94.0%,99.9%,18,NA
Salem 2,2008-07-01,1.0,1.0,0.0,0,0,0,NA,-4.94E-06,-1.21E-07,-2.67E-07,-7.40E-08,-3.60E-07,0,0.7,96.1%,99.2%,100.0%,18,NA
Salem 2,2008-08-01,1.0,1.0,0.0,0,0,0,NA,-4.94E-06,-1.21E-07,-2.67E-07,-7.40E-08,-3.60E-07,0,0,96.1%,99.2%,100.0%,18,NA
Salem 2,2008-09-01,1.0,1.0,0.0,0,0,0,NA,-4.94E-06,-1.21E-07,-2.67E-07,-7.40E-08,-3.60E-07,0,0,96.1%,99.2%,100.0%,18,NA
Salem 2,2008-10-01,1.0,1.0,0.0,1,0,0,NA,-4.84E-06,-1.11E-07,-2.67E-07,-7.30E-08,2.75E-07,0,0.7,96.2%,100.0%,100.0%,18,NA
Salem 2,2008-11-01,1.0,1.0,0.0,1,0,0,NA,-4.84E-06,-1.11E-07,-2.67E-07,-7.30E-08,2.75E-07,0.1,1.4,96.2%,100.0%,100.0%,18,NA
Salem 2,2008-12-01,1.0,1.0,0.0,1,0,0,NA,-4.84E-06,-1.11E-07,-2.67E-07,-7.30E-08,2.75E-07,0,0.9,96.2%,100.0%,100.0%,18,NA
Salem 2,2009-01-01,0.9,0.9,0.0,0,0,0,NA,-4.64E-06,-2.58E-08,-2.67E-07,-7.00E-08,1.01E-06,0.1,2.2,96.1%,100.0%,100.0%,18,NA
Salem 2,2009-02-01,0.9,0.9,0.0,0,0,0,NA,-4.64E-06,-2.58E-08,-2.67E-07,-7.00E-08,1.01E-06,0.1,2.6,96.1%,100.0%,100.0%,18,NA
Salem 2,2009-03-01,0.9,0.9,0.0,0,0,0,NA,-4.64E-06,-2.58E-08,-2.67E-07,-7.00E-08,1.01E-06,0.1,1.7,96.1%,100.0%,100.0%,18,NA
Salem 2,2009-04-01,0,0,0.0,0,0,0,NA,-4.84E-06,-2.57E-08,-2.57E-07,-7.00E-08,1.59E-07,0.1,2.3,95.9%,100.0%,100.0%,18,NA
Salem 2,2009-05-01,0,0,0.0,0,0,0,NA,-4.84E-06,-2.57E-08,-2.57E-07,-7.00E-08,1.59E-07,0.1,2.4,95.9%,100.0%,100.0%,18,NA
Salem 2,2009-06-01,0,0,0.0,0,0,0,NA,-4.84E-06,-2.57E-08,-2.57E-07,-7.00E-08,1.59E-07,0.1,3.1,95.9%,100.0%,100.0%,18,NA
Salem 2,2009-07-01,0,0,0.0,0,0,0,NA,-4.74E-06,-2.57E-08,-2.57E-07,-6.90E-08,1.59E-07,0.1,4.4,96.1%,99.2%,100.0%,18,NA
Salem 2,2009-08-01,0,0,0.0,0,0,0,NA,-4.74E-06,-2.57E-08,-2.57E-07,-6.90E-08,1.59E-07,0.1,4.6,96.1%,99.2%,100.0%,18,NA
Salem 2,2009-09-01,0,0,0.0,0,0,0,NA,-4.74E-06,-2.57E-08,-2.57E-07,-6.90E-08,1.59E-07,0.1,5.1,96.1%,99.2%,100.0%,18,NA
Salem 2,2009-10-01,0,0,0.0,0,0,0,NA,-4.84E-06,-2.57E-08,-2.27E-07,1.34E-07,1.61E-07,0.1,4.9,96.4%,100.0%,100.0%,18,NA
Salem 2,2009-11-01,0,0,0.0,0,0,0,NA,-4.84E-06,-2.57E-08,-2.27E-07,1.34E-07,1.61E-07,0,0,96.4%,100.0%,100.0%,18,NA
Salem 2,2009-12-01,0,0,0.0,0,0,0,NA,-4.84E-06,-2.57E-08,-2.27E-07,1.34E-07,1.61E-07,0,0,96.4%,100.0%,100.0%,18,NA
Seabrook 1,2007-07-01,0,0.9,0.0,0,0,0,4.20E-07,4.20E-07,-2.01E-08,-1.79E-07,-5.40E-08,-1.30E-07,0,0.4,99.1%,100.0%,99.8%,8,NA
Seabrook 1,2007-08-01,0,0.9,0.0,0,0,0,4.20E-07,4.20E-07,-2.01E-08,-1.79E-07,-5.40E-08,-1.30E-07,0,0.4,99.1%,100.0%,99.8%,8,NA
Seabrook 1,2007-09-01,0,0.9,0.0,0,0,0,4.20E-07,4.20E-07,-2.01E-08,-1.79E-07,-5.40E-08,-1.30E-07,0,0.4,99.1%,100.0%,99.8%,8,NA
Seabrook 1,2007-10-01,0,0.8,0.0,0,0,0,5.86E-07,5.86E-07,-1.51E-08,-2.14E-07,-5.90E-08,-1.03E-07,0,0.4,99.0%,100.0%,99.8%,8,NA
Seabrook 1,2007-11-01,0,0.8,0.0,0,0,0,5.86E-07,5.86E-07,-1.51E-08,-2.14E-07,-5.90E-08,-1.03E-07,0,0.4,99.0%,100.0%,99.8%,8,NA
Seabrook 1,2007-12-01,0,0.8,0.0,0,0,0,5.86E-07,5.86E-07,-1.51E-08,-2.14E-07,-5.90E-08,-1.03E-07,0,0.4,99.0%,100.0%,99.8%,8,NA
Seabrook 1,2008-01-01,0.8,0.8,0.0,0,0,0,6.46E-07,6.46E-07,-1.09E-08,-2.18E-07,-5.70E-08,-9.28E-08,0,0.5,99.0%,100.0%,99.7%,8,NA
Seabrook 1,2008-02-01,0.8,0.8,0.0,0,0,0,6.46E-07,6.46E-07,-1.09E-08,-2.18E-07,-5.70E-08,-9.28E-08,0,0.6,99.0%,100.0%,99.7%,8,NA
Seabrook 1,2008-03-01,0.8,0.8,0.0,0,0,0,6.46E-07,6.46E-07,-1.09E-08,-2.18E-07,-5.70E-08,-9.28E-08,0,0.5,99.0%,100.0%,99.7%,8,NA
Seabrook 1,2008-05-01,0.9,1.8,0.0,0,1.0,0,4.60E-08,4.60E-08,-1.30E-08,-2.18E-07,-5.80E-08,-9.28E-08,0,0.4,99.5%,100.0%,99.8%,8,NA
Seabrook 1,2008-06-01,0.9,1.8,0.0,0,1.0,0,4.60E-08,4.60E-08,-1.30E-08,-2.18E-07,-5.80E-08,-9.28E-08,0,0.2,99.5%,100.0%,99.8%,8,NA
Seabrook 1,2008-07-01,0.9,1.8,0.0,0,1.0,0,5.31E-07,5.31E-07,-7.60E-09,-1.94E-07,-5.80E-08,-5.80E-09,0,0.2,100.0%,100.0%,99.7%,8,NA
Seabrook 1,2008-08-01,0.9,1.8,0.0,0,1.0,0,5.31E-07,5.31E-07,-7.60E-09,-1.94E-07,-5.80E-08,-5.80E-09,0,0.2,100.0%,100.0%,99.7%,8,NA
Seabrook 1,2008-09-01,0.9,1.8,0.0,0,1.0,0,5.31E-07,5.31E-07,-7.60E-09,-1.94E-07,-5.80E-08,-5.80E-09,0,0.1,100.0%,100.0%,99.7%,8,NA
Seabrook 1,2008-10-01,0.9,1.8,0.0,0,1.0,0,7.90E-07,7.90E-07,-1.48E-08,-1.91E-07,-5.80E-08,8.52E-08,0,0.2,98.5%,100.0%,99.7%,8,NA
Seabrook 1,2008-11-01,0.9,1.8,0.0,0,1.0,0,7.90E-07,7.90E-07,-1.48E-08,-1.91E-07,-5.80E-08,8.52E-08,0,0.2,98.5%,100.0%,99.7%,8,NA
Seabrook 1,2008-12-01,0.9,1.8,0.0,0,1.0,0,7.90E-07,7.90E-07,-1.48E-08,-1.91E-07,-5.80E-08,8.52E-08,0,0.2,98.5%,100.0%,99.7%,8,NA
Seabrook 1,2009-01-01,0,0.9,0.0,0,1.0,0,4.99E-07,4.99E-07,-1.48E-08,-1.88E-07,-5.80E-08,8.62E-08,0,0.2,98.5%,100.0%,99.8%,8,NA
Seabrook 1,2009-02-01,0,0.9,0.0,0,1.0,0,4.99E-07,4.99E-07,-1.48E-08,-1.88E-07,-5.80E-08,8.62E-08,0,0.2,98.5%,100.0%,99.8%,8,NA
Seabrook 1,2009-03-01,0,0.9,0.0,0,1.0,0,4.99E-07,4.99E-07,-1.48E-08,-1.88E-07,-5.80E-08,8.62E-08,0,0.1,98.5%,100.0%,99.8%,8,NA
Seabrook 1,2009-04-01,0,0,0.0,0,0,0,4.99E-07,4.99E-07,-5.80E-09,-1.89E-07,-4.86E-08,8.72E-08,0,0.2,98.5%,100.0%,99.8%,8,NA
Seabrook 1,2009-05-01,0,0,0.0,0,0,0,4.99E-07,4.99E-07,-5.80E-09,-1.89E-07,-4.86E-08,8.72E-08,0,0.2,98.5%,100.0%,99.8%,8,NA
Seabrook 1,2009-06-01,0,0,0.0,0,0,0,4.99E-07,4.99E-07,-5.80E-09,-1.89E-07,-4.86E-08,8.72E-08,0,0.2,98.5%,100.0%,99.8%,8,NA
Seabrook 1,2009-07-01,0,0,0.0,0,0,0,2.82E-07,2.82E-07,-3.49E-09,-6.20E-08,6.00E-09,1.35E-07,0,0.2,98.0%,100.0%,99.9%,8,NA
Seabrook 1,2009-08-01,0,0,0.0,0,0,0,2.82E-07,2.82E-07,-3.49E-09,-6.20E-08,6.00E-09,1.35E-07,0,0.2,98.0%,100.0%,99.9%,8,NA
Seabrook 1,2009-09-01,0,0,0.0,0,0,0,2.82E-07,2.82E-07,-3.49E-09,-6.20E-08,6.00E-09,1.35E-07,0,0.2,98.0%,100.0%,99.9%,8,NA
Seabrook 1,2009-11-01,0,0,0.0,0,0,0,2.93E-07,2.93E-07,-7.00E-10,-5.80E-08,6.00E-09,1.35E-07,0,0.4,97.9%,100.0%,99.9%,8,NA
Seabrook 1,2009-12-01,0,0,0.0,0,0,0,2.93E-07,2.93E-07,-7.00E-10,-5.80E-08,6.00E-09,1.35E-07,0,0.3,97.9%,100.0%,99.9%,8,NA
Seabrook 1,2007-01-01,0,1.8,NA,0,0,0,9.65E-07,9.65E-07,-2.01E-08,-1.69E-07,-5.40E-08,-1.30E-07,0,1.0,99.1%,98.7%,99.7%,8,NA
Seabrook 1,2007-02-01,0,1.8,NA,0,0,0,9.65E-07,9.65E-07,-2.01E-08,-1.69E-07,-5.40E-08,-1.30E-07,0,0.3,99.1%,98.7%,99.7%,8,NA
Seabrook 1,2007-03-01,0,1.8,NA,0,0,0,9.65E-07,9.65E-07,-2.01E-08,-1.69E-07,-5.40E-08,-1.30E-07,0,0.5,99.1%,98.7%,99.7%,8,NA
Seabrook 1,2007-04-01,0,1.8,NA,0,0,0,4.20E-07,4.20E-07,-1.73E-08,-1.73E-07,-5.40E-08,-1.30E-07,0,0.5,99.1%,98.7%,99.6%,8,NA
Seabrook 1,2007-05-01,0,1.8,NA,0,0,0,4.20E-07,4.20E-07,-1.73E-08,-1.73E-07,-5.40E-08,-1.30E-07,0,0.4,99.1%,98.7%,99.6%,8,NA
Seabrook 1,2007-06-01,0,1.8,NA,0,0,0,4.20E-07,4.20E-07,-1.73E-08,-1.73E-07,-5.40E-08,-1.30E-07,0,0.3,99.1%,98.7%,99.6%,8,NA
Seabrook 1,2008-04-01,0.9,1.8,0.0,0,1.0,0,4.60E-08,4.60E-08,-1.30E-08,-2.18E-07,-5.80E-08,-9.28E-08,NA,0,99.5%,100.0%,99.8%,8,NA
Seabrook 1,2009-10-01,0,0,0.0,0,0,0,2.93E-07,2.93E-07,-7.00E-10,-5.80E-08,6.00E-09,1.35E-07,NA,0,97.9%,100.0%,99.9%,8,NA
Sequoyah 1,2007-07-01,0,0,0.0,0,0,0,NA,-1.25E-06,6.10E-07,-8.60E-08,-1.80E-07,-3.32E-06,2.3,0.8,93.5%,100.0%,96.7%,11,NA
Sequoyah 1,2007-08-01,0,0,0.0,0,0,0,NA,-1.25E-06,6.10E-07,-8.60E-08,-1.80E-07,-3.32E-06,2.4,0.7,93.5%,100.0%,96.7%,11,NA
Sequoyah 1,2007-09-01,0,0,0.0,0,0,0,NA,-1.25E-06,6.10E-07,-8.60E-08,-1.80E-07,-3.32E-06,2.5,0.8,93.5%,100.0%,96.7%,11,NA
Sequoyah 1,2007-10-01,0,0,0.0,0,0,0,NA,-1.23E-06,-6.00E-08,-1.12E-07,-1.80E-07,-3.32E-06,1.9,0.6,95.0%,100.0%,96.8%,11,NA
Sequoyah 1,2007-11-01,0,0,0.0,0,0,0,NA,-1.23E-06,-6.00E-08,-1.12E-07,-1.80E-07,-3.32E-06,0.6,0.1,95.0%,100.0%,96.8%,11,NA
Sequoyah 1,2007-12-01,0,0,0.0,0,0,0,NA,-1.23E-06,-6.00E-08,-1.12E-07,-1.80E-07,-3.32E-06,0.5,0.2,95.0%,100.0%,96.8%,11,NA
Sequoyah 1,2008-01-01,0.9,0,0.0,0,0,0,NA,-1.13E-06,-7.70E-08,-8.60E-08,-1.80E-07,-3.22E-06,1.0,0.1,94.9%,100.0%,97.0%,11,NA
Sequoyah 1,2008-02-01,0.9,0,0.0,0,0,0,NA,-1.13E-06,-7.70E-08,-8.60E-08,-1.80E-07,-3.22E-06,0.6,0.2,94.9%,100.0%,97.0%,11,NA
Sequoyah 1,2008-03-01,0.9,0,0.0,0,0,0,NA,-1.13E-06,-7.70E-08,-8.60E-08,-1.80E-07,-3.22E-06,0.6,0.2,94.9%,100.0%,97.0%,11,NA
Sequoyah 1,2008-04-01,0.9,0,0.0,0,0,0,NA,-1.50E-06,-8.60E-08,-8.40E-08,-1.10E-07,-3.32E-06,0.6,0.2,94.7%,97.3%,97.1%,11,NA
Sequoyah 1,2008-05-01,0.9,0,0.0,0,0,0,NA,-1.50E-06,-8.60E-08,-8.40E-08,-1.10E-07,-3.32E-06,0.6,0.5,94.7%,97.3%,97.1%,11,NA
Sequoyah 1,2008-06-01,0.9,0,0.0,0,0,0,NA,-1.50E-06,-8.60E-08,-8.40E-08,-1.10E-07,-3.32E-06,0.7,0.4,94.7%,97.3%,97.1%,11,NA
Sequoyah 1,2008-07-01,0.9,0,0.0,0,0,0,NA,3.90E-07,-7.80E-08,-8.40E-08,-1.20E-07,-3.32E-06,0.8,0.4,94.3%,100.0%,99.4%,11,NA
Sequoyah 1,2008-08-01,0.9,0,0.0,0,0,0,NA,3.90E-07,-7.80E-08,-8.40E-08,-1.20E-07,-3.32E-06,0.9,0.3,94.3%,100.0%,99.4%,11,NA
Sequoyah 1,2008-09-01,0.9,0,0.0,0,0,0,NA,3.90E-07,-7.80E-08,-8.40E-08,-1.20E-07,-3.32E-06,0.8,0.4,94.3%,100.0%,99.4%,11,NA
Sequoyah 1,2008-10-01,0.8,0,0.0,0,0,0,NA,-2.59E-06,-8.00E-08,-8.40E-08,-1.30E-07,-3.42E-06,1.0,0.3,93.6%,100.0%,99.4%,11,NA
Sequoyah 1,2008-11-01,0.8,0,0.0,0,0,0,NA,-2.59E-06,-8.00E-08,-8.40E-08,-1.30E-07,-3.42E-06,0.8,0.3,93.6%,100.0%,99.4%,11,NA
Sequoyah 1,2008-12-01,0.8,0,0.0,0,0,0,NA,-2.59E-06,-8.00E-08,-8.40E-08,-1.30E-07,-3.42E-06,1.0,0.2,93.6%,100.0%,99.4%,11,NA
Sequoyah 1,2009-01-01,0.8,0,1.0,0,0,0,NA,-2.69E-06,-4.00E-08,-8.60E-08,-2.00E-08,-3.42E-06,0.9,0.3,93.8%,100.0%,98.9%,11,NA
Sequoyah 1,2009-02-01,0.8,0,1.0,0,0,0,NA,-2.69E-06,-4.00E-08,-8.60E-08,-2.00E-08,-3.42E-06,0.9,0.2,93.8%,100.0%,98.9%,11,NA
Sequoyah 1,2009-03-01,0.8,0,1.0,0,0,0,NA,-2.69E-06,-4.00E-08,-8.60E-08,-2.00E-08,-3.42E-06,2.0,0.2,93.8%,100.0%,98.9%,11,NA
Sequoyah 1,2009-05-01,2.7,0,1.0,0,0,0,NA,-2.43E-06,-4.00E-08,-8.70E-08,-1.00E-08,-3.42E-06,0.2,1.7,95.2%,100.0%,99.0%,11,NA
Sequoyah 1,2009-06-01,2.7,0,1.0,0,0,0,NA,-2.43E-06,-4.00E-08,-8.70E-08,-1.00E-08,-3.42E-06,0.2,1.8,95.2%,100.0%,99.0%,11,NA
Sequoyah 1,2009-07-01,2.7,0,1.0,0,0,0,NA,-1.96E-06,-5.00E-08,-8.70E-08,-4.00E-08,-3.32E-06,0.2,1.7,95.5%,100.0%,99.0%,11,NA
Sequoyah 1,2009-08-01,2.7,0,1.0,0,0,0,NA,-1.96E-06,-5.00E-08,-8.70E-08,-4.00E-08,-3.32E-06,0.5,1.8,95.5%,100.0%,99.0%,11,NA
Sequoyah 1,2009-09-01,2.7,0,1.0,0,0,0,NA,-1.96E-06,-5.00E-08,-8.70E-08,-4.00E-08,-3.32E-06,0.2,1.7,95.5%,100.0%,99.0%,11,NA
Sequoyah 1,2009-10-01,2.7,0,1.0,0,0,0,NA,-1.91E-06,-6.00E-08,-8.70E-08,-7.00E-08,-3.32E-06,0.2,1.6,96.0%,100.0%,99.2%,11,NA
Sequoyah 1,2009-11-01,2.7,0,1.0,0,0,0,NA,-1.91E-06,-6.00E-08,-8.70E-08,-7.00E-08,-3.32E-06,0.2,1.5,96.0%,100.0%,99.2%,11,NA
Sequoyah 1,2009-12-01,2.7,0,1.0,0,0,0,NA,-1.91E-06,-6.00E-08,-8.70E-08,-7.00E-08,-3.32E-06,0.3,1.4,96.0%,100.0%,99.2%,11,NA
Sequoyah 1,2007-01-01,0,0,NA,0,0,0,NA,-1.36E-06,5.36E-07,-8.60E-08,2.18E-07,-1.32E-06,2.0,0.3,94.0%,98.7%,99.2%,11,NA
Sequoyah 1,2007-02-01,0,0,NA,0,0,0,NA,-1.36E-06,5.36E-07,-8.60E-08,2.18E-07,-1.32E-06,2.1,0.3,94.0%,98.7%,99.2%,11,NA
Sequoyah 1,2007-03-01,0,0,NA,0,0,0,NA,-1.36E-06,5.36E-07,-8.60E-08,2.18E-07,-1.32E-06,2.2,0.3,94.0%,98.7%,99.2%,11,NA
Sequoyah 1,2007-04-01,0,0,NA,0,0,0,NA,-2.14E-06,5.62E-07,-8.60E-08,2.80E-07,-1.32E-06,2.3,0.5,93.8%,100.0%,99.0%,11,NA
Sequoyah 1,2007-05-01,0,0,NA,0,0,0,NA,-2.14E-06,5.62E-07,-8.60E-08,2.80E-07,-1.32E-06,2.3,0.7,93.8%,100.0%,99.0%,11,NA
Sequoyah 1,2007-06-01,0,0,NA,0,0,0,NA,-2.14E-06,5.62E-07,-8.60E-08,2.80E-07,-1.32E-06,2.2,0.8,93.8%,100.0%,99.0%,11,NA
Sequoyah 1,2009-04-01,2.7,0,1.0,0,0,0,NA,-2.43E-06,-4.00E-08,-8.70E-08,-1.00E-08,-3.42E-06,NA,1.6,95.2%,100.0%,99.0%,11,NA
Sequoyah 2,2007-07-01,1.7,0,0.0,0,0,0,NA,-5.30E-07,-6.00E-08,-1.19E-07,-4.07E-07,-2.90E-06,0.1,0.2,93.5%,100.0%,96.7%,13,NA
Sequoyah 2,2007-08-01,1.7,0,0.0,0,0,0,NA,-5.30E-07,-6.00E-08,-1.19E-07,-4.07E-07,-2.90E-06,0.1,0.3,93.5%,100.0%,96.7%,13,NA
Sequoyah 2,2007-09-01,1.7,0,0.0,0,0,0,NA,-5.30E-07,-6.00E-08,-1.19E-07,-4.07E-07,-2.90E-06,0.1,0.3,93.5%,100.0%,96.7%,13,NA
Sequoyah 2,2007-10-01,1.6,0.8,0.0,0,0,0,NA,-1.17E-06,-6.00E-08,-1.19E-07,-4.07E-07,-2.90E-06,0.1,0.2,95.0%,100.0%,96.8%,13,NA
Sequoyah 2,2007-11-01,1.6,0.8,0.0,0,0,0,NA,-1.17E-06,-6.00E-08,-1.19E-07,-4.07E-07,-2.90E-06,0.1,0.2,95.0%,100.0%,96.8%,13,NA
Sequoyah 2,2007-12-01,1.6,0.8,0.0,0,0,0,NA,-1.17E-06,-6.00E-08,-1.19E-07,-4.07E-07,-2.90E-06,0.1,0.2,95.0%,100.0%,96.8%,13,NA
Sequoyah 2,2008-01-01,0,0.8,0.0,0,0,0,NA,-1.08E-06,0.00E+00,-1.18E-07,-4.05E-07,-2.11E-06,0.1,0.2,94.9%,100.0%,97.0%,13,NA
Sequoyah 2,2008-02-01,0,0.8,0.0,0,0,0,NA,-1.08E-06,0.00E+00,-1.18E-07,-4.05E-07,-2.11E-06,0.1,0.3,94.9%,100.0%,97.0%,13,NA
Sequoyah 2,2008-03-01,0,0.8,0.0,0,0,0,NA,-1.08E-06,0.00E+00,-1.18E-07,-4.05E-07,-2.11E-06,0.2,0.2,94.9%,100.0%,97.0%,13,NA
Sequoyah 2,2008-04-01,0,0.9,0.0,0,0,0,NA,-1.55E-06,0.00E+00,-1.04E-07,-2.80E-07,-2.11E-06,0.2,0.3,94.7%,97.3%,97.1%,13,NA
Sequoyah 2,2008-05-01,0,0.9,0.0,0,0,0,NA,-1.55E-06,0.00E+00,-1.04E-07,-2.80E-07,-2.11E-06,0.1,0.5,94.7%,97.3%,97.1%,13,NA
Sequoyah 2,2008-06-01,0,0.9,0.0,0,0,0,NA,-1.55E-06,0.00E+00,-1.04E-07,-2.80E-07,-2.11E-06,0.1,0.5,94.7%,97.3%,97.1%,13,NA
Sequoyah 2,2008-07-01,0,0.9,0.0,0,0,0,NA,4.30E-07,0.00E+00,-1.04E-07,-2.50E-07,-2.01E-06,0.1,0.2,94.3%,100.0%,99.4%,13,NA
Sequoyah 2,2007-08-01,0,0.9,0.0,0,0,0,NA,4.30E-07,0.00E+00,-1.04E-07,-2.50E-07,-2.01E-06,0.1,0.3,94.3%,100.0%,99.4%,13,NA
Sequoyah 2,2008-09-01,0,0.9,0.0,0,0,0,NA,4.30E-07,0.00E+00,-1.04E-07,-2.50E-07,-2.01E-06,0.1,0.3,94.3%,100.0%,99.4%,13,NA
Sequoyah 2,2008-10-01,0.9,0.9,0.0,1,0,0,NA,-2.59E-06,-1.00E-08,-1.06E-07,-2.40E-07,-2.11E-06,0.1,0.7,93.6%,100.0%,99.4%,13,NA
Sequoyah 2,2008-11-01,0.9,0.9,0.0,1,0,0,NA,-2.59E-06,-1.00E-08,-1.06E-07,-2.40E-07,-2.11E-06,0.1,0.7,93.6%,100.0%,99.4%,13,NA
Sequoyah 2,2008-12-01,0.9,0.9,0.0,1,0,0,NA,-2.59E-06,-1.00E-08,-1.06E-07,-2.40E-07,-2.11E-06,0.1,0.7,93.6%,100.0%,99.4%,13,NA
Sequoyah 2,2009-01-01,1.8,0.9,1.0,1,0,0,NA,-2.69E-06,-3.00E-08,-1.06E-07,-2.40E-07,-2.11E-06,0.1,0.7,93.8%,100.0%,98.9%,13,NA
Sequoyah 2,2009-02-01,1.8,0.9,1.0,1,0,0,NA,-2.69E-06,-3.00E-08,-1.06E-07,-2.40E-07,-2.11E-06,0.1,0.6,93.8%,100.0%,98.9%,13,NA
Sequoyah 2,2009-03-01,1.8,0.9,1.0,1,0,0,NA,-2.69E-06,-3.00E-08,-1.06E-07,-2.40E-07,-2.11E-06,0.1,0.7,93.8%,100.0%,98.9%,13,NA
Sequoyah 2,2009-04-01,2.5,0.8,1.0,1,0,0,NA,-2.65E-06,-1.00E-08,-1.03E-07,-2.50E-07,-2.31E-06,0.1,1.0,95.2%,100.0%,99.0%,13,NA
Sequoyah 2,2009-05-01,2.5,0.8,1.0,1,0,0,NA,-2.65E-06,-1.00E-08,-1.03E-07,-2.50E-07,-2.31E-06,0.1,0.9,95.2%,100.0%,99.0%,13,NA
Sequoyah 2,2009-06-01,2.5,0.8,1.0,1,0,0,NA,-2.65E-06,-1.00E-08,-1.03E-07,-2.50E-07,-2.31E-06,0.1,0.9,95.2%,100.0%,99.0%,13,NA
Sequoyah 2,2009-07-01,2.5,0.8,1.0,1,0,0,NA,-2.03E-06,-1.00E-08,-1.02E-07,-1.60E-07,-2.31E-06,0.1,1.1,95.5%,100.0%,99.0%,13,NA
Sequoyah 2,2009-08-01,2.5,0.8,1.0,1,0,0,NA,-2.03E-06,-1.00E-08,-1.02E-07,-1.60E-07,-2.31E-06,0.1,1.2,95.5%,100.0%,99.0%,13,NA
Sequoyah 2,2009-09-01,2.5,0.8,1.0,1,0,0,NA,-2.03E-06,-1.00E-08,-1.02E-07,-1.60E-07,-2.31E-06,0.1,1.4,95.5%,100.0%,99.0%,13,NA
Sequoyah 2,2009-10-01,2.7,0,1.0,0,0,0,NA,-2.01E-06,-5.00E-08,-9.24E-08,-1.60E-07,-2.31E-06,0.2,1.4,96.0%,100.0%,99.2%,13,NA
Sequoyah 2,2009-12-01,2.7,0,1.0,0,0,0,NA,-2.01E-06,-5.00E-08,-9.24E-08,-1.60E-07,-2.31E-06,0.1,1.2,96.0%,100.0%,99.2%,13,NA
Sequoyah 2,2007-01-01,1.7,0,NA,0,0,0,NA,-1.36E-06,-7.00E-08,-1.18E-07,6.70E-08,-9.70E-07,0.1,0.3,94.0%,98.7%,99.2%,13,NA
Sequoyah 2,2007-02-01,1.7,0,NA,0,0,0,NA,-1.36E-06,-7.00E-08,-1.18E-07,6.70E-08,-9.70E-07,0.1,0.2,94.0%,98.7%,99.2%,13,NA
Sequoyah 2,2007-03-01,1.7,0,NA,0,0,0,NA,-1.36E-06,-7.00E-08,-1.18E-07,6.70E-08,-9.70E-07,0.1,0.2,94.0%,98.7%,99.2%,13,NA
Sequoyah 2,2007-04-01,1.7,0,NA,0,0,0,NA,-1.56E-06,-7.00E-08,-1.19E-07,6.70E-08,-9.70E-07,0.1,0.2,93.8%,100.0%,99.0%,13,NA
Sequoyah 2,2007-05-01,1.7,0,NA,0,0,0,NA,-1.56E-06,-7.00E-08,-1.19E-07,6.70E-08,-9.70E-07,0.1,0.3,93.8%,100.0%,99.0%,13,NA
Sequoyah 2,2007-06-01,1.7,0,NA,0,0,0,NA,-1.56E-06,-7.00E-08,-1.19E-07,6.70E-08,-9.70E-07,0.1,0.3,93.8%,100.0%,99.0%,13,NA
Sequoyah 2,2009-11-01,2.7,0,1.0,0,0,0,NA,-2.01E-06,-5.00E-08,-9.24E-08,-1.60E-07,-2.31E-06,NA,0.7,96.0%,100.0%,99.2%,13,NA
Shearon Harris 1,2007-07-01,0.8,0,0.0,0,0,0,NA,-7.37E-07,-1.18E-08,-7.40E-09,-9.04E-08,-3.50E-07,0,0.4,97.1%,95.5%,99.6%,32,NA
Shearon Harris 1,2007-08-01,0.8,0,0.0,0,0,0,NA,-7.37E-07,-1.18E-08,-7.40E-09,-9.04E-08,-3.50E-07,0,0.5,97.1%,95.5%,99.6%,32,NA
Shearon Harris 1,2007-09-01,0.8,0,0.0,0,0,0,NA,-7.37E-07,-1.18E-08,-7.40E-09,-9.04E-08,-3.50E-07,0,0.5,97.1%,95.5%,99.6%,32,NA
Shearon Harris 1,2007-10-01,0.9,0.9,0.0,0,0,0,NA,-7.46E-07,-1.18E-08,-5.10E-09,-9.09E-08,-3.50E-07,0,0.1,96.9%,100.0%,99.5%,32,NA
Shearon Harris 1,2007-11-01,0.9,0.9,0.0,0,0,0,NA,-7.46E-07,-1.18E-08,-5.10E-09,-9.09E-08,-3.50E-07,0,0.3,96.9%,100.0%,99.5%,32,NA
Shearon Harris 1,2007-12-01,0.9,0.9,0.0,0,0,0,NA,-7.46E-07,-1.18E-08,-5.10E-09,-9.09E-08,-3.50E-07,0,0.2,96.9%,100.0%,99.5%,32,NA
Shearon Harris 1,2008-01-01,0.9,0.9,0.0,0,1,0,NA,-8.64E-07,-1.19E-08,-1.03E-07,-9.61E-08,-3.57E-08,0,0.3,96.8%,100.0%,99.3%,32,NA
Shearon Harris 1,2008-02-01,0.9,0.9,0.0,0,1,0,NA,-8.64E-07,-1.19E-08,-1.03E-07,-9.61E-08,-3.57E-08,0,0.3,96.8%,100.0%,99.3%,32,NA
Shearon Harris 1,2008-03-01,0.9,0.9,0.0,0,1,0,NA,-8.64E-07,-1.19E-08,-1.03E-07,-9.61E-08,-3.57E-08,0,0.3,96.8%,100.0%,99.3%,32,NA
Shearon Harris 1,2008-04-01,0.9,0.9,0.0,0,1,0,NA,-8.42E-07,-1.07E-08,-1.04E-07,-8.40E-08,-3.57E-08,0,0.3,96.6%,100.0%,99.3%,32,NA
Shearon Harris 1,2008-05-01,0.9,0.9,0.0,0,1,0,NA,-8.42E-07,-1.07E-08,-1.04E-07,-8.40E-08,-3.57E-08,0,0.3,96.6%,100.0%,99.3%,32,NA
Shearon Harris 1,2008-06-01,0.9,0.9,0.0,0,1,0,NA,-8.42E-07,-1.07E-08,-1.04E-07,-8.40E-08,-3.57E-08,0,0.3,96.6%,100.0%,99.3%,32,NA
Shearon Harris 1,2008-07-01,0.9,0.9,0.0,0,1,0,NA,-3.52E-07,-3.19E-09,-6.90E-08,-5.15E-08,-3.10E-08,0,0.3,95.7%,100.0%,99.4%,32,NA
Shearon Harris 1,2008-08-01,0.9,0.9,0.0,0,1,0,NA,-3.52E-07,-3.19E-09,-6.90E-08,-5.15E-08,-3.10E-08,0,0.5,95.7%,100.0%,99.4%,32,NA
Shearon Harris 1,2008-09-01,0.9,0.9,0.0,0,1,0,NA,-3.52E-07,-3.19E-09,-6.90E-08,-5.15E-08,-3.10E-08,0,0.2,95.7%,100.0%,99.4%,32,NA
Shearon Harris 1,2008-10-01,0.8,0,0.0,0,1,0,NA,5.60E-08,-3.09E-09,-7.00E-08,-5.05E-08,-4.30E-08,0,0.2,96.1%,100.0%,99.5%,32,NA
Shearon Harris 1,2008-11-01,0.8,0,0.0,0,1,0,NA,5.60E-08,-3.09E-09,-7.00E-08,-5.05E-08,-4.30E-08,0,0.3,96.1%,100.0%,99.5%,32,NA
Shearon Harris 1,2008-12-01,0.8,0,0.0,0,1,0,NA,5.60E-08,-3.09E-09,-7.00E-08,-5.05E-08,-4.30E-08,0,0.2,96.1%,100.0%,99.5%,32,NA
Shearon Harris 1,2009-01-01,0.8,0,0.0,0,0,0,NA,5.19E-08,-2.43E-09,-1.18E-07,-5.19E-08,-2.80E-08,0,0.2,96.2%,100.0%,99.6%,32,NA
Shearon Harris 1,2009-02-01,0.8,0,0.0,0,0,0,NA,5.19E-08,-2.43E-09,-1.18E-07,-5.19E-08,-2.80E-08,0,0.2,96.2%,100.0%,99.6%,32,NA
Shearon Harris 1,2009-03-01,0.8,0,0.0,0,0,0,NA,5.19E-08,-2.43E-09,-1.18E-07,-5.19E-08,-2.80E-08,0,0.2,96.2%,100.0%,99.6%,32,NA
Shearon Harris 1,2009-04-01,0.9,0,0.0,0,0,0,NA,4.75E-08,-5.64E-09,-1.01E-07,1.77E-08,-2.10E-08,0,0.4,96.9%,100.0%,99.6%,32,NA
Shearon Harris 1,2009-05-01,0.9,0,0.0,0,0,0,NA,4.75E-08,-5.64E-09,-1.01E-07,1.77E-08,-2.10E-08,0,0.3,96.9%,100.0%,99.6%,32,NA
Shearon Harris 1,2009-06-01,0.9,0,0.0,0,0,0,NA,4.75E-08,-5.64E-09,-1.01E-07,1.77E-08,-2.10E-08,0,0.2,96.9%,100.0%,99.6%,32,NA
Shearon Harris 1,2009-07-01,0,0,0.0,0,0,0,NA,6.28E-08,-5.64E-09,-9.56E-08,2.30E-08,-1.00E-09,0,0.2,97.2%,100.0%,99.9%,32,NA
Shearon Harris 1,2009-08-01,0,0,0.0,0,0,0,NA,6.28E-08,-5.64E-09,-9.56E-08,2.30E-08,-1.00E-09,0,0.2,97.2%,100.0%,99.9%,32,NA
Shearon Harris 1,2009-09-01,0,0,0.0,0,0,0,NA,6.28E-08,-5.64E-09,-9.56E-08,2.30E-08,-1.00E-09,0,0.4,97.2%,100.0%,99.9%,32,NA
Shearon Harris 1,2009-10-01,0.9,0,0.0,1,0,0,NA,5.71E-08,-5.63E-09,-9.61E-08,2.60E-08,-9.00E-09,0,0.2,97.5%,100.0%,100.0%,32,NA
Shearon Harris 1,2009-11-01,0.9,0,0.0,1,0,0,NA,5.71E-08,-5.63E-09,-9.61E-08,2.60E-08,-9.00E-09,0,0.3,97.5%,100.0%,100.0%,32,NA
Shearon Harris 1,2009-12-01,0.9,0,0.0,1,0,0,NA,5.71E-08,-5.63E-09,-9.61E-08,2.60E-08,-9.00E-09,0,0.2,97.5%,100.0%,100.0%,32,NA
Shearon Harris 1,2007-01-01,0.9,0.9,NA,0,0,0,NA,-7.00E-07,-5.06E-09,2.19E-08,-9.33E-08,-3.48E-07,0,0.7,97.3%,100.0%,99.6%,32,NA
Shearon Harris 1,2007-02-01,0.9,0.9,NA,0,0,0,NA,-7.00E-07,-5.06E-09,2.19E-08,-9.33E-08,-3.48E-07,0,0.6,97.3%,100.0%,99.6%,32,NA
Shearon Harris 1,2007-03-01,0.9,0.9,NA,0,0,0,NA,-7.00E-07,-5.06E-09,2.19E-08,-9.33E-08,-3.48E-07,0,0.6,97.3%,100.0%,99.6%,32,NA
Shearon Harris 1,2007-04-01,0.8,0,NA,0,0,0,NA,-7.18E-07,-1.19E-08,-5.10E-09,-8.62E-08,-3.49E-07,0,0.5,97.0%,100.0%,99.6%,32,NA
Shearon Harris 1,2007-05-01,0.8,0,NA,0,0,0,NA,-7.18E-07,-1.19E-08,-5.10E-09,-8.62E-08,-3.49E-07,0,0.5,97.0%,100.0%,99.6%,32,NA
Shearon Harris 1,2007-06-01,0.8,0,NA,0,0,0,NA,-7.18E-07,-1.19E-08,-5.10E-09,-8.62E-08,-3.49E-07,0,0.4,97.0%,100.0%,99.6%,32,NA
South Texas Project 2,2007-01-01,0,0,0.0,0,0,0,NA,-1.13E-06,1.66E-07,-1.70E-07,4.09E-08,-1.10E-08,0,0.5,93.8%,93.9%,99.9%,19,NA
South Texas Project 2,2007-02-01,0,0,0.0,0,0,0,NA,-1.13E-06,1.66E-07,-1.70E-07,4.09E-08,-1.10E-08,0,0.6,93.8%,93.9%,99.9%,19,NA
South Texas Project 2,2007-03-01,0,0,0.0,0,0,0,NA,-1.13E-06,1.66E-07,-1.70E-07,4.09E-08,-1.10E-08,0,0.7,93.8%,93.9%,99.9%,19,NA
South Texas Project 2,2007-04-01,0,0,0.0,0,0,0,NA,-1.15E-06,1.36E-07,-1.98E-07,2.79E-08,-3.40E-08,0,0.5,93.8%,95.7%,99.7%,19,NA
South Texas Project 2,2007-05-01,0,0,0.0,0,0,0,NA,-1.15E-06,1.36E-07,-1.98E-07,2.79E-08,-3.40E-08,0,0.7,93.8%,95.7%,99.7%,19,NA
South Texas Project 2,2007-06-01,0,0,0.0,0,0,0,NA,-1.15E-06,1.36E-07,-1.98E-07,2.79E-08,-3.40E-08,0,0.6,93.8%,95.7%,99.7%,19,NA
South Texas Project 2,2007-07-01,0,0.9,0.0,0,0,0,NA,-1.16E-06,-3.30E-08,-2.14E-07,-7.00E-09,-7.70E-08,0,0.7,94.6%,94.7%,99.7%,19,NA
South Texas Project 2,2007-08-01,0,0.9,0.0,0,0,0,NA,-1.16E-06,-3.30E-08,-2.14E-07,-7.00E-09,-7.70E-08,0,0.8,94.6%,94.7%,99.7%,19,NA
South Texas Project 2,2007-09-01,0,0.9,0.0,0,0,0,NA,-1.16E-06,-3.30E-08,-2.14E-07,-7.00E-09,-7.70E-08,0,0.7,94.6%,94.7%,99.7%,19,NA
South Texas Project 2,2007-10-01,0,0.9,0.0,0,0,0,NA,-5.70E-07,-3.30E-08,-1.93E-07,-8.80E-09,5.50E-08,0,0.7,97.2%,98.3%,99.4%,19,NA
South Texas Project 2,2007-11-01,0,0.9,0.0,0,0,0,NA,-5.70E-07,-3.30E-08,-1.93E-07,-8.80E-09,5.50E-08,0,0.7,97.2%,98.3%,99.4%,19,NA
South Texas Project 2,2007-12-01,0,0.9,0.0,0,0,0,NA,-5.70E-07,-3.30E-08,-1.93E-07,-8.80E-09,5.50E-08,0,0.6,97.2%,98.3%,99.4%,19,NA
South Texas Project 2,2008-01-01,0,0.9,0.0,0,0,0,NA,-5.80E-07,-2.18E-08,-2.06E-07,-8.70E-09,4.60E-08,0,0.6,96.9%,94.1%,99.6%,19,NA
South Texas Project 2,2008-02-01,0,0.9,0.0,0,0,0,NA,-5.80E-07,-2.18E-08,-2.06E-07,-8.70E-09,4.60E-08,0,0.7,96.9%,94.1%,99.6%,19,NA
South Texas Project 2,2008-03-01,0,0.9,0.0,0,0,0,NA,-5.80E-07,-2.18E-08,-2.06E-07,-8.70E-09,4.60E-08,0,0.7,96.9%,94.1%,99.6%,19,NA
South Texas Project 2,2008-04-01,0,0.8,0.0,0,0,0,NA,-9.60E-07,-3.00E-08,-1.99E-07,-8.70E-09,-7.52E-08,0,0.7,97.8%,100.0%,99.8%,19,NA
South Texas Project 2,2008-05-01,0,0.8,0.0,0,0,0,NA,-9.60E-07,-3.00E-08,-1.99E-07,-8.70E-09,-7.52E-08,0,0.6,97.8%,100.0%,99.8%,19,NA
South Texas Project 2,2008-06-01,0,0.8,0.0,0,0,0,NA,-9.60E-07,-3.00E-08,-1.99E-07,-8.70E-09,-7.52E-08,0,0.5,97.8%,100.0%,99.8%,19,NA
South Texas Project 2,2008-07-01,0,0,0.0,0,0,0,NA,-8.90E-07,-4.10E-08,-1.35E-07,-6.90E-09,-9.80E-08,0,0.5,97.2%,100.0%,99.7%,19,NA
South Texas Project 2,2008-08-01,0,0,0.0,0,0,0,NA,-8.90E-07,-4.10E-08,-1.35E-07,-6.90E-09,-9.80E-08,0,0.6,97.2%,100.0%,99.7%,19,NA
South Texas Project 2,2008-09-01,0,0,0.0,0,0,0,NA,-8.90E-07,-4.10E-08,-1.35E-07,-6.90E-09,-9.80E-08,0,0.5,97.2%,100.0%,99.7%,19,NA
South Texas Project 2,2008-10-01,0,0,0.0,1.0,0,0,NA,-1.07E-06,-4.10E-08,-4.00E-08,-6.30E-09,-9.70E-08,0,0.5,97.3%,100.0%,99.9%,19,NA
South Texas Project 2,2008-11-01,0,0,0.0,1.0,0,0,NA,-1.07E-06,-4.10E-08,-4.00E-08,-6.30E-09,-9.70E-08,0,0.5,97.3%,100.0%,99.9%,19,NA
South Texas Project 2,2008-12-01,0,0,0.0,1.0,0,0,NA,-1.07E-06,-4.10E-08,-4.00E-08,-6.30E-09,-9.70E-08,0,0.6,97.3%,100.0%,99.9%,19,NA
South Texas Project 2,2009-01-01,0,0,0.0,1.0,0,0,NA,-9.80E-07,-4.10E-08,-8.20E-08,-7.50E-09,-9.50E-08,0,0.6,98.2%,96.5%,99.9%,19,NA
South Texas Project 2,2009-02-01,0,0,0.0,1.0,0,0,NA,-9.80E-07,-4.10E-08,-8.20E-08,-7.50E-09,-9.50E-08,0,0.4,98.2%,96.5%,99.9%,19,NA
South Texas Project 2,2009-03-01,0,0,0.0,1.0,0,0,NA,-9.80E-07,-4.10E-08,-8.20E-08,-7.50E-09,-9.50E-08,0,0.5,98.2%,96.5%,99.9%,19,NA
South Texas Project 2,2009-04-01,0,0,0.0,1.0,0,0,NA,-6.50E-07,-3.10E-08,-3.00E-08,-8.00E-09,-3.40E-08,0,0.5,99.0%,99.2%,99.6%,19,NA
South Texas Project 2,2009-05-01,0,0,0.0,1.0,0,0,NA,-6.50E-07,-3.10E-08,-3.00E-08,-8.00E-09,-3.40E-08,0,0.4,99.0%,99.2%,99.6%,19,NA
South Texas Project 2,2009-06-01,0,0,0.0,1.0,0,0,NA,-6.50E-07,-3.10E-08,-3.00E-08,-8.00E-09,-3.40E-08,0,0.5,99.0%,99.2%,99.6%,19,NA
South Texas Project 2,2009-07-01,0,0,0.0,1.0,0,0,NA,-5.60E-07,6.00E-09,-4.00E-08,4.00E-09,1.89E-07,0,0.4,98.1%,99.2%,99.7%,19,NA
South Texas Project 2,2009-08-01,0,0,0.0,1.0,0,0,NA,-5.60E-07,6.00E-09,-4.00E-08,4.00E-09,1.89E-07,0,0.4,98.1%,99.2%,99.7%,19,NA
South Texas Project 2,2009-09-01,0,0,0.0,1.0,0,0,NA,-5.60E-07,6.00E-09,-4.00E-08,4.00E-09,1.89E-07,0,0.5,98.1%,99.2%,99.7%,19,NA
South Texas Project 2,2009-10-01,0,0,0.0,0,0,0,NA,-3.20E-07,-2.70E-08,-1.20E-08,-8.30E-09,1.36E-07,0,0.4,97.3%,99.2%,99.7%,19,NA
South Texas Project 2,2009-11-01,0,0,0.0,0,0,0,NA,-3.20E-07,-2.70E-08,-1.20E-08,-8.30E-09,1.36E-07,0,0.5,97.3%,99.2%,99.7%,19,NA
South Texas Project 2,2009-12-01,0,0,0.0,0,0,0,NA,-3.20E-07,-2.70E-08,-1.20E-08,-8.30E-09,1.36E-07,0,0.4,97.3%,99.2%,99.7%,19,NA
South Texas Project Project 1,2007-01-01,0,0,0.0,0,0,0,NA,-6.20E-07,1.50E-08,3.40E-07,2.09E-08,-2.00E-08,0,0.4,93.8%,93.9%,99.9%,11,NA
South Texas Project Project 1,2007-02-01,0,0,0.0,0,0,0,NA,-6.20E-07,1.50E-08,3.40E-07,2.09E-08,-2.00E-08,0,0.4,93.8%,93.9%,99.9%,11,NA
South Texas Project Project 1,2007-03-01,0,0,0.0,0,0,0,NA,-6.20E-07,1.50E-08,3.40E-07,2.09E-08,-2.00E-08,0,0.4,93.8%,93.9%,99.9%,11,NA
South Texas Project Project 1,2007-04-01,0,0,0.0,0,0,0,NA,-6.95E-07,2.30E-08,3.90E-07,2.09E-08,-1.30E-08,0,0.7,93.8%,95.7%,99.7%,11,NA
South Texas Project Project 1,2007-05-01,0,0,0.0,0,0,0,NA,-6.95E-07,2.30E-08,3.90E-07,2.09E-08,-1.30E-08,0,0.4,93.8%,95.7%,99.7%,11,NA
South Texas Project Project 1,2007-06-01,0,0,0.0,0,0,0,NA,-6.95E-07,2.30E-08,3.90E-07,2.09E-08,-1.30E-08,0,0.5,93.8%,95.7%,99.7%,11,NA
South Texas Project Project 1,2007-07-01,0,0,0.0,0,0,0,NA,-9.70E-07,-2.70E-08,1.85E-07,-6.30E-09,-9.70E-08,0,0.5,94.6%,94.7%,99.7%,11,NA
South Texas Project Project 1,2007-08-01,0,0,0.0,0,0,0,NA,-9.70E-07,-2.70E-08,1.85E-07,-6.30E-09,-9.70E-08,0,0.5,94.6%,94.7%,99.7%,11,NA
South Texas Project Project 1,2007-09-01,0,0,0.0,0,0,0,NA,-9.70E-07,-2.70E-08,1.85E-07,-6.30E-09,-9.70E-08,0,0.6,94.6%,94.7%,99.7%,11,NA
South Texas Project Project 1,2007-10-01,0,0,0.0,0,0,0,NA,-9.70E-07,-4.10E-08,2.07E-07,-8.80E-09,-8.90E-08,0,0.6,97.2%,98.3%,99.4%,11,NA
South Texas Project Project 1,2007-11-01,0,0,0.0,0,0,0,NA,-9.70E-07,-4.10E-08,2.07E-07,-8.80E-09,-8.90E-08,0,0.7,97.2%,98.3%,99.4%,11,NA
South Texas Project Project 1,2007-12-01,0,0,0.0,0,0,0,NA,-9.70E-07,-4.10E-08,2.07E-07,-8.80E-09,-8.90E-08,0,0.6,97.2%,98.3%,99.4%,11,NA
South Texas Project Project 1,2008-01-01,0,0,0.0,0,0,0,NA,-9.50E-07,-2.80E-08,2.29E-07,-7.00E-09,-5.30E-08,0,0.7,96.9%,94.1%,99.6%,11,NA
South Texas Project Project 1,2008-02-01,0,0,0.0,0,0,0,NA,-9.50E-07,-2.80E-08,2.29E-07,-7.00E-09,-5.30E-08,0,0.5,96.9%,94.1%,99.6%,11,NA
South Texas Project Project 1,2008-03-01,0,0,0.0,0,0,0,NA,-9.50E-07,-2.80E-08,2.29E-07,-7.00E-09,-5.30E-08,0,0.6,96.9%,94.1%,99.6%,11,NA
South Texas Project Project 1,2008-04-01,0,0,0.0,0,0,0,NA,-7.56E-07,3.40E-08,2.49E-07,2.10E-08,-5.10E-08,0,0.5,97.8%,100.0%,99.8%,11,NA
South Texas Project Project 1,2008-05-01,0,0,0.0,0,0,0,NA,-7.56E-07,3.40E-08,2.49E-07,2.10E-08,-5.10E-08,0,4.9,97.8%,100.0%,99.8%,11,NA
South Texas Project Project 1,2008-06-01,0,0,0.0,0,0,0,NA,-7.56E-07,3.40E-08,2.49E-07,2.10E-08,-5.10E-08,0,0.6,97.8%,100.0%,99.8%,11,NA
South Texas Project Project 1,2008-07-01,0,0,0.0,0,0,0,NA,-7.43E-07,-1.00E-09,2.64E-07,1.40E-08,-5.70E-08,0,6.8,97.2%,100.0%,99.7%,11,NA
South Texas Project Project 1,2008-08-01,0,0,0.0,0,0,0,NA,-7.43E-07,-1.00E-09,2.64E-07,1.40E-08,-5.70E-08,0,6.7,97.2%,100.0%,99.7%,11,NA
South Texas Project Project 1,2008-09-01,0,0,0.0,0,0,0,NA,-7.43E-07,-1.00E-09,2.64E-07,1.40E-08,-5.70E-08,0,0.7,97.2%,100.0%,99.7%,11,NA
South Texas Project Project 1,2008-10-01,0,0,0.0,0,0,0,NA,-9.00E-07,-3.30E-08,2.59E-07,-1.30E-09,-5.90E-08,0,0.8,97.2%,100.0%,99.9%,11,NA
South Texas Project Project 1,2008-11-01,0,0,0.0,0,0,0,NA,-9.00E-07,-3.30E-08,2.59E-07,-1.30E-09,-5.90E-08,0,0.7,97.2%,100.0%,99.9%,11,NA
South Texas Project Project 1,2008-12-01,0,0,0.0,0,0,0,NA,-9.00E-07,-3.30E-08,2.59E-07,-1.30E-09,-5.90E-08,0,0.7,97.2%,100.0%,99.9%,11,NA
South Texas Project Project 1,2009-01-01,0,0,0.0,0,0,0,NA,-9.00E-07,-4.10E-08,3.10E-07,-8.60E-09,-8.00E-08,0,0.7,98.1%,96.5%,99.9%,11,NA
South Texas Project Project 1,2009-02-01,0,0,0.0,0,0,0,NA,-9.00E-07,-4.10E-08,3.10E-07,-8.60E-09,-8.00E-08,0,0.7,98.1%,96.5%,99.9%,11,NA
South Texas Project Project 1,2009-03-01,0,0,0.0,0,0,0,NA,-9.00E-07,-4.10E-08,3.10E-07,-8.60E-09,-8.00E-08,0,0.7,98.1%,96.5%,99.9%,11,NA
South Texas Project Project 1,2009-04-01,0,0,0.0,0,0,0,NA,-8.10E-07,-4.10E-08,2.60E-07,-8.60E-09,-8.00E-08,0,0.7,99.0%,100.0%,99.7%,11,NA
South Texas Project Project 1,2009-05-01,0,0,0.0,0,0,0,NA,-8.10E-07,-4.10E-08,2.60E-07,-8.60E-09,-8.00E-08,0,0.7,99.0%,100.0%,99.7%,11,NA
South Texas Project Project 1,2009-06-01,0,0,0.0,0,0,0,NA,-8.10E-07,-4.10E-08,2.60E-07,-8.60E-09,-8.00E-08,0,0.7,99.0%,100.0%,99.7%,11,NA
South Texas Project Project 1,2009-07-01,0,0,0.0,0,0,0,NA,-9.10E-07,-4.10E-08,1.92E-07,-7.70E-09,-6.85E-08,0,1.0,98.1%,100.0%,99.8%,11,NA
South Texas Project Project 1,2009-08-01,0,0,0.0,0,0,0,NA,-9.10E-07,-4.10E-08,1.92E-07,-7.70E-09,-6.85E-08,0,0.6,98.1%,100.0%,99.8%,11,NA
South Texas Project Project 1,2009-09-01,0,0,0.0,0,0,0,NA,-9.10E-07,-4.10E-08,1.92E-07,-7.70E-09,-6.85E-08,0,0.7,98.1%,100.0%,99.8%,11,NA
South Texas Project Project 1,2009-10-01,0,0,0.0,0,0,0,NA,-3.50E-07,-6.30E-08,-1.25E-07,-1.23E-08,-9.00E-09,0,0,97.3%,99.2%,99.7%,11,NA
South Texas Project Project 1,2009-11-01,0,0,0.0,0,0,0,NA,-3.50E-07,-6.30E-08,-1.25E-07,-1.23E-08,-9.00E-09,0,0.8,97.3%,99.2%,99.7%,11,NA
South Texas Project Project 1,2009-12-01,0,0,0.0,0,0,0,NA,-3.50E-07,-6.30E-08,-1.25E-07,-1.23E-08,-9.00E-09,0,0.8,97.3%,99.2%,99.7%,11,NA
St Lucie 2,2007-04-01,0.0,0.8,0.0,0,1,0,NA,-3.00E-08,-6.70E-08,-2.14E-07,-2.60E-09,1.11E-07,0.1,0.1,95.5%,100.0%,99.8%,23,NA
St Lucie 2,2007-05-01,0.0,0.8,0.0,0,1,0,NA,-3.00E-08,-6.70E-08,-2.14E-07,-2.60E-09,1.11E-07,0.1,0.1,95.5%,100.0%,99.8%,23,NA
St Lucie 2,2007-06-01,0.0,0.8,0.0,0,1,0,NA,-3.00E-08,-6.70E-08,-2.14E-07,-2.60E-09,1.11E-07,0.1,0.1,95.5%,100.0%,99.8%,23,NA
St Lucie 2,2007-07-01,0.0,1.7,0.0,0,0,0,NA,-3.00E-08,-3.20E-08,-2.23E-07,-2.77E-09,1.81E-07,0.1,0.1,96.1%,99.0%,99.6%,23,NA
St Lucie 2,2007-08-01,0.0,1.7,0.0,0,0,0,NA,-3.00E-08,-3.20E-08,-2.23E-07,-2.77E-09,1.81E-07,0.1,0,96.1%,99.0%,99.6%,23,NA
St Lucie 2,2007-09-01,0.0,1.7,0.0,0,0,0,NA,-3.00E-08,-3.20E-08,-2.23E-07,-2.77E-09,1.81E-07,0.1,0,96.1%,99.0%,99.6%,23,NA
St Lucie 2,2008-01-01,0.0,2.4,0.0,0,0,0,NA,-2.60E-08,-8.00E-08,-2.22E-07,-3.50E-09,1.31E-07,0.1,0.1,96.1%,100.0%,99.6%,23,NA
St Lucie 2,2008-02-01,0.0,2.4,0.0,0,0,0,NA,-2.60E-08,-8.00E-08,-2.22E-07,-3.50E-09,1.31E-07,0.1,0,96.1%,100.0%,99.6%,23,NA
St Lucie 2,2008-03-01,0.0,2.4,0.0,0,0,0,NA,-2.60E-08,-8.00E-08,-2.22E-07,-3.50E-09,1.31E-07,0.1,0.1,96.1%,100.0%,99.6%,23,NA
St Lucie 2,2008-04-01,2.4,2.4,0.0,0,0,0,NA,2.40E-08,-1.00E-08,-2.22E-07,-3.14E-09,3.51E-07,0.1,0.2,95.8%,98.0%,99.7%,23,NA
St Lucie 2,2008-05-01,2.4,2.4,0.0,0,0,0,NA,2.40E-08,-1.00E-08,-2.22E-07,-3.14E-09,3.51E-07,0.1,0,95.8%,98.0%,99.7%,23,NA
St Lucie 2,2008-06-01,2.4,2.4,0.0,0,0,0,NA,2.40E-08,-1.00E-08,-2.22E-07,-3.14E-09,3.51E-07,0.1,1.8,95.8%,98.0%,99.7%,23,NA
St Lucie 2,2008-07-01,2.3,1.1,0.0,0,0,0,NA,2.50E-08,-3.50E-08,-2.36E-07,-3.20E-09,1.61E-07,0.1,0,96.9%,100.0%,99.8%,23,NA
St Lucie 2,2008-08-01,2.3,1.1,0.0,0,0,0,NA,2.50E-08,-3.50E-08,-2.36E-07,-3.20E-09,1.61E-07,0.1,0.4,96.9%,100.0%,99.8%,23,NA
St Lucie 2,2008-09-01,2.3,1.1,0.0,0,0,0,NA,2.50E-08,-3.50E-08,-2.36E-07,-3.20E-09,1.61E-07,0.1,0.5,96.9%,100.0%,99.8%,23,NA
St Lucie 2,2008-10-01,1.7,0.8,0.0,0,0,0,NA,2.60E-08,-3.30E-08,-2.36E-07,-3.52E-09,1.60E-07,0.1,0.5,96.7%,100.0%,99.8%,23,NA
St Lucie 2,2008-11-01,1.7,0.8,0.0,0,0,0,NA,2.60E-08,-3.30E-08,-2.36E-07,-3.52E-09,1.60E-07,0.1,0.6,96.7%,100.0%,99.8%,23,NA
St Lucie 2,2008-12-01,1.7,0.8,0.0,0,0,0,NA,2.60E-08,-3.30E-08,-2.36E-07,-3.52E-09,1.60E-07,0.1,0.1,96.7%,100.0%,99.8%,23,NA
St Lucie 2,2009-01-01,1.6,0.8,0.0,0,0,0,NA,7.00E-09,3.00E-08,-2.36E-07,-2.69E-09,2.60E-07,0.1,0.6,96.8%,96.1%,99.7%,23,NA
St Lucie 2,2009-02-01,1.6,0.8,0.0,0,0,0,NA,7.00E-09,3.00E-08,-2.36E-07,-2.69E-09,2.60E-07,0.1,0.5,96.8%,96.1%,99.7%,23,NA
St Lucie 2,2009-03-01,1.6,0.8,0.0,0,0,0,NA,7.00E-09,3.00E-08,-2.36E-07,-2.69E-09,2.60E-07,0.1,0,96.8%,96.1%,99.7%,23,NA
St Lucie 2,2009-04-01,0.9,0.9,0.0,0,0,0,NA,6.00E-09,-1.00E-08,-1.68E-08,-2.74E-09,2.59E-07,0.1,0,97.0%,98.9%,99.6%,23,NA
St Lucie 2,2009-06-01,0.9,0.9,0.0,0,0,0,NA,6.00E-09,-1.00E-08,-1.68E-08,-2.74E-09,2.59E-07,0.1,0.5,97.0%,98.9%,99.6%,23,NA
St Lucie 2,2009-07-01,1.0,2.1,0.0,0,0,0,NA,7.00E-09,-5.60E-08,-1.58E-08,-2.94E-09,2.89E-07,0.1,0.1,96.7%,98.9%,99.7%,23,NA
St Lucie 2,2009-08-01,1.0,2.1,0.0,0,0,0,NA,7.00E-09,-5.60E-08,-1.58E-08,-2.94E-09,2.89E-07,0.1,0.1,96.7%,98.9%,99.7%,23,NA
St Lucie 2,2009-09-01,1.0,2.1,0.0,0,0,0,NA,7.00E-09,-5.60E-08,-1.58E-08,-2.94E-09,2.89E-07,0.1,0,96.7%,98.9%,99.7%,23,NA
St Lucie 2,2009-10-01,1.0,2.1,0.0,0,0,0,NA,-9.60E-09,2.00E-08,-3.42E-08,-1.98E-09,5.31E-07,0.1,1.0,97.0%,100.0%,99.7%,23,NA
St Lucie 2,2009-11-01,1.0,2.1,0.0,0,0,0,NA,-9.60E-09,2.00E-08,-3.42E-08,-1.98E-09,5.31E-07,0.1,1.0,97.0%,100.0%,99.7%,23,NA
St Lucie 2,2009-12-01,1.0,2.1,0.0,0,0,0,NA,-9.60E-09,2.00E-08,-3.42E-08,-1.98E-09,5.31E-07,0.1,1.4,97.0%,100.0%,99.7%,23,NA
St Lucie 2,2007-01-01,0.9,0.9,NA,0,0,0,NA,-3.00E-08,-8.40E-08,-2.28E-07,-2.73E-09,1.18E-07,0.1,0.5,95.8%,99.1%,99.9%,23,NA
St Lucie 2,2007-02-01,0.9,0.9,NA,0,0,0,NA,-3.00E-08,-8.40E-08,-2.28E-07,-2.73E-09,1.18E-07,0.1,0,95.8%,99.1%,99.9%,23,NA
St Lucie 2,2007-03-01,0.9,0.9,NA,0,0,0,NA,-3.00E-08,-8.40E-08,-2.28E-07,-2.73E-09,1.18E-07,0.1,0.1,95.8%,99.1%,99.9%,23,NA
St Lucie 2,2007-10-01,0.0,1.1,0.0,0,0,0,NA,-2.70E-08,-7.60E-08,-2.22E-07,-3.44E-09,1.51E-07,NA,NA,96.2%,99.0%,99.6%,23,NA
St Lucie 2,2007-11-01,0.0,1.1,0.0,0,0,0,NA,-2.70E-08,-7.60E-08,-2.22E-07,-3.44E-09,1.51E-07,NA,NA,96.2%,99.0%,99.6%,23,NA
St Lucie 2,2007-12-01,0.0,1.1,0.0,0,0,0,NA,-2.70E-08,-7.60E-08,-2.22E-07,-3.44E-09,1.51E-07,NA,NA,96.2%,99.0%,99.6%,23,NA
St Lucie 2,2009-05-01,0.9,0.9,0.0,0,0,0,NA,6.00E-09,-1.00E-08,-1.68E-08,-2.74E-09,2.59E-07,NA,NA,97.0%,98.9%,99.6%,23,NA
Summer,2007-07-01,0.9,0,0.0,0,0,0,NA,-3.84E-07,-3.90E-07,-6.60E-08,2.36E-07,5.98E-08,0.1,1.0,97.0%,91.7%,99.4%,13,NA
Summer,2007-08-01,0.9,0,0.0,0,0,0,NA,-3.84E-07,-3.90E-07,-6.60E-08,2.36E-07,5.98E-08,0.1,0.7,97.0%,91.7%,99.4%,13,NA
Summer,2007-09-01,0.9,0,0.0,0,0,0,NA,-3.84E-07,-3.90E-07,-6.60E-08,2.36E-07,5.98E-08,0.1,0.8,97.0%,91.7%,99.4%,13,NA
Summer,2007-10-01,0.8,0,0.0,0,0,0,NA,-3.84E-07,-3.90E-07,-6.70E-08,-2.03E-07,-1.60E-07,0.1,0.5,97.4%,90.1%,99.5%,13,NA
Summer,2007-11-01,0.8,0,0.0,0,0,0,NA,-3.84E-07,-3.90E-07,-6.70E-08,-2.03E-07,-1.60E-07,0.1,0.3,97.4%,90.1%,99.5%,13,NA
Summer,2007-12-01,0.8,0,0.0,0,0,0,NA,-3.84E-07,-3.90E-07,-6.70E-08,-2.03E-07,-1.60E-07,0.1,1.2,97.4%,90.1%,99.5%,13,NA
Summer,2008-01-01,0.8,0,0.0,0,0,0,NA,-3.40E-07,-3.90E-07,-7.60E-08,-2.03E-07,-1.60E-07,0.1,1.3,97.1%,97.1%,99.6%,13,NA
Summer,2008-02-01,0.8,0,0.0,0,0,0,NA,-3.40E-07,-3.90E-07,-7.60E-08,-2.03E-07,-1.60E-07,0.1,0.3,97.1%,97.1%,99.6%,13,NA
Summer,2008-03-01,0.8,0,0.0,0,0,0,NA,-3.40E-07,-3.90E-07,-7.60E-08,-2.03E-07,-1.60E-07,0.1,0.4,97.1%,97.1%,99.6%,13,NA
Summer,2008-04-01,0.9,0,0.0,1,0,0,NA,-3.10E-07,-3.90E-07,-1.24E-07,-1.93E-07,-1.60E-07,0.1,0.8,97.1%,95.7%,99.6%,13,NA
Summer,2008-06-01,0.9,0,0.0,1,0,0,NA,-3.10E-07,-3.90E-07,-1.24E-07,-1.93E-07,-1.60E-07,0.0,2.3,97.1%,95.7%,99.6%,13,NA
Summer,2008-07-01,0.9,0,0.0,1,0,0,NA,-2.90E-07,-3.90E-07,-1.25E-07,-2.03E-07,-1.60E-07,0,1.5,96.4%,94.3%,99.6%,13,NA
Summer,2008-08-01,0.9,0,0.0,1,0,0,NA,-2.90E-07,-3.90E-07,-1.25E-07,-2.03E-07,-1.60E-07,0,1.9,96.4%,94.3%,99.6%,13,NA
Summer,2008-09-01,0.9,0,0.0,1,0,0,NA,-2.90E-07,-3.90E-07,-1.25E-07,-2.03E-07,-1.60E-07,0,1.4,96.4%,94.3%,99.6%,13,NA
Summer,2008-10-01,0.9,0,0.0,1,0,0,NA,-3.50E-07,-4.00E-07,-1.22E-07,-2.00E-07,-1.60E-07,0.1,1.3,96.7%,97.3%,99.6%,13,NA
Summer,2008-11-01,0.9,0,0.0,1,0,0,NA,-3.50E-07,-4.00E-07,-1.22E-07,-2.00E-07,-1.60E-07,0,1.2,96.7%,97.3%,99.6%,13,NA
Summer,2008-12-01,0.9,0,0.0,1,0,0,NA,-3.50E-07,-4.00E-07,-1.22E-07,-2.00E-07,-1.60E-07,0.1,1.2,96.7%,97.3%,99.6%,13,NA
Summer,2009-01-01,0,0,0.0,1,0,0,NA,-3.77E-07,-4.00E-07,-1.24E-07,-2.03E-07,-1.60E-07,0.1,1.4,96.3%,97.2%,99.6%,13,NA
Summer,2009-02-01,0,0,0.0,1,0,0,NA,-3.77E-07,-4.00E-07,-1.24E-07,-2.03E-07,-1.60E-07,0.1,1.6,96.3%,97.2%,99.6%,13,NA
Summer,2009-03-01,0,0,0.0,1,0,0,NA,-3.77E-07,-4.00E-07,-1.24E-07,-2.03E-07,-1.60E-07,0.1,1.3,96.3%,97.2%,99.6%,13,NA
Summer,2009-04-01,0,0,0.0,0,0,0,NA,-8.49E-07,-4.20E-07,-1.46E-07,-1.46E-07,-2.80E-07,0.1,1.4,97.5%,97.2%,99.7%,13,NA
Summer,2009-05-01,0,0,0.0,0,0,0,NA,-8.49E-07,-4.20E-07,-1.46E-07,-1.46E-07,-2.80E-07,0.1,1.4,97.5%,97.2%,99.7%,13,NA
Summer,2009-06-01,0,0,0.0,0,0,0,NA,-8.49E-07,-4.20E-07,-1.46E-07,-1.46E-07,-2.80E-07,0.1,1.3,97.5%,97.2%,99.7%,13,NA
Summer,2009-07-01,0,0,0.0,0,0,0,NA,-1.56E-06,-4.20E-07,-1.45E-07,-1.46E-07,-2.80E-07,0.1,1.4,97.5%,93.2%,99.8%,13,NA
Summer,2009-08-01,0,0,0.0,0,0,0,NA,-1.56E-06,-4.20E-07,-1.45E-07,-1.46E-07,-2.80E-07,0.1,1.3,97.5%,93.2%,99.8%,13,NA
Summer,2009-09-01,0,0,0.0,0,0,0,NA,-1.56E-06,-4.20E-07,-1.45E-07,-1.46E-07,-2.80E-07,0.1,1.4,97.5%,93.2%,99.8%,13,NA
Summer,2009-10-01,1.9,0.0,0.0,0,0,0,NA,-1.58E-06,-4.20E-07,-1.46E-07,-1.46E-07,-2.80E-07,0.1,2.0,97.4%,92.0%,99.5%,13,NA
Summer,2009-12-01,1.9,0.0,0.0,0,0,0,NA,-1.58E-06,-4.20E-07,-1.46E-07,-1.46E-07,-2.80E-07,0.0,3.3,97.4%,92.0%,99.5%,13,NA
Summer,2007-01-01,0.9,0.9,NA,0,0,0,NA,-5.47E-07,-3.10E-07,-1.52E-07,2.95E-07,1.00E-09,0.1,0.6,97.4%,97.1%,99.2%,13,NA
Summer,2007-02-01,0.9,0.9,NA,0,0,0,NA,-5.47E-07,-3.10E-07,-1.52E-07,2.95E-07,1.00E-09,0.1,1.0,97.4%,97.1%,99.2%,13,NA
Summer,2007-03-01,0.9,0.9,NA,0,0,0,NA,-5.47E-07,-3.10E-07,-1.52E-07,2.95E-07,1.00E-09,0.1,1.1,97.4%,97.1%,99.2%,13,NA
Summer,2007-04-01,0.9,0,NA,0,0,0,NA,-5.40E-07,-3.10E-07,-1.53E-07,2.95E-07,-2.00E-09,0.1,0.8,97.2%,97.1%,99.3%,13,NA
Summer,2007-05-01,0.9,0,NA,0,0,0,NA,-5.40E-07,-3.10E-07,-1.53E-07,2.95E-07,-2.00E-09,0.1,0.7,97.2%,97.1%,99.3%,13,NA
Summer,2007-06-01,0.9,0,NA,0,0,0,NA,-5.40E-07,-3.10E-07,-1.53E-07,2.95E-07,-2.00E-09,0.1,1.0,97.2%,97.1%,99.3%,13,NA
Summer,2008-05-01,0.9,0,0.0,1,0,0,NA,-3.10E-07,-3.90E-07,-1.24E-07,-1.93E-07,-1.60E-07,NA,NA,97.1%,95.7%,99.6%,13,NA
Summer,2009-11-01,1.9,0.0,0.0,0,0,0,NA,-1.58E-06,-4.20E-07,-1.46E-07,-1.46E-07,-2.80E-07,NA,NA,97.4%,92.0%,99.5%,13,NA
Surry 1,2007-07-01,0,1.6,0.0,0,0,0,NA,-5.86E-07,-1.13E-08,-7.00E-08,-1.87E-08,-1.25E-07,0.2,4.2,95.0%,97.0%,99.6%,30,NA
Surry 1,2007-08-01,0,1.6,0.0,0,0,0,NA,-5.86E-07,-1.13E-08,-7.00E-08,-1.87E-08,-1.25E-07,0.2,4.0,95.0%,97.0%,99.6%,30,NA
Surry 1,2007-09-01,0,1.6,0.0,0,0,0,NA,-5.86E-07,-1.13E-08,-7.00E-08,-1.87E-08,-1.25E-07,0.2,3.5,95.0%,97.0%,99.6%,30,NA
Surry 1,2007-10-01,0,0,0.0,0,0,0,NA,-3.40E-07,-2.82E-08,-9.70E-08,-2.18E-08,-5.80E-08,0.2,4.5,94.9%,97.6%,99.6%,30,NA
Surry 1,2007-12-01,0,0,0.0,0,0,0,NA,-3.40E-07,-2.82E-08,-9.70E-08,-2.18E-08,-5.80E-08,0.1,1.7,94.9%,97.6%,99.6%,30,NA
Surry 1,2008-01-01,0,0.9,0.0,0,0,0,NA,-3.56E-07,-2.82E-08,-9.50E-08,-2.08E-08,-5.90E-08,0.1,1.3,94.7%,97.0%,99.6%,30,NA
Surry 1,2008-02-01,0,0.9,0.0,0,0,0,NA,-3.56E-07,-2.82E-08,-9.50E-08,-2.08E-08,-5.90E-08,0.1,1.1,94.7%,97.0%,99.6%,30,NA
Surry 1,2008-03-01,0,0.9,0.0,0,0,0,NA,-3.56E-07,-2.82E-08,-9.50E-08,-2.08E-08,-5.90E-08,0.1,1.0,94.7%,97.0%,99.6%,30,NA
Surry 1,2008-04-01,0.9,1.8,0.0,0,0,0,NA,-3.00E-07,-2.78E-08,-9.90E-08,-2.08E-08,-7.20E-08,0.1,1.7,95.1%,97.4%,99.5%,30,NA
Surry 1,2008-05-01,0.9,1.8,0.0,0,0,0,NA,-3.00E-07,-2.78E-08,-9.90E-08,-2.08E-08,-7.20E-08,0.1,2.3,95.1%,97.4%,99.5%,30,NA
Surry 1,2008-06-01,0.9,1.8,0.0,0,0,0,NA,-3.00E-07,-2.78E-08,-9.90E-08,-2.08E-08,-7.20E-08,0.1,1.8,95.1%,97.4%,99.5%,30,NA
Surry 1,2008-07-01,0.9,1.8,0.0,0,0,0,NA,-2.70E-07,-3.58E-08,-8.10E-08,-1.86E-08,-5.00E-08,0.1,1.2,93.2%,95.2%,99.7%,30,NA
Surry 1,2008-08-01,0.9,1.8,0.0,0,0,0,NA,-2.70E-07,-3.58E-08,-8.10E-08,-1.86E-08,-5.00E-08,0.1,2.5,93.2%,95.2%,99.7%,30,NA
Surry 1,2008-09-01,0.9,1.8,0.0,0,0,0,NA,-2.70E-07,-3.58E-08,-8.10E-08,-1.86E-08,-5.00E-08,0.1,4.5,93.2%,95.2%,99.7%,30,NA
Surry 1,2008-10-01,0.8,1.6,0.0,0,0,0,NA,-4.33E-07,-3.60E-08,-8.20E-08,-1.96E-08,-4.20E-08,0.1,4.2,94.1%,98.6%,99.7%,30,NA
Surry 1,2008-12-01,0.8,1.6,0.0,0,0,0,NA,-4.33E-07,-3.60E-08,-8.20E-08,-1.96E-08,-4.20E-08,0.1,2.0,94.1%,98.6%,99.7%,30,NA
Surry 1,2009-01-01,0.8,0.8,0.0,0,0,0,NA,-4.10E-07,-3.60E-08,-7.50E-08,-1.77E-08,-3.00E-08,0.2,1.3,94.2%,97.8%,99.7%,30,NA
Surry 1,2009-02-01,0.8,0.8,0.0,0,0,0,NA,-4.10E-07,-3.60E-08,-7.50E-08,-1.77E-08,-3.00E-08,0.1,2.5,94.2%,97.8%,99.7%,30,NA
Surry 1,2009-03-01,0.8,0.8,0.0,0,0,0,NA,-4.10E-07,-3.60E-08,-7.50E-08,-1.77E-08,-3.00E-08,0.1,5.0,94.2%,97.8%,99.7%,30,NA
Surry 1,2009-04-01,0,0,0.0,0,0,0,NA,-7.41E-07,-3.80E-08,-9.40E-08,-1.98E-08,-1.00E-08,0.2,3.8,93.8%,99.3%,99.9%,30,NA
Surry 1,2009-05-01,0,0,0.0,0,0,0,NA,-7.41E-07,-3.80E-08,-9.40E-08,-1.98E-08,-1.00E-08,0.1,8.1,93.8%,99.3%,99.9%,30,NA
Surry 1,2009-06-01,0,0,0.0,0,0,0,NA,-7.41E-07,-3.80E-08,-9.40E-08,-1.98E-08,-1.00E-08,0.1,6.9,93.8%,99.3%,99.9%,30,NA
Surry 1,2009-07-01,0,0,0.0,1,0,0,NA,-1.97E-07,-1.73E-08,-4.00E-09,-1.27E-09,-9.00E-09,0.1,2.9,94.1%,95.6%,99.9%,30,NA
Surry 1,2009-08-01,0,0,0.0,1,0,0,NA,-1.97E-07,-1.73E-08,-4.00E-09,-1.27E-09,-9.00E-09,0.1,2.6,94.1%,95.6%,99.9%,30,NA
Surry 1,2009-09-01,0,0,0.0,1,0,0,NA,-1.97E-07,-1.73E-08,-4.00E-09,-1.27E-09,-9.00E-09,0.1,2.9,94.1%,95.6%,99.9%,30,NA
Surry 1,2009-10-01,0,0,0.0,1,0,0,NA,-1.77E-07,-1.57E-08,-1.00E-09,-1.11E-09,-1.31E-08,0.1,4.8,94.2%,97.1%,99.9%,30,NA
Surry 1,2009-12-01,0,0,0.0,1,0,0,NA,-1.77E-07,-1.57E-08,-1.00E-09,-1.11E-09,-1.31E-08,0.1,6.7,94.2%,97.1%,99.9%,30,NA
Surry 1,2007-01-01,0,1.8,NA,0,0,0,NA,-5.77E-07,-7.37E-09,-1.08E-07,-1.83E-08,-1.17E-07,0.1,0.8,96.6%,94.3%,99.6%,30,NA
Surry 1,2007-02-01,0,1.8,NA,0,0,0,NA,-5.77E-07,-7.37E-09,-1.08E-07,-1.83E-08,-1.17E-07,0.1,0.9,96.6%,94.3%,99.6%,30,NA
Surry 1,2007-03-01,0,1.8,NA,0,0,0,NA,-5.77E-07,-7.37E-09,-1.08E-07,-1.83E-08,-1.17E-07,0.1,0.9,96.6%,94.3%,99.6%,30,NA
Surry 1,2007-04-01,0,1.6,NA,0,0,0,NA,-5.61E-07,-1.09E-08,-6.10E-08,-1.74E-08,-1.25E-07,0.1,2.8,96.2%,91.4%,99.6%,30,NA
Surry 1,2007-05-01,0,1.6,NA,0,0,0,NA,-5.61E-07,-1.09E-08,-6.10E-08,-1.74E-08,-1.25E-07,0.2,2.2,96.2%,91.4%,99.6%,30,NA
Surry 1,2007-06-01,0,1.6,NA,0,0,0,NA,-5.61E-07,-1.09E-08,-6.10E-08,-1.74E-08,-1.25E-07,0.2,2.6,96.2%,91.4%,99.6%,30,NA
Surry 1,2008-11-01,0.8,1.6,0.0,0,0,0,NA,-4.33E-07,-3.60E-08,-8.20E-08,-1.96E-08,-4.20E-08,NA,1.5,94.1%,98.6%,99.7%,30,NA
Surry 1,2009-11-01,0,0,0.0,1,0,0,NA,-1.77E-07,-1.57E-08,-1.00E-09,-1.11E-09,-1.31E-08,NA,6.6,94.2%,97.1%,99.9%,30,NA
Surry 1,2007-11-01,0,0,0.0,0,0,0,NA,-3.40E-07,-2.82E-08,-9.70E-08,-2.18E-08,-5.80E-08,NA,NA,94.9%,97.6%,99.6%,30,NA
Surry 2,2007-01-01,0.9,0,0.0,1,0,0,-9.08E-07,-9.08E-07,3.47E-08,-9.80E-08,9.50E-08,-1.40E-07,0,4.8,96.6%,94.3%,99.6%,3,NA
Surry 2,2007-02-01,0.9,0,0.0,1,0,0,-9.08E-07,-9.08E-07,3.47E-08,-9.80E-08,9.50E-08,-1.40E-07,0,1.9,96.6%,94.3%,99.6%,3,NA
Surry 2,2007-03-01,0.9,0,0.0,1,0,0,-9.08E-07,-9.08E-07,3.47E-08,-9.80E-08,9.50E-08,-1.40E-07,0,2.3,96.6%,94.3%,99.6%,3,NA
Surry 2,2007-04-01,0.9,0,0.0,1,0,0,-8.97E-07,-8.97E-07,3.38E-08,-6.00E-08,9.60E-08,-1.39E-07,0,3.2,96.2%,91.4%,99.6%,3,NA
Surry 2,2007-05-01,0.9,0,0.0,1,0,0,-8.97E-07,-8.97E-07,3.38E-08,-6.00E-08,9.60E-08,-1.39E-07,0,4.2,96.2%,91.4%,99.6%,3,NA
Surry 2,2007-06-01,0.9,0,0.0,1,0,0,-8.97E-07,-8.97E-07,3.38E-08,-6.00E-08,9.60E-08,-1.39E-07,0,3.2,96.2%,91.4%,99.6%,3,NA
Surry 2,2007-07-01,0.9,0,1.0,0,0,0,-8.77E-07,-8.77E-07,3.39E-08,-7.60E-08,9.70E-08,-1.40E-07,0,6.6,95.0%,97.0%,99.6%,3,NA
Surry 2,2007-08-01,0.9,0,1.0,0,0,0,-8.77E-07,-8.77E-07,3.39E-08,-7.60E-08,9.70E-08,-1.40E-07,0,7.1,95.0%,97.0%,99.6%,3,NA
Surry 2,2007-09-01,0.9,0,1.0,0,0,0,-8.77E-07,-8.77E-07,3.39E-08,-7.60E-08,9.70E-08,-1.40E-07,0,8.5,95.0%,97.0%,99.6%,3,NA
Surry 2,2007-10-01,0,0,0.0,0,0,0,-7.27E-07,-7.27E-07,9.44E-08,-1.38E-07,8.20E-08,-1.56E-07,0,10.7,94.9%,97.6%,99.6%,3,NA
Surry 2,2007-11-01,0,0,0.0,0,0,0,-7.27E-07,-7.27E-07,9.44E-08,-1.38E-07,8.20E-08,-1.56E-07,0,9.9,94.9%,97.6%,99.6%,3,NA
Surry 2,2007-12-01,0,0,0.0,0,0,0,-7.27E-07,-7.27E-07,9.44E-08,-1.38E-07,8.20E-08,-1.56E-07,0,3.0,94.9%,97.6%,99.6%,3,NA
Surry 2,2008-01-01,0,0,0.0,0,0,0,-7.08E-07,-7.08E-07,9.34E-08,-1.59E-07,8.40E-08,-1.65E-07,0,5.2,94.7%,97.0%,99.6%,3,NA
Surry 2,2008-02-01,0,0,0.0,0,0,0,-7.08E-07,-7.08E-07,9.34E-08,-1.59E-07,8.40E-08,-1.65E-07,0,2.8,94.7%,97.0%,99.6%,3,NA
Surry 2,2008-03-01,0,0,0.0,0,0,0,-7.08E-07,-7.08E-07,9.34E-08,-1.59E-07,8.40E-08,-1.65E-07,0,7.4,94.7%,97.0%,99.6%,3,NA
Surry 2,2008-04-01,0,0,0.0,0,0,0,-7.35E-07,-7.35E-07,9.50E-08,-1.69E-07,-2.20E-08,-8.50E-08,0,3.0,95.1%,97.4%,99.5%,3,NA
Surry 2,2008-05-01,0,0,0.0,0,0,0,-7.35E-07,-7.35E-07,9.50E-08,-1.69E-07,-2.20E-08,-8.50E-08,0,0.4,95.1%,97.4%,99.5%,3,NA
Surry 2,2008-06-01,0,0,0.0,0,0,0,-7.35E-07,-7.35E-07,9.50E-08,-1.69E-07,-2.20E-08,-8.50E-08,0,0.4,95.1%,97.4%,99.5%,3,NA
Surry 2,2008-07-01,0,0,0.0,0,0,0,-7.32E-07,-7.32E-07,8.70E-08,-1.63E-07,-2.10E-08,-5.70E-08,0,2.6,93.2%,95.2%,99.7%,3,NA
Surry 2,2008-08-01,0,0,0.0,0,0,0,-7.32E-07,-7.32E-07,8.70E-08,-1.63E-07,-2.10E-08,-5.70E-08,0,0.5,93.2%,95.2%,99.7%,3,NA
Surry 2,2008-09-01,0,0,0.0,0,0,0,-7.32E-07,-7.32E-07,8.70E-08,-1.63E-07,-2.10E-08,-5.70E-08,0,1.1,93.2%,95.2%,99.7%,3,NA
Surry 2,2008-10-01,0,0,0.0,0,0,0,-7.59E-07,-7.59E-07,8.50E-08,-1.52E-07,-2.10E-08,-6.80E-08,0,1.2,94.1%,98.6%,99.7%,3,NA
Surry 2,2008-11-01,0,0,0.0,0,0,0,-7.59E-07,-7.59E-07,8.50E-08,-1.52E-07,-2.10E-08,-6.80E-08,0,2.3,94.1%,98.6%,99.7%,3,NA
Surry 2,2008-12-01,0,0,0.0,0,0,0,-7.59E-07,-7.59E-07,8.50E-08,-1.52E-07,-2.10E-08,-6.80E-08,0,2.7,94.1%,98.6%,99.7%,3,NA
Surry 2,2009-01-01,0,0,0.0,0,0,0,-7.49E-07,-7.49E-07,1.52E-07,-1.51E-07,-2.00E-08,-5.90E-08,0,1.6,94.2%,97.8%,99.7%,3,NA
Surry 2,2009-02-01,0,0,0.0,0,0,0,-7.49E-07,-7.49E-07,1.52E-07,-1.51E-07,-2.00E-08,-5.90E-08,0,1.6,94.2%,97.8%,99.7%,3,NA
Surry 2,2009-03-01,0,0,0.0,0,0,0,-7.49E-07,-7.49E-07,1.52E-07,-1.51E-07,-2.00E-08,-5.90E-08,0,0.8,94.2%,97.8%,99.7%,3,NA
Surry 2,2009-04-01,0,0,0.0,0,0,0,-7.57E-07,-7.57E-07,1.41E-07,-1.58E-07,-1.99E-08,-3.00E-08,0,0.9,93.8%,99.3%,99.9%,3,NA
Surry 2,2009-05-01,0,0,0.0,0,0,0,-7.57E-07,-7.57E-07,1.41E-07,-1.58E-07,-1.99E-08,-3.00E-08,0,1.9,93.8%,99.3%,99.9%,3,NA
Surry 2,2009-06-01,0,0,0.0,0,0,0,-7.57E-07,-7.57E-07,1.41E-07,-1.58E-07,-1.99E-08,-3.00E-08,0,1.0,93.8%,99.3%,99.9%,3,NA
Surry 2,2009-07-01,0,0,0.0,1,0,0,-1.96E-07,-1.96E-07,3.26E-08,-2.28E-08,-1.29E-09,-1.07E-08,0,0.4,94.1%,95.6%,99.9%,3,NA
Surry 2,2009-08-01,0,0,0.0,1,0,0,-1.96E-07,-1.96E-07,3.26E-08,-2.28E-08,-1.29E-09,-1.07E-08,0.1,1.4,94.1%,95.6%,99.9%,3,NA
Surry 2,2009-09-01,0,0,0.0,1,0,0,-1.96E-07,-1.96E-07,3.26E-08,-2.28E-08,-1.29E-09,-1.07E-08,0,2.3,94.1%,95.6%,99.9%,3,NA
Surry 2,2009-10-01,0.9,0,0.0,1,0,0,-1.73E-07,-1.73E-07,2.80E-08,-2.06E-08,-1.36E-09,-1.63E-08,0,3.2,94.2%,97.1%,99.9%,3,NA
Surry 2,2009-11-01,0.9,0,0.0,1,0,0,-1.73E-07,-1.73E-07,2.80E-08,-2.06E-08,-1.36E-09,-1.63E-08,0,1.2,94.2%,97.1%,99.9%,3,NA
Surry 2,2009-12-01,0.9,0,0.0,1,0,0,-1.73E-07,-1.73E-07,2.80E-08,-2.06E-08,-1.36E-09,-1.63E-08,0.1,2.2,94.2%,97.1%,99.9%,3,NA
Susquehanna 1,2007-01-01,1.7,0.8,0.0,1,1,0,NA,-6.98E-07,-1.43E-08,-2.98E-08,5.59E-09,-1.60E-07,0,7.5,96.0%,100.0%,98.2%,6,NA
Susquehanna 1,2007-02-01,1.7,0.8,0.0,1,1,0,NA,-6.98E-07,-1.43E-08,-2.98E-08,5.59E-09,-1.60E-07,0,7.5,96.0%,100.0%,98.2%,6,NA
Susquehanna 1,2007-03-01,1.7,0.8,0.0,1,1,0,NA,-6.98E-07,-1.43E-08,-2.98E-08,5.59E-09,-1.60E-07,0,7.5,96.0%,100.0%,98.2%,6,NA
Susquehanna 1,2007-04-01,0.8,0.8,0.0,1,1,0,NA,-9.09E-07,-1.34E-08,-2.88E-08,1.02E-08,-1.61E-07,0,6.5,96.2%,98.7%,98.1%,6,NA
Susquehanna 1,2007-05-01,0.8,0.8,0.0,1,1,0,NA,-9.09E-07,-1.34E-08,-2.88E-08,1.02E-08,-1.61E-07,0,6.5,96.2%,98.7%,98.1%,6,NA
Susquehanna 1,2007-06-01,0.8,0.8,0.0,1,1,0,NA,-9.09E-07,-1.34E-08,-2.88E-08,1.02E-08,-1.61E-07,0,6.5,96.2%,98.7%,98.1%,6,NA
Susquehanna 1,2007-07-01,0.8,0.8,0.0,1,1,0,NA,-1.03E-06,-1.34E-08,-2.83E-08,7.36E-09,-1.01E-08,0,6.5,95.8%,97.3%,97.5%,6,NA
Susquehanna 1,2007-08-01,0.8,0.8,0.0,1,1,0,NA,-1.03E-06,-1.34E-08,-2.83E-08,7.36E-09,-1.01E-08,0,6.5,95.8%,97.3%,97.5%,6,NA
Susquehanna 1,2007-09-01,0.8,0.8,0.0,1,1,0,NA,-1.03E-06,-1.34E-08,-2.83E-08,7.36E-09,-1.01E-08,0,6.5,95.8%,97.3%,97.5%,6,NA
Susquehanna 1,2007-10-01,0.0,0.0,0.0,0,1,0,NA,-1.03E-06,-1.33E-08,-2.82E-08,6.74E-09,-1.01E-08,0,6.4,96.7%,94.7%,97.5%,6,NA
Susquehanna 1,2007-11-01,0.0,0.0,0.0,0,1,0,NA,-1.03E-06,-1.33E-08,-2.82E-08,6.74E-09,-1.01E-08,0,6.5,96.7%,94.7%,97.5%,6,NA
Susquehanna 1,2007-12-01,0.0,0.0,0.0,0,1,0,NA,-1.03E-06,-1.33E-08,-2.82E-08,6.74E-09,-1.01E-08,0,6.7,96.7%,94.7%,97.5%,6,NA
Susquehanna 1,2008-01-01,0.0,0.0,0.0,1,0,0,NA,-1.44E-06,-7.90E-09,-2.62E-08,-7.30E-09,1.35E-07,0,6.5,96.1%,100.0%,97.6%,6,NA
Susquehanna 1,2008-02-01,0.0,0.0,0.0,1,0,0,NA,-1.44E-06,-7.90E-09,-2.62E-08,-7.30E-09,1.35E-07,0,6.5,96.1%,100.0%,97.6%,6,NA
Susquehanna 1,2008-03-01,0.0,0.0,0.0,1,0,0,NA,-1.44E-06,-7.90E-09,-2.62E-08,-7.30E-09,1.35E-07,0,6.4,96.1%,100.0%,97.6%,6,NA
Susquehanna 1,2008-04-01,0.0,0.9,0.0,1,0,0,NA,-5.54E-06,-7.80E-09,-2.61E-08,-1.11E-08,7.02E-08,NA,6.4,97.1%,100.0%,98.0%,6,NA
Susquehanna 1,2008-05-01,0.0,0.9,0.0,1,0,0,NA,-5.54E-06,-7.80E-09,-2.61E-08,-1.11E-08,7.02E-08,0,6.5,97.1%,100.0%,98.0%,6,NA
Susquehanna 1,2008-06-01,0.0,0.9,0.0,1,0,0,NA,-5.54E-06,-7.80E-09,-2.61E-08,-1.11E-08,7.02E-08,0,6.6,97.1%,100.0%,98.0%,6,NA
Susquehanna 1,2008-07-01,0.0,1.9,0.0,1,0,0,NA,-5.53E-06,-7.80E-09,-2.61E-08,-1.09E-08,5.20E-08,0,6.8,98.6%,100.0%,98.7%,6,NA
Susquehanna 1,2008-08-01,0.0,1.9,0.0,1,0,0,NA,-5.53E-06,-7.80E-09,-2.61E-08,-1.09E-08,5.20E-08,0,7.0,98.6%,100.0%,98.7%,6,NA
Susquehanna 1,2008-09-01,0.0,1.9,0.0,1,0,0,NA,-5.53E-06,-7.80E-09,-2.61E-08,-1.09E-08,5.20E-08,0,7.0,98.6%,100.0%,98.7%,6,NA
Susquehanna 1,2008-10-01,0,1.8,0.0,1,0,0,NA,-6.43E-06,-7.40E-09,-2.52E-08,-9.97E-09,4.60E-08,0,7.0,96.8%,100.0%,99.0%,6,NA
Susquehanna 1,2008-11-01,0,1.8,0.0,1,0,0,NA,-6.43E-06,-7.40E-09,-2.52E-08,-9.97E-09,4.60E-08,0,7.0,96.8%,100.0%,99.0%,6,NA
Susquehanna 1,2008-12-01,0,1.8,0.0,1,0,0,NA,-6.43E-06,-7.40E-09,-2.52E-08,-9.97E-09,4.60E-08,0,6.9,96.8%,100.0%,99.0%,6,NA
Susquehanna 1,2009-01-01,0,2.5,0.0,0,0,0,NA,-6.34E-06,-7.70E-09,-2.53E-08,-8.45E-09,4.60E-08,0,6.5,94.4%,100.0%,99.3%,6,NA
Susquehanna 1,2009-02-01,0,2.5,0.0,0,0,0,NA,-6.34E-06,-7.70E-09,-2.53E-08,-8.45E-09,4.60E-08,0,6.5,94.4%,100.0%,99.3%,6,NA
Susquehanna 1,2009-03-01,0,2.5,0.0,0,0,0,NA,-6.34E-06,-7.70E-09,-2.53E-08,-8.45E-09,4.60E-08,0,6.5,94.4%,100.0%,99.3%,6,NA
Susquehanna 1,2009-04-01,0,2.4,0.0,0,0,0,NA,-6.34E-06,-6.20E-09,-2.43E-08,-5.60E-09,3.50E-08,0,6.5,93.8%,100.0%,99.3%,6,NA
Susquehanna 1,2009-05-01,0,2.4,0.0,0,0,0,NA,-6.34E-06,-6.20E-09,-2.43E-08,-5.60E-09,3.50E-08,0,6.5,93.8%,100.0%,99.3%,6,NA
Susquehanna 1,2009-06-01,0,2.4,0.0,0,0,0,NA,-6.34E-06,-6.20E-09,-2.43E-08,-5.60E-09,3.50E-08,0,6.5,93.8%,100.0%,99.3%,6,NA
Susquehanna 1,2009-07-01,0,1.6,0.0,0,0,0,NA,-6.43E-06,-6.00E-09,-2.43E-08,-2.36E-08,2.70E-08,0,6.5,93.8%,100.0%,96.7%,6,NA
Susquehanna 1,2009-08-01,0,1.6,0.0,0,0,0,NA,-6.43E-06,-6.00E-09,-2.43E-08,-2.36E-08,2.70E-08,0,6.5,93.8%,100.0%,96.7%,6,NA
Susquehanna 1,2009-09-01,0,1.6,0.0,0,0,0,NA,-6.43E-06,-6.00E-09,-2.43E-08,-2.36E-08,2.70E-08,0,6.6,93.8%,100.0%,96.7%,6,NA
Susquehanna 1,2009-10-01,0,2.4,0.0,1,0,0,NA,-6.33E-06,-6.10E-09,-2.44E-08,-2.37E-08,7.00E-09,0,6.5,94.0%,100.0%,96.3%,6,NA
Susquehanna 1,2009-11-01,0,2.4,0.0,1,0,0,NA,-6.33E-06,-6.10E-09,-2.44E-08,-2.37E-08,7.00E-09,0,6.6,94.0%,100.0%,96.3%,6,NA
Susquehanna 1,2009-12-01,0,2.4,0.0,1,0,0,NA,-6.33E-06,-6.10E-09,-2.44E-08,-2.37E-08,7.00E-09,0,6.5,94.0%,100.0%,96.3%,6,NA
Susquehanna 2,2007-07-01,0,0.9,0.0,0,1,0,NA,-9.88E-07,-1.87E-08,-2.27E-08,-8.90E-09,-1.34E-09,0,6.3,95.8%,97.3%,97.5%,37,NA
Susquehanna 2,2007-08-01,0,0.9,0.0,0,1,0,NA,-9.88E-07,-1.87E-08,-2.27E-08,-8.90E-09,-1.34E-09,0,6.3,95.8%,97.3%,97.5%,37,NA
Susquehanna 2,2007-09-01,0,0.9,0.0,0,1,0,NA,-9.88E-07,-1.87E-08,-2.27E-08,-8.90E-09,-1.34E-09,0,6.3,95.8%,97.3%,97.5%,37,NA
Susquehanna 2,2007-10-01,0,0.9,0.0,0,1,0,NA,-9.60E-07,-1.87E-08,-2.27E-08,-8.86E-09,-1.44E-09,0,6.2,96.7%,94.7%,97.5%,37,NA
Susquehanna 2,2007-11-01,0,0.9,0.0,0,1,0,NA,-9.60E-07,-1.87E-08,-2.27E-08,-8.86E-09,-1.44E-09,0,6.2,96.7%,94.7%,97.5%,37,NA
Susquehanna 2,2007-12-01,0,0.9,0.0,0,1,0,NA,-9.60E-07,-1.87E-08,-2.27E-08,-8.86E-09,-1.44E-09,0,6.2,96.7%,94.7%,97.5%,37,NA
Susquehanna 2,2008-01-01,0,0.8,0.0,0,0,0,NA,-1.34E-06,-1.36E-08,-2.24E-08,-1.58E-08,8.92E-08,0,6.2,96.1%,100.0%,97.6%,37,NA
Susquehanna 2,2008-02-01,0,0.8,0.0,0,0,0,NA,-1.34E-06,-1.36E-08,-2.24E-08,-1.58E-08,8.92E-08,0,6.2,96.1%,100.0%,97.6%,37,NA
Susquehanna 2,2008-03-01,0,0.8,0.0,0,0,0,NA,-1.34E-06,-1.36E-08,-2.24E-08,-1.58E-08,8.92E-08,0,6.3,96.1%,100.0%,97.6%,37,NA
Susquehanna 2,2008-04-01,0,0,0.0,0,0,0,NA,-5.44E-06,-1.36E-08,-2.24E-08,-1.59E-08,5.40E-08,0,6.2,97.1%,100.0%,98.0%,37,NA
Susquehanna 2,2008-05-01,0,0,0.0,0,0,0,NA,-5.44E-06,-1.36E-08,-2.24E-08,-1.59E-08,5.40E-08,0,6.2,97.1%,100.0%,98.0%,37,NA
Susquehanna 2,2008-06-01,0,0,0.0,0,0,0,NA,-5.44E-06,-1.36E-08,-2.24E-08,-1.59E-08,5.40E-08,0,6.2,97.1%,100.0%,98.0%,37,NA
Susquehanna 2,2008-07-01,0,0,0.0,0,0,0,NA,-5.43E-06,-1.36E-08,-2.24E-08,-1.57E-08,6.60E-08,0,6.2,98.6%,100.0%,98.7%,37,NA
Susquehanna 2,2008-08-01,0,0,0.0,0,0,0,NA,-5.43E-06,-1.36E-08,-2.24E-08,-1.57E-08,6.60E-08,0,6.2,98.6%,100.0%,98.7%,37,NA
Susquehanna 2,2008-09-01,0,0,0.0,0,0,0,NA,-5.43E-06,-1.36E-08,-2.24E-08,-1.57E-08,6.60E-08,0,6.2,98.6%,100.0%,98.7%,37,NA
Susquehanna 2,2008-10-01,0,1.6,0.0,0,0,0,NA,-6.23E-06,-1.36E-08,-2.21E-08,-1.57E-08,6.10E-08,0,6.2,96.8%,100.0%,99.0%,37,NA
Susquehanna 2,2008-11-01,0,1.6,0.0,0,0,0,NA,-6.23E-06,-1.36E-08,-2.21E-08,-1.57E-08,6.10E-08,0,6.2,96.8%,100.0%,99.0%,37,NA
Susquehanna 2,2008-12-01,0,1.6,0.0,0,0,0,NA,-6.23E-06,-1.36E-08,-2.21E-08,-1.57E-08,6.10E-08,0,6.2,96.8%,100.0%,99.0%,37,NA
Susquehanna 2,2009-01-01,0,1.6,0.0,0,0,0,NA,-6.24E-06,-1.37E-08,-2.21E-08,-1.56E-08,6.10E-08,0,6.2,94.4%,100.0%,99.3%,37,NA
Susquehanna 2,2009-02-01,0,1.6,0.0,0,0,0,NA,-6.24E-06,-1.37E-08,-2.21E-08,-1.56E-08,6.10E-08,0,6.4,94.4%,100.0%,99.3%,37,NA
Susquehanna 2,2009-03-01,0,1.6,0.0,0,0,0,NA,-6.24E-06,-1.37E-08,-2.21E-08,-1.56E-08,6.10E-08,0,6.1,94.4%,100.0%,99.3%,37,NA
Susquehanna 2,2009-04-01,0,1.8,0.0,0,0,0,NA,-6.24E-06,-1.25E-08,-2.20E-08,-1.66E-08,4.70E-08,0,5.9,93.8%,100.0%,99.3%,37,NA
Susquehanna 2,2009-05-01,0,1.8,0.0,0,0,0,NA,-6.24E-06,-1.25E-08,-2.20E-08,-1.66E-08,4.70E-08,0,6.0,93.8%,100.0%,99.3%,37,NA
Susquehanna 2,2009-06-01,0,1.8,0.0,0,0,0,NA,-6.24E-06,-1.25E-08,-2.20E-08,-1.66E-08,4.70E-08,0,6.0,93.8%,100.0%,99.3%,37,NA
Susquehanna 2,2009-07-01,0,1.8,0.0,0,0,0,NA,-6.23E-06,-1.25E-08,-2.21E-08,-1.76E-08,4.50E-08,0,6.0,93.8%,100.0%,96.7%,37,NA
Susquehanna 2,2009-08-01,0,1.8,0.0,0,0,0,NA,-6.23E-06,-1.25E-08,-2.21E-08,-1.76E-08,4.50E-08,0,6.0,93.8%,100.0%,96.7%,37,NA
Susquehanna 2,2009-09-01,0,1.8,0.0,0,0,0,NA,-6.23E-06,-1.25E-08,-2.21E-08,-1.76E-08,4.50E-08,0,6.1,93.8%,100.0%,96.7%,37,NA
Susquehanna 2,2009-10-01,0,0.9,0.0,0,0,0,NA,-6.23E-06,-1.11E-08,-2.50E-08,-1.69E-08,1.80E-08,0,6.0,93.4%,100.0%,96.3%,37,NA
Susquehanna 2,2009-11-01,0,0.9,0.0,0,0,0,NA,-6.23E-06,-1.11E-08,-2.50E-08,-1.69E-08,1.80E-08,0,6.4,93.4%,100.0%,96.3%,37,NA
Susquehanna 2,2009-12-01,0,0.9,0.0,0,0,0,NA,-6.23E-06,-1.11E-08,-2.50E-08,-1.69E-08,1.80E-08,0,5.9,93.4%,100.0%,96.3%,37,NA
Susquehanna 2,2007-01-01,0,0,NA,0,1,0,NA,-6.37E-07,-1.87E-08,-2.37E-08,-8.42E-09,-1.43E-09,0,6.3,96.0%,100.0%,98.2%,37,NA
Susquehanna 2,2007-02-01,0,0,NA,0,1,0,NA,-6.37E-07,-1.87E-08,-2.37E-08,-8.42E-09,-1.43E-09,0,6.2,96.0%,100.0%,98.2%,37,NA
Susquehanna 2,2007-03-01,0,0,NA,0,1,0,NA,-6.37E-07,-1.87E-08,-2.37E-08,-8.42E-09,-1.43E-09,0,0,96.0%,100.0%,98.2%,37,NA
Susquehanna 2,2007-04-01,0,0.9,NA,0,1,0,NA,-8.28E-07,-1.87E-08,-2.37E-08,-8.70E-09,-1.27E-09,0,6.3,96.2%,98.7%,98.1%,37,NA
Susquehanna 2,2007-05-01,0,0.9,NA,0,1,0,NA,-8.28E-07,-1.87E-08,-2.37E-08,-8.70E-09,-1.27E-09,0,6.4,96.2%,98.7%,98.1%,37,NA
Susquehanna 2,2007-06-01,0,0.9,NA,0,1,0,NA,-8.28E-07,-1.87E-08,-2.37E-08,-8.70E-09,-1.27E-09,0,6.3,96.2%,98.7%,98.1%,37,NA
Turkey Point 3,2007-07-01,0,0.9,0.0,0,0,0,-1.50E-08,-1.50E-08,8.20E-09,1.57E-07,-1.24E-08,6.57E-08,0.1,0.7,96.3%,100.0%,99.6%,3,NA
Turkey Point 3,2007-08-01,0,0.9,0.0,0,0,0,-1.50E-08,-1.50E-08,8.20E-09,1.57E-07,-1.24E-08,6.57E-08,0.1,0.5,96.3%,100.0%,99.6%,3,NA
Turkey Point 3,2007-09-01,0,0.9,0.0,0,0,0,-1.50E-08,-1.50E-08,8.20E-09,1.57E-07,-1.24E-08,6.57E-08,0.1,0.4,96.3%,100.0%,99.6%,3,NA
Turkey Point 3,2007-10-01,0,0.9,0.0,0,0,0,-1.07E-08,-1.07E-08,1.10E-09,4.01E-08,-2.15E-09,1.16E-09,0.0,1.6,96.2%,100.0%,99.8%,3,NA
Turkey Point 3,2007-11-01,0,0.9,0.0,0,0,0,-1.07E-08,-1.07E-08,1.10E-09,4.01E-08,-2.15E-09,1.16E-09,0.1,1.6,96.2%,100.0%,99.8%,3,NA
Turkey Point 3,2007-12-01,0,0.9,0.0,0,0,0,-1.07E-08,-1.07E-08,1.10E-09,4.01E-08,-2.15E-09,1.16E-09,0.2,1.3,96.2%,100.0%,99.8%,3,NA
Turkey Point 3,2008-01-01,1.0,1.0,0.0,0,0,0,-1.07E-08,-1.07E-08,1.13E-09,4.08E-08,-2.25E-09,2.07E-09,0.2,1.2,93.5%,100.0%,99.8%,3,NA
Turkey Point 3,2008-02-01,1.0,1.0,0.0,0,0,0,-1.07E-08,-1.07E-08,1.13E-09,4.08E-08,-2.25E-09,2.07E-09,0.2,1.4,93.5%,100.0%,99.8%,3,NA
Turkey Point 3,2008-03-01,1.0,1.0,0.0,0,0,0,-1.07E-08,-1.07E-08,1.13E-09,4.08E-08,-2.25E-09,2.07E-09,0.2,1.1,93.5%,100.0%,99.8%,3,NA
Turkey Point 3,2008-04-01,0.9,0,0.0,0,0,0,1.59E-08,1.59E-08,1.06E-09,3.92E-08,-2.15E-09,2.17E-09,0.2,1.4,93.9%,100.0%,99.9%,3,NA
Turkey Point 3,2008-05-01,0.9,0,0.0,0,0,0,1.59E-08,1.59E-08,1.06E-09,3.92E-08,-2.15E-09,2.17E-09,0.3,1.4,93.9%,100.0%,99.9%,3,NA
Turkey Point 3,2008-06-01,0.9,0,0.0,0,0,0,1.59E-08,1.59E-08,1.06E-09,3.92E-08,-2.15E-09,2.17E-09,0.2,1.3,93.9%,100.0%,99.9%,3,NA
Turkey Point 3,2008-07-01,0.8,0,0.0,0,0,0,1.64E-08,1.64E-08,1.51E-09,4.15E-08,-2.31E-09,1.98E-09,0.4,1.9,93.6%,100.0%,99.7%,3,NA
Turkey Point 3,2008-08-01,0.8,0,0.0,0,0,0,1.64E-08,1.64E-08,1.51E-09,4.15E-08,-2.31E-09,1.98E-09,0.5,5.8,93.6%,100.0%,99.7%,3,NA
Turkey Point 3,2008-09-01,0.8,0,0.0,0,0,0,1.64E-08,1.64E-08,1.51E-09,4.15E-08,-2.31E-09,1.98E-09,0.5,1.2,93.6%,100.0%,99.7%,3,NA
Turkey Point 3,2008-10-01,0.8,0,0.0,0,0,0,1.92E-08,1.92E-08,2.40E-09,-9.74E-08,-2.35E-09,1.98E-09,0.7,1.1,93.0%,100.0%,99.4%,3,NA
Turkey Point 3,2008-11-01,0.8,0,0.0,0,0,0,1.92E-08,1.92E-08,2.40E-09,-9.74E-08,-2.35E-09,1.98E-09,0.7,0.8,93.0%,100.0%,99.4%,3,NA
Turkey Point 3,2008-12-01,0.8,0,0.0,0,0,0,1.92E-08,1.92E-08,2.40E-09,-9.74E-08,-2.35E-09,1.98E-09,0.7,0.4,93.0%,100.0%,99.4%,3,NA
Turkey Point 3,2009-01-01,0,0,0.0,0,0,0,2.08E-08,2.08E-08,-2.80E-10,-9.74E-08,-2.27E-09,1.94E-09,0.7,0.7,93.8%,100.0%,99.5%,3,NA
Turkey Point 3,2009-02-01,0,0,0.0,0,0,0,2.08E-08,2.08E-08,-2.80E-10,-9.74E-08,-2.27E-09,1.94E-09,0.6,0.6,93.8%,100.0%,99.5%,3,NA
Turkey Point 3,2009-03-01,0,0,0.0,0,0,0,2.08E-08,2.08E-08,-2.80E-10,-9.74E-08,-2.27E-09,1.94E-09,0.6,0.7,93.8%,100.0%,99.5%,3,NA
Turkey Point 3,2009-05-01,0.9,0,0.0,0,0,0,2.08E-08,2.08E-08,-3.20E-10,-9.92E-08,-2.27E-09,1.94E-09,0.1,0.4,94.3%,95.2%,99.4%,3,NA
Turkey Point 3,2009-06-01,0.9,0,0.0,0,0,0,2.08E-08,2.08E-08,-3.20E-10,-9.92E-08,-2.27E-09,1.94E-09,0.1,0.4,94.3%,95.2%,99.4%,3,NA
Turkey Point 3,2009-07-01,0.9,0,0.0,2,0,0,2.09E-08,2.09E-08,-2.20E-10,-9.85E-08,-2.27E-09,2.14E-09,0.1,1.1,93.7%,97.5%,99.3%,3,NA
Turkey Point 3,2009-08-01,0.9,0,0.0,2,0,0,2.09E-08,2.09E-08,-2.20E-10,-9.85E-08,-2.27E-09,2.14E-09,0.1,0.4,93.7%,97.5%,99.3%,3,NA
Turkey Point 3,2009-09-01,0.9,0,0.0,2,0,0,2.09E-08,2.09E-08,-2.20E-10,-9.85E-08,-2.27E-09,2.14E-09,0.2,0.5,93.7%,97.5%,99.3%,3,NA
Turkey Point 3,2009-10-01,0.9,0,0.0,2,1,0,1.84E-08,1.84E-08,1.00E-11,-9.73E-08,-2.37E-09,2.33E-09,0.1,0.4,94.4%,90.1%,99.2%,3,NA
Turkey Point 3,2009-11-01,0.9,0,0.0,2,1,0,1.84E-08,1.84E-08,1.00E-11,-9.73E-08,-2.37E-09,2.33E-09,0.2,0.4,94.4%,90.1%,99.2%,3,NA
Turkey Point 3,2009-12-01,0.9,0,0.0,2,1,0,1.84E-08,1.84E-08,1.00E-11,-9.73E-08,-2.37E-09,2.33E-09,0.2,0.8,94.4%,90.1%,99.2%,3,NA
Turkey Point 3,2007-04-01,0,0.8,NA,1,0,0,-1.50E-08,-1.50E-08,8.70E-09,1.57E-07,-1.11E-08,6.46E-08,0.1,0.5,95.9%,98.7%,99.6%,3,NA
Turkey Point 3,2007-05-01,0,0.8,NA,1,0,0,-1.50E-08,-1.50E-08,8.70E-09,1.57E-07,-1.11E-08,6.46E-08,0.1,0.5,95.9%,98.7%,99.6%,3,NA
Turkey Point 3,2007-06-01,0,0.8,NA,1,0,0,-1.50E-08,-1.50E-08,8.70E-09,1.57E-07,-1.11E-08,6.46E-08,0.1,0.6,95.9%,98.7%,99.6%,3,NA
Turkey Point 3,2009-04-01,0.9,0,0.0,0,0,0,2.08E-08,2.08E-08,-3.20E-10,-9.92E-08,-2.27E-09,1.94E-09,NA,0.3,94.3%,95.2%,99.4%,3,NA
Turkey Point 3,2007-01-01,0,0.8,NA,1,0,0,NA,NA,NA,NA,NA,NA,0.1,0.4,96.1%,100.0%,99.7%,3,NA
Turkey Point 3,2007-02-01,0,0.8,NA,1,0,0,NA,NA,NA,NA,NA,NA,0.1,0.5,96.1%,100.0%,99.7%,3,NA
Turkey Point 3,2007-03-01,0,0.8,NA,1,0,0,NA,NA,NA,NA,NA,NA,0.1,0.7,96.1%,100.0%,99.7%,3,NA
Turkey Point 4,2007-01-01,0,1.8,0.0,0,0,0,NA,7.00E-10,2.84E-08,1.70E-07,5.05E-09,8.63E-08,0,0.6,96.1%,100.0%,99.7%,28,NA
Turkey Point 4,2007-02-01,0,1.8,0.0,0,0,0,NA,7.00E-10,2.84E-08,1.70E-07,5.05E-09,8.63E-08,0,0.6,96.1%,100.0%,99.7%,28,NA
Turkey Point 4,2007-03-01,0,1.8,0.0,0,0,0,NA,7.00E-10,2.84E-08,1.70E-07,5.05E-09,8.63E-08,0,0.6,96.1%,100.0%,99.7%,28,NA
Turkey Point 4,2007-04-01,0,0.9,0.0,0,0,0,NA,2.30E-09,2.93E-08,1.71E-07,4.97E-09,6.52E-08,0,0.5,95.9%,98.7%,99.6%,28,NA
Turkey Point 4,2007-05-01,0,0.9,0.0,0,0,0,NA,2.30E-09,2.93E-08,1.71E-07,4.97E-09,6.52E-08,0,0.5,95.9%,98.7%,99.6%,28,NA
Turkey Point 4,2007-06-01,0,0.9,0.0,0,0,0,NA,2.30E-09,2.93E-08,1.71E-07,4.97E-09,6.52E-08,0,0.5,95.9%,98.7%,99.6%,28,NA
Turkey Point 4,2007-07-01,0,1.8,0.0,0,0,0,NA,3.10E-09,3.10E-08,1.71E-07,5.36E-09,5.22E-08,0,0.5,96.3%,100.0%,99.6%,28,NA
Turkey Point 4,2007-08-01,0,1.8,0.0,0,0,0,NA,3.10E-09,3.10E-08,1.71E-07,5.36E-09,5.22E-08,0,0.4,96.3%,100.0%,99.6%,28,NA
Turkey Point 4,2007-09-01,0,1.8,0.0,0,0,0,NA,3.10E-09,3.10E-08,1.71E-07,5.36E-09,5.22E-08,0.1,0.4,96.3%,100.0%,99.6%,28,NA
Turkey Point 4,2007-10-01,0,0.8,0.0,0,0,0,NA,-5.40E-09,1.48E-09,4.36E-08,3.85E-09,6.87E-10,0.1,0.4,96.2%,100.0%,99.8%,28,NA
Turkey Point 4,2007-11-01,0,0.8,0.0,0,0,0,NA,-5.40E-09,1.48E-09,4.36E-08,3.85E-09,6.87E-10,0.1,0.5,96.2%,100.0%,99.8%,28,NA
Turkey Point 4,2007-12-01,0,0.8,0.0,0,0,0,NA,-5.40E-09,1.48E-09,4.36E-08,3.85E-09,6.87E-10,0.1,0.8,96.2%,100.0%,99.8%,28,NA
Turkey Point 4,2008-01-01,1.6,0.8,0.0,0,0,0,NA,-5.50E-09,1.47E-09,3.89E-08,2.67E-09,1.17E-09,0.1,0.8,93.5%,100.0%,99.8%,28,NA
Turkey Point 4,2008-02-01,1.6,0.8,0.0,0,0,0,NA,-5.50E-09,1.47E-09,3.89E-08,2.67E-09,1.17E-09,0.1,0.6,93.5%,100.0%,99.8%,28,NA
Turkey Point 4,2008-03-01,1.6,0.8,0.0,0,0,0,NA,-5.50E-09,1.47E-09,3.89E-08,2.67E-09,1.17E-09,0.1,0.6,93.5%,100.0%,99.8%,28,NA
Turkey Point 4,2008-05-01,1.8,0.9,0.0,1,0,0,NA,-6.00E-09,1.51E-09,3.85E-08,-2.27E-09,1.05E-09,0,0.9,93.9%,100.0%,99.8%,28,NA
Turkey Point 4,2008-06-01,1.8,0.9,0.0,1,0,0,NA,-6.00E-09,1.51E-09,3.85E-08,-2.27E-09,1.05E-09,0,0.5,93.9%,100.0%,99.8%,28,NA
Turkey Point 4,2008-07-01,1.8,0,0.0,2,0,0,NA,-5.70E-09,1.75E-09,3.83E-08,-2.27E-09,1.02E-09,0,1.6,93.2%,100.0%,99.7%,28,NA
Turkey Point 4,2008-08-01,1.8,0,0.0,2,0,0,NA,-5.70E-09,1.75E-09,3.83E-08,-2.27E-09,1.02E-09,0,2.2,93.2%,100.0%,99.7%,28,NA
Turkey Point 4,2008-09-01,1.8,0,0.0,2,0,0,NA,-5.70E-09,1.75E-09,3.83E-08,-2.27E-09,1.02E-09,0,1.4,93.2%,100.0%,99.7%,28,NA
Turkey Point 4,2008-10-01,1.9,0,0.0,3,0,0,NA,-1.22E-08,1.96E-09,-9.80E-08,-2.27E-09,1.36E-09,0,1.4,93.0%,100.0%,99.4%,28,NA
Turkey Point 4,2008-11-01,1.9,0,0.0,3,0,0,NA,-1.22E-08,1.96E-09,-9.80E-08,-2.27E-09,1.36E-09,0,1.2,93.0%,100.0%,99.4%,28,NA
Turkey Point 4,2008-12-01,1.9,0,0.0,3,0,0,NA,-1.22E-08,1.96E-09,-9.80E-08,-2.27E-09,1.36E-09,0,0.5,93.0%,100.0%,99.4%,28,NA
Turkey Point 4,2009-01-01,0,0.9,0.0,2,0,0,NA,-9.50E-09,-5.60E-10,-9.64E-08,-2.37E-09,1.56E-09,0,0.3,93.8%,100.0%,99.5%,28,NA
Turkey Point 4,2009-02-01,0,0.9,0.0,2,0,0,NA,-9.50E-09,-5.60E-10,-9.64E-08,-2.37E-09,1.56E-09,0,0.4,93.8%,100.0%,99.5%,28,NA
Turkey Point 4,2009-03-01,0,0.9,0.0,2,0,0,NA,-9.50E-09,-5.60E-10,-9.64E-08,-2.37E-09,1.56E-09,0,0.6,93.8%,100.0%,99.5%,28,NA
Turkey Point 4,2009-04-01,0,0.8,0.0,2,0,0,NA,-9.40E-09,-6.20E-10,-9.54E-08,-2.37E-09,1.66E-09,0,0.2,94.3%,95.2%,99.4%,28,NA
Turkey Point 4,2009-05-01,0,0.8,0.0,2,0,0,NA,-9.40E-09,-6.20E-10,-9.54E-08,-2.37E-09,1.66E-09,0,0.4,94.3%,95.2%,99.4%,28,NA
Turkey Point 4,2009-06-01,0,0.8,0.0,2,0,0,NA,-9.40E-09,-6.20E-10,-9.54E-08,-2.37E-09,1.66E-09,0,0.2,94.3%,95.2%,99.4%,28,NA
Turkey Point 4,2009-07-01,0,0.8,0.0,1,0,0,NA,-1.60E-09,-5.50E-10,-9.21E-08,-2.23E-09,1.56E-09,0.1,1.0,93.7%,97.5%,99.3%,28,NA
Turkey Point 4,2009-08-01,0,0.8,0.0,1,0,0,NA,-1.60E-09,-5.50E-10,-9.21E-08,-2.23E-09,1.56E-09,0.1,0.7,93.7%,97.5%,99.3%,28,NA
Turkey Point 4,2009-09-01,0,0.8,0.0,1,0,0,NA,-1.60E-09,-5.50E-10,-9.21E-08,-2.23E-09,1.56E-09,0.1,0.4,93.7%,97.5%,99.3%,28,NA
Turkey Point 4,2009-10-01,0,0.9,0.0,0,1,0,NA,-3.20E-09,-6.30E-10,-1.01E-07,-2.37E-09,1.36E-09,0.1,0.4,94.4%,90.1%,99.2%,28,NA
Turkey Point 4,2009-12-01,0,0.9,0.0,0,1,0,NA,-3.20E-09,-6.30E-10,-1.01E-07,-2.37E-09,1.36E-09,0,0.5,94.4%,90.1%,99.2%,28,NA
Turkey Point 4,2008-04-01,1.8,0.9,0.0,1,0,0,NA,-6.00E-09,1.51E-09,3.85E-08,-2.27E-09,1.05E-09,0,NA,93.9%,100.0%,99.8%,28,NA
Turkey Point 4,2009-11-01,0,0.9,0.0,0,1,0,NA,-3.20E-09,-6.30E-10,-1.01E-07,-2.37E-09,1.36E-09,NA,0.8,94.4%,90.1%,99.2%,28,NA
Vogtle 1,2007-01-01,0.9,0,0.0,1,0,0,NA,1.02E-07,-6.30E-09,9.10E-08,-3.79E-08,6.90E-07,0,1.2,93.6%,92.0%,100.0%,20,NA
Vogtle 1,2007-02-01,0.9,0,0.0,1,0,0,NA,1.02E-07,-6.30E-09,9.10E-08,-3.79E-08,6.90E-07,0,0.8,93.6%,92.0%,100.0%,20,NA
Vogtle 1,2007-03-01,0.9,0,0.0,1,0,0,NA,1.02E-07,-6.30E-09,9.10E-08,-3.79E-08,6.90E-07,0,1.0,93.6%,92.0%,100.0%,20,NA
Vogtle 1,2007-04-01,0,0,0.0,1,0,0,NA,7.20E-08,-6.80E-09,1.15E-07,-3.77E-08,6.90E-07,0,0.9,93.8%,96.4%,99.9%,20,NA
Vogtle 1,2007-05-01,0,0,0.0,1,0,0,NA,7.20E-08,-6.80E-09,1.15E-07,-3.77E-08,6.90E-07,0,1.1,93.8%,96.4%,99.9%,20,NA
Vogtle 1,2007-06-01,0,0,0.0,1,0,0,NA,7.20E-08,-6.80E-09,1.15E-07,-3.77E-08,6.90E-07,0,1.0,93.8%,96.4%,99.9%,20,NA
Vogtle 1,2007-07-01,0,0,0.0,1,0,0,NA,7.10E-08,-1.19E-08,1.27E-07,-4.10E-08,6.90E-07,0,0.9,93.5%,97.4%,99.8%,20,NA
Vogtle 1,2007-08-01,0,0,0.0,1,0,0,NA,7.10E-08,-1.19E-08,1.27E-07,-4.10E-08,6.90E-07,0,0.9,93.5%,97.4%,99.8%,20,NA
Vogtle 1,2007-09-01,0,0,0.0,1,0,0,NA,7.10E-08,-1.19E-08,1.27E-07,-4.10E-08,6.90E-07,0,0.8,93.5%,97.4%,99.8%,20,NA
Vogtle 1,2007-10-01,0,0,0.0,0,0,0,NA,3.20E-08,-1.12E-08,1.62E-07,-4.02E-08,7.10E-07,0,0.8,93.6%,98.3%,99.8%,20,NA
Vogtle 1,2007-11-01,0,0,0.0,0,0,0,NA,3.20E-08,-1.12E-08,1.62E-07,-4.02E-08,7.10E-07,0,0.9,93.6%,98.3%,99.8%,20,NA
Vogtle 1,2007-12-01,0,0,0.0,0,0,0,NA,3.20E-08,-1.12E-08,1.62E-07,-4.02E-08,7.10E-07,0,0.8,93.6%,98.3%,99.8%,20,NA
Vogtle 1,2008-01-01,0,0,0.0,0,0,0,NA,1.70E-07,-9.74E-09,2.15E-07,-3.73E-08,7.10E-07,0,0.9,94.9%,92.6%,99.8%,20,NA
Vogtle 1,2008-02-01,0,0,0.0,0,0,0,NA,1.70E-07,-9.74E-09,2.15E-07,-3.73E-08,7.10E-07,0,0.8,94.9%,92.6%,99.8%,20,NA
Vogtle 1,2008-03-01,0,0,0.0,0,0,0,NA,1.70E-07,-9.74E-09,2.15E-07,-3.73E-08,7.10E-07,0,0.8,94.9%,92.6%,99.8%,20,NA
Vogtle 1,2008-04-01,0,0,0.0,0,1.0,0,NA,3.34E-07,-7.80E-09,1.75E-07,-3.90E-08,7.10E-07,0,0.9,93.2%,93.9%,99.8%,20,NA
Vogtle 1,2008-05-01,0,0,0.0,0,1.0,0,NA,3.34E-07,-7.80E-09,1.75E-07,-3.90E-08,7.10E-07,0,1.5,93.2%,93.9%,99.8%,20,NA
Vogtle 1,2008-06-01,0,0,0.0,0,1.0,0,NA,3.34E-07,-7.80E-09,1.75E-07,-3.90E-08,7.10E-07,0,2.4,93.2%,93.9%,99.8%,20,NA
Vogtle 1,2008-07-01,0,0,0.0,0,1.0,0,NA,3.35E-07,-6.80E-09,1.75E-07,-3.88E-08,7.10E-07,0,1.1,93.7%,92.6%,99.9%,20,NA
Vogtle 1,2008-08-01,0,0,0.0,0,1.0,0,NA,3.35E-07,-6.80E-09,1.75E-07,-3.88E-08,7.10E-07,0,1.1,93.7%,92.6%,99.9%,20,NA
Vogtle 1,2008-09-01,0,0,0.0,0,1.0,0,NA,3.35E-07,-6.80E-09,1.75E-07,-3.88E-08,7.10E-07,0,1.2,93.7%,92.6%,99.9%,20,NA
Vogtle 1,2008-10-01,0,0,0.0,0,1.0,0,NA,3.38E-07,-5.90E-09,1.35E-07,-3.89E-08,7.10E-07,0,1.3,92.0%,86.6%,99.8%,20,NA
Vogtle 1,2008-11-01,0,0,0.0,0,1.0,0,NA,3.38E-07,-5.90E-09,1.35E-07,-3.89E-08,7.10E-07,0,1.5,92.0%,86.6%,99.8%,20,NA
Vogtle 1,2008-12-01,0,0,0.0,0,1.0,0,NA,3.38E-07,-5.90E-09,1.35E-07,-3.89E-08,7.10E-07,0,1.6,92.0%,86.6%,99.8%,20,NA
Vogtle 1,2009-01-01,0,0,0.0,0,1.0,0,NA,1.73E-07,-6.10E-09,-9.30E-07,-3.90E-08,5.97E-07,0,1.4,93.8%,95.5%,99.9%,20,NA
Vogtle 1,2009-02-01,0,0,0.0,0,1.0,0,NA,1.73E-07,-6.10E-09,-9.30E-07,-3.90E-08,5.97E-07,0.3,1.3,93.8%,95.5%,99.9%,20,NA
Vogtle 1,2009-03-01,0,0,0.0,0,1.0,0,NA,1.73E-07,-6.10E-09,-9.30E-07,-3.90E-08,5.97E-07,0.1,1.4,93.8%,95.5%,99.9%,20,NA
Vogtle 1,2009-04-01,0,0,0.0,0,0,0,NA,1.34E-07,-1.05E-08,1.01E-07,-3.87E-08,5.77E-07,0.1,1.4,94.0%,100.0%,99.9%,20,NA
Vogtle 1,2009-05-01,0,0,0.0,0,0,0,NA,1.34E-07,-1.05E-08,1.01E-07,-3.87E-08,5.77E-07,0.1,1.4,94.0%,100.0%,99.9%,20,NA
Vogtle 1,2009-06-01,0,0,0.0,0,0,0,NA,1.34E-07,-1.05E-08,1.01E-07,-3.87E-08,5.77E-07,0,1.3,94.0%,100.0%,99.9%,20,NA
Vogtle 1,2009-07-01,0,0,0.0,0,0,0,NA,1.36E-07,-1.02E-08,1.05E-07,-4.19E-08,5.77E-07,0,1.2,94.4%,100.0%,99.8%,20,NA
Vogtle 1,2009-08-01,0,0,0.0,0,0,0,NA,1.36E-07,-1.02E-08,1.05E-07,-4.19E-08,5.77E-07,0,1.7,94.4%,100.0%,99.8%,20,NA
Vogtle 1,2009-09-01,0,0,0.0,0,0,0,NA,1.36E-07,-1.02E-08,1.05E-07,-4.19E-08,5.77E-07,0,1.4,94.4%,100.0%,99.8%,20,NA
Vogtle 1,2009-10-01,1.7,0,0.0,0,0,0,NA,3.00E-08,-1.15E-08,9.10E-08,-4.06E-08,5.06E-07,0,1.0,94.2%,99.3%,99.8%,20,NA
Vogtle 1,2009-11-01,1.7,0,0.0,0,0,0,NA,3.00E-08,-1.15E-08,9.10E-08,-4.06E-08,5.06E-07,0,0.7,94.2%,99.3%,99.8%,20,NA
Vogtle 1,2009-12-01,1.7,0,0.0,0,0,0,NA,3.00E-08,-1.15E-08,9.10E-08,-4.06E-08,5.06E-07,0.1,1.1,94.2%,99.3%,99.8%,20,NA
Vogtle 1,2007-01-01,NA,NA,NA,NA,NA,NA,NA,NA,NA,NA,NA,NA,NA,NA,NA,NA,NA,NA,NA
Vogtle 2,2007-01-01,0.9,0.9,0.0,0,0,0,NA,5.60E-07,-5.00E-09,-7.46E-07,1.98E-07,1.06E-06,0,1.3,93.6%,92.0%,100.0%,35,NA
Vogtle 2,2007-02-01,0.9,0.9,0.0,0,0,0,NA,5.60E-07,-5.00E-09,-7.46E-07,1.98E-07,1.06E-06,0.1,1.4,93.6%,92.0%,100.0%,35,NA
Vogtle 2,2007-03-01,0.9,0.9,0.0,0,0,0,NA,5.60E-07,-5.00E-09,-7.46E-07,1.98E-07,1.06E-06,N/A,1.2,93.6%,92.0%,100.0%,35,NA
Vogtle 2,2007-04-01,1.9,1.0,0.0,0,0,0,NA,6.44E-07,-1.36E-08,-1.00E-06,-4.25E-08,1.06E-06,N/A,1.3,93.8%,96.4%,99.9%,35,NA
Vogtle 2,2007-05-01,1.9,1.0,0.0,0,0,0,NA,6.44E-07,-1.36E-08,-1.00E-06,-4.25E-08,1.06E-06,0,1.3,93.8%,96.4%,99.9%,35,NA
Vogtle 2,2007-06-01,1.9,1.0,0.0,0,0,0,NA,6.44E-07,-1.36E-08,-1.00E-06,-4.25E-08,1.06E-06,0,1.4,93.8%,96.4%,99.9%,35,NA
Vogtle 2,2007-07-01,0.9,0.9,0.0,0,0,0,NA,5.99E-07,-1.40E-08,-8.00E-07,-4.27E-08,5.70E-07,0,1.4,93.5%,97.4%,99.8%,35,NA
Vogtle 2,2007-08-01,0.9,0.9,0.0,0,0,0,NA,5.99E-07,-1.40E-08,-8.00E-07,-4.27E-08,5.70E-07,0,1.4,93.5%,97.4%,99.8%,35,NA
Vogtle 2,2007-09-01,0.9,0.9,0.0,0,0,0,NA,5.99E-07,-1.40E-08,-8.00E-07,-4.27E-08,5.70E-07,0,1.6,93.5%,97.4%,99.8%,35,NA
Vogtle 2,2007-10-01,0.9,0.9,0.0,0,0,0,NA,6.15E-07,-1.25E-08,-8.30E-07,-4.20E-08,5.70E-07,1.1,1.4,93.6%,98.3%,99.8%,35,NA
Vogtle 2,2007-11-01,0.9,0.9,0.0,0,0,0,NA,6.15E-07,-1.25E-08,-8.30E-07,-4.20E-08,5.70E-07,1.0,1.4,93.6%,98.3%,99.8%,35,NA
Vogtle 2,2007-12-01,0.9,0.9,0.0,0,0,0,NA,6.15E-07,-1.25E-08,-8.30E-07,-4.20E-08,5.70E-07,0.9,1.6,93.6%,98.3%,99.8%,35,NA
Vogtle 2,2008-01-01,0.9,0,0.0,0,0,0,NA,6.26E-07,-1.20E-08,-8.10E-07,-4.19E-08,5.70E-07,0.3,1.4,94.9%,92.6%,99.8%,35,NA
Vogtle 2,2008-02-01,0.9,0,0.0,0,0,0,NA,6.26E-07,-1.20E-08,-8.10E-07,-4.19E-08,5.70E-07,0.1,1.6,94.9%,92.6%,99.8%,35,NA
Vogtle 2,2008-03-01,0.9,0,0.0,0,0,0,NA,6.26E-07,-1.20E-08,-8.10E-07,-4.19E-08,5.70E-07,0.1,1.7,94.9%,92.6%,99.8%,35,NA
Vogtle 2,2008-04-01,0,0,0.0,0,1,0,NA,-1.11E-07,-1.14E-08,-8.00E-07,-4.20E-08,5.67E-07,0.1,1.6,93.2%,96.9%,99.8%,35,NA
Vogtle 2,2008-05-01,0,0,0.0,0,1,0,NA,-1.11E-07,-1.14E-08,-8.00E-07,-4.20E-08,5.67E-07,0.1,1.8,93.2%,96.9%,99.8%,35,NA
Vogtle 2,2008-06-01,0,0,0.0,0,1,0,NA,-1.11E-07,-1.14E-08,-8.00E-07,-4.20E-08,5.67E-07,0.1,1.8,93.2%,96.9%,99.8%,35,NA
Vogtle 2,2008-07-01,0,0,0.0,0,1,0,NA,-8.62E-07,-1.51E-08,-7.90E-07,-4.49E-08,5.55E-07,0.1,1.9,93.7%,97.7%,99.9%,35,NA
Vogtle 2,2008-08-01,0,0,0.0,0,1,0,NA,-8.62E-07,-1.51E-08,-7.90E-07,-4.49E-08,5.55E-07,0.1,2.1,93.7%,97.7%,99.9%,35,NA
Vogtle 2,2008-09-01,0,0,0.0,0,1,0,NA,-8.62E-07,-1.51E-08,-7.90E-07,-4.49E-08,5.55E-07,0.1,2.1,93.7%,97.7%,99.9%,35,NA
Vogtle 2,2008-10-01,0,0,0.0,0,1,0,NA,-8.34E-07,-1.51E-08,-7.80E-07,-4.59E-08,-1.53E-07,0,2.5,92.0%,86.6%,99.9%,35,NA
Vogtle 2,2008-11-01,0,0,0.0,0,1,0,NA,-8.34E-07,-1.51E-08,-7.80E-07,-4.59E-08,-1.53E-07,3.8,3.1,92.0%,86.6%,99.9%,35,NA
Vogtle 2,2008-12-01,0,0,0.0,0,1,0,NA,-8.34E-07,-1.51E-08,-7.80E-07,-4.59E-08,-1.53E-07,4.9,1.9,92.0%,86.6%,99.9%,35,NA
Vogtle 2,2009-01-01,0,0,0.0,0,1,0,NA,-6.70E-07,-1.74E-08,-7.60E-07,-4.39E-08,-1.55E-07,1.7,2.1,93.8%,95.5%,99.9%,35,NA
Vogtle 2,2009-02-01,0,0,0.0,0,1,0,NA,-6.70E-07,-1.74E-08,-7.60E-07,-4.39E-08,-1.55E-07,0.9,2.1,93.8%,95.5%,99.9%,35,NA
Vogtle 2,2009-03-01,0,0,0.0,0,1,0,NA,-6.70E-07,-1.74E-08,-7.60E-07,-4.39E-08,-1.55E-07,1.1,3.1,93.8%,95.5%,99.9%,35,NA
Vogtle 2,2009-04-01,0,0,0.0,0,0,0,NA,-6.70E-07,-1.75E-08,-7.90E-07,-4.39E-08,-1.55E-07,0.9,2.1,94.0%,100.0%,99.9%,35,NA
Vogtle 2,2009-05-01,0,0,0.0,0,0,0,NA,-6.70E-07,-1.75E-08,-7.90E-07,-4.39E-08,-1.55E-07,0.8,2.2,94.0%,100.0%,99.9%,35,NA
Vogtle 2,2009-06-01,0,0,0.0,0,0,0,NA,-6.70E-07,-1.75E-08,-7.90E-07,-4.39E-08,-1.55E-07,1.2,2.1,94.0%,100.0%,99.9%,35,NA
Vogtle 2,2009-07-01,0,0,0.0,0,0,0,NA,-6.75E-07,-1.75E-08,-7.60E-07,-3.81E-08,-1.55E-07,0.6,2.0,94.4%,100.0%,99.8%,35,NA
Vogtle 2,2009-08-01,0,0,0.0,0,0,0,NA,-6.75E-07,-1.75E-08,-7.60E-07,-3.81E-08,-1.55E-07,0.6,2.4,94.4%,100.0%,99.8%,35,NA
Vogtle 2,2009-09-01,0,0,0.0,0,0,0,NA,-6.75E-07,-1.75E-08,-7.60E-07,-3.81E-08,-1.55E-07,0.6,2.6,94.4%,100.0%,99.8%,35,NA
Vogtle 2,2009-10-01,0.8,0,0.0,0,0,0,NA,-6.83E-07,-1.77E-08,-7.50E-07,-3.79E-08,-1.53E-07,0.6,2.1,94.2%,99.3%,99.8%,35,NA
Vogtle 2,2009-11-01,0.8,0,0.0,0,0,0,NA,-6.83E-07,-1.77E-08,-7.50E-07,-3.79E-08,-1.53E-07,0.7,2.2,94.2%,99.3%,99.8%,35,NA
Vogtle 2,2009-12-01,0.8,0,0.0,0,0,0,NA,-6.83E-07,-1.77E-08,-7.50E-07,-3.79E-08,-1.53E-07,2.1,2.3,94.2%,99.3%,99.8%,35,NA
Waterford 3,2007-07-01,0,0,0.0,0,0,0,NA,-1.11E-06,-1.54E-07,-3.43E-07,-7.90E-12,1.70E-08,0.2,0.4,96.2%,93.9%,99.9%,25,NA
Waterford 3,2007-08-01,0,0,0.0,0,0,0,NA,-1.11E-06,-1.54E-07,-3.43E-07,-7.90E-12,1.70E-08,0.2,0.4,96.2%,93.9%,99.9%,25,NA
Waterford 3,2007-09-01,0,0,0.0,0,0,0,NA,-1.11E-06,-1.54E-07,-3.43E-07,-7.90E-12,1.70E-08,0.3,0.3,96.2%,93.9%,99.9%,25,NA
Waterford 3,2007-10-01,0,0,0.0,0,0,0,NA,-1.14E-06,-1.54E-07,-3.24E-07,-8.00E-12,1.90E-08,0.7,0.4,96.6%,97.6%,99.9%,25,NA
Waterford 3,2007-11-01,0,0,0.0,0,0,0,NA,-1.14E-06,-1.54E-07,-3.24E-07,-8.00E-12,1.90E-08,0.2,0.3,96.6%,97.6%,99.9%,25,NA
Waterford 3,2007-12-01,0,0,0.0,0,0,0,NA,-1.14E-06,-1.54E-07,-3.24E-07,-8.00E-12,1.90E-08,0.2,0.3,96.6%,97.6%,99.9%,25,NA
Waterford 3,2008-01-01,0,0,0.0,0,0,0,NA,-1.54E-06,-1.46E-07,-3.02E-07,-7.90E-12,4.50E-08,0.2,0.3,96.6%,94.7%,99.9%,25,NA
Waterford 3,2008-02-01,0,0,0.0,0,0,0,NA,-1.54E-06,-1.46E-07,-3.02E-07,-7.90E-12,4.50E-08,0.2,0.3,96.6%,94.7%,99.9%,25,NA
Waterford 3,2008-03-01,0,0,0.0,0,0,0,NA,-1.54E-06,-1.46E-07,-3.02E-07,-7.90E-12,4.50E-08,0.2,0.3,96.6%,94.7%,99.9%,25,NA
Waterford 3,2008-04-01,0,0.9,0.0,0,0,0,NA,-2.15E-06,-1.58E-07,-3.04E-07,-8.00E-12,4.30E-08,0.4,0.3,97.8%,92.6%,99.9%,25,NA
Waterford 3,2008-05-01,0,0.9,0.0,0,0,0,NA,-2.15E-06,-1.58E-07,-3.04E-07,-8.00E-12,4.30E-08,N/A,N/A,97.8%,92.6%,99.9%,25,NA
Waterford 3,2008-06-01,0,0.9,0.0,0,0,0,NA,-2.15E-06,-1.58E-07,-3.04E-07,-8.00E-12,4.30E-08,0.1,0.6,97.8%,92.6%,99.9%,25,NA
Waterford 3,2008-07-01,0,0.9,0.0,0,0,0,NA,-1.95E-06,-1.62E-07,-3.04E-07,-8.30E-12,-1.65E-08,0.2,0.5,97.5%,95.2%,99.9%,25,NA
Waterford 3,2008-08-01,0,0.9,0.0,0,0,0,NA,-1.95E-06,-1.62E-07,-3.04E-07,-8.30E-12,-1.65E-08,0.2,0.6,97.5%,95.2%,99.9%,25,NA
Waterford 3,2008-09-01,0,0.9,0.0,0,0,0,NA,-1.95E-06,-1.62E-07,-3.04E-07,-8.30E-12,-1.65E-08,0.1,1.4,97.5%,95.2%,99.9%,25,NA
Waterford 3,2008-10-01,0,0.9,0.0,0,0,0,NA,-1.75E-06,-1.70E-07,-3.10E-07,-8.30E-12,-1.65E-08,0.2,1.2,97.2%,96.9%,99.9%,25,NA
Waterford 3,2008-11-01,0,0.9,0.0,0,0,0,NA,-1.75E-06,-1.70E-07,-3.10E-07,-8.30E-12,-1.65E-08,0.4,1.1,97.2%,96.9%,99.9%,25,NA
Waterford 3,2008-12-01,0,0.9,0.0,0,0,0,NA,-1.75E-06,-1.70E-07,-3.10E-07,-8.30E-12,-1.65E-08,1.3,1.1,97.2%,96.9%,99.9%,25,NA
Waterford 3,2009-01-01,0,0.9,0.0,0,0,0,NA,-1.58E-06,-1.80E-07,-3.10E-07,-8.30E-12,-1.68E-08,1.6,1.1,97.9%,96.8%,99.9%,25,NA
Waterford 3,2009-02-01,0,0.9,0.0,0,0,0,NA,-1.58E-06,-1.80E-07,-3.10E-07,-8.30E-12,-1.68E-08,1.8,1.1,97.9%,96.8%,99.9%,25,NA
Waterford 3,2009-03-01,0,0.9,0.0,0,0,0,NA,-1.58E-06,-1.80E-07,-3.10E-07,-8.30E-12,-1.68E-08,2.1,1.1,97.9%,96.8%,99.9%,25,NA
Waterford 3,2009-04-01,0,0,0.0,0,0,0,NA,-1.67E-06,-2.00E-09,-3.10E-07,-8.40E-12,-1.78E-08,2.6,1.4,97.6%,93.2%,99.9%,25,NA
Waterford 3,2009-05-01,0,0,0.0,0,0,0,NA,-1.67E-06,-2.00E-09,-3.10E-07,-8.40E-12,-1.78E-08,3.1,1.2,97.6%,93.2%,99.9%,25,NA
Waterford 3,2009-06-01,0,0,0.0,0,0,0,NA,-1.67E-06,-2.00E-09,-3.10E-07,-8.40E-12,-1.78E-08,3.1,1.1,97.6%,93.2%,99.9%,25,NA
Waterford 3,2009-07-01,0,0,0.0,0,0,0,NA,-1.67E-06,-1.19E-08,-3.10E-07,-8.50E-12,-1.85E-08,2.9,1.5,98.3%,95.4%,99.9%,25,NA
Waterford 3,2009-08-01,0,0,0.0,0,0,0,NA,-1.67E-06,-1.19E-08,-3.10E-07,-8.50E-12,-1.85E-08,5.1,1.3,98.3%,95.4%,99.9%,25,NA
Waterford 3,2009-09-01,0,0,0.0,0,0,0,NA,-1.67E-06,-1.19E-08,-3.10E-07,-8.50E-12,-1.85E-08,3.7,1.2,98.3%,95.4%,99.9%,25,NA
Waterford 3,2009-10-01,0.9,0.9,0.0,0,0,0,NA,-5.62E-07,2.90E-09,-3.10E-07,-1.33E-11,-1.50E-08,2.3,1.3,98.2%,94.7%,99.9%,25,NA
Waterford 3,2009-11-01,0.9,0.9,0.0,0,0,0,NA,-5.62E-07,2.90E-09,-3.10E-07,-1.33E-11,-1.50E-08,N/A,N/A,98.2%,94.7%,99.9%,25,NA
Waterford 3,2009-12-01,0.9,0.9,0.0,0,0,0,NA,-5.62E-07,2.90E-09,-3.10E-07,-1.33E-11,-1.50E-08,0,0.6,98.2%,94.7%,99.9%,25,NA
Waterford 3,2007-01-01,0,0,NA,0,0,0,NA,-1.13E-06,1.60E-07,-3.17E-07,2.42E-11,4.00E-08,0.2,0.3,96.1%,90.4%,99.9%,25,NA
Waterford 3,2007-02-01,0,0,NA,0,0,0,NA,-1.13E-06,1.60E-07,-3.17E-07,2.42E-11,4.00E-08,0.1,0.2,96.1%,90.4%,99.9%,25,NA
Waterford 3,2007-03-01,0,0,NA,0,0,0,NA,-1.13E-06,1.60E-07,-3.17E-07,2.42E-11,4.00E-08,0.1,0.2,96.1%,90.4%,99.9%,25,NA
Waterford 3,2007-04-01,0,0,NA,0,0,0,NA,-1.13E-06,1.46E-07,-3.43E-07,2.28E-11,2.80E-08,0.1,0.3,96.5%,92.4%,99.8%,25,NA
Waterford 3,2007-05-01,0,0,NA,0,0,0,NA,-1.13E-06,1.46E-07,-3.43E-07,2.28E-11,2.80E-08,0.1,0.4,96.5%,92.4%,99.8%,25,NA
Waterford 3,2007-06-01,0,0,NA,0,0,0,NA,-1.13E-06,1.46E-07,-3.43E-07,2.28E-11,2.80E-08,0.2,0.4,96.5%,92.4%,99.8%,25,NA
Watts Bar 1,2007-07-01,0,0,0.0,0,0,0,NA,-1.11E-07,-1.94E-07,3.70E-07,-1.85E-07,2.00E-08,5.2,0.1,93.7%,97.0%,99.3%,21,NA
Watts Bar 1,2007-08-01,0,0,0.0,0,0,0,NA,-1.11E-07,-1.94E-07,3.70E-07,-1.85E-07,2.00E-08,5.5,0.3,93.7%,97.0%,99.3%,21,NA
Watts Bar 1,2007-09-01,0,0,0.0,0,0,0,NA,-1.11E-07,-1.94E-07,3.70E-07,-1.85E-07,2.00E-08,5.7,0.2,93.7%,97.0%,99.3%,21,NA
Watts Bar 1,2007-10-01,0,0,0.0,0,0,0,NA,-1.12E-07,-1.95E-07,3.80E-07,-1.83E-07,-2.20E-09,5.8,0,93.0%,97.1%,99.3%,21,NA
Watts Bar 1,2007-11-01,0,0,0.0,0,0,0,NA,-1.12E-07,-1.95E-07,3.80E-07,-1.83E-07,-2.20E-09,6.1,0.2,93.0%,97.1%,99.3%,21,NA
Watts Bar 1,2007-12-01,0,0,0.0,0,0,0,NA,-1.12E-07,-1.95E-07,3.80E-07,-1.83E-07,-2.20E-09,6.9,0.3,93.0%,97.1%,99.3%,21,NA
Watts Bar 1,2008-01-01,0,0.9,0.0,0,0,0,NA,-1.11E-07,-1.65E-07,3.80E-07,-2.60E-07,-3.70E-09,6.1,0.3,93.3%,97.0%,99.2%,21,NA
Watts Bar 1,2008-02-01,0,0.9,0.0,0,0,0,NA,-1.11E-07,-1.65E-07,3.80E-07,-2.60E-07,-3.70E-09,5.9,0.2,93.3%,97.0%,99.2%,21,NA
Watts Bar 1,2008-04-01,0,2.8,0.0,1,0,0,NA,-1.02E-07,-1.29E-07,-1.30E-07,-2.57E-07,2.75E-09,1.2,0.1,95.2%,96.9%,99.3%,21,NA
Watts Bar 1,2008-05-01,0,2.8,0.0,1,0,0,NA,-1.02E-07,-1.29E-07,-1.30E-07,-2.57E-07,2.75E-09,1.1,0.1,95.2%,96.9%,99.3%,21,NA
Watts Bar 1,2008-06-01,0,2.8,0.0,1,0,0,NA,-1.02E-07,-1.29E-07,-1.30E-07,-2.57E-07,2.75E-09,1.1,0.3,95.2%,96.9%,99.3%,21,NA
Watts Bar 1,2008-07-01,1.9,4.8,0.0,1,0,0,NA,-9.50E-08,-1.41E-07,3.90E-07,-2.54E-07,4.40E-08,1.2,0.3,94.7%,100.0%,99.4%,21,NA
Watts Bar 1,2008-08-01,1.9,4.8,0.0,1,0,0,NA,-9.50E-08,-1.41E-07,3.90E-07,-2.54E-07,4.40E-08,1.2,0.4,94.7%,100.0%,99.4%,21,NA
Watts Bar 1,2008-09-01,1.9,4.8,0.0,1,0,0,NA,-9.50E-08,-1.41E-07,3.90E-07,-2.54E-07,4.40E-08,1.2,0.2,94.7%,100.0%,99.4%,21,NA
Watts Bar 1,2008-10-01,1.9,4.8,0.0,0,0,0,NA,-9.10E-08,-1.52E-07,4.30E-07,-2.69E-07,6.50E-08,1.3,0.4,95.3%,100.0%,99.4%,21,NA
Watts Bar 1,2008-11-01,1.9,4.8,0.0,0,0,0,NA,-9.10E-08,-1.52E-07,4.30E-07,-2.69E-07,6.50E-08,1.3,1.5,95.3%,100.0%,99.4%,21,NA
Watts Bar 1,2008-12-01,1.9,4.8,0.0,0,0,0,NA,-9.10E-08,-1.52E-07,4.30E-07,-2.69E-07,6.50E-08,1.4,0.3,95.3%,100.0%,99.4%,21,NA
Watts Bar 1,2009-01-01,1.7,3.4,0.0,1,0,0,NA,-5.10E-08,-1.43E-07,4.60E-07,-2.72E-07,7.70E-08,1.3,0.4,96.0%,100.0%,99.4%,21,NA
Watts Bar 1,2009-02-01,1.7,3.4,0.0,1,0,0,NA,-5.10E-08,-1.43E-07,4.60E-07,-2.72E-07,7.70E-08,1.4,0.2,96.0%,100.0%,99.4%,21,NA
Watts Bar 1,2009-03-01,1.7,3.4,0.0,1,0,0,NA,-5.10E-08,-1.43E-07,4.60E-07,-2.72E-07,7.70E-08,1.4,0.3,96.0%,100.0%,99.4%,21,NA
Watts Bar 1,2009-04-01,1.7,1.7,0.0,0,0,0,NA,-3.90E-08,-1.56E-07,5.50E-07,-2.58E-07,6.70E-08,0.2,0.3,96.7%,100.0%,99.4%,21,NA
Watts Bar 1,2009-05-01,1.7,1.7,0.0,0,0,0,NA,-3.90E-08,-1.56E-07,5.50E-07,-2.58E-07,6.70E-08,1.5,0.3,96.7%,100.0%,99.4%,21,NA
Watts Bar 1,2009-06-01,1.7,1.7,0.0,0,0,0,NA,-3.90E-08,-1.56E-07,5.50E-07,-2.58E-07,6.70E-08,1.4,0.4,96.7%,100.0%,99.4%,21,NA
Watts Bar 1,2009-07-01,0,0,0.0,2,0,0,NA,-3.80E-08,-1.57E-07,5.20E-07,-2.53E-07,6.40E-08,1.5,0.5,97.5%,100.0%,99.5%,21,NA
Watts Bar 1,2009-08-01,0,0,0.0,2,0,0,NA,-3.80E-08,-1.57E-07,5.20E-07,-2.53E-07,6.40E-08,1.5,0.4,97.5%,100.0%,99.5%,21,NA
Watts Bar 1,2009-09-01,0,0,0.0,2,0,0,NA,-3.80E-08,-1.57E-07,5.20E-07,-2.53E-07,6.40E-08,1.7,0.4,97.5%,100.0%,99.5%,21,NA
Watts Bar 1,2009-10-01,0,0,0.0,2,0,0,NA,-4.30E-08,-1.56E-07,5.10E-07,-2.44E-07,6.20E-08,0.3,0.6,97.7%,100.0%,99.5%,21,NA
Watts Bar 1,2009-11-01,0,0,0.0,2,0,0,NA,-4.30E-08,-1.56E-07,5.10E-07,-2.44E-07,6.20E-08,0.4,0.2,97.7%,100.0%,99.5%,21,NA
Watts Bar 1,2009-12-01,0,0,0.0,2,0,0,NA,-4.30E-08,-1.56E-07,5.10E-07,-2.44E-07,6.20E-08,0.4,0.1,97.7%,100.0%,99.5%,21,NA
Watts Bar 1,2007-01-01,2.3,0,NA,0,0,0,NA,-9.09E-08,-2.35E-07,3.60E-07,-1.40E-07,1.50E-08,4.2,0.1,95.2%,98.5%,99.3%,21,NA
Watts Bar 1,2007-02-01,2.3,0,NA,0,0,0,NA,-9.09E-08,-2.35E-07,3.60E-07,-1.40E-07,1.50E-08,4.6,0.2,95.2%,98.5%,99.3%,21,NA
Watts Bar 1,2007-03-01,2.3,0,NA,0,0,0,NA,-9.09E-08,-2.35E-07,3.60E-07,-1.40E-07,1.50E-08,4.9,0.1,95.2%,98.5%,99.3%,21,NA
Watts Bar 1,2007-04-01,1.0,0,NA,0,0,0,NA,-1.01E-07,-1.88E-07,3.90E-07,-1.40E-07,1.80E-08,8.6,0.1,95.2%,100.0%,99.1%,21,NA
Watts Bar 1,2007-05-01,1.0,0,NA,0,0,0,NA,-1.01E-07,-1.88E-07,3.90E-07,-1.40E-07,1.80E-08,3.8,0.1,95.2%,100.0%,99.1%,21,NA
Watts Bar 1,2007-06-01,1.0,0,NA,0,0,0,NA,-1.01E-07,-1.88E-07,3.90E-07,-1.40E-07,1.80E-08,4.1,0.1,95.2%,100.0%,99.1%,21,NA
Watts Bar 1,2008-03-01,0,0.9,0.0,0,0,0,NA,-1.11E-07,-1.65E-07,3.80E-07,-2.60E-07,-3.70E-09,NA,0.1,93.3%,97.0%,99.2%,21,NA
Wolf Creek 1,2007-01-01,0,0,0.0,0,0,0,NA,-1.92E-06,-6.20E-08,-1.06E-07,-1.00E-08,-5.20E-07,0,1.0,95.3%,100.0%,96.9%,7,NA
Wolf Creek 1,2007-02-01,0,0,0.0,0,0,0,NA,-1.92E-06,-6.20E-08,-1.06E-07,-1.00E-08,-5.20E-07,0,1.0,95.3%,100.0%,96.9%,7,NA
Wolf Creek 1,2007-03-01,0,0,0.0,0,0,0,NA,-1.92E-06,-6.20E-08,-1.06E-07,-1.00E-08,-5.20E-07,0.1,1.0,95.3%,100.0%,96.9%,7,NA
Wolf Creek 1,2007-04-01,0,0,0.0,0,0,0,NA,-1.50E-06,-6.50E-08,-1.09E-07,1.00E-08,-4.10E-07,0.1,1.0,94.8%,100.0%,97.9%,7,NA
Wolf Creek 1,2007-05-01,0,0,0.0,0,0,0,NA,-1.50E-06,-6.50E-08,-1.09E-07,1.00E-08,-4.10E-07,0,1.1,94.8%,100.0%,97.9%,7,NA
Wolf Creek 1,2007-06-01,0,0,0.0,0,0,0,NA,-1.50E-06,-6.50E-08,-1.09E-07,1.00E-08,-4.10E-07,0.1,1.1,94.8%,100.0%,97.9%,7,NA
Wolf Creek 1,2007-07-01,0,0,0.0,0,0,0,NA,-6.00E-07,-6.40E-08,-8.90E-08,-1.00E-08,-3.60E-07,0.1,1.1,93.7%,100.0%,97.9%,7,NA
Wolf Creek 1,2007-08-01,0,0,0.0,0,0,0,NA,-6.00E-07,-6.40E-08,-8.90E-08,-1.00E-08,-3.60E-07,0.1,1.2,93.7%,100.0%,97.9%,7,NA
Wolf Creek 1,2007-09-01,0,0,0.0,0,0,0,NA,-6.00E-07,-6.40E-08,-8.90E-08,-1.00E-08,-3.60E-07,0.1,1.0,93.7%,100.0%,97.9%,7,NA
Wolf Creek 1,2007-10-01,0,0,0.0,0,1.0,0,NA,0.00E+00,-6.60E-08,-9.40E-08,1.20E-07,-4.80E-07,0.1,1.1,93.3%,100.0%,98.3%,7,NA
Wolf Creek 1,2007-11-01,0,0,0.0,0,1.0,0,NA,0.00E+00,-6.60E-08,-9.40E-08,1.20E-07,-4.80E-07,0.1,1.0,93.3%,100.0%,98.3%,7,NA
Wolf Creek 1,2007-12-01,0,0,0.0,0,1.0,0,NA,0.00E+00,-6.60E-08,-9.40E-08,1.20E-07,-4.80E-07,0.1,0.8,93.3%,100.0%,98.3%,7,NA
Wolf Creek 1,2008-01-01,0.8,0.8,1.0,0,1.0,0,NA,-1.00E-07,-7.00E-08,-1.06E-07,5.00E-08,-6.20E-07,0.1,1.1,93.9%,100.0%,99.0%,7,NA
Wolf Creek 1,2008-02-01,0.8,0.8,1.0,0,1.0,0,NA,-1.00E-07,-7.00E-08,-1.06E-07,5.00E-08,-6.20E-07,0.1,0.9,93.9%,100.0%,99.0%,7,NA
Wolf Creek 1,2008-03-01,0.8,0.8,1.0,0,1.0,0,NA,-1.00E-07,-7.00E-08,-1.06E-07,5.00E-08,-6.20E-07,0.1,0.9,93.9%,100.0%,99.0%,7,NA
Wolf Creek 1,2008-04-01,1.0,1.0,1.0,0,1.0,0,NA,5.10E-07,-6.80E-08,-1.06E-07,8.00E-08,-1.90E-07,NA,NA,93.5%,100.0%,98.3%,7,NA
Wolf Creek 1,2008-05-01,1.0,1.0,1.0,0,1.0,0,NA,5.10E-07,-6.80E-08,-1.06E-07,8.00E-08,-1.90E-07,0,1.5,93.5%,100.0%,98.3%,7,NA
Wolf Creek 1,2008-06-01,1.0,1.0,1.0,0,1.0,0,NA,5.10E-07,-6.80E-08,-1.06E-07,8.00E-08,-1.90E-07,0,1.5,93.5%,100.0%,98.3%,7,NA
Wolf Creek 1,2008-07-01,1.0,1.0,1.0,1,2.0,0,NA,4.70E-07,-6.90E-08,-1.21E-07,4.00E-08,5.00E-08,0.1,1.5,93.2%,100.0%,98.2%,7,NA
Wolf Creek 1,2008-08-01,1.0,1.0,1.0,1,2.0,0,NA,4.70E-07,-6.90E-08,-1.21E-07,4.00E-08,5.00E-08,0,1.7,93.2%,100.0%,98.2%,7,NA
Wolf Creek 1,2008-09-01,1.0,1.0,1.0,1,2.0,0,NA,4.70E-07,-6.90E-08,-1.21E-07,4.00E-08,5.00E-08,0,1.5,93.2%,100.0%,98.2%,7,NA
Wolf Creek 1,2008-10-01,1.0,1.0,1.0,1,1.0,0,NA,-3.79E-06,-6.60E-08,-1.21E-07,-3.00E-08,7.00E-08,0,1.5,94.2%,100.0%,98.5%,7,NA
Wolf Creek 1,2008-11-01,1.0,1.0,1.0,1,1.0,0,NA,-3.79E-06,-6.60E-08,-1.21E-07,-3.00E-08,7.00E-08,0.1,1.5,94.2%,100.0%,98.5%,7,NA
Wolf Creek 1,2008-12-01,1.0,1.0,1.0,1,1.0,0,NA,-3.79E-06,-6.60E-08,-1.21E-07,-3.00E-08,7.00E-08,0,1.4,94.2%,100.0%,98.5%,7,NA
Wolf Creek 1,2009-01-01,0,0,0.0,2,1.0,0,NA,-2.70E-06,-8.49E-08,-1.48E-07,-3.42E-07,-9.50E-07,0,1.5,94.5%,100.0%,98.9%,7,NA
Wolf Creek 1,2009-02-01,0,0,0.0,2,1.0,0,NA,-2.70E-06,-8.49E-08,-1.48E-07,-3.42E-07,-9.50E-07,0,1.4,94.5%,100.0%,98.9%,7,NA
Wolf Creek 1,2009-03-01,0,0,0.0,2,1.0,0,NA,-2.70E-06,-8.49E-08,-1.48E-07,-3.42E-07,-9.50E-07,0.1,1.4,94.5%,100.0%,98.9%,7,NA
Wolf Creek 1,2009-04-01,0.8,0,1.0,2,1.0,0,NA,-2.50E-06,-8.45E-08,-1.41E-07,-3.35E-07,-9.00E-07,0.1,1.4,94.9%,100.0%,99.7%,7,NA
Wolf Creek 1,2009-05-01,0.8,0,1.0,2,1.0,0,NA,-2.50E-06,-8.45E-08,-1.41E-07,-3.35E-07,-9.00E-07,0.1,1.5,94.9%,100.0%,99.7%,7,NA
Wolf Creek 1,2009-06-01,0.8,0,1.0,2,1.0,0,NA,-2.50E-06,-8.45E-08,-1.41E-07,-3.35E-07,-9.00E-07,0.1,1.5,94.9%,100.0%,99.7%,7,NA
Wolf Creek 1,2009-07-01,1.6,0,2.0,2,0,0,NA,-2.50E-06,-8.11E-08,-1.61E-07,-3.27E-07,-5.10E-07,0.1,1.5,95.5%,100.0%,100.0%,7,NA
Wolf Creek 1,2009-08-01,1.6,0,2.0,2,0,0,NA,-2.50E-06,-8.11E-08,-1.61E-07,-3.27E-07,-5.10E-07,0.1,1.5,95.5%,100.0%,100.0%,7,NA
Wolf Creek 1,2009-09-01,1.6,0,2.0,2,0,0,NA,-2.50E-06,-8.11E-08,-1.61E-07,-3.27E-07,-5.10E-07,0.1,1.4,95.5%,100.0%,100.0%,7,NA
Wolf Creek 1,2009-10-01,1.8,0,0.0,4,1.0,0,NA,-1.80E-07,-4.40E-09,-1.29E-07,-2.46E-07,-1.32E-06,0.1,1.4,95.6%,98.5%,100.0%,7,NA
Wolf Creek 1,2009-11-01,1.8,0,0.0,4,1.0,0,NA,-1.80E-07,-4.40E-09,-1.29E-07,-2.46E-07,-1.32E-06,NA,0.3,95.6%,98.5%,100.0%,7,NA
Wolf Creek 1,2009-12-01,1.8,0,0.0,4,1.0,0,NA,-1.80E-07,-4.40E-09,-1.29E-07,-2.46E-07,-1.32E-06,0.1,0.3,95.6%,98.5%,100.0%,7,NA
braidwood 2,2007-01-01,0,0,0.0,0,0,0,NA,-3.24E-07,-6.80E-08,-1.43E-06,-1.68E-07,-6.00E-07,0.5,1.1,98.9%,100.0%,99.7%,8,NA
braidwood 2,2007-02-01,0,0,0.0,0,0,0,NA,-3.24E-07,-6.80E-08,-1.43E-06,-1.68E-07,-6.00E-07,0.5,0.6,98.9%,100.0%,99.7%,8,NA
braidwood 2,2007-03-01,0,0,0.0,0,0,0,NA,-3.24E-07,-6.80E-08,-1.43E-06,-1.68E-07,-6.00E-07,0.6,0.5,98.9%,100.0%,99.7%,8,NA
braidwood 2,2007-04-01,0,0,0.0,0,0,0,NA,-7.20E-08,-6.80E-08,-1.73E-06,-1.68E-07,-5.00E-07,0.6,0.5,99.0%,94.7%,99.7%,8,NA
braidwood 2,2007-05-01,0,0,0.0,0,0,0,NA,-7.20E-08,-6.80E-08,-1.73E-06,-1.68E-07,-5.00E-07,0.7,0.6,99.0%,94.7%,99.7%,8,NA
braidwood 2,2007-06-01,0,0,0.0,0,0,0,NA,-7.20E-08,-6.80E-08,-1.73E-06,-1.68E-07,-5.00E-07,0.7,0.4,99.0%,94.7%,99.7%,8,NA
braidwood 2,2007-07-01,0.8,0,0.0,0,0,0,NA,-5.30E-08,-6.80E-08,-1.73E-06,-1.68E-07,-4.00E-07,0.8,0.3,98.9%,97.3%,99.6%,8,NA
braidwood 2,2007-08-01,0.8,0,0.0,0,0,0,NA,-5.30E-08,-6.80E-08,-1.73E-06,-1.68E-07,-4.00E-07,0.9,0.4,98.9%,97.3%,99.6%,8,NA
braidwood 2,2007-09-01,0.8,0,0.0,0,0,0,NA,-5.30E-08,-6.80E-08,-1.73E-06,-1.68E-07,-4.00E-07,1.1,0.5,98.9%,97.3%,99.6%,8,NA
braidwood 2,2007-10-01,0.8,0,0.0,0,0,0,NA,-1.45E-06,-6.80E-08,-1.73E-06,-1.77E-07,-1.00E-07,1.3,0.6,98.7%,100.0%,99.7%,8,NA
braidwood 2,2007-11-01,0.8,0,0.0,0,0,0,NA,-1.45E-06,-6.80E-08,-1.73E-06,-1.77E-07,-1.00E-07,1.3,0.4,98.7%,100.0%,99.7%,8,NA
braidwood 2,2007-12-01,0.8,0,0.0,0,0,0,NA,-1.45E-06,-6.80E-08,-1.73E-06,-1.77E-07,-1.00E-07,1.3,0.4,98.7%,100.0%,99.7%,8,NA
braidwood 2,2008-01-01,0.8,0.8,0.0,0,0,0,NA,-1.46E-06,-6.80E-08,-1.73E-06,-6.30E-08,-7.60E-07,1.4,0.6,98.4%,100.0%,99.7%,8,NA
braidwood 2,2008-02-01,0.8,0.8,0.0,0,0,0,NA,-1.46E-06,-6.80E-08,-1.73E-06,-6.30E-08,-7.60E-07,1.6,0.4,98.4%,100.0%,99.7%,8,NA
braidwood 2,2008-03-01,0.8,0.8,0.0,0,0,0,NA,-1.46E-06,-6.80E-08,-1.73E-06,-6.30E-08,-7.60E-07,1.7,0.5,98.4%,100.0%,99.7%,8,NA
braidwood 2,2008-04-01,0.9,0.9,0.0,0,0,0,NA,-1.18E-06,-6.80E-08,-1.73E-06,-5.80E-08,-4.20E-07,1.8,0.4,98.4%,100.0%,99.7%,8,NA
braidwood 2,2008-05-01,0.9,0.9,0.0,0,0,0,NA,-1.18E-06,-6.80E-08,-1.73E-06,-5.80E-08,-4.20E-07,0.5,1.6,98.4%,100.0%,99.7%,8,NA
braidwood 2,2008-06-01,0.9,0.9,0.0,0,0,0,NA,-1.18E-06,-6.80E-08,-1.73E-06,-5.80E-08,-4.20E-07,0.6,0.8,98.4%,100.0%,99.7%,8,NA
braidwood 2,2008-07-01,0,0.9,0.0,0,0,0,NA,-3.74E-07,-4.03E-08,-8.30E-07,-5.60E-08,-3.79E-06,0.6,0.7,98.6%,100.0%,99.7%,8,NA
braidwood 2,2008-08-01,0,0.9,0.0,0,0,0,NA,-3.74E-07,-4.03E-08,-8.30E-07,-5.60E-08,-3.79E-06,0.6,1.0,98.6%,100.0%,99.7%,8,NA
braidwood 2,2008-09-01,0,0.9,0.0,0,0,0,NA,-3.74E-07,-4.03E-08,-8.30E-07,-5.60E-08,-3.79E-06,0.7,0.9,98.6%,100.0%,99.7%,8,NA
braidwood 2,2008-10-01,0.9,0.9,0.0,0,0,0,NA,-3.63E-07,-3.40E-09,-8.40E-07,-2.00E-09,-3.79E-06,0.7,0.9,98.5%,100.0%,99.5%,8,NA
braidwood 2,2008-11-01,0.9,0.9,0.0,0,0,0,NA,-3.63E-07,-3.40E-09,-8.40E-07,-2.00E-09,-3.79E-06,0.7,0.7,98.5%,100.0%,99.5%,8,NA
braidwood 2,2008-12-01,0.9,0.9,0.0,0,0,0,NA,-3.63E-07,-3.40E-09,-8.40E-07,-2.00E-09,-3.79E-06,0.8,0.8,98.5%,100.0%,99.5%,8,NA
braidwood 2,2009-01-01,0.9,0,0.0,0,0,0,NA,-6.37E-07,-4.00E-09,-8.50E-07,-6.00E-08,-1.17E-06,0.8,0.5,98.5%,100.0%,99.5%,8,NA
braidwood 2,2009-02-01,0.9,0,0.0,0,0,0,NA,-6.37E-07,-4.00E-09,-8.50E-07,-6.00E-08,-1.17E-06,0.8,0.6,98.5%,100.0%,99.5%,8,NA
braidwood 2,2009-03-01,0.9,0,0.0,0,0,0,NA,-6.37E-07,-4.00E-09,-8.50E-07,-6.00E-08,-1.17E-06,0.8,0.5,98.5%,100.0%,99.5%,8,NA
braidwood 2,2009-04-01,1.6,0,0.0,0,0,0,NA,-4.83E-07,-4.00E-09,-8.60E-07,-3.00E-08,-1.33E-06,1.2,0.6,98.3%,100.0%,99.5%,8,NA
braidwood 2,2009-05-01,1.6,0,0.0,0,0,0,NA,-4.83E-07,-4.00E-09,-8.60E-07,-3.00E-08,-1.33E-06,1.2,0.5,98.3%,100.0%,99.5%,8,NA
braidwood 2,2009-06-01,1.6,0,0.0,0,0,0,NA,-4.83E-07,-4.00E-09,-8.60E-07,-3.00E-08,-1.33E-06,1.2,0.5,98.3%,100.0%,99.5%,8,NA
braidwood 2,2009-07-01,2.4,0,1.0,0,0,0,NA,-5.06E-07,-1.07E-07,-8.70E-07,2.50E-07,-1.41E-06,1.3,0.5,98.2%,100.0%,99.6%,8,NA
braidwood 2,2009-08-01,2.4,0,1.0,0,0,0,NA,-5.06E-07,-1.07E-07,-8.70E-07,2.50E-07,-1.41E-06,1.3,1.0,98.2%,100.0%,99.6%,8,NA
braidwood 2,2009-09-01,2.4,0,1.0,0,0,0,NA,-5.06E-07,-1.07E-07,-8.70E-07,2.50E-07,-1.41E-06,1.3,1.1,98.2%,100.0%,99.6%,8,NA
braidwood 2,2009-10-01,1.7,0,1.0,0,0,0,NA,-4.70E-08,-1.07E-07,-8.60E-07,6.00E-08,-1.41E-06,1.3,1.9,98.3%,100.0%,99.8%,8,NA
braidwood 2,2009-11-01,1.7,0,1.0,0,0,0,NA,-4.70E-08,-1.07E-07,-8.60E-07,6.00E-08,-1.41E-06,0.2,1.3,98.3%,100.0%,99.8%,8,NA
braidwood 2,2009-12-01,1.7,0,1.0,0,0,0,NA,-4.70E-08,-1.07E-07,-8.60E-07,6.00E-08,-1.41E-06,0.2,1.5,98.3%,100.0%,99.8%,8,NA
